Environment,determinizing_mdp_times,bottleneck_finding_times,maximal_achievable_pruning_times,maximal_achievable_no_pruning_times,policy_computation_pruning_times,policy_computation_no_pruning_times,pruning_times,pruning_subsets,no_pruning_times,no_pruning_subsets,query_counts,information_gain_counts,query_all_counts,human_bottlenecks,initial_mdp_state_space_sizes,initial_mdp_action_space_sizes
overcooked_nomove,0.0,0.026046037673950195,0.0025899410247802734,0.0025899410247802734,13.094513893127441,13.094513893127441,0.0025899410247802734,18,0.0025899410247802734,18,9.8,4.7,17.0,17,38417,6
overcooked_nomove,0.0,0.026046037673950195,0.0025899410247802734,0.0025899410247802734,13.094513893127441,13.094513893127441,0.0025899410247802734,18,0.0025899410247802734,18,9.8,4.7,17.0,17,38417,6
overcooked_nomove,0.0,0.026046037673950195,0.0025899410247802734,0.0025899410247802734,13.094513893127441,13.094513893127441,0.0025899410247802734,18,0.0025899410247802734,18,9.8,4.7,17.0,17,38417,6
overcooked_nomove,0.0,0.02637004852294922,0.0024569034576416016,0.0024569034576416016,13.407052993774414,13.407052993774414,0.0024569034576416016,18,0.0024569034576416016,18,9.8,4.7,17.0,17,38417,6
overcooked_nomove,0.0,0.02637004852294922,0.0024569034576416016,0.0024569034576416016,13.407052993774414,13.407052993774414,0.0024569034576416016,18,0.0024569034576416016,18,9.8,4.7,17.0,17,38417,6
overcooked_nomove,0.0,0.02637004852294922,0.0024569034576416016,0.0024569034576416016,13.407052993774414,13.407052993774414,0.0024569034576416016,18,0.0024569034576416016,18,9.8,4.7,17.0,17,38417,6
overcooked_nomove,0.0,0.026344776153564453,0.0025053024291992188,0.0025053024291992188,12.89250373840332,12.89250373840332,0.0025053024291992188,18,0.0025053024291992188,18,9.8,4.7,17.0,17,38417,6
overcooked_nomove,0.0,0.026344776153564453,0.0025053024291992188,0.0025053024291992188,12.89250373840332,12.89250373840332,0.0025053024291992188,18,0.0025053024291992188,18,9.8,4.7,17.0,17,38417,6
overcooked_nomove,0.0,0.026344776153564453,0.0025053024291992188,0.0025053024291992188,12.89250373840332,12.89250373840332,0.0025053024291992188,18,0.0025053024291992188,18,9.8,4.7,17.0,17,38417,6
overcooked_nomove,0.0,0.025733232498168945,0.002487659454345703,0.002487659454345703,12.879762172698975,12.879762172698975,0.002487659454345703,18,0.002487659454345703,18,9.8,4.7,17.0,17,38417,6
overcooked_nomove,0.0,0.025733232498168945,0.002487659454345703,0.002487659454345703,12.879762172698975,12.879762172698975,0.002487659454345703,18,0.002487659454345703,18,9.8,4.7,17.0,17,38417,6
overcooked_nomove,0.0,0.025733232498168945,0.002487659454345703,0.002487659454345703,12.879762172698975,12.879762172698975,0.002487659454345703,18,0.002487659454345703,18,9.8,4.7,17.0,17,38417,6
overcooked_nomove,0.0,0.025909900665283203,0.0024547576904296875,0.0024547576904296875,12.94764518737793,12.94764518737793,0.0024547576904296875,18,0.0024547576904296875,18,9.8,4.7,17.0,17,38417,6
overcooked_nomove,0.0,0.025909900665283203,0.0024547576904296875,0.0024547576904296875,12.94764518737793,12.94764518737793,0.0024547576904296875,18,0.0024547576904296875,18,9.8,4.7,17.0,17,38417,6
overcooked_nomove,0.0,0.025909900665283203,0.0024547576904296875,0.0024547576904296875,12.94764518737793,12.94764518737793,0.0024547576904296875,18,0.0024547576904296875,18,9.8,4.7,17.0,17,38417,6
grid_4_10_models_0.1,0.0029866695404052734,0.0016908645629882812,0.0013592243194580078,0.0013592243194580078,0.0004227161407470703,0.0004227161407470703,0.0013592243194580078,5,0.0013592243194580078,5,3.2,3.2,5.0,5,16,20
grid_4_10_models_0.1,0.0029206275939941406,0.001756906509399414,0.0013418197631835938,0.0013418197631835938,0.0004763603210449219,0.0004763603210449219,0.0013418197631835938,6,0.0013418197631835938,6,3.5,3.5,6.0,6,16,20
grid_4_10_models_0.1,0.0021369457244873047,0.001650094985961914,0.0012729167938232422,0.0012729167938232422,0.0003211498260498047,0.0003211498260498047,0.0012729167938232422,4,0.0012729167938232422,4,2.6,2.6,4.0,4,16,20
grid_4_10_models_0.1,0.0025060176849365234,0.0016019344329833984,0.0012760162353515625,0.0012760162353515625,0.0003631114959716797,0.0003631114959716797,0.0012760162353515625,5,0.0012760162353515625,5,3.4,2.3,5.0,5,16,20
grid_4_10_models_0.1,0.002968311309814453,0.0017399787902832031,0.001293182373046875,0.001293182373046875,0.00049591064453125,0.00049591064453125,0.001293182373046875,6,0.001293182373046875,6,3.5,3.5,6.0,6,16,20
grid_4_10_models_0.15,0.002713918685913086,0.0015921592712402344,0.0012187957763671875,0.0012187957763671875,0.0003669261932373047,0.0003669261932373047,0.0012187957763671875,5,0.0012187957763671875,5,3.0,3.0,5.0,5,16,20
grid_4_10_models_0.15,0.002707242965698242,0.0015401840209960938,0.0012097358703613281,0.0012097358703613281,0.00034618377685546875,0.00034618377685546875,0.0012097358703613281,5,0.0012097358703613281,5,2.8,2.8,5.0,5,16,20
grid_4_10_models_0.15,0.0019440650939941406,0.0015919208526611328,0.0011091232299804688,0.0011091232299804688,0.0002639293670654297,0.0002639293670654297,0.0011091232299804688,4,0.0011091232299804688,4,2.5,2.5,4.0,4,16,20
grid_4_10_models_0.15,0.0023543834686279297,0.0016062259674072266,0.0012249946594238281,0.0012249946594238281,0.0004978179931640625,0.0004978179931640625,0.0012249946594238281,5,0.0012249946594238281,5,3.1,2.4,6.0,6,16,20
grid_4_10_models_0.15,0.002794981002807617,0.0016548633575439453,0.0012600421905517578,0.0012600421905517578,0.0004761219024658203,0.0004761219024658203,0.0012600421905517578,6,0.0012600421905517578,6,3.4,2.7,6.0,6,16,20
grid_4_10_models_0.2,0.002576112747192383,0.0013630390167236328,0.001008749008178711,0.001008749008178711,0.0004589557647705078,0.0004589557647705078,0.001008749008178711,5,0.001008749008178711,5,3.3,2.3,6.0,6,16,20
grid_4_10_models_0.2,0.0025904178619384766,0.0015790462493896484,0.0010569095611572266,0.0010569095611572266,0.0006692409515380859,0.0006692409515380859,0.0010569095611572266,6,0.0010569095611572266,6,3.1,2.9,7.0,7,16,20
grid_4_10_models_0.2,0.002245187759399414,0.0014901161193847656,0.0010197162628173828,0.0010197162628173828,0.0003521442413330078,0.0003521442413330078,0.0010197162628173828,5,0.0010197162628173828,5,3.2,3.2,5.0,5,16,20
grid_4_10_models_0.2,0.002248048782348633,0.0015716552734375,0.0009610652923583984,0.0009610652923583984,0.000324249267578125,0.000324249267578125,0.0009610652923583984,5,0.0009610652923583984,5,3.9,2.4,5.0,5,16,20
grid_4_10_models_0.2,0.0023534297943115234,0.0013797283172607422,0.001013040542602539,0.001013040542602539,0.0006289482116699219,0.0006289482116699219,0.001013040542602539,6,0.001013040542602539,6,3.9,4.0,7.0,7,16,20
puddle_4_10_models_0.1,0.0037424564361572266,0.0016951560974121094,0.0013470649719238281,0.0013470649719238281,0.0009458065032958984,0.0009458065032958984,0.0013470649719238281,8,0.0013470649719238281,8,4.6,4.6,8.0,8,16,20
puddle_4_10_models_0.1,0.0016913414001464844,0.0015659332275390625,0.0013587474822998047,0.0013587474822998047,8.916854858398438e-05,8.916854858398438e-05,0.0013587474822998047,1,0.0013587474822998047,1,0.0,0.0,1.0,1,16,20
puddle_4_10_models_0.1,0.0025343894958496094,0.00162506103515625,0.0012669563293457031,0.0012669563293457031,0.00032210350036621094,0.00032210350036621094,0.0012669563293457031,5,0.0012669563293457031,5,2.3,2.3,5.0,5,16,20
puddle_4_10_models_0.1,0.002918243408203125,0.0017242431640625,0.0013110637664794922,0.0013110637664794922,0.0004818439483642578,0.0004818439483642578,0.0013110637664794922,6,0.0013110637664794922,6,3.1,3.1,6.0,6,16,20
puddle_4_10_models_0.1,0.002513885498046875,0.0016369819641113281,0.001287221908569336,0.001287221908569336,0.0004718303680419922,0.0004718303680419922,0.001287221908569336,5,0.001287221908569336,5,2.7,2.8,6.0,6,16,20
puddle_4_10_models_0.15,0.0023174285888671875,0.0015611648559570312,0.0011587142944335938,0.0011587142944335938,0.0004570484161376953,0.0004570484161376953,0.0011587142944335938,5,0.0011587142944335938,5,2.4,2.4,6.0,6,16,20
puddle_4_10_models_0.15,0.0026993751525878906,0.0015730857849121094,0.0011279582977294922,0.0011279582977294922,0.0004520416259765625,0.0004520416259765625,0.0011279582977294922,6,0.0011279582977294922,6,3.5,3.2,6.0,6,16,16
puddle_4_10_models_0.15,0.002357959747314453,0.0016388893127441406,0.0012171268463134766,0.0012171268463134766,0.0003380775451660156,0.0003380775451660156,0.0012171268463134766,5,0.0012171268463134766,5,3.7,2.4,5.0,5,16,16
puddle_4_10_models_0.15,0.0026819705963134766,0.0016148090362548828,0.0011179447174072266,0.0011179447174072266,0.0006220340728759766,0.0006220340728759766,0.0011179447174072266,6,0.0011179447174072266,6,3.1,2.6,7.0,7,16,20
puddle_4_10_models_0.15,0.002611875534057617,0.0015149116516113281,0.0011603832244873047,0.0011603832244873047,0.0006358623504638672,0.0006358623504638672,0.0011603832244873047,6,0.0011603832244873047,6,3.5,3.1,7.0,7,16,20
puddle_4_10_models_0.2,0.003245115280151367,0.0015099048614501953,0.0010139942169189453,0.0010139942169189453,0.0037069320678710938,0.0037069320678710938,0.0010139942169189453,8,0.0010139942169189453,8,4.7,3.9,10.0,10,16,20
puddle_4_10_models_0.2,0.002472400665283203,0.0015180110931396484,0.0010800361633300781,0.0010800361633300781,0.0006747245788574219,0.0006747245788574219,0.0010800361633300781,6,0.0010800361633300781,6,3.6,2.6,7.0,7,16,20
puddle_4_10_models_0.2,0.0025763511657714844,0.0015308856964111328,0.0009121894836425781,0.0009121894836425781,0.0005049705505371094,0.0005049705505371094,0.0009121894836425781,6,0.0009121894836425781,6,3.7,2.6,6.0,6,16,20
puddle_4_10_models_0.2,0.0021359920501708984,0.001379251480102539,0.0009388923645019531,0.0009388923645019531,0.0005419254302978516,0.0005419254302978516,0.0009388923645019531,5,0.0009388923645019531,5,3.4,2.3,6.0,6,16,20
puddle_4_10_models_0.2,0.002511262893676758,0.0015921592712402344,0.0010497570037841797,0.0010497570037841797,0.0006940364837646484,0.0006940364837646484,0.0010497570037841797,6,0.0010497570037841797,6,3.8,2.7,7.0,7,16,20
rock_4_10_models_0.1,0.002915620803833008,0.001651763916015625,0.0013823509216308594,0.0013823509216308594,0.0004467964172363281,0.0004467964172363281,0.0013823509216308594,6,0.0013823509216308594,6,3.3,3.3,6.0,6,16,20
rock_4_10_models_0.1,0.003336191177368164,0.001661062240600586,0.0012781620025634766,0.0012781620025634766,0.0006730556488037109,0.0006730556488037109,0.0012781620025634766,7,0.0012781620025634766,7,4.2,3.3,7.0,7,16,20
rock_4_10_models_0.1,0.0030014514923095703,0.0016810894012451172,0.0013630390167236328,0.0013630390167236328,0.0003578662872314453,0.0003578662872314453,0.0013630390167236328,5,0.0013630390167236328,5,2.9,2.9,5.0,5,16,20
rock_4_10_models_0.1,0.002948760986328125,0.0016889572143554688,0.0012950897216796875,0.0012950897216796875,0.00032591819763183594,0.00032591819763183594,0.0012950897216796875,5,0.0012950897216796875,5,3.4,3.4,5.0,5,16,20
rock_4_10_models_0.1,0.0028481483459472656,0.001596212387084961,0.001264810562133789,0.001264810562133789,0.0004360675811767578,0.0004360675811767578,0.001264810562133789,6,0.001264810562133789,6,3.3,3.3,6.0,6,16,20
rock_4_10_models_0.15,0.0026755332946777344,0.0015501976013183594,0.0012288093566894531,0.0012288093566894531,0.0003402233123779297,0.0003402233123779297,0.0012288093566894531,5,0.0012288093566894531,5,3.3,2.6,5.0,5,16,20
rock_4_10_models_0.15,0.002329111099243164,0.0014939308166503906,0.0011279582977294922,0.0011279582977294922,0.000263214111328125,0.000263214111328125,0.0011279582977294922,4,0.0011279582977294922,4,2.2,2.2,4.0,4,16,20
rock_4_10_models_0.15,0.002721548080444336,0.0016279220581054688,0.0013251304626464844,0.0013251304626464844,0.0007219314575195312,0.0007219314575195312,0.0013251304626464844,6,0.0013251304626464844,6,2.5,3.0,7.0,7,16,20
rock_4_10_models_0.15,0.0027463436126708984,0.0016112327575683594,0.0012860298156738281,0.0012860298156738281,0.000453948974609375,0.000453948974609375,0.0012860298156738281,6,0.0012860298156738281,6,3.8,3.8,6.0,6,16,20
rock_4_10_models_0.15,0.0030930042266845703,0.0015439987182617188,0.0012240409851074219,0.0012240409851074219,0.0006368160247802734,0.0006368160247802734,0.0012240409851074219,7,0.0012240409851074219,7,3.3,3.3,7.0,7,16,20
rock_4_10_models_0.2,0.0018961429595947266,0.0016438961029052734,0.001085042953491211,0.001085042953491211,0.0002579689025878906,0.0002579689025878906,0.001085042953491211,4,0.001085042953491211,4,2.1,2.1,4.0,4,16,16
rock_4_10_models_0.2,0.0025262832641601562,0.0013949871063232422,0.001035928726196289,0.001035928726196289,0.0006401538848876953,0.0006401538848876953,0.001035928726196289,6,0.001035928726196289,6,3.4,2.9,7.0,7,16,20
rock_4_10_models_0.2,0.0025382041931152344,0.001394033432006836,0.0010001659393310547,0.0010001659393310547,0.0004649162292480469,0.0004649162292480469,0.0010001659393310547,5,0.0010001659393310547,5,2.9,2.6,6.0,6,16,16
rock_4_10_models_0.2,0.0024886131286621094,0.0014379024505615234,0.001051187515258789,0.001051187515258789,0.004047870635986328,0.004047870635986328,0.001051187515258789,6,0.001051187515258789,6,5.2,2.7,10.0,10,16,20
rock_4_10_models_0.2,0.0024166107177734375,0.001416921615600586,0.0009300708770751953,0.0009300708770751953,0.0006229877471923828,0.0006229877471923828,0.0009300708770751953,6,0.0009300708770751953,6,3.5,2.6,7.0,7,16,20
grid_4_30_models_0.1,0.0037276744842529297,0.004492998123168945,0.0038962364196777344,0.0038962364196777344,0.0006320476531982422,0.0006320476531982422,0.0038962364196777344,7,0.0038962364196777344,7,4.266666666666667,4.266666666666667,7.0,7,16,20
grid_4_30_models_0.1,0.003770112991333008,0.004395008087158203,0.004212856292724609,0.004212856292724609,0.0008900165557861328,0.0008900165557861328,0.004212856292724609,8,0.004212856292724609,8,4.4,4.4,8.0,8,16,20
grid_4_30_models_0.1,0.0033593177795410156,0.0047779083251953125,0.0037860870361328125,0.0037860870361328125,0.0006237030029296875,0.0006237030029296875,0.0037860870361328125,7,0.0037860870361328125,7,3.466666666666667,3.466666666666667,7.0,7,16,20
grid_4_30_models_0.1,0.003791332244873047,0.004795074462890625,0.003983736038208008,0.003983736038208008,0.0009143352508544922,0.0009143352508544922,0.003983736038208008,8,0.003983736038208008,8,4.866666666666666,3.7,8.0,8,16,20
grid_4_30_models_0.1,0.003826618194580078,0.004623889923095703,0.0036530494689941406,0.0036530494689941406,0.0006220340728759766,0.0006220340728759766,0.0036530494689941406,7,0.0036530494689941406,7,4.133333333333334,4.133333333333334,7.0,7,16,20
grid_4_30_models_0.15,0.0034258365631103516,0.004335880279541016,0.003535032272338867,0.003535032272338867,0.000946044921875,0.000946044921875,0.003535032272338867,8,0.003535032272338867,8,4.333333333333333,4.333333333333333,8.0,8,16,20
grid_4_30_models_0.15,0.0035178661346435547,0.004454135894775391,0.003268003463745117,0.003268003463745117,0.0009639263153076172,0.0009639263153076172,0.003268003463745117,8,0.003268003463745117,8,4.666666666666667,3.6666666666666665,8.0,8,16,16
grid_4_30_models_0.15,0.0034792423248291016,0.004229068756103516,0.003480195999145508,0.003480195999145508,0.0009930133819580078,0.0009930133819580078,0.003480195999145508,8,0.003480195999145508,8,4.3,3.3333333333333335,8.0,8,16,20
grid_4_30_models_0.15,0.003514528274536133,0.004339933395385742,0.003468751907348633,0.003468751907348633,0.0006022453308105469,0.0006022453308105469,0.003468751907348633,7,0.003468751907348633,7,3.966666666666667,3.966666666666667,7.0,7,16,20
grid_4_30_models_0.15,0.0034143924713134766,0.004470109939575195,0.0033338069915771484,0.0033338069915771484,0.0016429424285888672,0.0016429424285888672,0.0033338069915771484,8,0.0033338069915771484,8,4.966666666666667,3.533333333333333,9.0,9,16,20
grid_4_30_models_0.2,0.002838134765625,0.004359006881713867,0.0029790401458740234,0.0029790401458740234,0.0004868507385253906,0.0004868507385253906,0.0029790401458740234,6,0.0029790401458740234,6,3.466666666666667,2.7,6.0,6,16,16
grid_4_30_models_0.2,0.003298044204711914,0.004018068313598633,0.0029599666595458984,0.0029599666595458984,0.0009529590606689453,0.0009529590606689453,0.0029599666595458984,8,0.0029599666595458984,8,4.7,3.5,8.0,8,16,20
grid_4_30_models_0.2,0.0032308101654052734,0.003957033157348633,0.002880096435546875,0.002880096435546875,0.0017499923706054688,0.0017499923706054688,0.002880096435546875,8,0.002880096435546875,8,4.7,3.1333333333333333,9.0,9,16,20
grid_4_30_models_0.2,0.003210306167602539,0.004286050796508789,0.0028150081634521484,0.0028150081634521484,0.0009999275207519531,0.0009999275207519531,0.0028150081634521484,7,0.0028150081634521484,7,4.566666666666666,2.8666666666666667,8.0,8,16,16
grid_4_30_models_0.2,0.0031883716583251953,0.0040340423583984375,0.002911090850830078,0.002911090850830078,0.00048089027404785156,0.00048089027404785156,0.002911090850830078,7,0.002911090850830078,7,4.733333333333333,2.8666666666666667,6.0,6,16,16
puddle_4_30_models_0.1,0.0038208961486816406,0.0045201778411865234,0.003800630569458008,0.003800630569458008,0.0006463527679443359,0.0006463527679443359,0.003800630569458008,7,0.003800630569458008,7,4.533333333333333,3.533333333333333,7.0,7,16,20
puddle_4_30_models_0.1,0.003817319869995117,0.004853963851928711,0.003801107406616211,0.003801107406616211,0.0009658336639404297,0.0009658336639404297,0.003801107406616211,8,0.003801107406616211,8,4.533333333333333,4.533333333333333,8.0,8,16,20
puddle_4_30_models_0.1,0.0038254261016845703,0.004453897476196289,0.004014253616333008,0.004014253616333008,0.0008928775787353516,0.0008928775787353516,0.004014253616333008,8,0.004014253616333008,8,4.0,4.0,8.0,8,16,20
puddle_4_30_models_0.1,0.003811359405517578,0.004614830017089844,0.004035234451293945,0.004035234451293945,0.0009379386901855469,0.0009379386901855469,0.004035234451293945,8,0.004035234451293945,8,4.233333333333333,3.966666666666667,8.0,8,16,20
puddle_4_30_models_0.1,0.0036783218383789062,0.0047740936279296875,0.0038552284240722656,0.0038552284240722656,0.0016210079193115234,0.0016210079193115234,0.0038552284240722656,8,0.0038552284240722656,8,4.866666666666666,3.8333333333333335,9.0,9,16,20
puddle_4_30_models_0.15,0.0035393238067626953,0.004514217376708984,0.0033538341522216797,0.0033538341522216797,0.001714944839477539,0.001714944839477539,0.0033538341522216797,8,0.0033538341522216797,8,3.6333333333333333,3.466666666666667,9.0,9,16,20
puddle_4_30_models_0.15,0.0034253597259521484,0.004246711730957031,0.0033168792724609375,0.0033168792724609375,0.0005970001220703125,0.0005970001220703125,0.0033168792724609375,7,0.0033168792724609375,7,3.8666666666666667,3.8666666666666667,7.0,7,16,20
puddle_4_30_models_0.15,0.003498554229736328,0.004296064376831055,0.0034589767456054688,0.0034589767456054688,0.0009751319885253906,0.0009751319885253906,0.0034589767456054688,8,0.0034589767456054688,8,4.666666666666667,3.2,8.0,8,16,20
puddle_4_30_models_0.15,0.003393888473510742,0.0043010711669921875,0.003421783447265625,0.003421783447265625,0.0009648799896240234,0.0009648799896240234,0.003421783447265625,8,0.003421783447265625,8,4.4,4.4,8.0,8,16,16
puddle_4_30_models_0.15,0.0034477710723876953,0.004292964935302734,0.003263235092163086,0.003263235092163086,0.0009069442749023438,0.0009069442749023438,0.003263235092163086,8,0.003263235092163086,8,4.2,3.6666666666666665,8.0,8,16,20
puddle_4_30_models_0.2,0.0032982826232910156,0.004151105880737305,0.003133058547973633,0.003133058547973633,0.0009839534759521484,0.0009839534759521484,0.003133058547973633,8,0.003133058547973633,8,6.133333333333334,3.1333333333333333,8.0,8,16,20
puddle_4_30_models_0.2,0.0032737255096435547,0.0038750171661376953,0.0029211044311523438,0.0029211044311523438,0.0009849071502685547,0.0009849071502685547,0.0029211044311523438,8,0.0029211044311523438,8,5.166666666666667,3.433333333333333,8.0,8,16,16
puddle_4_30_models_0.2,0.003230571746826172,0.004068851470947266,0.003019094467163086,0.003019094467163086,0.0004470348358154297,0.0004470348358154297,0.003019094467163086,6,0.003019094467163086,6,3.7666666666666666,2.966666666666667,6.0,6,16,16
puddle_4_30_models_0.2,0.0025148391723632812,0.003958940505981445,0.0030159950256347656,0.0030159950256347656,0.0005190372467041016,0.0005190372467041016,0.0030159950256347656,6,0.0030159950256347656,6,3.6333333333333333,2.8333333333333335,6.0,6,16,16
puddle_4_30_models_0.2,0.003139972686767578,0.003930091857910156,0.002991199493408203,0.002991199493408203,0.0017428398132324219,0.0017428398132324219,0.002991199493408203,8,0.002991199493408203,8,4.933333333333334,3.066666666666667,9.0,9,16,20
rock_4_30_models_0.1,0.0037729740142822266,0.004606962203979492,0.0038280487060546875,0.0038280487060546875,0.0009009838104248047,0.0009009838104248047,0.0038280487060546875,8,0.0038280487060546875,8,5.3,5.3,8.0,8,16,20
rock_4_30_models_0.1,0.0037834644317626953,0.0047490596771240234,0.0037119388580322266,0.0037119388580322266,0.0009329319000244141,0.0009329319000244141,0.0037119388580322266,8,0.0037119388580322266,8,3.6,3.6,8.0,8,16,20
rock_4_30_models_0.1,0.0034036636352539062,0.004593849182128906,0.003946065902709961,0.003946065902709961,0.0009648799896240234,0.0009648799896240234,0.003946065902709961,7,0.003946065902709961,7,3.7333333333333334,4.1,8.0,8,16,20
rock_4_30_models_0.1,0.003804922103881836,0.004784107208251953,0.0037970542907714844,0.0037970542907714844,0.0009198188781738281,0.0009198188781738281,0.0037970542907714844,8,0.0037970542907714844,8,4.566666666666666,4.566666666666666,8.0,8,16,20
rock_4_30_models_0.1,0.003813505172729492,0.0045261383056640625,0.0037550926208496094,0.0037550926208496094,0.0009121894836425781,0.0009121894836425781,0.0037550926208496094,8,0.0037550926208496094,8,5.133333333333334,3.7333333333333334,8.0,8,16,20
rock_4_30_models_0.15,0.0034689903259277344,0.004465818405151367,0.0033500194549560547,0.0033500194549560547,0.0006279945373535156,0.0006279945373535156,0.0033500194549560547,7,0.0033500194549560547,7,4.6,3.6,7.0,7,16,20
rock_4_30_models_0.15,0.0035126209259033203,0.00429081916809082,0.003461122512817383,0.003461122512817383,0.0006420612335205078,0.0006420612335205078,0.003461122512817383,7,0.003461122512817383,7,4.7,2.933333333333333,7.0,7,16,20
rock_4_30_models_0.15,0.003488779067993164,0.00424504280090332,0.003464937210083008,0.003464937210083008,0.0016241073608398438,0.0016241073608398438,0.003464937210083008,8,0.003464937210083008,8,5.033333333333333,3.9,9.0,9,16,20
rock_4_30_models_0.15,0.003445148468017578,0.004371166229248047,0.0036737918853759766,0.0036737918853759766,0.00162506103515625,0.00162506103515625,0.0036737918853759766,8,0.0036737918853759766,8,4.366666666666666,4.566666666666666,9.0,9,16,16
rock_4_30_models_0.15,0.0033540725708007812,0.004255056381225586,0.0034058094024658203,0.0034058094024658203,0.0006439685821533203,0.0006439685821533203,0.0034058094024658203,7,0.0034058094024658203,7,4.1,3.7333333333333334,7.0,7,16,20
rock_4_30_models_0.2,0.003233671188354492,0.004073143005371094,0.002873659133911133,0.002873659133911133,0.00063323974609375,0.00063323974609375,0.002873659133911133,8,0.002873659133911133,8,4.6,2.8666666666666667,7.0,7,16,20
rock_4_30_models_0.2,0.003206968307495117,0.003873109817504883,0.0026569366455078125,0.0026569366455078125,0.0006690025329589844,0.0006690025329589844,0.0026569366455078125,7,0.0026569366455078125,7,4.233333333333333,2.933333333333333,7.0,7,16,20
rock_4_30_models_0.2,0.0032815933227539062,0.004006147384643555,0.0028798580169677734,0.0028798580169677734,0.0009930133819580078,0.0009930133819580078,0.0028798580169677734,8,0.0028798580169677734,8,4.966666666666667,3.2,8.0,8,16,20
rock_4_30_models_0.2,0.0032944679260253906,0.004364013671875,0.0030968189239501953,0.0030968189239501953,0.0017032623291015625,0.0017032623291015625,0.0030968189239501953,8,0.0030968189239501953,8,3.8333333333333335,3.1,9.0,9,16,16
rock_4_30_models_0.2,0.0032494068145751953,0.004052877426147461,0.002977132797241211,0.002977132797241211,0.0009808540344238281,0.0009808540344238281,0.002977132797241211,8,0.002977132797241211,8,4.766666666666667,3.1333333333333333,8.0,8,16,16
grid_4_60_models_0.1,0.0037801265716552734,0.009459257125854492,0.007820844650268555,0.007820844650268555,0.0009560585021972656,0.0009560585021972656,0.007820844650268555,8,0.007820844650268555,8,4.8,4.8,8.0,8,16,20
grid_4_60_models_0.1,0.0037529468536376953,0.00937199592590332,0.007725954055786133,0.007725954055786133,0.0008831024169921875,0.0008831024169921875,0.007725954055786133,8,0.007725954055786133,8,4.033333333333333,4.033333333333333,8.0,8,16,20
grid_4_60_models_0.1,0.0037572383880615234,0.008502960205078125,0.007730007171630859,0.007730007171630859,0.0016260147094726562,0.0016260147094726562,0.007730007171630859,8,0.007730007171630859,8,4.716666666666667,4.666666666666667,9.0,9,16,20
grid_4_60_models_0.1,0.0037834644317626953,0.00894618034362793,0.007610797882080078,0.007610797882080078,0.0009169578552246094,0.0009169578552246094,0.007610797882080078,8,0.007610797882080078,8,4.233333333333333,4.233333333333333,8.0,8,16,20
grid_4_60_models_0.1,0.003698110580444336,0.008632183074951172,0.007325887680053711,0.007325887680053711,0.0008950233459472656,0.0008950233459472656,0.007325887680053711,8,0.007325887680053711,8,4.616666666666666,3.566666666666667,8.0,8,16,20
grid_4_60_models_0.15,0.003441333770751953,0.00837087631225586,0.007042884826660156,0.007042884826660156,0.0009691715240478516,0.0009691715240478516,0.007042884826660156,8,0.007042884826660156,8,5.283333333333333,3.7333333333333334,8.0,8,16,20
grid_4_60_models_0.15,0.0035028457641601562,0.008913040161132812,0.006574869155883789,0.006574869155883789,0.001764059066772461,0.001764059066772461,0.006574869155883789,8,0.006574869155883789,8,4.283333333333333,3.4166666666666665,9.0,9,16,16
grid_4_60_models_0.15,0.003520488739013672,0.008404970169067383,0.007001161575317383,0.007001161575317383,0.0017178058624267578,0.0017178058624267578,0.007001161575317383,8,0.007001161575317383,8,4.2,3.2,9.0,9,16,20
grid_4_60_models_0.15,0.003482818603515625,0.008334875106811523,0.007118940353393555,0.007118940353393555,0.0004508495330810547,0.0004508495330810547,0.007118940353393555,6,0.007118940353393555,6,3.6,3.6,6.0,6,16,20
grid_4_60_models_0.15,0.003436565399169922,0.00842905044555664,0.0070002079010009766,0.0070002079010009766,0.0008969306945800781,0.0008969306945800781,0.0070002079010009766,8,0.0070002079010009766,8,4.4,4.4,8.0,8,16,20
grid_4_60_models_0.2,0.0031728744506835938,0.008367776870727539,0.005923271179199219,0.005923271179199219,0.0006468296051025391,0.0006468296051025391,0.005923271179199219,6,0.005923271179199219,6,4.266666666666667,2.75,7.0,7,16,16
grid_4_60_models_0.2,0.003382444381713867,0.008688926696777344,0.006608009338378906,0.006608009338378906,0.0009570121765136719,0.0009570121765136719,0.006608009338378906,8,0.006608009338378906,8,5.033333333333333,3.4166666666666665,8.0,8,16,16
grid_4_60_models_0.2,0.003208637237548828,0.008083820343017578,0.005352973937988281,0.005352973937988281,0.003818035125732422,0.003818035125732422,0.005352973937988281,8,0.005352973937988281,8,5.416666666666667,3.1166666666666667,10.0,10,16,20
grid_4_60_models_0.2,0.003191709518432617,0.007936716079711914,0.0060253143310546875,0.0060253143310546875,0.0009396076202392578,0.0009396076202392578,0.0060253143310546875,8,0.0060253143310546875,8,4.8,3.1333333333333333,8.0,8,16,20
grid_4_60_models_0.2,0.0031604766845703125,0.008027791976928711,0.005964994430541992,0.005964994430541992,0.0004951953887939453,0.0004951953887939453,0.005964994430541992,6,0.005964994430541992,6,3.4166666666666665,2.55,6.0,6,16,16
puddle_4_60_models_0.1,0.0038318634033203125,0.008884906768798828,0.007394075393676758,0.007394075393676758,0.0009109973907470703,0.0009109973907470703,0.007394075393676758,8,0.007394075393676758,8,4.1,4.1,8.0,8,16,20
puddle_4_60_models_0.1,0.003744363784790039,0.009161949157714844,0.007578134536743164,0.007578134536743164,0.0009191036224365234,0.0009191036224365234,0.007578134536743164,8,0.007578134536743164,8,4.216666666666667,4.216666666666667,8.0,8,16,20
puddle_4_60_models_0.1,0.0037894248962402344,0.008826732635498047,0.00794219970703125,0.00794219970703125,0.0009491443634033203,0.0009491443634033203,0.00794219970703125,8,0.00794219970703125,8,4.466666666666667,3.8333333333333335,8.0,8,16,20
puddle_4_60_models_0.1,0.0037784576416015625,0.008698225021362305,0.007753849029541016,0.007753849029541016,0.0009260177612304688,0.0009260177612304688,0.007753849029541016,8,0.007753849029541016,8,4.4,4.4,8.0,8,16,20
puddle_4_60_models_0.1,0.0037665367126464844,0.00886392593383789,0.007791042327880859,0.007791042327880859,0.0009050369262695312,0.0009050369262695312,0.007791042327880859,8,0.007791042327880859,8,4.883333333333334,4.883333333333334,8.0,8,16,20
puddle_4_60_models_0.15,0.0035605430603027344,0.008597135543823242,0.006657838821411133,0.006657838821411133,0.0009770393371582031,0.0009770393371582031,0.006657838821411133,8,0.006657838821411133,8,4.55,4.133333333333334,8.0,8,16,20
puddle_4_60_models_0.15,0.003509998321533203,0.008779048919677734,0.006929159164428711,0.006929159164428711,0.000637054443359375,0.000637054443359375,0.006929159164428711,7,0.006929159164428711,7,4.483333333333333,2.933333333333333,7.0,7,16,20
puddle_4_60_models_0.15,0.003467559814453125,0.008038759231567383,0.006345987319946289,0.006345987319946289,0.0008981227874755859,0.0008981227874755859,0.006345987319946289,8,0.006345987319946289,8,4.483333333333333,4.483333333333333,8.0,8,16,20
puddle_4_60_models_0.15,0.0035533905029296875,0.00801992416381836,0.006790876388549805,0.006790876388549805,0.0008990764617919922,0.0008990764617919922,0.006790876388549805,8,0.006790876388549805,8,4.483333333333333,4.483333333333333,8.0,8,16,20
puddle_4_60_models_0.15,0.003535032272338867,0.008442878723144531,0.006480216979980469,0.006480216979980469,0.0009748935699462891,0.0009748935699462891,0.006480216979980469,8,0.006480216979980469,8,4.3,3.1666666666666665,8.0,8,16,20
puddle_4_60_models_0.2,0.003401041030883789,0.008192062377929688,0.006402015686035156,0.006402015686035156,0.0010559558868408203,0.0010559558868408203,0.006402015686035156,7,0.006402015686035156,7,4.133333333333334,3.05,8.0,8,16,20
puddle_4_60_models_0.2,0.003197908401489258,0.0074880123138427734,0.005836963653564453,0.005836963653564453,0.0016930103302001953,0.0016930103302001953,0.005836963653564453,7,0.005836963653564453,7,4.0,3.05,9.0,9,16,16
puddle_4_60_models_0.2,0.0032918453216552734,0.007854223251342773,0.005713939666748047,0.005713939666748047,0.0016129016876220703,0.0016129016876220703,0.005713939666748047,8,0.005713939666748047,8,4.266666666666667,3.716666666666667,9.0,9,16,16
puddle_4_60_models_0.2,0.0033185482025146484,0.008551836013793945,0.006287097930908203,0.006287097930908203,0.0010290145874023438,0.0010290145874023438,0.006287097930908203,8,0.006287097930908203,8,4.75,3.35,8.0,8,16,16
puddle_4_60_models_0.2,0.0034084320068359375,0.007316112518310547,0.00603795051574707,0.00603795051574707,0.0018198490142822266,0.0018198490142822266,0.00603795051574707,7,0.00603795051574707,7,4.0,3.1666666666666665,9.0,9,16,20
rock_4_60_models_0.1,0.0037331581115722656,0.008113861083984375,0.007655143737792969,0.007655143737792969,0.0009589195251464844,0.0009589195251464844,0.007655143737792969,8,0.007655143737792969,8,4.183333333333334,3.7333333333333334,8.0,8,16,20
rock_4_60_models_0.1,0.003829479217529297,0.009163856506347656,0.007853269577026367,0.007853269577026367,0.0009479522705078125,0.0009479522705078125,0.007853269577026367,8,0.007853269577026367,8,4.516666666666667,4.516666666666667,8.0,8,16,20
rock_4_60_models_0.1,0.003800630569458008,0.008741140365600586,0.007609844207763672,0.007609844207763672,0.0008842945098876953,0.0008842945098876953,0.007609844207763672,8,0.007609844207763672,8,4.283333333333333,4.283333333333333,8.0,8,16,20
rock_4_60_models_0.1,0.003848552703857422,0.008889913558959961,0.0077021121978759766,0.0077021121978759766,0.0009319782257080078,0.0009319782257080078,0.0077021121978759766,8,0.0077021121978759766,8,4.733333333333333,3.6666666666666665,8.0,8,16,20
rock_4_60_models_0.1,0.0036716461181640625,0.008574962615966797,0.0071680545806884766,0.0071680545806884766,0.0009069442749023438,0.0009069442749023438,0.0071680545806884766,8,0.0071680545806884766,8,3.8,3.8,8.0,8,16,20
rock_4_60_models_0.15,0.0035130977630615234,0.008474111557006836,0.006866931915283203,0.006866931915283203,0.0010008811950683594,0.0010008811950683594,0.006866931915283203,7,0.006866931915283203,7,4.25,4.383333333333334,8.0,8,16,20
rock_4_60_models_0.15,0.0035796165466308594,0.009018182754516602,0.006994009017944336,0.006994009017944336,0.0017120838165283203,0.0017120838165283203,0.006994009017944336,8,0.006994009017944336,8,4.766666666666667,4.6,9.0,9,16,20
rock_4_60_models_0.15,0.003482341766357422,0.008621931076049805,0.007112026214599609,0.007112026214599609,0.0009849071502685547,0.0009849071502685547,0.007112026214599609,8,0.007112026214599609,8,4.583333333333333,3.35,8.0,8,16,20
rock_4_60_models_0.15,0.003473520278930664,0.008664846420288086,0.007014036178588867,0.007014036178588867,0.000926971435546875,0.000926971435546875,0.007014036178588867,8,0.007014036178588867,8,5.033333333333333,3.6666666666666665,8.0,8,16,16
rock_4_60_models_0.15,0.0035555362701416016,0.008635282516479492,0.007263898849487305,0.007263898849487305,0.0006418228149414062,0.0006418228149414062,0.007263898849487305,7,0.007263898849487305,7,4.216666666666667,3.45,7.0,7,16,20
rock_4_60_models_0.2,0.003324270248413086,0.007322072982788086,0.006387948989868164,0.006387948989868164,0.0010089874267578125,0.0010089874267578125,0.006387948989868164,8,0.006387948989868164,8,4.516666666666667,3.4166666666666665,8.0,8,16,20
rock_4_60_models_0.2,0.0031976699829101562,0.008147001266479492,0.005991220474243164,0.005991220474243164,0.00048065185546875,0.00048065185546875,0.005991220474243164,6,0.005991220474243164,6,3.4166666666666665,2.6333333333333333,6.0,6,16,20
rock_4_60_models_0.2,0.0033087730407714844,0.007957696914672852,0.0062100887298583984,0.0062100887298583984,0.0006489753723144531,0.0006489753723144531,0.0062100887298583984,7,0.0062100887298583984,7,4.133333333333334,3.3,7.0,7,16,20
rock_4_60_models_0.2,0.003268003463745117,0.007879018783569336,0.005992889404296875,0.005992889404296875,0.0010292530059814453,0.0010292530059814453,0.005992889404296875,7,0.005992889404296875,7,4.716666666666667,2.95,8.0,8,16,16
rock_4_60_models_0.2,0.003133058547973633,0.007676124572753906,0.0057909488677978516,0.0057909488677978516,0.0009658336639404297,0.0009658336639404297,0.0057909488677978516,8,0.0057909488677978516,8,5.083333333333333,3.4,8.0,8,16,20
grid_4_100_models_0.1,0.003826618194580078,0.014980077743530273,0.012892961502075195,0.012892961502075195,0.0009829998016357422,0.0009829998016357422,0.012892961502075195,8,0.012892961502075195,8,4.2,4.2,8.0,8,16,20
grid_4_100_models_0.1,0.0037682056427001953,0.013947248458862305,0.01358175277709961,0.01358175277709961,0.0009641647338867188,0.0009641647338867188,0.01358175277709961,8,0.01358175277709961,8,4.46,3.81,8.0,8,16,20
grid_4_100_models_0.1,0.003796815872192383,0.01371908187866211,0.013132810592651367,0.013132810592651367,0.0009560585021972656,0.0009560585021972656,0.013132810592651367,8,0.013132810592651367,8,4.18,4.18,8.0,8,16,20
grid_4_100_models_0.1,0.003804445266723633,0.013828039169311523,0.012742996215820312,0.012742996215820312,0.00090789794921875,0.00090789794921875,0.012742996215820312,8,0.012742996215820312,8,4.33,4.33,8.0,8,16,20
grid_4_100_models_0.1,0.0037353038787841797,0.014623880386352539,0.012215852737426758,0.012215852737426758,0.0006101131439208984,0.0006101131439208984,0.012215852737426758,7,0.012215852737426758,7,4.04,4.04,7.0,7,16,20
grid_4_100_models_0.15,0.0035552978515625,0.01394200325012207,0.01196599006652832,0.01196599006652832,0.0010018348693847656,0.0010018348693847656,0.01196599006652832,8,0.01196599006652832,8,4.32,3.49,8.0,8,16,16
grid_4_100_models_0.15,0.0034999847412109375,0.013770103454589844,0.011675119400024414,0.011675119400024414,0.0006368160247802734,0.0006368160247802734,0.011675119400024414,7,0.011675119400024414,7,4.74,3.54,7.0,7,16,20
grid_4_100_models_0.15,0.003465890884399414,0.014611005783081055,0.010913848876953125,0.010913848876953125,0.0009660720825195312,0.0009660720825195312,0.010913848876953125,8,0.010913848876953125,8,4.49,4.49,8.0,8,16,16
grid_4_100_models_0.15,0.0034656524658203125,0.013628244400024414,0.011178970336914062,0.011178970336914062,0.0017230510711669922,0.0017230510711669922,0.011178970336914062,8,0.011178970336914062,8,4.31,3.64,9.0,9,16,20
grid_4_100_models_0.15,0.0034630298614501953,0.013820886611938477,0.011507987976074219,0.011507987976074219,0.0005919933319091797,0.0005919933319091797,0.011507987976074219,7,0.011507987976074219,7,4.03,4.03,7.0,7,16,20
grid_4_100_models_0.2,0.003202676773071289,0.013359785079956055,0.01052713394165039,0.01052713394165039,0.0018310546875,0.0018310546875,0.01052713394165039,8,0.01052713394165039,8,4.44,3.47,9.0,9,16,20
grid_4_100_models_0.2,0.0034630298614501953,0.013823986053466797,0.010422945022583008,0.010422945022583008,0.0016579627990722656,0.0016579627990722656,0.010422945022583008,8,0.010422945022583008,8,4.22,3.79,9.0,9,16,16
grid_4_100_models_0.2,0.003450155258178711,0.013747930526733398,0.010903120040893555,0.010903120040893555,0.0006468296051025391,0.0006468296051025391,0.010903120040893555,7,0.010903120040893555,7,4.31,4.31,7.0,7,16,20
grid_4_100_models_0.2,0.0032541751861572266,0.013615846633911133,0.009860038757324219,0.009860038757324219,0.0009710788726806641,0.0009710788726806641,0.009860038757324219,8,0.009860038757324219,8,4.71,3.83,8.0,8,16,20
grid_4_100_models_0.2,0.003171682357788086,0.012069940567016602,0.008960962295532227,0.008960962295532227,0.0018019676208496094,0.0018019676208496094,0.008960962295532227,8,0.008960962295532227,8,4.35,3.31,9.0,9,16,20
puddle_4_100_models_0.1,0.0037605762481689453,0.01521611213684082,0.012920141220092773,0.012920141220092773,0.0017559528350830078,0.0017559528350830078,0.012920141220092773,8,0.012920141220092773,8,4.44,3.63,9.0,9,16,20
puddle_4_100_models_0.1,0.003818035125732422,0.014487028121948242,0.01314091682434082,0.01314091682434082,0.0006341934204101562,0.0006341934204101562,0.01314091682434082,7,0.01314091682434082,7,4.32,4.32,7.0,7,16,20
puddle_4_100_models_0.1,0.003901958465576172,0.014587879180908203,0.012667179107666016,0.012667179107666016,0.0006237030029296875,0.0006237030029296875,0.012667179107666016,7,0.012667179107666016,7,3.27,3.27,7.0,7,16,20
puddle_4_100_models_0.1,0.0037856101989746094,0.014572620391845703,0.012577056884765625,0.012577056884765625,0.0009322166442871094,0.0009322166442871094,0.012577056884765625,8,0.012577056884765625,8,4.36,4.36,8.0,8,16,20
puddle_4_100_models_0.1,0.0037474632263183594,0.015187978744506836,0.012130975723266602,0.012130975723266602,0.0009181499481201172,0.0009181499481201172,0.012130975723266602,8,0.012130975723266602,8,4.4,4.4,8.0,8,16,20
puddle_4_100_models_0.15,0.003438711166381836,0.013318777084350586,0.01192021369934082,0.01192021369934082,0.0009629726409912109,0.0009629726409912109,0.01192021369934082,8,0.01192021369934082,8,4.64,3.52,8.0,8,16,20
puddle_4_100_models_0.15,0.0034589767456054688,0.013417959213256836,0.010684967041015625,0.010684967041015625,0.0006539821624755859,0.0006539821624755859,0.010684967041015625,7,0.010684967041015625,7,4.53,3.55,7.0,7,16,20
puddle_4_100_models_0.15,0.0034685134887695312,0.013998031616210938,0.01250004768371582,0.01250004768371582,0.0009510517120361328,0.0009510517120361328,0.01250004768371582,8,0.01250004768371582,8,5.02,3.38,8.0,8,16,20
puddle_4_100_models_0.15,0.0034906864166259766,0.013474225997924805,0.010972976684570312,0.010972976684570312,0.0006430149078369141,0.0006430149078369141,0.010972976684570312,7,0.010972976684570312,7,3.94,3.94,7.0,7,16,20
puddle_4_100_models_0.15,0.003549337387084961,0.014081001281738281,0.012311935424804688,0.012311935424804688,0.0006072521209716797,0.0006072521209716797,0.012311935424804688,7,0.012311935424804688,7,3.95,3.95,7.0,7,16,20
puddle_4_100_models_0.2,0.00331878662109375,0.013984918594360352,0.010554075241088867,0.010554075241088867,0.0016911029815673828,0.0016911029815673828,0.010554075241088867,8,0.010554075241088867,8,4.13,3.07,9.0,9,16,16
puddle_4_100_models_0.2,0.0033049583435058594,0.014373064041137695,0.010220050811767578,0.010220050811767578,0.0006270408630371094,0.0006270408630371094,0.010220050811767578,7,0.010220050811767578,7,4.27,3.32,7.0,7,16,16
puddle_4_100_models_0.2,0.003300189971923828,0.013261079788208008,0.01032710075378418,0.01032710075378418,0.0009598731994628906,0.0009598731994628906,0.01032710075378418,7,0.01032710075378418,7,3.6,2.91,8.0,8,16,20
puddle_4_100_models_0.2,0.0033025741577148438,0.01318812370300293,0.010740995407104492,0.010740995407104492,0.000988006591796875,0.000988006591796875,0.010740995407104492,7,0.010740995407104492,7,3.99,2.91,8.0,8,16,20
puddle_4_100_models_0.2,0.003110647201538086,0.013549089431762695,0.009618997573852539,0.009618997573852539,0.0004909038543701172,0.0004909038543701172,0.009618997573852539,6,0.009618997573852539,6,3.39,2.73,6.0,6,16,16
rock_4_100_models_0.1,0.003815174102783203,0.014792919158935547,0.012883901596069336,0.012883901596069336,0.000965118408203125,0.000965118408203125,0.012883901596069336,8,0.012883901596069336,8,4.55,4.55,8.0,8,16,20
rock_4_100_models_0.1,0.003935337066650391,0.015115976333618164,0.013067007064819336,0.013067007064819336,0.0009450912475585938,0.0009450912475585938,0.013067007064819336,8,0.013067007064819336,8,3.96,3.96,8.0,8,16,20
rock_4_100_models_0.1,0.0037887096405029297,0.014447212219238281,0.01276707649230957,0.01276707649230957,0.0006437301635742188,0.0006437301635742188,0.01276707649230957,7,0.01276707649230957,7,4.14,4.14,7.0,7,16,20
rock_4_100_models_0.1,0.0038788318634033203,0.01450204849243164,0.011984109878540039,0.011984109878540039,0.0006639957427978516,0.0006639957427978516,0.011984109878540039,7,0.011984109878540039,7,4.24,4.24,7.0,7,16,20
rock_4_100_models_0.1,0.0036966800689697266,0.014598846435546875,0.013611078262329102,0.013611078262329102,0.0009720325469970703,0.0009720325469970703,0.013611078262329102,8,0.013611078262329102,8,4.64,3.8,8.0,8,16,20
rock_4_100_models_0.15,0.003477811813354492,0.014392852783203125,0.011764049530029297,0.011764049530029297,0.001722097396850586,0.001722097396850586,0.011764049530029297,8,0.011764049530029297,8,4.52,3.49,9.0,9,16,20
rock_4_100_models_0.15,0.0034208297729492188,0.014193058013916016,0.010811090469360352,0.010811090469360352,0.0009667873382568359,0.0009667873382568359,0.010811090469360352,8,0.010811090469360352,8,4.85,3.42,8.0,8,16,20
rock_4_100_models_0.15,0.0034513473510742188,0.013375997543334961,0.011477947235107422,0.011477947235107422,0.0006592273712158203,0.0006592273712158203,0.011477947235107422,7,0.011477947235107422,7,4.32,3.07,7.0,7,16,20
rock_4_100_models_0.15,0.0033922195434570312,0.014178991317749023,0.011850833892822266,0.011850833892822266,0.0009222030639648438,0.0009222030639648438,0.011850833892822266,8,0.011850833892822266,8,4.88,3.46,8.0,8,16,16
rock_4_100_models_0.15,0.003429412841796875,0.012454032897949219,0.011070966720581055,0.011070966720581055,0.0009520053863525391,0.0009520053863525391,0.011070966720581055,8,0.011070966720581055,8,4.59,4.59,8.0,8,16,20
rock_4_100_models_0.2,0.003268718719482422,0.013126850128173828,0.009749889373779297,0.009749889373779297,0.0009579658508300781,0.0009579658508300781,0.009749889373779297,8,0.009749889373779297,8,4.94,4.94,8.0,8,16,20
rock_4_100_models_0.2,0.0032830238342285156,0.012404918670654297,0.009427070617675781,0.009427070617675781,0.0036170482635498047,0.0036170482635498047,0.009427070617675781,8,0.009427070617675781,8,4.47,3.72,10.0,10,16,20
rock_4_100_models_0.2,0.003228425979614258,0.012883901596069336,0.009181976318359375,0.009181976318359375,0.0036878585815429688,0.0036878585815429688,0.009181976318359375,7,0.009181976318359375,7,5.11,3.46,10.0,10,16,20
rock_4_100_models_0.2,0.003523588180541992,0.013945817947387695,0.010821104049682617,0.010821104049682617,0.000982046127319336,0.000982046127319336,0.010821104049682617,8,0.010821104049682617,8,4.62,3.31,8.0,8,16,16
rock_4_100_models_0.2,0.003313302993774414,0.01423788070678711,0.010338068008422852,0.010338068008422852,0.0004999637603759766,0.0004999637603759766,0.010338068008422852,6,0.010338068008422852,6,4.15,3.2,6.0,6,16,16
grid_8_10_models_0.1,0.03736281394958496,0.006987094879150391,0.005464076995849609,0.005464076995849609,0.00047779083251953125,0.00047779083251953125,0.005464076995849609,6,0.005464076995849609,6,3.4,3.4,6.0,6,64,20
grid_8_10_models_0.1,0.032566070556640625,0.0065631866455078125,0.0054399967193603516,0.0054399967193603516,0.00031685829162597656,0.00031685829162597656,0.0054399967193603516,5,0.0054399967193603516,5,2.5,2.5,5.0,5,64,20
grid_8_10_models_0.1,0.03223085403442383,0.0069577693939208984,0.00568389892578125,0.00568389892578125,0.00045800209045410156,0.00045800209045410156,0.00568389892578125,5,0.00568389892578125,5,3.1,3.0,6.0,6,64,20
grid_8_10_models_0.1,0.038700103759765625,0.007069826126098633,0.005692958831787109,0.005692958831787109,0.000453948974609375,0.000453948974609375,0.005692958831787109,6,0.005692958831787109,6,3.8,3.8,6.0,6,64,20
grid_8_10_models_0.1,0.03170013427734375,0.006376981735229492,0.0053517818450927734,0.0053517818450927734,0.000324249267578125,0.000324249267578125,0.0053517818450927734,5,0.0053517818450927734,5,2.7,2.7,5.0,5,64,20
grid_8_10_models_0.15,0.03587222099304199,0.006823062896728516,0.005645751953125,0.005645751953125,0.0005261898040771484,0.0005261898040771484,0.005645751953125,6,0.005645751953125,6,3.3,3.3,6.0,6,64,20
grid_8_10_models_0.15,0.030574560165405273,0.007096052169799805,0.006027936935424805,0.006027936935424805,0.0004899501800537109,0.0004899501800537109,0.006027936935424805,5,0.006027936935424805,5,2.3,2.8,6.0,6,64,20
grid_8_10_models_0.15,0.04099464416503906,0.0065250396728515625,0.0056629180908203125,0.0056629180908203125,0.0006270408630371094,0.0006270408630371094,0.0056629180908203125,7,0.0056629180908203125,7,3.9,3.9,7.0,7,64,20
grid_8_10_models_0.15,0.03000640869140625,0.0070531368255615234,0.0057010650634765625,0.0057010650634765625,0.0003299713134765625,0.0003299713134765625,0.0057010650634765625,5,0.0057010650634765625,5,2.8,2.8,5.0,5,64,20
grid_8_10_models_0.15,0.030172348022460938,0.006747007369995117,0.005402803421020508,0.005402803421020508,0.0003383159637451172,0.0003383159637451172,0.005402803421020508,5,0.005402803421020508,5,3.0,3.0,5.0,5,64,20
grid_8_10_models_0.2,0.03909754753112793,0.006543874740600586,0.005361795425415039,0.005361795425415039,0.0007140636444091797,0.0007140636444091797,0.005361795425415039,7,0.005361795425415039,7,4.0,4.0,7.0,7,64,20
grid_8_10_models_0.2,0.03332114219665527,0.006386280059814453,0.005879640579223633,0.005879640579223633,0.00043702125549316406,0.00043702125549316406,0.005879640579223633,6,0.005879640579223633,6,3.8,3.8,6.0,6,64,20
grid_8_10_models_0.2,0.03452014923095703,0.006915092468261719,0.0060198307037353516,0.0060198307037353516,0.0004851818084716797,0.0004851818084716797,0.0060198307037353516,6,0.0060198307037353516,6,3.4,3.4,6.0,6,64,20
grid_8_10_models_0.2,0.034212350845336914,0.006688117980957031,0.005300998687744141,0.005300998687744141,0.0005257129669189453,0.0005257129669189453,0.005300998687744141,6,0.005300998687744141,6,3.3,3.3,6.0,6,64,20
grid_8_10_models_0.2,0.03749728202819824,0.006237983703613281,0.005455970764160156,0.005455970764160156,0.0006132125854492188,0.0006132125854492188,0.005455970764160156,7,0.005455970764160156,7,3.7,3.7,7.0,7,64,20
puddle_8_10_models_0.1,0.03801703453063965,0.0068089962005615234,0.005553007125854492,0.005553007125854492,0.0006639957427978516,0.0006639957427978516,0.005553007125854492,6,0.005553007125854492,6,3.0,3.4,7.0,7,64,20
puddle_8_10_models_0.1,0.0383908748626709,0.007281780242919922,0.0060710906982421875,0.0060710906982421875,0.00045299530029296875,0.00045299530029296875,0.0060710906982421875,6,0.0060710906982421875,6,3.2,3.2,6.0,6,64,20
puddle_8_10_models_0.1,0.03819704055786133,0.007112979888916016,0.005907773971557617,0.005907773971557617,0.0005331039428710938,0.0005331039428710938,0.005907773971557617,6,0.005907773971557617,6,3.2,3.2,6.0,6,64,20
puddle_8_10_models_0.1,0.03793787956237793,0.00704503059387207,0.005671024322509766,0.005671024322509766,0.0005080699920654297,0.0005080699920654297,0.005671024322509766,6,0.005671024322509766,6,3.1,3.1,6.0,6,64,20
puddle_8_10_models_0.1,0.03233480453491211,0.00687098503112793,0.0054399967193603516,0.0054399967193603516,0.0004038810729980469,0.0004038810729980469,0.0054399967193603516,5,0.0054399967193603516,5,2.2,2.2,5.0,5,64,20
puddle_8_10_models_0.15,0.03744983673095703,0.007389068603515625,0.006332874298095703,0.006332874298095703,0.0004830360412597656,0.0004830360412597656,0.006332874298095703,6,0.006332874298095703,6,3.2,3.2,6.0,6,64,20
puddle_8_10_models_0.15,0.04087328910827637,0.0075418949127197266,0.005769968032836914,0.005769968032836914,0.000637054443359375,0.000637054443359375,0.005769968032836914,7,0.005769968032836914,7,4.2,3.3,7.0,7,64,20
puddle_8_10_models_0.15,0.03565788269042969,0.0066068172454833984,0.005430936813354492,0.005430936813354492,0.0004630088806152344,0.0004630088806152344,0.005430936813354492,6,0.005430936813354492,6,3.8,3.8,6.0,6,64,20
puddle_8_10_models_0.15,0.04084205627441406,0.0072021484375,0.005701780319213867,0.005701780319213867,0.0006661415100097656,0.0006661415100097656,0.005701780319213867,7,0.005701780319213867,7,3.0,3.0,7.0,7,64,20
puddle_8_10_models_0.15,0.03556418418884277,0.006524801254272461,0.005377054214477539,0.005377054214477539,0.0004417896270751953,0.0004417896270751953,0.005377054214477539,6,0.005377054214477539,6,3.9,3.9,6.0,6,64,20
puddle_8_10_models_0.2,0.032717227935791016,0.00683903694152832,0.006091117858886719,0.006091117858886719,0.0004849433898925781,0.0004849433898925781,0.006091117858886719,6,0.006091117858886719,6,2.9,2.9,6.0,6,64,20
puddle_8_10_models_0.2,0.04127216339111328,0.006413698196411133,0.0055620670318603516,0.0055620670318603516,0.0037240982055664062,0.0037240982055664062,0.0055620670318603516,7,0.0055620670318603516,7,3.5,2.9,10.0,10,64,20
puddle_8_10_models_0.2,0.04066967964172363,0.006735086441040039,0.005574941635131836,0.005574941635131836,0.001753091812133789,0.001753091812133789,0.005574941635131836,7,0.005574941635131836,7,3.9,3.2,9.0,9,64,20
puddle_8_10_models_0.2,0.03818702697753906,0.006348133087158203,0.005398988723754883,0.005398988723754883,0.0009360313415527344,0.0009360313415527344,0.005398988723754883,7,0.005398988723754883,7,4.1,4.1,8.0,8,64,20
puddle_8_10_models_0.2,0.023694276809692383,0.006536006927490234,0.005262136459350586,0.005262136459350586,0.0002579689025878906,0.0002579689025878906,0.005262136459350586,4,0.005262136459350586,4,2.5,2.5,4.0,4,64,20
rock_8_10_models_0.1,0.036687612533569336,0.006808042526245117,0.005409955978393555,0.005409955978393555,0.00046896934509277344,0.00046896934509277344,0.005409955978393555,6,0.005409955978393555,6,3.4,3.4,6.0,6,64,20
rock_8_10_models_0.1,0.04289364814758301,0.007153034210205078,0.005520820617675781,0.005520820617675781,0.0006000995635986328,0.0006000995635986328,0.005520820617675781,7,0.005520820617675781,7,4.2,4.2,7.0,7,64,20
rock_8_10_models_0.1,0.03830265998840332,0.006796121597290039,0.005347728729248047,0.005347728729248047,0.0004553794860839844,0.0004553794860839844,0.005347728729248047,6,0.005347728729248047,6,3.9,3.9,6.0,6,64,20
rock_8_10_models_0.1,0.0325169563293457,0.0069141387939453125,0.005579710006713867,0.005579710006713867,0.00037217140197753906,0.00037217140197753906,0.005579710006713867,5,0.005579710006713867,5,3.2,3.2,5.0,5,64,20
rock_8_10_models_0.1,0.03183126449584961,0.006597757339477539,0.005347013473510742,0.005347013473510742,0.00034999847412109375,0.00034999847412109375,0.005347013473510742,5,0.005347013473510742,5,2.3,2.3,5.0,5,64,20
rock_8_10_models_0.15,0.03502321243286133,0.006971120834350586,0.0052700042724609375,0.0052700042724609375,0.0006799697875976562,0.0006799697875976562,0.0052700042724609375,6,0.0052700042724609375,6,3.4,2.8,7.0,7,64,20
rock_8_10_models_0.15,0.04153561592102051,0.006792306900024414,0.0054509639739990234,0.0054509639739990234,0.0006818771362304688,0.0006818771362304688,0.0054509639739990234,7,0.0054509639739990234,7,3.8,3.8,7.0,7,64,20
rock_8_10_models_0.15,0.03971505165100098,0.0067059993743896484,0.005288839340209961,0.005288839340209961,0.0006692409515380859,0.0006692409515380859,0.005288839340209961,7,0.005288839340209961,7,3.7,3.7,7.0,7,64,20
rock_8_10_models_0.15,0.030149459838867188,0.006641864776611328,0.0055217742919921875,0.0055217742919921875,0.0003299713134765625,0.0003299713134765625,0.0055217742919921875,5,0.0055217742919921875,5,2.9,2.9,5.0,5,64,20
rock_8_10_models_0.15,0.04069924354553223,0.0068817138671875,0.00533294677734375,0.00533294677734375,0.0006091594696044922,0.0006091594696044922,0.00533294677734375,7,0.00533294677734375,7,4.2,4.2,7.0,7,64,20
rock_8_10_models_0.2,0.028379440307617188,0.006226062774658203,0.006415128707885742,0.006415128707885742,0.0003330707550048828,0.0003330707550048828,0.006415128707885742,5,0.006415128707885742,5,2.6,2.6,5.0,5,64,20
rock_8_10_models_0.2,0.03433370590209961,0.006564140319824219,0.0052280426025390625,0.0052280426025390625,0.00045490264892578125,0.00045490264892578125,0.0052280426025390625,6,0.0052280426025390625,6,4.0,2.9,6.0,6,64,20
rock_8_10_models_0.2,0.028263330459594727,0.0063228607177734375,0.005333900451660156,0.005333900451660156,0.00037217140197753906,0.00037217140197753906,0.005333900451660156,5,0.005333900451660156,5,2.3,2.3,5.0,5,64,20
rock_8_10_models_0.2,0.03484511375427246,0.006445884704589844,0.0055310726165771484,0.0055310726165771484,0.0004379749298095703,0.0004379749298095703,0.0055310726165771484,6,0.0055310726165771484,6,3.4,3.4,6.0,6,64,20
rock_8_10_models_0.2,0.036820411682128906,0.006685972213745117,0.0050809383392333984,0.0050809383392333984,0.0009431838989257812,0.0009431838989257812,0.0050809383392333984,7,0.0050809383392333984,7,3.9,3.3,8.0,8,64,20
grid_8_30_models_0.1,0.048369407653808594,0.01929187774658203,0.0171201229095459,0.0171201229095459,0.0009479522705078125,0.0009479522705078125,0.0171201229095459,8,0.0171201229095459,8,4.233333333333333,4.233333333333333,8.0,8,64,20
grid_8_30_models_0.1,0.04962158203125,0.019726037979125977,0.01684403419494629,0.01684403419494629,0.0009217262268066406,0.0009217262268066406,0.01684403419494629,8,0.01684403419494629,8,4.033333333333333,4.033333333333333,8.0,8,64,20
grid_8_30_models_0.1,0.043970346450805664,0.019241809844970703,0.017446279525756836,0.017446279525756836,0.0006289482116699219,0.0006289482116699219,0.017446279525756836,7,0.017446279525756836,7,3.533333333333333,3.533333333333333,7.0,7,64,20
grid_8_30_models_0.1,0.04841256141662598,0.02000117301940918,0.0166928768157959,0.0166928768157959,0.001669168472290039,0.001669168472290039,0.0166928768157959,8,0.0166928768157959,8,3.6666666666666665,3.8333333333333335,9.0,9,64,20
grid_8_30_models_0.1,0.042409658432006836,0.01909923553466797,0.01760697364807129,0.01760697364807129,0.0006000995635986328,0.0006000995635986328,0.01760697364807129,7,0.01760697364807129,7,3.6,3.6,7.0,7,64,20
grid_8_30_models_0.15,0.04564523696899414,0.01820683479309082,0.015486001968383789,0.015486001968383789,0.0009052753448486328,0.0009052753448486328,0.015486001968383789,8,0.015486001968383789,8,4.6,4.6,8.0,8,64,20
grid_8_30_models_0.15,0.04632759094238281,0.017904996871948242,0.015959978103637695,0.015959978103637695,0.0015749931335449219,0.0015749931335449219,0.015959978103637695,8,0.015959978103637695,8,4.6,4.6,9.0,9,64,20
grid_8_30_models_0.15,0.045912981033325195,0.01952815055847168,0.01671290397644043,0.01671290397644043,0.0009789466857910156,0.0009789466857910156,0.01671290397644043,8,0.01671290397644043,8,4.566666666666666,4.566666666666666,8.0,8,64,20
grid_8_30_models_0.15,0.047005653381347656,0.01848125457763672,0.01688385009765625,0.01688385009765625,0.0009751319885253906,0.0009751319885253906,0.01688385009765625,8,0.01688385009765625,8,4.6,4.6,8.0,8,64,20
grid_8_30_models_0.15,0.039465904235839844,0.01761603355407715,0.015412092208862305,0.015412092208862305,0.0017468929290771484,0.0017468929290771484,0.015412092208862305,7,0.015412092208862305,7,3.7333333333333334,2.966666666666667,9.0,9,64,20
grid_8_30_models_0.2,0.042864084243774414,0.018857955932617188,0.015360832214355469,0.015360832214355469,0.001695871353149414,0.001695871353149414,0.015360832214355469,8,0.015360832214355469,8,4.566666666666666,4.733333333333333,9.0,9,64,20
grid_8_30_models_0.2,0.043566226959228516,0.01819014549255371,0.0169370174407959,0.0169370174407959,0.0018072128295898438,0.0018072128295898438,0.0169370174407959,8,0.0169370174407959,8,4.8,3.4,9.0,9,64,20
grid_8_30_models_0.2,0.04254412651062012,0.018239974975585938,0.016041994094848633,0.016041994094848633,0.0016379356384277344,0.0016379356384277344,0.016041994094848633,8,0.016041994094848633,8,4.533333333333333,4.466666666666667,9.0,9,64,20
grid_8_30_models_0.2,0.04252481460571289,0.01706385612487793,0.015386819839477539,0.015386819839477539,0.0009353160858154297,0.0009353160858154297,0.015386819839477539,8,0.015386819839477539,8,4.6,4.6,8.0,8,64,20
grid_8_30_models_0.2,0.044473886489868164,0.017953872680664062,0.015412092208862305,0.015412092208862305,0.0009438991546630859,0.0009438991546630859,0.015412092208862305,8,0.015412092208862305,8,3.933333333333333,3.933333333333333,8.0,8,64,20
puddle_8_30_models_0.1,0.048163414001464844,0.019771099090576172,0.0166168212890625,0.0166168212890625,0.00098419189453125,0.00098419189453125,0.0166168212890625,8,0.0166168212890625,8,4.733333333333333,4.733333333333333,8.0,8,64,20
puddle_8_30_models_0.1,0.0484161376953125,0.019611120223999023,0.016638994216918945,0.016638994216918945,0.0009260177612304688,0.0009260177612304688,0.016638994216918945,8,0.016638994216918945,8,4.6,4.6,8.0,8,64,20
puddle_8_30_models_0.1,0.04812812805175781,0.018733739852905273,0.017016172409057617,0.017016172409057617,0.0009431838989257812,0.0009431838989257812,0.017016172409057617,8,0.017016172409057617,8,4.433333333333334,4.433333333333334,8.0,8,64,20
puddle_8_30_models_0.1,0.048682212829589844,0.019098997116088867,0.017095088958740234,0.017095088958740234,0.0009739398956298828,0.0009739398956298828,0.017095088958740234,8,0.017095088958740234,8,4.5,4.5,8.0,8,64,20
puddle_8_30_models_0.1,0.03651690483093262,0.018625974655151367,0.016592025756835938,0.016592025756835938,0.00047707557678222656,0.00047707557678222656,0.016592025756835938,6,0.016592025756835938,6,3.7,3.7,6.0,6,64,20
puddle_8_30_models_0.15,0.04657602310180664,0.018926143646240234,0.016604900360107422,0.016604900360107422,0.0016629695892333984,0.0016629695892333984,0.016604900360107422,8,0.016604900360107422,8,4.0,4.566666666666666,9.0,9,64,20
puddle_8_30_models_0.15,0.04217267036437988,0.01876521110534668,0.016299009323120117,0.016299009323120117,0.000659942626953125,0.000659942626953125,0.016299009323120117,7,0.016299009323120117,7,3.6333333333333333,3.6333333333333333,7.0,7,64,20
puddle_8_30_models_0.15,0.046170949935913086,0.01900005340576172,0.0162661075592041,0.0162661075592041,0.0016889572143554688,0.0016889572143554688,0.0162661075592041,8,0.0162661075592041,8,4.366666666666666,3.6333333333333333,9.0,9,64,20
puddle_8_30_models_0.15,0.045332908630371094,0.019284963607788086,0.017644882202148438,0.017644882202148438,0.0009710788726806641,0.0009710788726806641,0.017644882202148438,8,0.017644882202148438,8,4.133333333333334,4.133333333333334,8.0,8,64,20
puddle_8_30_models_0.15,0.046956539154052734,0.01797771453857422,0.016152143478393555,0.016152143478393555,0.0009999275207519531,0.0009999275207519531,0.016152143478393555,8,0.016152143478393555,8,3.8333333333333335,3.8333333333333335,8.0,8,64,20
puddle_8_30_models_0.2,0.03967547416687012,0.018036842346191406,0.017504215240478516,0.017504215240478516,0.0006647109985351562,0.0006647109985351562,0.017504215240478516,7,0.017504215240478516,7,3.7333333333333334,3.7333333333333334,7.0,7,64,20
puddle_8_30_models_0.2,0.037665367126464844,0.018280029296875,0.01547694206237793,0.01547694206237793,0.0006031990051269531,0.0006031990051269531,0.01547694206237793,7,0.01547694206237793,7,3.066666666666667,3.066666666666667,7.0,7,64,20
puddle_8_30_models_0.2,0.03467845916748047,0.019037246704101562,0.015202045440673828,0.015202045440673828,0.0004658699035644531,0.0004658699035644531,0.015202045440673828,6,0.015202045440673828,6,3.3666666666666667,3.3666666666666667,6.0,6,64,20
puddle_8_30_models_0.2,0.04302787780761719,0.018606901168823242,0.016429901123046875,0.016429901123046875,0.0016672611236572266,0.0016672611236572266,0.016429901123046875,8,0.016429901123046875,8,4.2,4.1,9.0,9,64,20
puddle_8_30_models_0.2,0.04236793518066406,0.016438007354736328,0.016099214553833008,0.016099214553833008,0.0009899139404296875,0.0009899139404296875,0.016099214553833008,8,0.016099214553833008,8,4.766666666666667,4.766666666666667,8.0,8,64,20
rock_8_30_models_0.1,0.048474788665771484,0.01954507827758789,0.01628899574279785,0.01628899574279785,0.0009522438049316406,0.0009522438049316406,0.01628899574279785,8,0.01628899574279785,8,4.6,4.6,8.0,8,64,20
rock_8_30_models_0.1,0.048880577087402344,0.01931595802307129,0.016091108322143555,0.016091108322143555,0.0009388923645019531,0.0009388923645019531,0.016091108322143555,8,0.016091108322143555,8,4.633333333333334,4.633333333333334,8.0,8,64,20
rock_8_30_models_0.1,0.047782182693481445,0.01934504508972168,0.016766071319580078,0.016766071319580078,0.0009300708770751953,0.0009300708770751953,0.016766071319580078,8,0.016766071319580078,8,4.666666666666667,4.666666666666667,8.0,8,64,20
rock_8_30_models_0.1,0.04830455780029297,0.020003795623779297,0.01754903793334961,0.01754903793334961,0.0016551017761230469,0.0016551017761230469,0.01754903793334961,8,0.01754903793334961,8,4.033333333333333,4.233333333333333,9.0,9,64,20
rock_8_30_models_0.1,0.04865074157714844,0.01912975311279297,0.016998291015625,0.016998291015625,0.00090789794921875,0.00090789794921875,0.016998291015625,8,0.016998291015625,8,4.5,4.5,8.0,8,64,20
rock_8_30_models_0.15,0.04150867462158203,0.018831968307495117,0.0163271427154541,0.0163271427154541,0.0006210803985595703,0.0006210803985595703,0.0163271427154541,7,0.0163271427154541,7,4.166666666666667,4.166666666666667,7.0,7,64,20
rock_8_30_models_0.15,0.045751094818115234,0.01900172233581543,0.015900135040283203,0.015900135040283203,0.0009191036224365234,0.0009191036224365234,0.015900135040283203,8,0.015900135040283203,8,4.466666666666667,4.466666666666667,8.0,8,64,20
rock_8_30_models_0.15,0.04565072059631348,0.019382238388061523,0.016214847564697266,0.016214847564697266,0.0017108917236328125,0.0017108917236328125,0.016214847564697266,8,0.016214847564697266,8,4.1,4.133333333333334,9.0,9,64,20
rock_8_30_models_0.15,0.045958757400512695,0.018546104431152344,0.01615595817565918,0.01615595817565918,0.0010881423950195312,0.0010881423950195312,0.01615595817565918,8,0.01615595817565918,8,4.1,4.1,8.0,8,64,20
rock_8_30_models_0.15,0.044274091720581055,0.0191800594329834,0.01522207260131836,0.01522207260131836,0.0016710758209228516,0.0016710758209228516,0.01522207260131836,8,0.01522207260131836,8,4.433333333333334,3.6666666666666665,9.0,9,64,20
rock_8_30_models_0.2,0.04407858848571777,0.018696069717407227,0.015819072723388672,0.015819072723388672,0.003864765167236328,0.003864765167236328,0.015819072723388672,8,0.015819072723388672,8,4.366666666666666,3.1666666666666665,10.0,10,64,20
rock_8_30_models_0.2,0.04297614097595215,0.017321109771728516,0.016048908233642578,0.016048908233642578,0.0009751319885253906,0.0009751319885253906,0.016048908233642578,8,0.016048908233642578,8,4.666666666666667,4.666666666666667,8.0,8,64,20
rock_8_30_models_0.2,0.04287838935852051,0.0195620059967041,0.016447067260742188,0.016447067260742188,0.0017211437225341797,0.0017211437225341797,0.016447067260742188,8,0.016447067260742188,8,4.5,3.433333333333333,9.0,9,64,20
rock_8_30_models_0.2,0.043465375900268555,0.018248796463012695,0.01584601402282715,0.01584601402282715,0.0016560554504394531,0.0016560554504394531,0.01584601402282715,8,0.01584601402282715,8,4.666666666666667,3.2666666666666666,9.0,9,64,20
rock_8_30_models_0.2,0.04623556137084961,0.01857900619506836,0.01583099365234375,0.01583099365234375,0.0009448528289794922,0.0009448528289794922,0.01583099365234375,8,0.01583099365234375,8,4.066666666666666,4.066666666666666,8.0,8,64,20
grid_8_60_models_0.1,0.04864811897277832,0.036971092224121094,0.0341801643371582,0.0341801643371582,0.0009448528289794922,0.0009448528289794922,0.0341801643371582,8,0.0341801643371582,8,4.216666666666667,3.683333333333333,8.0,8,64,20
grid_8_60_models_0.1,0.047623395919799805,0.036479949951171875,0.03239607810974121,0.03239607810974121,0.0009388923645019531,0.0009388923645019531,0.03239607810974121,8,0.03239607810974121,8,4.75,4.75,8.0,8,64,20
grid_8_60_models_0.1,0.04852128028869629,0.036495208740234375,0.03392982482910156,0.03392982482910156,0.0009670257568359375,0.0009670257568359375,0.03392982482910156,8,0.03392982482910156,8,4.383333333333334,4.383333333333334,8.0,8,64,20
grid_8_60_models_0.1,0.04875993728637695,0.03642702102661133,0.03357100486755371,0.03357100486755371,0.0010058879852294922,0.0010058879852294922,0.03357100486755371,8,0.03357100486755371,8,4.366666666666666,4.366666666666666,8.0,8,64,20
grid_8_60_models_0.1,0.04698538780212402,0.03844809532165527,0.031491756439208984,0.031491756439208984,0.0009341239929199219,0.0009341239929199219,0.031491756439208984,8,0.031491756439208984,8,4.033333333333333,4.033333333333333,8.0,8,64,20
grid_8_60_models_0.15,0.04562783241271973,0.035871028900146484,0.032251834869384766,0.032251834869384766,0.0016350746154785156,0.0016350746154785156,0.032251834869384766,8,0.032251834869384766,8,4.4,4.366666666666666,9.0,9,64,20
grid_8_60_models_0.15,0.04639601707458496,0.04039192199707031,0.03358602523803711,0.03358602523803711,0.0008978843688964844,0.0008978843688964844,0.03358602523803711,8,0.03358602523803711,8,4.266666666666667,4.266666666666667,8.0,8,64,20
grid_8_60_models_0.15,0.045549869537353516,0.038336753845214844,0.03310823440551758,0.03310823440551758,0.0009098052978515625,0.0009098052978515625,0.03310823440551758,8,0.03310823440551758,8,4.533333333333333,4.533333333333333,8.0,8,64,20
grid_8_60_models_0.15,0.04509902000427246,0.036389827728271484,0.033846139907836914,0.033846139907836914,0.0008881092071533203,0.0008881092071533203,0.033846139907836914,8,0.033846139907836914,8,4.4,4.4,8.0,8,64,20
grid_8_60_models_0.15,0.04534339904785156,0.03677177429199219,0.03161215782165527,0.03161215782165527,0.0015900135040283203,0.0015900135040283203,0.03161215782165527,8,0.03161215782165527,8,4.483333333333333,4.733333333333333,9.0,9,64,20
grid_8_60_models_0.2,0.04457712173461914,0.03714108467102051,0.03114008903503418,0.03114008903503418,0.0016016960144042969,0.0016016960144042969,0.03114008903503418,8,0.03114008903503418,8,4.483333333333333,4.466666666666667,9.0,9,64,20
grid_8_60_models_0.2,0.04416656494140625,0.03493189811706543,0.03225302696228027,0.03225302696228027,0.0009698867797851562,0.0009698867797851562,0.03225302696228027,8,0.03225302696228027,8,5.216666666666667,5.216666666666667,8.0,8,64,20
grid_8_60_models_0.2,0.043994903564453125,0.034252166748046875,0.035034894943237305,0.035034894943237305,0.0009598731994628906,0.0009598731994628906,0.035034894943237305,8,0.035034894943237305,8,4.466666666666667,4.466666666666667,8.0,8,64,20
grid_8_60_models_0.2,0.04349398612976074,0.034722089767456055,0.0305631160736084,0.0305631160736084,0.0009877681732177734,0.0009877681732177734,0.0305631160736084,8,0.0305631160736084,8,4.333333333333333,4.333333333333333,8.0,8,64,20
grid_8_60_models_0.2,0.04299521446228027,0.03387713432312012,0.03442120552062988,0.03442120552062988,0.00095367431640625,0.00095367431640625,0.03442120552062988,8,0.03442120552062988,8,4.1,4.1,8.0,8,64,20
puddle_8_60_models_0.1,0.04886126518249512,0.04109597206115723,0.03350400924682617,0.03350400924682617,0.0016849040985107422,0.0016849040985107422,0.03350400924682617,8,0.03350400924682617,8,4.716666666666667,4.633333333333334,9.0,9,64,20
puddle_8_60_models_0.1,0.04846501350402832,0.03824114799499512,0.03313803672790527,0.03313803672790527,0.001676797866821289,0.001676797866821289,0.03313803672790527,8,0.03313803672790527,8,4.016666666666667,4.016666666666667,9.0,9,64,20
puddle_8_60_models_0.1,0.048152923583984375,0.03977203369140625,0.03415513038635254,0.03415513038635254,0.0009238719940185547,0.0009238719940185547,0.03415513038635254,8,0.03415513038635254,8,4.35,4.35,8.0,8,64,20
puddle_8_60_models_0.1,0.04799461364746094,0.03773641586303711,0.03274393081665039,0.03274393081665039,0.0009667873382568359,0.0009667873382568359,0.03274393081665039,8,0.03274393081665039,8,4.85,4.85,8.0,8,64,20
puddle_8_60_models_0.1,0.04831433296203613,0.03996014595031738,0.03597378730773926,0.03597378730773926,0.0016651153564453125,0.0016651153564453125,0.03597378730773926,8,0.03597378730773926,8,3.8666666666666667,3.6,9.0,9,64,20
puddle_8_60_models_0.15,0.04597330093383789,0.03595924377441406,0.031598806381225586,0.031598806381225586,0.0017130374908447266,0.0017130374908447266,0.031598806381225586,8,0.031598806381225586,8,4.65,3.283333333333333,9.0,9,64,20
puddle_8_60_models_0.15,0.04572582244873047,0.03435015678405762,0.033829689025878906,0.033829689025878906,0.0009181499481201172,0.0009181499481201172,0.033829689025878906,8,0.033829689025878906,8,4.366666666666666,4.366666666666666,8.0,8,64,20
puddle_8_60_models_0.15,0.046195268630981445,0.03576993942260742,0.032872915267944336,0.032872915267944336,0.0009391307830810547,0.0009391307830810547,0.032872915267944336,8,0.032872915267944336,8,4.333333333333333,4.333333333333333,8.0,8,64,20
puddle_8_60_models_0.15,0.04763007164001465,0.03667712211608887,0.03328108787536621,0.03328108787536621,0.0009417533874511719,0.0009417533874511719,0.03328108787536621,8,0.03328108787536621,8,3.9166666666666665,3.9166666666666665,8.0,8,64,20
puddle_8_60_models_0.15,0.04454755783081055,0.03356194496154785,0.032151222229003906,0.032151222229003906,0.0009098052978515625,0.0009098052978515625,0.032151222229003906,8,0.032151222229003906,8,3.783333333333333,3.783333333333333,8.0,8,64,20
puddle_8_60_models_0.2,0.04440426826477051,0.0378110408782959,0.03058910369873047,0.03058910369873047,0.0016698837280273438,0.0016698837280273438,0.03058910369873047,8,0.03058910369873047,8,4.35,3.65,9.0,9,64,20
puddle_8_60_models_0.2,0.04331636428833008,0.036628007888793945,0.0315859317779541,0.0315859317779541,0.0009469985961914062,0.0009469985961914062,0.0315859317779541,8,0.0315859317779541,8,3.9166666666666665,3.9166666666666665,8.0,8,64,20
puddle_8_60_models_0.2,0.0447084903717041,0.035989999771118164,0.03427886962890625,0.03427886962890625,0.0009868144989013672,0.0009868144989013672,0.03427886962890625,8,0.03427886962890625,8,4.616666666666666,4.05,8.0,8,64,20
puddle_8_60_models_0.2,0.043288230895996094,0.03563380241394043,0.031084060668945312,0.031084060668945312,0.0009360313415527344,0.0009360313415527344,0.031084060668945312,8,0.031084060668945312,8,4.25,4.25,8.0,8,64,20
puddle_8_60_models_0.2,0.04434943199157715,0.036562204360961914,0.03267478942871094,0.03267478942871094,0.0009322166442871094,0.0009322166442871094,0.03267478942871094,8,0.03267478942871094,8,4.716666666666667,4.716666666666667,8.0,8,64,20
rock_8_60_models_0.1,0.048603057861328125,0.03860306739807129,0.03415393829345703,0.03415393829345703,0.0009338855743408203,0.0009338855743408203,0.03415393829345703,8,0.03415393829345703,8,4.316666666666666,4.316666666666666,8.0,8,64,20
rock_8_60_models_0.1,0.047798871994018555,0.03676724433898926,0.032826900482177734,0.032826900482177734,0.0009121894836425781,0.0009121894836425781,0.032826900482177734,8,0.032826900482177734,8,4.366666666666666,4.366666666666666,8.0,8,64,20
rock_8_60_models_0.1,0.048909902572631836,0.03780627250671387,0.03295469284057617,0.03295469284057617,0.0009002685546875,0.0009002685546875,0.03295469284057617,8,0.03295469284057617,8,4.233333333333333,4.233333333333333,8.0,8,64,20
rock_8_60_models_0.1,0.048287391662597656,0.03654980659484863,0.03073430061340332,0.03073430061340332,0.0009038448333740234,0.0009038448333740234,0.03073430061340332,8,0.03073430061340332,8,4.216666666666667,4.216666666666667,8.0,8,64,20
rock_8_60_models_0.1,0.04687309265136719,0.03554821014404297,0.03275895118713379,0.03275895118713379,0.0009379386901855469,0.0009379386901855469,0.03275895118713379,8,0.03275895118713379,8,4.266666666666667,4.266666666666667,8.0,8,64,20
rock_8_60_models_0.15,0.04638242721557617,0.03716301918029785,0.030761003494262695,0.030761003494262695,0.0009589195251464844,0.0009589195251464844,0.030761003494262695,8,0.030761003494262695,8,4.533333333333333,4.533333333333333,8.0,8,64,20
rock_8_60_models_0.15,0.045978546142578125,0.03703713417053223,0.031169891357421875,0.031169891357421875,0.0009732246398925781,0.0009732246398925781,0.031169891357421875,8,0.031169891357421875,8,4.916666666666667,3.683333333333333,8.0,8,64,20
rock_8_60_models_0.15,0.04689335823059082,0.037764787673950195,0.032917022705078125,0.032917022705078125,0.0016961097717285156,0.0016961097717285156,0.032917022705078125,8,0.032917022705078125,8,4.4,3.3833333333333333,9.0,9,64,20
rock_8_60_models_0.15,0.0455021858215332,0.03606605529785156,0.03300309181213379,0.03300309181213379,0.0009200572967529297,0.0009200572967529297,0.03300309181213379,8,0.03300309181213379,8,4.533333333333333,4.533333333333333,8.0,8,64,20
rock_8_60_models_0.15,0.04494762420654297,0.03695178031921387,0.033303022384643555,0.033303022384643555,0.0009109973907470703,0.0009109973907470703,0.033303022384643555,8,0.033303022384643555,8,4.116666666666666,4.116666666666666,8.0,8,64,20
rock_8_60_models_0.2,0.042784690856933594,0.03568911552429199,0.029950857162475586,0.029950857162475586,0.0008909702301025391,0.0008909702301025391,0.029950857162475586,8,0.029950857162475586,8,4.533333333333333,4.533333333333333,8.0,8,64,20
rock_8_60_models_0.2,0.04395341873168945,0.03333616256713867,0.03147387504577637,0.03147387504577637,0.0009479522705078125,0.0009479522705078125,0.03147387504577637,8,0.03147387504577637,8,4.55,3.8833333333333333,8.0,8,64,20
rock_8_60_models_0.2,0.04239773750305176,0.03515982627868652,0.03072834014892578,0.03072834014892578,0.0009868144989013672,0.0009868144989013672,0.03072834014892578,8,0.03072834014892578,8,4.216666666666667,3.4833333333333334,8.0,8,64,20
rock_8_60_models_0.2,0.042668819427490234,0.034754037857055664,0.030930280685424805,0.030930280685424805,0.0009069442749023438,0.0009069442749023438,0.030930280685424805,8,0.030930280685424805,8,4.166666666666667,4.166666666666667,8.0,8,64,20
rock_8_60_models_0.2,0.04173898696899414,0.035462141036987305,0.03134584426879883,0.03134584426879883,0.0008871555328369141,0.0008871555328369141,0.03134584426879883,8,0.03134584426879883,8,4.283333333333333,4.283333333333333,8.0,8,64,20
grid_8_100_models_0.1,0.05599379539489746,0.06189703941345215,0.055010080337524414,0.055010080337524414,0.00095367431640625,0.00095367431640625,0.055010080337524414,8,0.055010080337524414,8,4.26,4.26,8.0,8,64,20
grid_8_100_models_0.1,0.04785776138305664,0.059773921966552734,0.05343794822692871,0.05343794822692871,0.0009467601776123047,0.0009467601776123047,0.05343794822692871,8,0.05343794822692871,8,4.39,4.39,8.0,8,64,20
grid_8_100_models_0.1,0.048302412033081055,0.06048107147216797,0.05663323402404785,0.05663323402404785,0.0009698867797851562,0.0009698867797851562,0.05663323402404785,8,0.05663323402404785,8,4.35,4.35,8.0,8,64,20
grid_8_100_models_0.1,0.047620296478271484,0.06185436248779297,0.05463767051696777,0.05463767051696777,0.001013040542602539,0.001013040542602539,0.05463767051696777,8,0.05463767051696777,8,4.37,4.37,8.0,8,64,20
grid_8_100_models_0.1,0.048767805099487305,0.06345796585083008,0.05444693565368652,0.05444693565368652,0.0009400844573974609,0.0009400844573974609,0.05444693565368652,8,0.05444693565368652,8,4.14,4.14,8.0,8,64,20
grid_8_100_models_0.15,0.04556107521057129,0.06550717353820801,0.05456686019897461,0.05456686019897461,0.0009491443634033203,0.0009491443634033203,0.05456686019897461,8,0.05456686019897461,8,4.46,4.46,8.0,8,64,20
grid_8_100_models_0.15,0.04573941230773926,0.06054806709289551,0.0548701286315918,0.0548701286315918,0.0016078948974609375,0.0016078948974609375,0.0548701286315918,8,0.0548701286315918,8,4.08,3.67,9.0,9,64,20
grid_8_100_models_0.15,0.04558587074279785,0.06053781509399414,0.0536959171295166,0.0536959171295166,0.0016779899597167969,0.0016779899597167969,0.0536959171295166,8,0.0536959171295166,8,4.28,4.29,9.0,9,64,20
grid_8_100_models_0.15,0.04539299011230469,0.0594179630279541,0.05318117141723633,0.05318117141723633,0.0009107589721679688,0.0009107589721679688,0.05318117141723633,8,0.05318117141723633,8,4.4,4.4,8.0,8,64,20
grid_8_100_models_0.15,0.04441952705383301,0.061183929443359375,0.053038835525512695,0.053038835525512695,0.00164031982421875,0.00164031982421875,0.053038835525512695,8,0.053038835525512695,8,4.15,4.3,9.0,9,64,20
grid_8_100_models_0.2,0.047322988510131836,0.05978798866271973,0.05246901512145996,0.05246901512145996,0.0009260177612304688,0.0009260177612304688,0.05246901512145996,8,0.05246901512145996,8,4.53,4.53,8.0,8,64,20
grid_8_100_models_0.2,0.04570770263671875,0.05834388732910156,0.052535057067871094,0.052535057067871094,0.0009310245513916016,0.0009310245513916016,0.052535057067871094,8,0.052535057067871094,8,4.45,4.45,8.0,8,64,20
grid_8_100_models_0.2,0.0424799919128418,0.05776476860046387,0.052901268005371094,0.052901268005371094,0.0009338855743408203,0.0009338855743408203,0.052901268005371094,8,0.052901268005371094,8,4.04,4.04,8.0,8,64,20
grid_8_100_models_0.2,0.045052289962768555,0.06026601791381836,0.052327871322631836,0.052327871322631836,0.0009620189666748047,0.0009620189666748047,0.052327871322631836,8,0.052327871322631836,8,4.22,4.22,8.0,8,64,20
grid_8_100_models_0.2,0.042922019958496094,0.06341195106506348,0.05344581604003906,0.05344581604003906,0.0009372234344482422,0.0009372234344482422,0.05344581604003906,8,0.05344581604003906,8,4.49,4.49,8.0,8,64,20
puddle_8_100_models_0.1,0.04877591133117676,0.06051301956176758,0.054620981216430664,0.054620981216430664,0.0011272430419921875,0.0011272430419921875,0.054620981216430664,8,0.054620981216430664,8,4.69,4.69,8.0,8,64,20
puddle_8_100_models_0.1,0.048300743103027344,0.06176590919494629,0.05667996406555176,0.05667996406555176,0.0036101341247558594,0.0036101341247558594,0.05667996406555176,8,0.05667996406555176,8,5.05,4.84,10.0,10,64,20
puddle_8_100_models_0.1,0.04821205139160156,0.06301283836364746,0.05662894248962402,0.05662894248962402,0.0009601116180419922,0.0009601116180419922,0.05662894248962402,8,0.05662894248962402,8,4.55,4.55,8.0,8,64,20
puddle_8_100_models_0.1,0.04843854904174805,0.06062793731689453,0.05587601661682129,0.05587601661682129,0.0009889602661132812,0.0009889602661132812,0.05587601661682129,8,0.05587601661682129,8,4.36,4.36,8.0,8,64,20
puddle_8_100_models_0.1,0.04735445976257324,0.060418128967285156,0.054171085357666016,0.054171085357666016,0.0009410381317138672,0.0009410381317138672,0.054171085357666016,8,0.054171085357666016,8,4.32,4.32,8.0,8,64,20
puddle_8_100_models_0.15,0.04612469673156738,0.06115293502807617,0.05338311195373535,0.05338311195373535,0.0009670257568359375,0.0009670257568359375,0.05338311195373535,8,0.05338311195373535,8,4.46,3.7,8.0,8,64,20
puddle_8_100_models_0.15,0.046135663986206055,0.058279991149902344,0.052629947662353516,0.052629947662353516,0.0010089874267578125,0.0010089874267578125,0.052629947662353516,8,0.052629947662353516,8,4.55,4.55,8.0,8,64,20
puddle_8_100_models_0.15,0.04732012748718262,0.06155085563659668,0.05439615249633789,0.05439615249633789,0.0009381771087646484,0.0009381771087646484,0.05439615249633789,8,0.05439615249633789,8,4.31,4.31,8.0,8,64,20
puddle_8_100_models_0.15,0.04562044143676758,0.059594154357910156,0.05491209030151367,0.05491209030151367,0.0009129047393798828,0.0009129047393798828,0.05491209030151367,8,0.05491209030151367,8,4.48,4.48,8.0,8,64,20
puddle_8_100_models_0.15,0.04602408409118652,0.06253409385681152,0.0566868782043457,0.0566868782043457,0.0016362667083740234,0.0016362667083740234,0.0566868782043457,8,0.0566868782043457,8,4.01,3.96,9.0,9,64,20
puddle_8_100_models_0.2,0.04419302940368652,0.05794477462768555,0.051740169525146484,0.051740169525146484,0.0009469985961914062,0.0009469985961914062,0.051740169525146484,8,0.051740169525146484,8,4.45,4.45,8.0,8,64,20
puddle_8_100_models_0.2,0.042096614837646484,0.05490899085998535,0.056115150451660156,0.056115150451660156,0.0009448528289794922,0.0009448528289794922,0.056115150451660156,8,0.056115150451660156,8,4.53,4.53,8.0,8,64,20
puddle_8_100_models_0.2,0.04361438751220703,0.05922985076904297,0.04873991012573242,0.04873991012573242,0.0006508827209472656,0.0006508827209472656,0.04873991012573242,7,0.04873991012573242,7,4.02,4.02,7.0,7,64,20
puddle_8_100_models_0.2,0.042623281478881836,0.05716395378112793,0.05415701866149902,0.05415701866149902,0.0009312629699707031,0.0009312629699707031,0.05415701866149902,8,0.05415701866149902,8,4.62,3.67,8.0,8,64,20
puddle_8_100_models_0.2,0.04193615913391113,0.057520151138305664,0.05370783805847168,0.05370783805847168,0.0008821487426757812,0.0008821487426757812,0.05370783805847168,8,0.05370783805847168,8,4.44,4.44,8.0,8,64,20
rock_8_100_models_0.1,0.048912763595581055,0.06313800811767578,0.05698418617248535,0.05698418617248535,0.0009648799896240234,0.0009648799896240234,0.05698418617248535,8,0.05698418617248535,8,4.47,4.47,8.0,8,64,20
rock_8_100_models_0.1,0.04760861396789551,0.06045079231262207,0.059448957443237305,0.059448957443237305,0.0009522438049316406,0.0009522438049316406,0.059448957443237305,8,0.059448957443237305,8,4.59,4.59,8.0,8,64,20
rock_8_100_models_0.1,0.04906177520751953,0.06226515769958496,0.0543978214263916,0.0543978214263916,0.0009741783142089844,0.0009741783142089844,0.0543978214263916,8,0.0543978214263916,8,4.52,4.52,8.0,8,64,20
rock_8_100_models_0.1,0.04856705665588379,0.05990481376647949,0.054212093353271484,0.054212093353271484,0.0009090900421142578,0.0009090900421142578,0.054212093353271484,8,0.054212093353271484,8,4.05,4.05,8.0,8,64,20
rock_8_100_models_0.1,0.04828476905822754,0.06426811218261719,0.05541682243347168,0.05541682243347168,0.0009031295776367188,0.0009031295776367188,0.05541682243347168,8,0.05541682243347168,8,4.71,4.71,8.0,8,64,20
rock_8_100_models_0.15,0.04619884490966797,0.06221795082092285,0.05332231521606445,0.05332231521606445,0.0009837150573730469,0.0009837150573730469,0.05332231521606445,8,0.05332231521606445,8,4.21,4.21,8.0,8,64,20
rock_8_100_models_0.15,0.04758906364440918,0.06279993057250977,0.05460810661315918,0.05460810661315918,0.0009210109710693359,0.0009210109710693359,0.05460810661315918,8,0.05460810661315918,8,4.43,4.43,8.0,8,64,20
rock_8_100_models_0.15,0.04599118232727051,0.06202507019042969,0.053282976150512695,0.053282976150512695,0.0009250640869140625,0.0009250640869140625,0.053282976150512695,8,0.053282976150512695,8,4.4,4.4,8.0,8,64,20
rock_8_100_models_0.15,0.04536628723144531,0.06016993522644043,0.06081509590148926,0.06081509590148926,0.0009489059448242188,0.0009489059448242188,0.06081509590148926,8,0.06081509590148926,8,3.96,3.96,8.0,8,64,20
rock_8_100_models_0.15,0.044439077377319336,0.056326866149902344,0.05187511444091797,0.05187511444091797,0.0008978843688964844,0.0008978843688964844,0.05187511444091797,8,0.05187511444091797,8,4.66,3.82,8.0,8,64,20
rock_8_100_models_0.2,0.043462276458740234,0.05731391906738281,0.05050992965698242,0.05050992965698242,0.0016319751739501953,0.0016319751739501953,0.05050992965698242,8,0.05050992965698242,8,4.46,4.06,9.0,9,64,20
rock_8_100_models_0.2,0.0461883544921875,0.06023716926574707,0.055500030517578125,0.055500030517578125,0.003535747528076172,0.003535747528076172,0.055500030517578125,8,0.055500030517578125,8,5.1,4.84,10.0,10,64,20
rock_8_100_models_0.2,0.04434967041015625,0.062211036682128906,0.05139422416687012,0.05139422416687012,0.0035750865936279297,0.0035750865936279297,0.05139422416687012,8,0.05139422416687012,8,4.96,4.63,10.0,10,64,20
rock_8_100_models_0.2,0.0424959659576416,0.059696197509765625,0.050424814224243164,0.050424814224243164,0.0009760856628417969,0.0009760856628417969,0.050424814224243164,8,0.050424814224243164,8,4.34,4.34,8.0,8,64,20
rock_8_100_models_0.2,0.045229434967041016,0.059764862060546875,0.05038332939147949,0.05038332939147949,0.0035636425018310547,0.0035636425018310547,0.05038332939147949,8,0.05038332939147949,8,4.93,4.0,10.0,10,64,20
grid_12_10_models_0.1,0.15407013893127441,0.01673293113708496,0.013480186462402344,0.013480186462402344,0.000518798828125,0.000518798828125,0.013480186462402344,5,0.013480186462402344,5,2.9,2.9,6.0,6,144,20
grid_12_10_models_0.1,0.130706787109375,0.016183137893676758,0.014126777648925781,0.014126777648925781,0.0002841949462890625,0.0002841949462890625,0.014126777648925781,4,0.014126777648925781,4,2.3,2.3,4.0,4,144,20
grid_12_10_models_0.1,0.15758275985717773,0.016376733779907227,0.013781070709228516,0.013781070709228516,0.0003750324249267578,0.0003750324249267578,0.013781070709228516,5,0.013781070709228516,5,2.6,2.6,5.0,5,144,20
grid_12_10_models_0.1,0.12882089614868164,0.016363143920898438,0.01320505142211914,0.01320505142211914,0.0002639293670654297,0.0002639293670654297,0.01320505142211914,4,0.01320505142211914,4,2.2,2.2,4.0,4,144,20
grid_12_10_models_0.1,0.14973020553588867,0.01645493507385254,0.014091014862060547,0.014091014862060547,0.00034999847412109375,0.00034999847412109375,0.014091014862060547,5,0.014091014862060547,5,3.2,3.2,5.0,5,144,20
grid_12_10_models_0.15,0.1943049430847168,0.015594959259033203,0.012516975402832031,0.012516975402832031,0.0006401538848876953,0.0006401538848876953,0.012516975402832031,7,0.012516975402832031,7,3.8,3.8,7.0,7,144,20
grid_12_10_models_0.15,0.17091798782348633,0.016434907913208008,0.012892961502075195,0.012892961502075195,0.0005009174346923828,0.0005009174346923828,0.012892961502075195,6,0.012892961502075195,6,3.3,3.3,6.0,6,144,20
grid_12_10_models_0.15,0.09722638130187988,0.016085147857666016,0.013040781021118164,0.013040781021118164,0.00020313262939453125,0.00020313262939453125,0.013040781021118164,3,0.013040781021118164,3,1.5,1.5,3.0,3,144,20
grid_12_10_models_0.15,0.17067790031433105,0.016778945922851562,0.013063907623291016,0.013063907623291016,0.0004601478576660156,0.0004601478576660156,0.013063907623291016,6,0.013063907623291016,6,3.8,3.8,6.0,6,144,20
grid_12_10_models_0.15,0.16968607902526855,0.015718936920166016,0.012328147888183594,0.012328147888183594,0.0005121231079101562,0.0005121231079101562,0.012328147888183594,6,0.012328147888183594,6,3.6,3.6,6.0,6,144,20
grid_12_10_models_0.2,0.21052169799804688,0.015832185745239258,0.012925863265991211,0.012925863265991211,0.010111093521118164,0.010111093521118164,0.012925863265991211,8,0.012925863265991211,8,4.9,3.8,11.0,11,144,20
grid_12_10_models_0.2,0.13672113418579102,0.015025854110717773,0.012962102890014648,0.012962102890014648,0.0003399848937988281,0.0003399848937988281,0.012962102890014648,5,0.012962102890014648,5,2.7,2.7,5.0,5,144,20
grid_12_10_models_0.2,0.16632723808288574,0.015743017196655273,0.013219118118286133,0.013219118118286133,0.0004820823669433594,0.0004820823669433594,0.013219118118286133,6,0.013219118118286133,6,3.3,3.3,6.0,6,144,20
grid_12_10_models_0.2,0.17014288902282715,0.015777111053466797,0.012429952621459961,0.012429952621459961,0.00044918060302734375,0.00044918060302734375,0.012429952621459961,6,0.012429952621459961,6,3.4,3.4,6.0,6,144,20
grid_12_10_models_0.2,0.14089035987854004,0.015347003936767578,0.013900995254516602,0.013900995254516602,0.0003490447998046875,0.0003490447998046875,0.013900995254516602,5,0.013900995254516602,5,3.2,3.2,5.0,5,144,20
puddle_12_10_models_0.1,0.20966434478759766,0.0160830020904541,0.013093948364257812,0.013093948364257812,0.0006430149078369141,0.0006430149078369141,0.013093948364257812,7,0.013093948364257812,7,4.0,4.0,7.0,7,144,20
puddle_12_10_models_0.1,0.18210482597351074,0.015771865844726562,0.013413190841674805,0.013413190841674805,0.00048089027404785156,0.00048089027404785156,0.013413190841674805,6,0.013413190841674805,6,3.2,3.2,6.0,6,144,20
puddle_12_10_models_0.1,0.2370772361755371,0.017596960067749023,0.013313055038452148,0.013313055038452148,0.0016629695892333984,0.0016629695892333984,0.013313055038452148,8,0.013313055038452148,8,4.4,4.6,9.0,9,144,20
puddle_12_10_models_0.1,0.17679953575134277,0.017892122268676758,0.013114690780639648,0.013114690780639648,0.0006210803985595703,0.0006210803985595703,0.013114690780639648,6,0.013114690780639648,6,2.8,2.9,7.0,7,144,20
puddle_12_10_models_0.1,0.1798229217529297,0.01667308807373047,0.013783931732177734,0.013783931732177734,0.00047898292541503906,0.00047898292541503906,0.013783931732177734,6,0.013783931732177734,6,3.4,3.4,6.0,6,144,20
puddle_12_10_models_0.15,0.16732215881347656,0.015519142150878906,0.01389169692993164,0.01389169692993164,0.00048828125,0.00048828125,0.01389169692993164,6,0.01389169692993164,6,3.3,3.3,6.0,6,144,20
puddle_12_10_models_0.15,0.1496281623840332,0.016614198684692383,0.013217687606811523,0.013217687606811523,0.0003592967987060547,0.0003592967987060547,0.013217687606811523,5,0.013217687606811523,5,2.8,2.8,5.0,5,144,20
puddle_12_10_models_0.15,0.17597627639770508,0.015606880187988281,0.012976884841918945,0.012976884841918945,0.000629425048828125,0.000629425048828125,0.012976884841918945,6,0.012976884841918945,6,3.8,3.2,7.0,7,144,20
puddle_12_10_models_0.15,0.15013337135314941,0.01613306999206543,0.012773752212524414,0.012773752212524414,0.0003662109375,0.0003662109375,0.012773752212524414,5,0.012773752212524414,5,2.7,2.7,5.0,5,144,20
puddle_12_10_models_0.15,0.16253376007080078,0.015341758728027344,0.012734413146972656,0.012734413146972656,0.0004448890686035156,0.0004448890686035156,0.012734413146972656,6,0.012734413146972656,6,3.6,3.6,6.0,6,144,20
puddle_12_10_models_0.2,0.19417452812194824,0.01581406593322754,0.012394905090332031,0.012394905090332031,0.0006661415100097656,0.0006661415100097656,0.012394905090332031,7,0.012394905090332031,7,4.0,4.0,7.0,7,144,20
puddle_12_10_models_0.2,0.13439464569091797,0.014452934265136719,0.01358175277709961,0.01358175277709961,0.0004792213439941406,0.0004792213439941406,0.01358175277709961,5,0.01358175277709961,5,2.6,2.6,6.0,6,144,20
puddle_12_10_models_0.2,0.11412835121154785,0.014129877090454102,0.014148235321044922,0.014148235321044922,0.0002818107604980469,0.0002818107604980469,0.014148235321044922,4,0.014148235321044922,4,2.3,2.3,4.0,4,144,20
puddle_12_10_models_0.2,0.16423344612121582,0.015684843063354492,0.01291799545288086,0.01291799545288086,0.0004870891571044922,0.0004870891571044922,0.01291799545288086,6,0.01291799545288086,6,2.9,2.9,6.0,6,144,20
puddle_12_10_models_0.2,0.1420760154724121,0.015843868255615234,0.013612031936645508,0.013612031936645508,0.0003628730773925781,0.0003628730773925781,0.013612031936645508,5,0.013612031936645508,5,3.0,3.0,5.0,5,144,20
rock_12_10_models_0.1,0.17931294441223145,0.015958070755004883,0.014719009399414062,0.014719009399414062,0.00047898292541503906,0.00047898292541503906,0.014719009399414062,6,0.014719009399414062,6,3.5,3.5,6.0,6,144,20
rock_12_10_models_0.1,0.12831974029541016,0.015679121017456055,0.012949943542480469,0.012949943542480469,0.0003209114074707031,0.0003209114074707031,0.012949943542480469,4,0.012949943542480469,4,1.7,1.7,4.0,4,144,20
rock_12_10_models_0.1,0.17923259735107422,0.01806187629699707,0.013597249984741211,0.013597249984741211,0.00044798851013183594,0.00044798851013183594,0.013597249984741211,6,0.013597249984741211,6,3.3,3.3,6.0,6,144,20
rock_12_10_models_0.1,0.18007135391235352,0.016415119171142578,0.013414859771728516,0.013414859771728516,0.00046515464782714844,0.00046515464782714844,0.013414859771728516,6,0.013414859771728516,6,2.9,2.9,6.0,6,144,20
rock_12_10_models_0.1,0.17346978187561035,0.016470909118652344,0.012652158737182617,0.012652158737182617,0.0004611015319824219,0.0004611015319824219,0.012652158737182617,6,0.012652158737182617,6,3.4,3.4,6.0,6,144,20
rock_12_10_models_0.15,0.16970467567443848,0.017271995544433594,0.013180971145629883,0.013180971145629883,0.0006668567657470703,0.0006668567657470703,0.013180971145629883,6,0.013180971145629883,6,3.2,3.1,7.0,7,144,20
rock_12_10_models_0.15,0.1535637378692627,0.01594090461730957,0.013137340545654297,0.013137340545654297,0.0003676414489746094,0.0003676414489746094,0.013137340545654297,5,0.013137340545654297,5,2.3,2.3,5.0,5,144,20
rock_12_10_models_0.15,0.14670729637145996,0.014959096908569336,0.013494014739990234,0.013494014739990234,0.0004010200500488281,0.0004010200500488281,0.013494014739990234,5,0.013494014739990234,5,2.8,2.8,5.0,5,144,20
rock_12_10_models_0.15,0.16811919212341309,0.015271186828613281,0.013340950012207031,0.013340950012207031,0.0004680156707763672,0.0004680156707763672,0.013340950012207031,6,0.013340950012207031,6,3.1,3.1,6.0,6,144,20
rock_12_10_models_0.15,0.19171619415283203,0.015514135360717773,0.01288294792175293,0.01288294792175293,0.0006449222564697266,0.0006449222564697266,0.01288294792175293,7,0.01288294792175293,7,4.0,4.0,7.0,7,144,20
rock_12_10_models_0.2,0.11324930191040039,0.015713930130004883,0.013221025466918945,0.013221025466918945,0.0003628730773925781,0.0003628730773925781,0.013221025466918945,4,0.013221025466918945,4,1.9,1.9,5.0,5,144,20
rock_12_10_models_0.2,0.1354231834411621,0.015978097915649414,0.012028932571411133,0.012028932571411133,0.0006580352783203125,0.0006580352783203125,0.012028932571411133,5,0.012028932571411133,5,3.0,3.0,7.0,7,144,20
rock_12_10_models_0.2,0.14352989196777344,0.015604019165039062,0.012462854385375977,0.012462854385375977,0.00039124488830566406,0.00039124488830566406,0.012462854385375977,5,0.012462854385375977,5,3.2,3.2,5.0,5,144,20
rock_12_10_models_0.2,0.16095995903015137,0.015245914459228516,0.012269020080566406,0.012269020080566406,0.0006690025329589844,0.0006690025329589844,0.012269020080566406,6,0.012269020080566406,6,3.3,2.7,7.0,7,144,20
rock_12_10_models_0.2,0.16261720657348633,0.016457080841064453,0.011902809143066406,0.011902809143066406,0.0006542205810546875,0.0006542205810546875,0.011902809143066406,6,0.011902809143066406,6,2.7,2.6,7.0,7,144,20
grid_12_30_models_0.1,0.22890663146972656,0.0464930534362793,0.04004979133605957,0.04004979133605957,0.0009400844573974609,0.0009400844573974609,0.04004979133605957,8,0.04004979133605957,8,4.0,4.0,8.0,8,144,20
grid_12_30_models_0.1,0.20978260040283203,0.04560995101928711,0.03949904441833496,0.03949904441833496,0.0006151199340820312,0.0006151199340820312,0.03949904441833496,7,0.03949904441833496,7,3.6333333333333333,3.6333333333333333,7.0,7,144,20
grid_12_30_models_0.1,0.22853422164916992,0.04497385025024414,0.03895306587219238,0.03895306587219238,0.0009469985961914062,0.0009469985961914062,0.03895306587219238,8,0.03895306587219238,8,4.9,4.9,8.0,8,144,20
grid_12_30_models_0.1,0.23505210876464844,0.04385089874267578,0.03893613815307617,0.03893613815307617,0.0009648799896240234,0.0009648799896240234,0.03893613815307617,8,0.03893613815307617,8,4.533333333333333,4.533333333333333,8.0,8,144,20
grid_12_30_models_0.1,0.2304377555847168,0.04560089111328125,0.04089093208312988,0.04089093208312988,0.0008928775787353516,0.0008928775787353516,0.04089093208312988,8,0.04089093208312988,8,4.2,4.2,8.0,8,144,20
grid_12_30_models_0.15,0.2221379280090332,0.04317903518676758,0.039449214935302734,0.039449214935302734,0.010305643081665039,0.010305643081665039,0.039449214935302734,8,0.039449214935302734,8,4.233333333333333,3.9,11.0,11,144,20
grid_12_30_models_0.15,0.21713471412658691,0.04287123680114746,0.039380788803100586,0.039380788803100586,0.0009510517120361328,0.0009510517120361328,0.039380788803100586,8,0.039380788803100586,8,4.566666666666666,4.566666666666666,8.0,8,144,20
grid_12_30_models_0.15,0.23711252212524414,0.04291677474975586,0.03768134117126465,0.03768134117126465,0.0009448528289794922,0.0009448528289794922,0.03768134117126465,8,0.03768134117126465,8,4.533333333333333,4.533333333333333,8.0,8,144,20
grid_12_30_models_0.15,0.21421003341674805,0.045324087142944336,0.03804802894592285,0.03804802894592285,0.001653909683227539,0.001653909683227539,0.03804802894592285,8,0.03804802894592285,8,4.833333333333333,4.5,9.0,9,144,20
grid_12_30_models_0.15,0.21341156959533691,0.04252791404724121,0.03920936584472656,0.03920936584472656,0.0015816688537597656,0.0015816688537597656,0.03920936584472656,8,0.03920936584472656,8,3.6333333333333333,3.6333333333333333,9.0,9,144,20
grid_12_30_models_0.2,0.2099316120147705,0.04550909996032715,0.03798484802246094,0.03798484802246094,0.0018050670623779297,0.0018050670623779297,0.03798484802246094,8,0.03798484802246094,8,4.2,4.233333333333333,9.0,9,144,20
grid_12_30_models_0.2,0.20160579681396484,0.044121742248535156,0.03983592987060547,0.03983592987060547,0.0017242431640625,0.0017242431640625,0.03983592987060547,8,0.03983592987060547,8,4.4,4.533333333333333,9.0,9,144,20
grid_12_30_models_0.2,0.2206120491027832,0.042948007583618164,0.043016910552978516,0.043016910552978516,0.0009930133819580078,0.0009930133819580078,0.043016910552978516,8,0.043016910552978516,8,4.1,4.1,8.0,8,144,20
grid_12_30_models_0.2,0.21052813529968262,0.04645824432373047,0.04033493995666504,0.04033493995666504,0.0009307861328125,0.0009307861328125,0.04033493995666504,8,0.04033493995666504,8,3.533333333333333,3.533333333333333,8.0,8,144,20
grid_12_30_models_0.2,0.18816256523132324,0.04268383979797363,0.03851914405822754,0.03851914405822754,0.0006389617919921875,0.0006389617919921875,0.03851914405822754,7,0.03851914405822754,7,3.7,3.7,7.0,7,144,20
puddle_12_30_models_0.1,0.23055744171142578,0.044548988342285156,0.03883814811706543,0.03883814811706543,0.00095367431640625,0.00095367431640625,0.03883814811706543,8,0.03883814811706543,8,4.433333333333334,4.433333333333334,8.0,8,144,20
puddle_12_30_models_0.1,0.23000216484069824,0.04527115821838379,0.03962588310241699,0.03962588310241699,0.0009050369262695312,0.0009050369262695312,0.03962588310241699,8,0.03962588310241699,8,3.966666666666667,3.966666666666667,8.0,8,144,20
puddle_12_30_models_0.1,0.22815680503845215,0.04637789726257324,0.039550065994262695,0.039550065994262695,0.0009241104125976562,0.0009241104125976562,0.039550065994262695,8,0.039550065994262695,8,4.733333333333333,4.733333333333333,8.0,8,144,20
puddle_12_30_models_0.1,0.2296597957611084,0.0449981689453125,0.0395357608795166,0.0395357608795166,0.0009500980377197266,0.0009500980377197266,0.0395357608795166,8,0.0395357608795166,8,4.5,4.5,8.0,8,144,20
puddle_12_30_models_0.1,0.22431564331054688,0.044432878494262695,0.03980517387390137,0.03980517387390137,0.0008857250213623047,0.0008857250213623047,0.03980517387390137,8,0.03980517387390137,8,3.8333333333333335,3.8333333333333335,8.0,8,144,20
puddle_12_30_models_0.15,0.21762824058532715,0.04277610778808594,0.04048013687133789,0.04048013687133789,0.0009658336639404297,0.0009658336639404297,0.04048013687133789,8,0.04048013687133789,8,4.2,4.2,8.0,8,144,20
puddle_12_30_models_0.15,0.21900486946105957,0.04230475425720215,0.03733515739440918,0.03733515739440918,0.0010018348693847656,0.0010018348693847656,0.03733515739440918,8,0.03733515739440918,8,3.533333333333333,3.533333333333333,8.0,8,144,20
puddle_12_30_models_0.15,0.2162799835205078,0.04448676109313965,0.04052019119262695,0.04052019119262695,0.0009770393371582031,0.0009770393371582031,0.04052019119262695,8,0.04052019119262695,8,4.633333333333334,4.633333333333334,8.0,8,144,20
puddle_12_30_models_0.15,0.19245314598083496,0.04434823989868164,0.040756940841674805,0.040756940841674805,0.0009849071502685547,0.0009849071502685547,0.040756940841674805,7,0.040756940841674805,7,3.966666666666667,3.0,8.0,8,144,20
puddle_12_30_models_0.15,0.22034072875976562,0.04350733757019043,0.03947186470031738,0.03947186470031738,0.000965118408203125,0.000965118408203125,0.03947186470031738,8,0.03947186470031738,8,4.566666666666666,4.566666666666666,8.0,8,144,20
puddle_12_30_models_0.2,0.2214348316192627,0.04488706588745117,0.04097771644592285,0.04097771644592285,0.0010271072387695312,0.0010271072387695312,0.04097771644592285,8,0.04097771644592285,8,4.666666666666667,4.666666666666667,8.0,8,144,20
puddle_12_30_models_0.2,0.1988987922668457,0.04340505599975586,0.038269996643066406,0.038269996643066406,0.0006158351898193359,0.0006158351898193359,0.038269996643066406,7,0.038269996643066406,7,4.033333333333333,4.033333333333333,7.0,7,144,20
puddle_12_30_models_0.2,0.21636962890625,0.04332423210144043,0.03828763961791992,0.03828763961791992,0.0009763240814208984,0.0009763240814208984,0.03828763961791992,8,0.03828763961791992,8,4.9,4.9,8.0,8,144,20
puddle_12_30_models_0.2,0.21073150634765625,0.04110288619995117,0.037683963775634766,0.037683963775634766,0.000942230224609375,0.000942230224609375,0.037683963775634766,8,0.037683963775634766,8,3.6333333333333333,3.6333333333333333,8.0,8,144,20
puddle_12_30_models_0.2,0.20397400856018066,0.0413818359375,0.04035019874572754,0.04035019874572754,0.0008749961853027344,0.0008749961853027344,0.04035019874572754,8,0.04035019874572754,8,4.2,4.2,8.0,8,144,20
rock_12_30_models_0.1,0.2314774990081787,0.0435030460357666,0.03982400894165039,0.03982400894165039,0.0009608268737792969,0.0009608268737792969,0.03982400894165039,8,0.03982400894165039,8,4.566666666666666,4.566666666666666,8.0,8,144,20
rock_12_30_models_0.1,0.230391263961792,0.04558300971984863,0.03867506980895996,0.03867506980895996,0.0009717941284179688,0.0009717941284179688,0.03867506980895996,8,0.03867506980895996,8,3.566666666666667,3.566666666666667,8.0,8,144,20
rock_12_30_models_0.1,0.23322701454162598,0.045738935470581055,0.04261589050292969,0.04261589050292969,0.0009629726409912109,0.0009629726409912109,0.04261589050292969,8,0.04261589050292969,8,4.5,4.5,8.0,8,144,20
rock_12_30_models_0.1,0.22961068153381348,0.04546809196472168,0.04019904136657715,0.04019904136657715,0.0009520053863525391,0.0009520053863525391,0.04019904136657715,8,0.04019904136657715,8,4.433333333333334,4.433333333333334,8.0,8,144,20
rock_12_30_models_0.1,0.2337019443511963,0.04361605644226074,0.03870701789855957,0.03870701789855957,0.0016677379608154297,0.0016677379608154297,0.03870701789855957,8,0.03870701789855957,8,3.8666666666666667,3.9,9.0,9,144,20
rock_12_30_models_0.15,0.22306227684020996,0.04351806640625,0.03820514678955078,0.03820514678955078,0.0017271041870117188,0.0017271041870117188,0.03820514678955078,8,0.03820514678955078,8,4.0,3.8666666666666667,9.0,9,144,20
rock_12_30_models_0.15,0.21499156951904297,0.04566788673400879,0.03795218467712402,0.03795218467712402,0.0017228126525878906,0.0017228126525878906,0.03795218467712402,8,0.03795218467712402,8,4.4,3.6,9.0,9,144,20
rock_12_30_models_0.15,0.22192168235778809,0.04597878456115723,0.03822731971740723,0.03822731971740723,0.0010528564453125,0.0010528564453125,0.03822731971740723,8,0.03822731971740723,8,4.666666666666667,4.666666666666667,8.0,8,144,20
rock_12_30_models_0.15,0.22098422050476074,0.04589700698852539,0.04067206382751465,0.04067206382751465,0.0009698867797851562,0.0009698867797851562,0.04067206382751465,8,0.04067206382751465,8,4.2,4.2,8.0,8,144,20
rock_12_30_models_0.15,0.21626567840576172,0.043872833251953125,0.03856205940246582,0.03856205940246582,0.0016491413116455078,0.0016491413116455078,0.03856205940246582,8,0.03856205940246582,8,4.4,3.9,9.0,9,144,20
rock_12_30_models_0.2,0.2075669765472412,0.04442191123962402,0.0413060188293457,0.0413060188293457,0.0016908645629882812,0.0016908645629882812,0.0413060188293457,8,0.0413060188293457,8,4.0,4.466666666666667,9.0,9,144,20
rock_12_30_models_0.2,0.20378613471984863,0.04396629333496094,0.036309003829956055,0.036309003829956055,0.0036537647247314453,0.0036537647247314453,0.036309003829956055,8,0.036309003829956055,8,4.333333333333333,4.2,10.0,10,144,20
rock_12_30_models_0.2,0.21828413009643555,0.04482293128967285,0.04121708869934082,0.04121708869934082,0.0016677379608154297,0.0016677379608154297,0.04121708869934082,8,0.04121708869934082,8,4.733333333333333,4.566666666666666,9.0,9,144,20
rock_12_30_models_0.2,0.2175123691558838,0.044396162033081055,0.037602901458740234,0.037602901458740234,0.010189056396484375,0.010189056396484375,0.037602901458740234,8,0.037602901458740234,8,4.1,4.133333333333334,11.0,11,144,20
rock_12_30_models_0.2,0.21780061721801758,0.046556949615478516,0.03851795196533203,0.03851795196533203,0.0010170936584472656,0.0010170936584472656,0.03851795196533203,8,0.03851795196533203,8,3.433333333333333,3.433333333333333,8.0,8,144,20
grid_12_60_models_0.1,0.2328929901123047,0.09251117706298828,0.07864999771118164,0.07864999771118164,0.0009479522705078125,0.0009479522705078125,0.07864999771118164,8,0.07864999771118164,8,4.233333333333333,4.233333333333333,8.0,8,144,20
grid_12_60_models_0.1,0.22648048400878906,0.08593893051147461,0.07650423049926758,0.07650423049926758,0.00090789794921875,0.00090789794921875,0.07650423049926758,8,0.07650423049926758,8,4.8,4.8,8.0,8,144,20
grid_12_60_models_0.1,0.23115301132202148,0.09006309509277344,0.07947087287902832,0.07947087287902832,0.0010280609130859375,0.0010280609130859375,0.07947087287902832,8,0.07947087287902832,8,4.266666666666667,4.266666666666667,8.0,8,144,20
grid_12_60_models_0.1,0.22906732559204102,0.08514571189880371,0.0763392448425293,0.0763392448425293,0.0009849071502685547,0.0009849071502685547,0.0763392448425293,8,0.0763392448425293,8,4.216666666666667,4.216666666666667,8.0,8,144,20
grid_12_60_models_0.1,0.22688508033752441,0.08776092529296875,0.07741689682006836,0.07741689682006836,0.0017189979553222656,0.0017189979553222656,0.07741689682006836,8,0.07741689682006836,8,4.4,3.8666666666666667,9.0,9,144,20
grid_12_60_models_0.15,0.2154991626739502,0.08379912376403809,0.07979583740234375,0.07979583740234375,0.000972747802734375,0.000972747802734375,0.07979583740234375,8,0.07979583740234375,8,4.25,4.25,8.0,8,144,20
grid_12_60_models_0.15,0.22002315521240234,0.08197283744812012,0.07230281829833984,0.07230281829833984,0.0009453296661376953,0.0009453296661376953,0.07230281829833984,8,0.07230281829833984,8,4.6,4.6,8.0,8,144,20
grid_12_60_models_0.15,0.2201228141784668,0.08367013931274414,0.07468676567077637,0.07468676567077637,0.0009529590606689453,0.0009529590606689453,0.07468676567077637,8,0.07468676567077637,8,4.583333333333333,4.583333333333333,8.0,8,144,20
grid_12_60_models_0.15,0.22231221199035645,0.08693718910217285,0.07644891738891602,0.07644891738891602,0.0008988380432128906,0.0008988380432128906,0.07644891738891602,8,0.07644891738891602,8,4.316666666666666,4.316666666666666,8.0,8,144,20
grid_12_60_models_0.15,0.21496248245239258,0.08654189109802246,0.07674598693847656,0.07674598693847656,0.0009570121765136719,0.0009570121765136719,0.07674598693847656,8,0.07674598693847656,8,4.483333333333333,4.483333333333333,8.0,8,144,20
grid_12_60_models_0.2,0.21087169647216797,0.09039902687072754,0.07799792289733887,0.07799792289733887,0.0016350746154785156,0.0016350746154785156,0.07799792289733887,8,0.07799792289733887,8,4.016666666666667,4.333333333333333,9.0,9,144,20
grid_12_60_models_0.2,0.2198472023010254,0.0879671573638916,0.07836079597473145,0.07836079597473145,0.0009241104125976562,0.0009241104125976562,0.07836079597473145,8,0.07836079597473145,8,5.116666666666666,5.116666666666666,8.0,8,144,20
grid_12_60_models_0.2,0.21656394004821777,0.08457493782043457,0.0784611701965332,0.0784611701965332,0.0016448497772216797,0.0016448497772216797,0.0784611701965332,8,0.0784611701965332,8,4.533333333333333,4.516666666666667,9.0,9,144,20
grid_12_60_models_0.2,0.21007633209228516,0.09347987174987793,0.07809615135192871,0.07809615135192871,0.0009260177612304688,0.0009260177612304688,0.07809615135192871,8,0.07809615135192871,8,4.216666666666667,4.216666666666667,8.0,8,144,20
grid_12_60_models_0.2,0.21190547943115234,0.07977104187011719,0.07471704483032227,0.07471704483032227,0.0009338855743408203,0.0009338855743408203,0.07471704483032227,8,0.07471704483032227,8,4.416666666666667,4.416666666666667,8.0,8,144,20
puddle_12_60_models_0.1,0.23353815078735352,0.08874297142028809,0.08012199401855469,0.08012199401855469,0.0009009838104248047,0.0009009838104248047,0.08012199401855469,8,0.08012199401855469,8,4.733333333333333,4.733333333333333,8.0,8,144,20
puddle_12_60_models_0.1,0.23518109321594238,0.08551406860351562,0.07938027381896973,0.07938027381896973,0.0009737014770507812,0.0009737014770507812,0.07938027381896973,8,0.07938027381896973,8,4.5,4.5,8.0,8,144,20
puddle_12_60_models_0.1,0.23384356498718262,0.08865904808044434,0.07798194885253906,0.07798194885253906,0.0009248256683349609,0.0009248256683349609,0.07798194885253906,8,0.07798194885253906,8,4.283333333333333,4.283333333333333,8.0,8,144,20
puddle_12_60_models_0.1,0.23021245002746582,0.08740520477294922,0.08162188529968262,0.08162188529968262,0.0009338855743408203,0.0009338855743408203,0.08162188529968262,8,0.08162188529968262,8,4.483333333333333,4.483333333333333,8.0,8,144,20
puddle_12_60_models_0.1,0.2273876667022705,0.08731698989868164,0.07572793960571289,0.07572793960571289,0.0016460418701171875,0.0016460418701171875,0.07572793960571289,8,0.07572793960571289,8,4.266666666666667,4.266666666666667,9.0,9,144,20
puddle_12_60_models_0.15,0.21955227851867676,0.0833749771118164,0.07844805717468262,0.07844805717468262,0.0009610652923583984,0.0009610652923583984,0.07844805717468262,8,0.07844805717468262,8,4.65,4.65,8.0,8,144,20
puddle_12_60_models_0.15,0.2284388542175293,0.08944892883300781,0.07996916770935059,0.07996916770935059,0.0009410381317138672,0.0009410381317138672,0.07996916770935059,8,0.07996916770935059,8,4.366666666666666,4.366666666666666,8.0,8,144,20
puddle_12_60_models_0.15,0.21595239639282227,0.08692502975463867,0.0783700942993164,0.0783700942993164,0.0009338855743408203,0.0009338855743408203,0.0783700942993164,8,0.0783700942993164,8,4.55,4.55,8.0,8,144,20
puddle_12_60_models_0.15,0.22081351280212402,0.08868813514709473,0.07848691940307617,0.07848691940307617,0.0009717941284179688,0.0009717941284179688,0.07848691940307617,8,0.07848691940307617,8,4.75,4.75,8.0,8,144,20
puddle_12_60_models_0.15,0.21546339988708496,0.08000707626342773,0.07270669937133789,0.07270669937133789,0.0009191036224365234,0.0009191036224365234,0.07270669937133789,8,0.07270669937133789,8,3.9833333333333334,3.9833333333333334,8.0,8,144,20
puddle_12_60_models_0.2,0.2119426727294922,0.08343696594238281,0.08106613159179688,0.08106613159179688,0.0009100437164306641,0.0009100437164306641,0.08106613159179688,8,0.08106613159179688,8,4.4,4.4,8.0,8,144,20
puddle_12_60_models_0.2,0.20270609855651855,0.08522701263427734,0.08036589622497559,0.08036589622497559,0.0016300678253173828,0.0016300678253173828,0.08036589622497559,8,0.08036589622497559,8,4.433333333333334,4.166666666666667,9.0,9,144,20
puddle_12_60_models_0.2,0.21158218383789062,0.08219599723815918,0.07813501358032227,0.07813501358032227,0.001680135726928711,0.001680135726928711,0.07813501358032227,8,0.07813501358032227,8,4.083333333333333,3.9,9.0,9,144,20
puddle_12_60_models_0.2,0.20244145393371582,0.08314299583435059,0.07295417785644531,0.07295417785644531,0.009824991226196289,0.009824991226196289,0.07295417785644531,8,0.07295417785644531,8,4.283333333333333,3.533333333333333,11.0,11,144,20
puddle_12_60_models_0.2,0.22498440742492676,0.08568906784057617,0.07614588737487793,0.07614588737487793,0.0016109943389892578,0.0016109943389892578,0.07614588737487793,8,0.07614588737487793,8,4.45,4.75,9.0,9,144,20
rock_12_60_models_0.1,0.22903132438659668,0.0904088020324707,0.07840728759765625,0.07840728759765625,0.0009019374847412109,0.0009019374847412109,0.07840728759765625,8,0.07840728759765625,8,4.116666666666666,4.116666666666666,8.0,8,144,20
rock_12_60_models_0.1,0.23227405548095703,0.08484792709350586,0.07976579666137695,0.07976579666137695,0.0009562969207763672,0.0009562969207763672,0.07976579666137695,8,0.07976579666137695,8,4.083333333333333,4.083333333333333,8.0,8,144,20
rock_12_60_models_0.1,0.2305614948272705,0.0904700756072998,0.0820009708404541,0.0820009708404541,0.0009100437164306641,0.0009100437164306641,0.0820009708404541,8,0.0820009708404541,8,4.6,4.6,8.0,8,144,20
rock_12_60_models_0.1,0.22936010360717773,0.08816003799438477,0.07756900787353516,0.07756900787353516,0.0017397403717041016,0.0017397403717041016,0.07756900787353516,8,0.07756900787353516,8,4.516666666666667,4.283333333333333,9.0,9,144,20
rock_12_60_models_0.1,0.2253429889678955,0.08298683166503906,0.07862210273742676,0.07862210273742676,0.0009000301361083984,0.0009000301361083984,0.07862210273742676,8,0.07862210273742676,8,4.216666666666667,4.216666666666667,8.0,8,144,20
rock_12_60_models_0.15,0.22358322143554688,0.09066176414489746,0.07460212707519531,0.07460212707519531,0.0009598731994628906,0.0009598731994628906,0.07460212707519531,8,0.07460212707519531,8,4.483333333333333,4.483333333333333,8.0,8,144,20
rock_12_60_models_0.15,0.22777128219604492,0.09017395973205566,0.08187317848205566,0.08187317848205566,0.0016300678253173828,0.0016300678253173828,0.08187317848205566,8,0.08187317848205566,8,4.6,4.466666666666667,9.0,9,144,20
rock_12_60_models_0.15,0.21623539924621582,0.0849149227142334,0.0793919563293457,0.0793919563293457,0.0009758472442626953,0.0009758472442626953,0.0793919563293457,8,0.0793919563293457,8,4.55,4.55,8.0,8,144,20
rock_12_60_models_0.15,0.21490836143493652,0.08251690864562988,0.07897806167602539,0.07897806167602539,0.0009551048278808594,0.0009551048278808594,0.07897806167602539,8,0.07897806167602539,8,4.85,4.85,8.0,8,144,20
rock_12_60_models_0.15,0.21366667747497559,0.08441495895385742,0.0773169994354248,0.0773169994354248,0.000942230224609375,0.000942230224609375,0.0773169994354248,8,0.0773169994354248,8,4.3,4.3,8.0,8,144,20
rock_12_60_models_0.2,0.21258854866027832,0.08466625213623047,0.07318401336669922,0.07318401336669922,0.0009179115295410156,0.0009179115295410156,0.07318401336669922,8,0.07318401336669922,8,4.25,4.25,8.0,8,144,20
rock_12_60_models_0.2,0.22034835815429688,0.08466410636901855,0.07929706573486328,0.07929706573486328,0.0009248256683349609,0.0009248256683349609,0.07929706573486328,8,0.07929706573486328,8,4.483333333333333,4.483333333333333,8.0,8,144,20
rock_12_60_models_0.2,0.20935273170471191,0.08718490600585938,0.08471274375915527,0.08471274375915527,0.003633260726928711,0.003633260726928711,0.08471274375915527,7,0.08471274375915527,7,3.8833333333333333,4.183333333333334,10.0,10,144,20
rock_12_60_models_0.2,0.21260476112365723,0.08339929580688477,0.0758976936340332,0.0758976936340332,0.0016629695892333984,0.0016629695892333984,0.0758976936340332,8,0.0758976936340332,8,3.9833333333333334,4.2,9.0,9,144,20
rock_12_60_models_0.2,0.21617460250854492,0.08856010437011719,0.07486701011657715,0.07486701011657715,0.0009508132934570312,0.0009508132934570312,0.07486701011657715,8,0.07486701011657715,8,3.966666666666667,3.966666666666667,8.0,8,144,20
grid_12_100_models_0.1,0.23209571838378906,0.14210295677185059,0.13037800788879395,0.13037800788879395,0.0009431838989257812,0.0009431838989257812,0.13037800788879395,8,0.13037800788879395,8,4.41,4.41,8.0,8,144,20
grid_12_100_models_0.1,0.22954535484313965,0.1438901424407959,0.13944196701049805,0.13944196701049805,0.0016849040985107422,0.0016849040985107422,0.13944196701049805,8,0.13944196701049805,8,4.75,4.53,9.0,9,144,20
grid_12_100_models_0.1,0.22802519798278809,0.1490781307220459,0.1367969512939453,0.1367969512939453,0.0016970634460449219,0.0016970634460449219,0.1367969512939453,8,0.1367969512939453,8,4.13,4.15,9.0,9,144,20
grid_12_100_models_0.1,0.23079586029052734,0.14567923545837402,0.13057875633239746,0.13057875633239746,0.0016870498657226562,0.0016870498657226562,0.13057875633239746,8,0.13057875633239746,8,4.2,3.57,9.0,9,144,20
grid_12_100_models_0.1,0.229508638381958,0.14272117614746094,0.12692880630493164,0.12692880630493164,0.0009291172027587891,0.0009291172027587891,0.12692880630493164,8,0.12692880630493164,8,4.54,4.54,8.0,8,144,20
grid_12_100_models_0.15,0.22423410415649414,0.14589476585388184,0.14023399353027344,0.14023399353027344,0.0016770362854003906,0.0016770362854003906,0.14023399353027344,8,0.14023399353027344,8,4.31,4.2,9.0,9,144,20
grid_12_100_models_0.15,0.2217845916748047,0.13924694061279297,0.13501214981079102,0.13501214981079102,0.0009438991546630859,0.0009438991546630859,0.13501214981079102,8,0.13501214981079102,8,4.33,4.33,8.0,8,144,20
grid_12_100_models_0.15,0.21923208236694336,0.13818979263305664,0.13407206535339355,0.13407206535339355,0.0009779930114746094,0.0009779930114746094,0.13407206535339355,8,0.13407206535339355,8,4.58,4.58,8.0,8,144,20
grid_12_100_models_0.15,0.21889925003051758,0.1430959701538086,0.13566994667053223,0.13566994667053223,0.0009849071502685547,0.0009849071502685547,0.13566994667053223,8,0.13566994667053223,8,4.51,3.73,8.0,8,144,20
grid_12_100_models_0.15,0.2166433334350586,0.13582301139831543,0.12464594841003418,0.12464594841003418,0.0009639263153076172,0.0009639263153076172,0.12464594841003418,8,0.12464594841003418,8,4.6,4.6,8.0,8,144,20
grid_12_100_models_0.2,0.21045327186584473,0.14063692092895508,0.1321730613708496,0.1321730613708496,0.0035800933837890625,0.0035800933837890625,0.1321730613708496,8,0.1321730613708496,8,4.61,4.17,10.0,10,144,20
grid_12_100_models_0.2,0.2037675380706787,0.13974905014038086,0.12984395027160645,0.12984395027160645,0.0016529560089111328,0.0016529560089111328,0.12984395027160645,8,0.12984395027160645,8,4.44,3.53,9.0,9,144,20
grid_12_100_models_0.2,0.2028186321258545,0.1367051601409912,0.11973023414611816,0.11973023414611816,0.001710653305053711,0.001710653305053711,0.11973023414611816,8,0.11973023414611816,8,4.33,3.78,9.0,9,144,20
grid_12_100_models_0.2,0.20428156852722168,0.13947606086730957,0.12590479850769043,0.12590479850769043,0.0016970634460449219,0.0016970634460449219,0.12590479850769043,8,0.12590479850769043,8,4.42,3.36,9.0,9,144,20
grid_12_100_models_0.2,0.20340204238891602,0.13733601570129395,0.12314772605895996,0.12314772605895996,0.001695394515991211,0.001695394515991211,0.12314772605895996,8,0.12314772605895996,8,4.2,3.88,9.0,9,144,20
puddle_12_100_models_0.1,0.22909021377563477,0.14126110076904297,0.13055706024169922,0.13055706024169922,0.0008969306945800781,0.0008969306945800781,0.13055706024169922,8,0.13055706024169922,8,4.22,4.22,8.0,8,144,20
puddle_12_100_models_0.1,0.22817754745483398,0.14664196968078613,0.13382291793823242,0.13382291793823242,0.0017228126525878906,0.0017228126525878906,0.13382291793823242,8,0.13382291793823242,8,4.25,4.29,9.0,9,144,20
puddle_12_100_models_0.1,0.2331702709197998,0.14266300201416016,0.12807917594909668,0.12807917594909668,0.0009458065032958984,0.0009458065032958984,0.12807917594909668,8,0.12807917594909668,8,4.32,4.32,8.0,8,144,20
puddle_12_100_models_0.1,0.23198151588439941,0.14617609977722168,0.13074898719787598,0.13074898719787598,0.0009608268737792969,0.0009608268737792969,0.13074898719787598,8,0.13074898719787598,8,4.4,4.4,8.0,8,144,20
puddle_12_100_models_0.1,0.2252342700958252,0.14781594276428223,0.1282799243927002,0.1282799243927002,0.0009658336639404297,0.0009658336639404297,0.1282799243927002,8,0.1282799243927002,8,4.33,4.33,8.0,8,144,20
puddle_12_100_models_0.15,0.22106623649597168,0.1393449306488037,0.12939906120300293,0.12939906120300293,0.0009720325469970703,0.0009720325469970703,0.12939906120300293,8,0.12939906120300293,8,4.44,4.44,8.0,8,144,20
puddle_12_100_models_0.15,0.21889686584472656,0.1444861888885498,0.12726902961730957,0.12726902961730957,0.0016400814056396484,0.0016400814056396484,0.12726902961730957,8,0.12726902961730957,8,4.5,4.23,9.0,9,144,20
puddle_12_100_models_0.15,0.22434306144714355,0.13827991485595703,0.12737584114074707,0.12737584114074707,0.0009362697601318359,0.0009362697601318359,0.12737584114074707,8,0.12737584114074707,8,4.14,4.14,8.0,8,144,20
puddle_12_100_models_0.15,0.21616029739379883,0.14461112022399902,0.12656307220458984,0.12656307220458984,0.0009407997131347656,0.0009407997131347656,0.12656307220458984,8,0.12656307220458984,8,4.44,4.44,8.0,8,144,20
puddle_12_100_models_0.15,0.2210988998413086,0.14302301406860352,0.12836480140686035,0.12836480140686035,0.0009250640869140625,0.0009250640869140625,0.12836480140686035,8,0.12836480140686035,8,4.6,4.6,8.0,8,144,20
puddle_12_100_models_0.2,0.20797300338745117,0.14371085166931152,0.12960100173950195,0.12960100173950195,0.0009031295776367188,0.0009031295776367188,0.12960100173950195,8,0.12960100173950195,8,4.71,4.71,8.0,8,144,20
puddle_12_100_models_0.2,0.2119452953338623,0.13228201866149902,0.12611913681030273,0.12611913681030273,0.0009219646453857422,0.0009219646453857422,0.12611913681030273,8,0.12611913681030273,8,4.57,4.57,8.0,8,144,20
puddle_12_100_models_0.2,0.21151089668273926,0.13989710807800293,0.12587499618530273,0.12587499618530273,0.001703023910522461,0.001703023910522461,0.12587499618530273,8,0.12587499618530273,8,4.14,4.33,9.0,9,144,20
puddle_12_100_models_0.2,0.21724510192871094,0.14166021347045898,0.13128185272216797,0.13128185272216797,0.0016901493072509766,0.0016901493072509766,0.13128185272216797,8,0.13128185272216797,8,4.55,3.36,9.0,9,144,20
puddle_12_100_models_0.2,0.2039651870727539,0.1406090259552002,0.11941194534301758,0.11941194534301758,0.0009670257568359375,0.0009670257568359375,0.11941194534301758,8,0.11941194534301758,8,4.2,4.2,8.0,8,144,20
rock_12_100_models_0.1,0.2311570644378662,0.14336776733398438,0.13371515274047852,0.13371515274047852,0.0009088516235351562,0.0009088516235351562,0.13371515274047852,8,0.13371515274047852,8,4.26,4.26,8.0,8,144,20
rock_12_100_models_0.1,0.23145246505737305,0.14428281784057617,0.13373327255249023,0.13373327255249023,0.0009548664093017578,0.0009548664093017578,0.13373327255249023,8,0.13373327255249023,8,4.56,4.56,8.0,8,144,20
rock_12_100_models_0.1,0.2293243408203125,0.15436124801635742,0.127000093460083,0.127000093460083,0.0009648799896240234,0.0009648799896240234,0.127000093460083,8,0.127000093460083,8,4.18,4.18,8.0,8,144,20
rock_12_100_models_0.1,0.23238778114318848,0.14031982421875,0.13144302368164062,0.13144302368164062,0.0009598731994628906,0.0009598731994628906,0.13144302368164062,8,0.13144302368164062,8,4.36,4.36,8.0,8,144,20
rock_12_100_models_0.1,0.24336671829223633,0.14925694465637207,0.1414799690246582,0.1414799690246582,0.0009620189666748047,0.0009620189666748047,0.1414799690246582,8,0.1414799690246582,8,4.19,4.19,8.0,8,144,20
rock_12_100_models_0.15,0.22136735916137695,0.1452338695526123,0.13397908210754395,0.13397908210754395,0.0009419918060302734,0.0009419918060302734,0.13397908210754395,8,0.13397908210754395,8,4.26,4.26,8.0,8,144,20
rock_12_100_models_0.15,0.21544337272644043,0.13893985748291016,0.1265711784362793,0.1265711784362793,0.000949859619140625,0.000949859619140625,0.1265711784362793,8,0.1265711784362793,8,4.24,4.24,8.0,8,144,20
rock_12_100_models_0.15,0.21816420555114746,0.14542794227600098,0.13943696022033691,0.13943696022033691,0.0009319782257080078,0.0009319782257080078,0.13943696022033691,8,0.13943696022033691,8,4.47,4.47,8.0,8,144,20
rock_12_100_models_0.15,0.2144641876220703,0.15415096282958984,0.12848901748657227,0.12848901748657227,0.0036520957946777344,0.0036520957946777344,0.12848901748657227,8,0.12848901748657227,8,4.65,4.25,10.0,10,144,20
rock_12_100_models_0.15,0.216871976852417,0.13454103469848633,0.128587007522583,0.128587007522583,0.0009188652038574219,0.0009188652038574219,0.128587007522583,8,0.128587007522583,8,4.47,4.47,8.0,8,144,20
rock_12_100_models_0.2,0.20301246643066406,0.13943910598754883,0.12471699714660645,0.12471699714660645,0.0035431385040283203,0.0035431385040283203,0.12471699714660645,8,0.12471699714660645,8,4.6,3.59,10.0,10,144,20
rock_12_100_models_0.2,0.21538305282592773,0.14069032669067383,0.1331636905670166,0.1331636905670166,0.0009000301361083984,0.0009000301361083984,0.1331636905670166,8,0.1331636905670166,8,4.22,4.22,8.0,8,144,20
rock_12_100_models_0.2,0.20964956283569336,0.134871244430542,0.1216428279876709,0.1216428279876709,0.0036029815673828125,0.0036029815673828125,0.1216428279876709,8,0.1216428279876709,8,5.2,4.46,10.0,10,144,20
rock_12_100_models_0.2,0.20939946174621582,0.14357709884643555,0.12413287162780762,0.12413287162780762,0.0009620189666748047,0.0009620189666748047,0.12413287162780762,8,0.12413287162780762,8,5.11,3.65,8.0,8,144,20
rock_12_100_models_0.2,0.20209860801696777,0.13414812088012695,0.12652993202209473,0.12652993202209473,0.0009469985961914062,0.0009469985961914062,0.12652993202209473,8,0.12652993202209473,8,4.61,4.61,8.0,8,144,20
grid_16_10_models_0.1,0.550255537033081,0.030105113983154297,0.024981975555419922,0.024981975555419922,0.0004889965057373047,0.0004889965057373047,0.024981975555419922,6,0.024981975555419922,6,3.4,3.4,6.0,6,256,20
grid_16_10_models_0.1,0.5521450042724609,0.02862095832824707,0.02374887466430664,0.02374887466430664,0.00047016143798828125,0.00047016143798828125,0.02374887466430664,6,0.02374887466430664,6,3.3,3.3,6.0,6,256,20
grid_16_10_models_0.1,0.4843103885650635,0.02901911735534668,0.023697853088378906,0.023697853088378906,0.0003662109375,0.0003662109375,0.023697853088378906,5,0.023697853088378906,5,2.8,2.8,5.0,5,256,20
grid_16_10_models_0.1,0.629183292388916,0.029831886291503906,0.02432417869567871,0.02432417869567871,0.0006358623504638672,0.0006358623504638672,0.02432417869567871,7,0.02432417869567871,7,4.2,4.2,7.0,7,256,20
grid_16_10_models_0.1,0.459697961807251,0.02775406837463379,0.023271799087524414,0.023271799087524414,0.0003509521484375,0.0003509521484375,0.023271799087524414,5,0.023271799087524414,5,3.4,3.4,5.0,5,256,20
grid_16_10_models_0.15,0.5389575958251953,0.02971196174621582,0.02534008026123047,0.02534008026123047,0.0004930496215820312,0.0004930496215820312,0.02534008026123047,6,0.02534008026123047,6,3.2,3.2,6.0,6,256,20
grid_16_10_models_0.15,0.4641380310058594,0.031117916107177734,0.023676156997680664,0.023676156997680664,0.0005097389221191406,0.0005097389221191406,0.023676156997680664,5,0.023676156997680664,5,2.7,2.7,6.0,6,256,20
grid_16_10_models_0.15,0.536975622177124,0.027518033981323242,0.024061203002929688,0.024061203002929688,0.000492095947265625,0.000492095947265625,0.024061203002929688,6,0.024061203002929688,6,3.7,3.7,6.0,6,256,20
grid_16_10_models_0.15,0.5147004127502441,0.027246713638305664,0.023647069931030273,0.023647069931030273,0.00048828125,0.00048828125,0.023647069931030273,6,0.023647069931030273,6,3.6,3.6,6.0,6,256,20
grid_16_10_models_0.15,0.2955145835876465,0.02906513214111328,0.023591995239257812,0.023591995239257812,0.00019407272338867188,0.00019407272338867188,0.023591995239257812,3,0.023591995239257812,3,1.8,1.8,3.0,3,256,20
grid_16_10_models_0.2,0.49114227294921875,0.029674053192138672,0.024638891220092773,0.024638891220092773,0.0004658699035644531,0.0004658699035644531,0.024638891220092773,6,0.024638891220092773,6,3.0,3.0,6.0,6,256,20
grid_16_10_models_0.2,0.4168245792388916,0.026232242584228516,0.022612810134887695,0.022612810134887695,0.00037026405334472656,0.00037026405334472656,0.022612810134887695,5,0.022612810134887695,5,2.9,2.9,5.0,5,256,20
grid_16_10_models_0.2,0.5043203830718994,0.02800607681274414,0.02404189109802246,0.02404189109802246,0.0004899501800537109,0.0004899501800537109,0.02404189109802246,6,0.02404189109802246,6,3.3,3.3,6.0,6,256,20
grid_16_10_models_0.2,0.5050976276397705,0.027743101119995117,0.022841930389404297,0.022841930389404297,0.00048279762268066406,0.00048279762268066406,0.022841930389404297,6,0.022841930389404297,6,2.9,2.9,6.0,6,256,20
grid_16_10_models_0.2,0.47388601303100586,0.025524139404296875,0.023077964782714844,0.023077964782714844,0.0006170272827148438,0.0006170272827148438,0.023077964782714844,6,0.023077964782714844,6,3.4,2.8,7.0,7,256,20
puddle_16_10_models_0.1,0.6452162265777588,0.030193090438842773,0.023907899856567383,0.023907899856567383,0.0006520748138427734,0.0006520748138427734,0.023907899856567383,7,0.023907899856567383,7,3.6,3.6,7.0,7,256,20
puddle_16_10_models_0.1,0.5621747970581055,0.030390024185180664,0.02474188804626465,0.02474188804626465,0.0004811286926269531,0.0004811286926269531,0.02474188804626465,6,0.02474188804626465,6,3.4,3.4,6.0,6,256,20
puddle_16_10_models_0.1,0.5498425960540771,0.0307619571685791,0.025830984115600586,0.025830984115600586,0.00047898292541503906,0.00047898292541503906,0.025830984115600586,6,0.025830984115600586,6,3.0,3.0,6.0,6,256,20
puddle_16_10_models_0.1,0.5630013942718506,0.029433012008666992,0.024441003799438477,0.024441003799438477,0.0004780292510986328,0.0004780292510986328,0.024441003799438477,6,0.024441003799438477,6,3.2,3.2,6.0,6,256,20
puddle_16_10_models_0.1,0.4750981330871582,0.02837681770324707,0.024738073348999023,0.024738073348999023,0.00033211708068847656,0.00033211708068847656,0.024738073348999023,5,0.024738073348999023,5,2.8,2.8,5.0,5,256,20
puddle_16_10_models_0.15,0.6113193035125732,0.02897500991821289,0.023555994033813477,0.023555994033813477,0.0010008811950683594,0.0010008811950683594,0.023555994033813477,7,0.023555994033813477,7,3.7,3.9,8.0,8,256,20
puddle_16_10_models_0.15,0.44162607192993164,0.02778911590576172,0.023482084274291992,0.023482084274291992,0.00036597251892089844,0.00036597251892089844,0.023482084274291992,5,0.023482084274291992,5,2.1,2.1,5.0,5,256,20
puddle_16_10_models_0.15,0.5130369663238525,0.030424118041992188,0.026094913482666016,0.026094913482666016,0.0004820823669433594,0.0004820823669433594,0.026094913482666016,6,0.026094913482666016,6,3.6,3.6,6.0,6,256,20
puddle_16_10_models_0.15,0.4413290023803711,0.028132915496826172,0.027805089950561523,0.027805089950561523,0.0003879070281982422,0.0003879070281982422,0.027805089950561523,5,0.027805089950561523,5,3.0,3.0,5.0,5,256,20
puddle_16_10_models_0.15,0.4327077865600586,0.028751850128173828,0.024554014205932617,0.024554014205932617,0.000347137451171875,0.000347137451171875,0.024554014205932617,5,0.024554014205932617,5,2.8,2.8,5.0,5,256,20
puddle_16_10_models_0.2,0.4834427833557129,0.027276992797851562,0.023092031478881836,0.023092031478881836,0.00047206878662109375,0.00047206878662109375,0.023092031478881836,6,0.023092031478881836,6,2.9,2.9,6.0,6,256,20
puddle_16_10_models_0.2,0.4857652187347412,0.028461217880249023,0.0265047550201416,0.0265047550201416,0.0006940364837646484,0.0006940364837646484,0.0265047550201416,6,0.0265047550201416,6,3.1,2.9,7.0,7,256,20
puddle_16_10_models_0.2,0.5922815799713135,0.029855966567993164,0.025966167449951172,0.025966167449951172,0.0006558895111083984,0.0006558895111083984,0.025966167449951172,7,0.025966167449951172,7,3.9,3.9,7.0,7,256,20
puddle_16_10_models_0.2,0.5992896556854248,0.0281219482421875,0.022033214569091797,0.022033214569091797,0.0009889602661132812,0.0009889602661132812,0.022033214569091797,7,0.022033214569091797,7,4.5,3.6,8.0,8,256,20
puddle_16_10_models_0.2,0.5529682636260986,0.02682185173034668,0.025648832321166992,0.025648832321166992,0.0006430149078369141,0.0006430149078369141,0.025648832321166992,7,0.025648832321166992,7,3.9,3.9,7.0,7,256,20
rock_16_10_models_0.1,0.5473885536193848,0.03049182891845703,0.024404287338256836,0.024404287338256836,0.0004737377166748047,0.0004737377166748047,0.024404287338256836,6,0.024404287338256836,6,3.0,3.0,6.0,6,256,20
rock_16_10_models_0.1,0.476682186126709,0.03101801872253418,0.023669004440307617,0.023669004440307617,0.00035309791564941406,0.00035309791564941406,0.023669004440307617,5,0.023669004440307617,5,2.9,2.9,5.0,5,256,20
rock_16_10_models_0.1,0.6290938854217529,0.030169963836669922,0.024756908416748047,0.024756908416748047,0.0006394386291503906,0.0006394386291503906,0.024756908416748047,7,0.024756908416748047,7,4.1,4.1,7.0,7,256,20
rock_16_10_models_0.1,0.5498940944671631,0.029269933700561523,0.024914979934692383,0.024914979934692383,0.00047326087951660156,0.00047326087951660156,0.024914979934692383,6,0.024914979934692383,6,2.5,2.5,6.0,6,256,20
rock_16_10_models_0.1,0.5447952747344971,0.028831958770751953,0.02354717254638672,0.02354717254638672,0.000476837158203125,0.000476837158203125,0.02354717254638672,6,0.02354717254638672,6,3.3,3.3,6.0,6,256,20
rock_16_10_models_0.15,0.5168788433074951,0.028878211975097656,0.025061845779418945,0.025061845779418945,0.0006630420684814453,0.0006630420684814453,0.025061845779418945,6,0.025061845779418945,6,3.4,3.4,7.0,7,256,20
rock_16_10_models_0.15,0.5205049514770508,0.03023695945739746,0.0245511531829834,0.0245511531829834,0.0006988048553466797,0.0006988048553466797,0.0245511531829834,6,0.0245511531829834,6,3.3,3.0,7.0,7,256,20
rock_16_10_models_0.15,0.5954551696777344,0.028664112091064453,0.025471925735473633,0.025471925735473633,0.0006530284881591797,0.0006530284881591797,0.025471925735473633,7,0.025471925735473633,7,4.1,4.1,7.0,7,256,20
rock_16_10_models_0.15,0.5921719074249268,0.02811908721923828,0.024592161178588867,0.024592161178588867,0.0006527900695800781,0.0006527900695800781,0.024592161178588867,7,0.024592161178588867,7,4.5,4.5,7.0,7,256,20
rock_16_10_models_0.15,0.448014497756958,0.02777385711669922,0.022882938385009766,0.022882938385009766,0.00024199485778808594,0.00024199485778808594,0.022882938385009766,3,0.022882938385009766,3,1.9,1.9,3.0,3,256,20
rock_16_10_models_0.2,0.4896814823150635,0.027304887771606445,0.02413797378540039,0.02413797378540039,0.0004820823669433594,0.0004820823669433594,0.02413797378540039,6,0.02413797378540039,6,2.8,2.8,6.0,6,256,20
rock_16_10_models_0.2,0.4413619041442871,0.027153968811035156,0.02270793914794922,0.02270793914794922,0.0004000663757324219,0.0004000663757324219,0.02270793914794922,5,0.02270793914794922,5,2.9,2.9,5.0,5,256,20
rock_16_10_models_0.2,0.5817139148712158,0.02805304527282715,0.02420210838317871,0.02420210838317871,0.0016901493072509766,0.0016901493072509766,0.02420210838317871,7,0.02420210838317871,7,3.8,3.8,9.0,9,256,20
rock_16_10_models_0.2,0.4175746440887451,0.026675939559936523,0.023949861526489258,0.023949861526489258,0.0003628730773925781,0.0003628730773925781,0.023949861526489258,5,0.023949861526489258,5,2.5,2.5,5.0,5,256,20
rock_16_10_models_0.2,0.5145144462585449,0.027966976165771484,0.024235010147094727,0.024235010147094727,0.0004558563232421875,0.0004558563232421875,0.024235010147094727,6,0.024235010147094727,6,3.3,3.3,6.0,6,256,20
grid_16_30_models_0.1,0.7157824039459229,0.08411812782287598,0.07599377632141113,0.07599377632141113,0.0009641647338867188,0.0009641647338867188,0.07599377632141113,8,0.07599377632141113,8,4.566666666666666,4.566666666666666,8.0,8,256,20
grid_16_30_models_0.1,0.725775957107544,0.07832193374633789,0.07365894317626953,0.07365894317626953,0.0009913444519042969,0.0009913444519042969,0.07365894317626953,8,0.07365894317626953,8,3.9,3.9,8.0,8,256,20
grid_16_30_models_0.1,0.7094128131866455,0.0804290771484375,0.07461094856262207,0.07461094856262207,0.0009768009185791016,0.0009768009185791016,0.07461094856262207,8,0.07461094856262207,8,5.0,5.0,8.0,8,256,20
grid_16_30_models_0.1,0.7057895660400391,0.08632493019104004,0.073638916015625,0.073638916015625,0.0009791851043701172,0.0009791851043701172,0.073638916015625,8,0.073638916015625,8,4.366666666666666,4.366666666666666,8.0,8,256,20
grid_16_30_models_0.1,0.634361982345581,0.08215665817260742,0.07587409019470215,0.07587409019470215,0.0006170272827148438,0.0006170272827148438,0.07587409019470215,7,0.07587409019470215,7,3.3333333333333335,3.3333333333333335,7.0,7,256,20
grid_16_30_models_0.15,0.6709930896759033,0.08006882667541504,0.07230210304260254,0.07230210304260254,0.0009968280792236328,0.0009968280792236328,0.07230210304260254,8,0.07230210304260254,8,4.766666666666667,4.766666666666667,8.0,8,256,20
grid_16_30_models_0.15,0.5872642993927002,0.0814211368560791,0.07046294212341309,0.07046294212341309,0.0006458759307861328,0.0006458759307861328,0.07046294212341309,7,0.07046294212341309,7,3.566666666666667,3.566666666666667,7.0,7,256,20
grid_16_30_models_0.15,0.6842994689941406,0.07889604568481445,0.07361698150634766,0.07361698150634766,0.0009448528289794922,0.0009448528289794922,0.07361698150634766,8,0.07361698150634766,8,4.8,4.8,8.0,8,256,20
grid_16_30_models_0.15,0.6834332942962646,0.08044695854187012,0.07065510749816895,0.07065510749816895,0.0009338855743408203,0.0009338855743408203,0.07065510749816895,8,0.07065510749816895,8,4.733333333333333,4.733333333333333,8.0,8,256,20
grid_16_30_models_0.15,0.6435790061950684,0.07488393783569336,0.06801700592041016,0.06801700592041016,0.001600027084350586,0.001600027084350586,0.06801700592041016,8,0.06801700592041016,8,4.833333333333333,4.766666666666667,9.0,9,256,20
grid_16_30_models_0.2,0.6172981262207031,0.07743430137634277,0.06817984580993652,0.06817984580993652,0.010035991668701172,0.010035991668701172,0.06817984580993652,8,0.06817984580993652,8,6.366666666666666,5.033333333333333,11.0,11,256,20
grid_16_30_models_0.2,0.663729190826416,0.07811689376831055,0.07427811622619629,0.07427811622619629,0.0010037422180175781,0.0010037422180175781,0.07427811622619629,8,0.07427811622619629,8,4.3,4.3,8.0,8,256,20
grid_16_30_models_0.2,0.5941753387451172,0.0812528133392334,0.07128405570983887,0.07128405570983887,0.0006520748138427734,0.0006520748138427734,0.07128405570983887,7,0.07128405570983887,7,3.8,3.8,7.0,7,256,20
grid_16_30_models_0.2,0.6664736270904541,0.0778203010559082,0.06903672218322754,0.06903672218322754,0.0017180442810058594,0.0017180442810058594,0.06903672218322754,8,0.06903672218322754,8,4.266666666666667,3.1666666666666665,9.0,9,256,20
grid_16_30_models_0.2,0.5548014640808105,0.08119702339172363,0.0730440616607666,0.0730440616607666,0.0009441375732421875,0.0009441375732421875,0.0730440616607666,7,0.0730440616607666,7,3.7666666666666666,3.7666666666666666,8.0,8,256,20
puddle_16_30_models_0.1,0.7054977416992188,0.08346772193908691,0.07249617576599121,0.07249617576599121,0.0009279251098632812,0.0009279251098632812,0.07249617576599121,8,0.07249617576599121,8,3.8666666666666667,3.8666666666666667,8.0,8,256,20
puddle_16_30_models_0.1,0.708629846572876,0.08154416084289551,0.07224178314208984,0.07224178314208984,0.0009279251098632812,0.0009279251098632812,0.07224178314208984,8,0.07224178314208984,8,4.033333333333333,4.033333333333333,8.0,8,256,20
puddle_16_30_models_0.1,0.7027645111083984,0.08381175994873047,0.07121515274047852,0.07121515274047852,0.0009081363677978516,0.0009081363677978516,0.07121515274047852,8,0.07121515274047852,8,4.633333333333334,4.633333333333334,8.0,8,256,20
puddle_16_30_models_0.1,0.7069287300109863,0.08059883117675781,0.07100796699523926,0.07100796699523926,0.00092315673828125,0.00092315673828125,0.07100796699523926,8,0.07100796699523926,8,4.466666666666667,4.466666666666667,8.0,8,256,20
puddle_16_30_models_0.1,0.6888840198516846,0.08145594596862793,0.07169294357299805,0.07169294357299805,0.0009181499481201172,0.0009181499481201172,0.07169294357299805,8,0.07169294357299805,8,4.466666666666667,4.466666666666667,8.0,8,256,20
puddle_16_30_models_0.15,0.5957138538360596,0.0767970085144043,0.0749979019165039,0.0749979019165039,0.0006079673767089844,0.0006079673767089844,0.0749979019165039,7,0.0749979019165039,7,3.6333333333333333,3.6333333333333333,7.0,7,256,20
puddle_16_30_models_0.15,0.6716194152832031,0.08032989501953125,0.0694122314453125,0.0694122314453125,0.0009758472442626953,0.0009758472442626953,0.0694122314453125,8,0.0694122314453125,8,4.266666666666667,4.266666666666667,8.0,8,256,20
puddle_16_30_models_0.15,0.6672759056091309,0.08188080787658691,0.07130289077758789,0.07130289077758789,0.0017592906951904297,0.0017592906951904297,0.07130289077758789,8,0.07130289077758789,8,3.933333333333333,4.433333333333334,9.0,9,256,20
puddle_16_30_models_0.15,0.6687319278717041,0.0828092098236084,0.06923294067382812,0.06923294067382812,0.0017099380493164062,0.0017099380493164062,0.06923294067382812,8,0.06923294067382812,8,4.333333333333333,4.466666666666667,9.0,9,256,20
puddle_16_30_models_0.15,0.6728217601776123,0.08072018623352051,0.07272982597351074,0.07272982597351074,0.0009808540344238281,0.0009808540344238281,0.07272982597351074,8,0.07272982597351074,8,4.5,4.5,8.0,8,256,20
puddle_16_30_models_0.2,0.6433618068695068,0.07572317123413086,0.06800580024719238,0.06800580024719238,0.0009489059448242188,0.0009489059448242188,0.06800580024719238,8,0.06800580024719238,8,4.633333333333334,4.633333333333334,8.0,8,256,20
puddle_16_30_models_0.2,0.7273762226104736,0.08286380767822266,0.07061195373535156,0.07061195373535156,0.0009601116180419922,0.0009601116180419922,0.07061195373535156,8,0.07061195373535156,8,4.333333333333333,4.333333333333333,8.0,8,256,20
puddle_16_30_models_0.2,0.6689329147338867,0.08190298080444336,0.06989502906799316,0.06989502906799316,0.0016939640045166016,0.0016939640045166016,0.06989502906799316,8,0.06989502906799316,8,4.066666666666666,3.433333333333333,9.0,9,256,20
puddle_16_30_models_0.2,0.5900154113769531,0.08090496063232422,0.06746816635131836,0.06746816635131836,0.003610849380493164,0.003610849380493164,0.06746816635131836,7,0.06746816635131836,7,4.233333333333333,3.7666666666666666,10.0,10,256,20
puddle_16_30_models_0.2,0.6496567726135254,0.0775461196899414,0.07281684875488281,0.07281684875488281,0.0009410381317138672,0.0009410381317138672,0.07281684875488281,8,0.07281684875488281,8,4.633333333333334,4.633333333333334,8.0,8,256,20
rock_16_30_models_0.1,0.623542308807373,0.07725691795349121,0.07065391540527344,0.07065391540527344,0.0006349086761474609,0.0006349086761474609,0.07065391540527344,7,0.07065391540527344,7,3.7333333333333334,3.7333333333333334,7.0,7,256,20
rock_16_30_models_0.1,0.7121999263763428,0.08162569999694824,0.07480621337890625,0.07480621337890625,0.001683950424194336,0.001683950424194336,0.07480621337890625,8,0.07480621337890625,8,4.0,4.466666666666667,9.0,9,256,20
rock_16_30_models_0.1,0.6267669200897217,0.08429408073425293,0.0722358226776123,0.0722358226776123,0.0006411075592041016,0.0006411075592041016,0.0722358226776123,7,0.0722358226776123,7,3.533333333333333,3.533333333333333,7.0,7,256,20
rock_16_30_models_0.1,0.7007937431335449,0.08588075637817383,0.07299518585205078,0.07299518585205078,0.0009751319885253906,0.0009751319885253906,0.07299518585205078,8,0.07299518585205078,8,4.333333333333333,4.333333333333333,8.0,8,256,20
rock_16_30_models_0.1,0.7087221145629883,0.08508729934692383,0.07067489624023438,0.07067489624023438,0.0009329319000244141,0.0009329319000244141,0.07067489624023438,8,0.07067489624023438,8,4.0,4.0,8.0,8,256,20
rock_16_30_models_0.15,0.6612932682037354,0.0820779800415039,0.07697510719299316,0.07697510719299316,0.0016870498657226562,0.0016870498657226562,0.07697510719299316,8,0.07697510719299316,8,3.566666666666667,3.1333333333333333,9.0,9,256,20
rock_16_30_models_0.15,0.6628007888793945,0.0774240493774414,0.06906294822692871,0.06906294822692871,0.001664876937866211,0.001664876937866211,0.06906294822692871,8,0.06906294822692871,8,4.8,4.766666666666667,9.0,9,256,20
rock_16_30_models_0.15,0.6700088977813721,0.0806741714477539,0.0767977237701416,0.0767977237701416,0.0009992122650146484,0.0009992122650146484,0.0767977237701416,8,0.0767977237701416,8,4.633333333333334,4.633333333333334,8.0,8,256,20
rock_16_30_models_0.15,0.6868960857391357,0.08581686019897461,0.06975317001342773,0.06975317001342773,0.0009558200836181641,0.0009558200836181641,0.06975317001342773,8,0.06975317001342773,8,4.633333333333334,4.633333333333334,8.0,8,256,20
rock_16_30_models_0.15,0.6090784072875977,0.0764470100402832,0.07240009307861328,0.07240009307861328,0.00046372413635253906,0.00046372413635253906,0.07240009307861328,6,0.07240009307861328,6,3.466666666666667,3.466666666666667,6.0,6,256,20
rock_16_30_models_0.2,0.6688168048858643,0.08068108558654785,0.07793998718261719,0.07793998718261719,0.0017268657684326172,0.0017268657684326172,0.07793998718261719,8,0.07793998718261719,8,4.6,4.033333333333333,9.0,9,256,20
rock_16_30_models_0.2,0.6642084121704102,0.07757115364074707,0.07304120063781738,0.07304120063781738,0.0009877681732177734,0.0009877681732177734,0.07304120063781738,8,0.07304120063781738,8,4.9,4.9,8.0,8,256,20
rock_16_30_models_0.2,0.6251897811889648,0.08222079277038574,0.06886792182922363,0.06886792182922363,0.0009560585021972656,0.0009560585021972656,0.06886792182922363,8,0.06886792182922363,8,4.3,4.3,8.0,8,256,20
rock_16_30_models_0.2,0.6393201351165771,0.07654809951782227,0.07293105125427246,0.07293105125427246,0.0009980201721191406,0.0009980201721191406,0.07293105125427246,8,0.07293105125427246,8,4.1,4.1,8.0,8,256,20
rock_16_30_models_0.2,0.48402881622314453,0.07930278778076172,0.06917309761047363,0.06917309761047363,0.0009789466857910156,0.0009789466857910156,0.06917309761047363,6,0.06917309761047363,6,3.3333333333333335,2.6333333333333333,8.0,8,256,20
grid_16_60_models_0.1,0.7074337005615234,0.1639101505279541,0.14784479141235352,0.14784479141235352,0.0009570121765136719,0.0009570121765136719,0.14784479141235352,8,0.14784479141235352,8,4.166666666666667,4.166666666666667,8.0,8,256,20
grid_16_60_models_0.1,0.7091484069824219,0.16363215446472168,0.1496410369873047,0.1496410369873047,0.0016551017761230469,0.0016551017761230469,0.1496410369873047,8,0.1496410369873047,8,4.8,4.583333333333333,9.0,9,256,20
grid_16_60_models_0.1,0.7092506885528564,0.15714669227600098,0.14132928848266602,0.14132928848266602,0.0009288787841796875,0.0009288787841796875,0.14132928848266602,8,0.14132928848266602,8,5.133333333333334,5.133333333333334,8.0,8,256,20
grid_16_60_models_0.1,0.7066941261291504,0.16770124435424805,0.13533282279968262,0.13533282279968262,0.0009348392486572266,0.0009348392486572266,0.13533282279968262,8,0.13533282279968262,8,4.516666666666667,4.516666666666667,8.0,8,256,20
grid_16_60_models_0.1,0.6910350322723389,0.15728187561035156,0.13924503326416016,0.13924503326416016,0.0009119510650634766,0.0009119510650634766,0.13924503326416016,8,0.13924503326416016,8,3.816666666666667,3.816666666666667,8.0,8,256,20
grid_16_60_models_0.15,0.6666295528411865,0.15297293663024902,0.13863515853881836,0.13863515853881836,0.0035729408264160156,0.0035729408264160156,0.13863515853881836,8,0.13863515853881836,8,4.0,3.9166666666666665,10.0,10,256,20
grid_16_60_models_0.15,0.6803100109100342,0.1538071632385254,0.14660406112670898,0.14660406112670898,0.0010199546813964844,0.0010199546813964844,0.14660406112670898,8,0.14660406112670898,8,4.416666666666667,4.416666666666667,8.0,8,256,20
grid_16_60_models_0.15,0.6806671619415283,0.16192007064819336,0.1499488353729248,0.1499488353729248,0.0009493827819824219,0.0009493827819824219,0.1499488353729248,8,0.1499488353729248,8,4.5,4.5,8.0,8,256,20
grid_16_60_models_0.15,0.673192024230957,0.16199684143066406,0.14341306686401367,0.14341306686401367,0.0009789466857910156,0.0009789466857910156,0.14341306686401367,8,0.14341306686401367,8,4.683333333333334,4.683333333333334,8.0,8,256,20
grid_16_60_models_0.15,0.6842610836029053,0.16034913063049316,0.14405083656311035,0.14405083656311035,0.0009071826934814453,0.0009071826934814453,0.14405083656311035,8,0.14405083656311035,8,3.966666666666667,3.966666666666667,8.0,8,256,20
grid_16_60_models_0.2,0.6370639801025391,0.14483189582824707,0.14177203178405762,0.14177203178405762,0.0009350776672363281,0.0009350776672363281,0.14177203178405762,8,0.14177203178405762,8,4.916666666666667,4.916666666666667,8.0,8,256,20
grid_16_60_models_0.2,0.6447854042053223,0.15478301048278809,0.13803625106811523,0.13803625106811523,0.000982046127319336,0.000982046127319336,0.13803625106811523,8,0.13803625106811523,8,4.516666666666667,4.516666666666667,8.0,8,256,20
grid_16_60_models_0.2,0.6229507923126221,0.15058493614196777,0.143280029296875,0.143280029296875,0.0016789436340332031,0.0016789436340332031,0.143280029296875,8,0.143280029296875,8,4.583333333333333,4.5,9.0,9,256,20
grid_16_60_models_0.2,0.6617913246154785,0.14933419227600098,0.13617992401123047,0.13617992401123047,0.0009808540344238281,0.0009808540344238281,0.13617992401123047,8,0.13617992401123047,8,4.366666666666666,4.366666666666666,8.0,8,256,20
grid_16_60_models_0.2,0.6088817119598389,0.15182995796203613,0.14743900299072266,0.14743900299072266,0.0016300678253173828,0.0016300678253173828,0.14743900299072266,8,0.14743900299072266,8,4.233333333333333,3.8666666666666667,9.0,9,256,20
puddle_16_60_models_0.1,0.7079610824584961,0.16332578659057617,0.14299607276916504,0.14299607276916504,0.0009641647338867188,0.0009641647338867188,0.14299607276916504,8,0.14299607276916504,8,3.966666666666667,3.966666666666667,8.0,8,256,20
puddle_16_60_models_0.1,0.7288591861724854,0.16001486778259277,0.15110111236572266,0.15110111236572266,0.0009169578552246094,0.0009169578552246094,0.15110111236572266,8,0.15110111236572266,8,4.183333333333334,4.183333333333334,8.0,8,256,20
puddle_16_60_models_0.1,0.7193124294281006,0.1599442958831787,0.14444994926452637,0.14444994926452637,0.0009260177612304688,0.0009260177612304688,0.14444994926452637,8,0.14444994926452637,8,4.45,4.45,8.0,8,256,20
puddle_16_60_models_0.1,0.7125270366668701,0.1599750518798828,0.14087390899658203,0.14087390899658203,0.0009131431579589844,0.0009131431579589844,0.14087390899658203,8,0.14087390899658203,8,4.583333333333333,4.583333333333333,8.0,8,256,20
puddle_16_60_models_0.1,0.7234964370727539,0.1580371856689453,0.14788389205932617,0.14788389205932617,0.0009138584136962891,0.0009138584136962891,0.14788389205932617,8,0.14788389205932617,8,4.233333333333333,4.233333333333333,8.0,8,256,20
puddle_16_60_models_0.15,0.6602787971496582,0.15729308128356934,0.1374359130859375,0.1374359130859375,0.0016810894012451172,0.0016810894012451172,0.1374359130859375,8,0.1374359130859375,8,4.433333333333334,4.033333333333333,9.0,9,256,20
puddle_16_60_models_0.15,0.6845054626464844,0.15079092979431152,0.14033079147338867,0.14033079147338867,0.0009438991546630859,0.0009438991546630859,0.14033079147338867,8,0.14033079147338867,8,4.683333333333334,4.683333333333334,8.0,8,256,20
puddle_16_60_models_0.15,0.6818091869354248,0.15645599365234375,0.13952898979187012,0.13952898979187012,0.0017039775848388672,0.0017039775848388672,0.13952898979187012,8,0.13952898979187012,8,3.95,4.166666666666667,9.0,9,256,20
puddle_16_60_models_0.15,0.6647748947143555,0.15457367897033691,0.1383810043334961,0.1383810043334961,0.0009191036224365234,0.0009191036224365234,0.1383810043334961,8,0.1383810043334961,8,4.0,4.0,8.0,8,256,20
puddle_16_60_models_0.15,0.6653680801391602,0.14775705337524414,0.14115214347839355,0.14115214347839355,0.0009677410125732422,0.0009677410125732422,0.14115214347839355,8,0.14115214347839355,8,4.45,4.45,8.0,8,256,20
puddle_16_60_models_0.2,0.6929128170013428,0.15735697746276855,0.13932490348815918,0.13932490348815918,0.000942230224609375,0.000942230224609375,0.13932490348815918,8,0.13932490348815918,8,4.516666666666667,4.516666666666667,8.0,8,256,20
puddle_16_60_models_0.2,0.6401288509368896,0.15480899810791016,0.14835572242736816,0.14835572242736816,0.0009751319885253906,0.0009751319885253906,0.14835572242736816,8,0.14835572242736816,8,3.966666666666667,3.966666666666667,8.0,8,256,20
puddle_16_60_models_0.2,0.6402332782745361,0.1589980125427246,0.14560389518737793,0.14560389518737793,0.010519027709960938,0.010519027709960938,0.14560389518737793,8,0.14560389518737793,8,6.183333333333334,4.133333333333334,11.0,11,256,20
puddle_16_60_models_0.2,0.6813881397247314,0.15352582931518555,0.14711785316467285,0.14711785316467285,0.0009541511535644531,0.0009541511535644531,0.14711785316467285,8,0.14711785316467285,8,4.783333333333333,4.783333333333333,8.0,8,256,20
puddle_16_60_models_0.2,0.6352119445800781,0.14712810516357422,0.13845491409301758,0.13845491409301758,0.0009648799896240234,0.0009648799896240234,0.13845491409301758,8,0.13845491409301758,8,4.3,4.3,8.0,8,256,20
rock_16_60_models_0.1,0.7146785259246826,0.15617704391479492,0.14513015747070312,0.14513015747070312,0.0009548664093017578,0.0009548664093017578,0.14513015747070312,8,0.14513015747070312,8,3.8666666666666667,3.8666666666666667,8.0,8,256,20
rock_16_60_models_0.1,0.7121403217315674,0.16003203392028809,0.14002394676208496,0.14002394676208496,0.000993967056274414,0.000993967056274414,0.14002394676208496,8,0.14002394676208496,8,3.6166666666666667,3.6166666666666667,8.0,8,256,20
rock_16_60_models_0.1,0.7081365585327148,0.15978479385375977,0.15189027786254883,0.15189027786254883,0.0009999275207519531,0.0009999275207519531,0.15189027786254883,8,0.15189027786254883,8,4.366666666666666,4.366666666666666,8.0,8,256,20
rock_16_60_models_0.1,0.7077810764312744,0.16945910453796387,0.14706707000732422,0.14706707000732422,0.0016639232635498047,0.0016639232635498047,0.14706707000732422,8,0.14706707000732422,8,4.65,4.65,9.0,9,256,20
rock_16_60_models_0.1,0.6964654922485352,0.15528202056884766,0.1420450210571289,0.1420450210571289,0.0008971691131591797,0.0008971691131591797,0.1420450210571289,8,0.1420450210571289,8,4.45,4.45,8.0,8,256,20
rock_16_60_models_0.15,0.694127082824707,0.15948104858398438,0.1388721466064453,0.1388721466064453,0.0009827613830566406,0.0009827613830566406,0.1388721466064453,8,0.1388721466064453,8,4.233333333333333,4.233333333333333,8.0,8,256,20
rock_16_60_models_0.15,0.6687889099121094,0.16170120239257812,0.14719319343566895,0.14719319343566895,0.0036008358001708984,0.0036008358001708984,0.14719319343566895,8,0.14719319343566895,8,4.7,4.3,10.0,10,256,20
rock_16_60_models_0.15,0.670377254486084,0.16288161277770996,0.14346718788146973,0.14346718788146973,0.0009272098541259766,0.0009272098541259766,0.14346718788146973,8,0.14346718788146973,8,4.45,4.45,8.0,8,256,20
rock_16_60_models_0.15,0.6655368804931641,0.16260004043579102,0.14742088317871094,0.14742088317871094,0.0009541511535644531,0.0009541511535644531,0.14742088317871094,8,0.14742088317871094,8,4.35,4.35,8.0,8,256,20
rock_16_60_models_0.15,0.6713507175445557,0.15705227851867676,0.14856982231140137,0.14856982231140137,0.0016591548919677734,0.0016591548919677734,0.14856982231140137,8,0.14856982231140137,8,4.283333333333333,3.7333333333333334,9.0,9,256,20
rock_16_60_models_0.2,0.6199150085449219,0.15627813339233398,0.14289093017578125,0.14289093017578125,0.0009589195251464844,0.0009589195251464844,0.14289093017578125,8,0.14289093017578125,8,4.283333333333333,4.283333333333333,8.0,8,256,20
rock_16_60_models_0.2,0.6857497692108154,0.15203237533569336,0.14206385612487793,0.14206385612487793,0.0009829998016357422,0.0009829998016357422,0.14206385612487793,8,0.14206385612487793,8,4.483333333333333,4.483333333333333,8.0,8,256,20
rock_16_60_models_0.2,0.6252293586730957,0.16043686866760254,0.15334415435791016,0.15334415435791016,0.00092315673828125,0.00092315673828125,0.15334415435791016,8,0.15334415435791016,8,4.116666666666666,4.116666666666666,8.0,8,256,20
rock_16_60_models_0.2,0.6248178482055664,0.1555020809173584,0.1416940689086914,0.1416940689086914,0.001714944839477539,0.001714944839477539,0.1416940689086914,8,0.1416940689086914,8,4.666666666666667,4.283333333333333,9.0,9,256,20
rock_16_60_models_0.2,0.6309237480163574,0.1506969928741455,0.13994598388671875,0.13994598388671875,0.001631021499633789,0.001631021499633789,0.13994598388671875,8,0.13994598388671875,8,4.6,4.05,9.0,9,256,20
grid_16_100_models_0.1,0.7251451015472412,0.2597179412841797,0.242933988571167,0.242933988571167,0.00092315673828125,0.00092315673828125,0.242933988571167,8,0.242933988571167,8,4.44,4.44,8.0,8,256,20
grid_16_100_models_0.1,0.7083983421325684,0.28169894218444824,0.23833394050598145,0.23833394050598145,0.0009429454803466797,0.0009429454803466797,0.23833394050598145,8,0.23833394050598145,8,4.62,4.62,8.0,8,256,20
grid_16_100_models_0.1,0.7128174304962158,0.2537350654602051,0.23383688926696777,0.23383688926696777,0.0009658336639404297,0.0009658336639404297,0.23383688926696777,8,0.23383688926696777,8,3.94,3.94,8.0,8,256,20
grid_16_100_models_0.1,0.713263988494873,0.26871776580810547,0.24040913581848145,0.24040913581848145,0.0009191036224365234,0.0009191036224365234,0.24040913581848145,8,0.24040913581848145,8,4.36,4.36,8.0,8,256,20
grid_16_100_models_0.1,0.7099347114562988,0.2540748119354248,0.23970937728881836,0.23970937728881836,0.000949859619140625,0.000949859619140625,0.23970937728881836,8,0.23970937728881836,8,4.27,4.27,8.0,8,256,20
grid_16_100_models_0.15,0.6730074882507324,0.26320981979370117,0.23911404609680176,0.23911404609680176,0.0016620159149169922,0.0016620159149169922,0.23911404609680176,8,0.23911404609680176,8,4.21,4.12,9.0,9,256,20
grid_16_100_models_0.15,0.6939935684204102,0.25400590896606445,0.24217915534973145,0.24217915534973145,0.0009279251098632812,0.0009279251098632812,0.24217915534973145,8,0.24217915534973145,8,4.55,4.55,8.0,8,256,20
grid_16_100_models_0.15,0.6812701225280762,0.2671470642089844,0.22908425331115723,0.22908425331115723,0.0009598731994628906,0.0009598731994628906,0.22908425331115723,8,0.22908425331115723,8,4.72,4.72,8.0,8,256,20
grid_16_100_models_0.15,0.6651828289031982,0.26131200790405273,0.23680996894836426,0.23680996894836426,0.0009360313415527344,0.0009360313415527344,0.23680996894836426,8,0.23680996894836426,8,4.34,4.34,8.0,8,256,20
grid_16_100_models_0.15,0.6646387577056885,0.2593510150909424,0.23711395263671875,0.23711395263671875,0.0008947849273681641,0.0008947849273681641,0.23711395263671875,8,0.23711395263671875,8,4.28,4.28,8.0,8,256,20
grid_16_100_models_0.2,0.6660304069519043,0.2577657699584961,0.23784923553466797,0.23784923553466797,0.0009829998016357422,0.0009829998016357422,0.23784923553466797,8,0.23784923553466797,8,4.27,4.27,8.0,8,256,20
grid_16_100_models_0.2,0.6271564960479736,0.24355602264404297,0.24480104446411133,0.24480104446411133,0.009922027587890625,0.009922027587890625,0.24480104446411133,8,0.24480104446411133,8,4.93,3.41,11.0,11,256,20
grid_16_100_models_0.2,0.6603538990020752,0.2493000030517578,0.23216772079467773,0.23216772079467773,0.001699209213256836,0.001699209213256836,0.23216772079467773,8,0.23216772079467773,8,4.35,3.44,9.0,9,256,20
grid_16_100_models_0.2,0.6258237361907959,0.24553799629211426,0.24491596221923828,0.24491596221923828,0.0009899139404296875,0.0009899139404296875,0.24491596221923828,8,0.24491596221923828,8,3.92,3.92,8.0,8,256,20
grid_16_100_models_0.2,0.667172908782959,0.2729780673980713,0.23722386360168457,0.23722386360168457,0.0009431838989257812,0.0009431838989257812,0.23722386360168457,8,0.23722386360168457,8,4.53,4.53,8.0,8,256,20
puddle_16_100_models_0.1,0.7111849784851074,0.2683730125427246,0.24495410919189453,0.24495410919189453,0.0009531974792480469,0.0009531974792480469,0.24495410919189453,8,0.24495410919189453,8,4.29,4.29,8.0,8,256,20
puddle_16_100_models_0.1,0.7085585594177246,0.2551999092102051,0.24675512313842773,0.24675512313842773,0.0009388923645019531,0.0009388923645019531,0.24675512313842773,8,0.24675512313842773,8,4.15,4.15,8.0,8,256,20
puddle_16_100_models_0.1,0.7070960998535156,0.2705671787261963,0.2450730800628662,0.2450730800628662,0.0009667873382568359,0.0009667873382568359,0.2450730800628662,8,0.2450730800628662,8,4.17,4.17,8.0,8,256,20
puddle_16_100_models_0.1,0.7112836837768555,0.2626230716705322,0.23973989486694336,0.23973989486694336,0.0009567737579345703,0.0009567737579345703,0.23973989486694336,8,0.23973989486694336,8,4.62,4.62,8.0,8,256,20
puddle_16_100_models_0.1,0.6910707950592041,0.25430822372436523,0.25336790084838867,0.25336790084838867,0.0009031295776367188,0.0009031295776367188,0.25336790084838867,8,0.25336790084838867,8,4.2,4.2,8.0,8,256,20
puddle_16_100_models_0.15,0.6668920516967773,0.2502562999725342,0.23751187324523926,0.23751187324523926,0.0016770362854003906,0.0016770362854003906,0.23751187324523926,8,0.23751187324523926,8,4.1,4.03,9.0,9,256,20
puddle_16_100_models_0.15,0.6609187126159668,0.2621588706970215,0.2341780662536621,0.2341780662536621,0.0009288787841796875,0.0009288787841796875,0.2341780662536621,8,0.2341780662536621,8,4.27,4.27,8.0,8,256,20
puddle_16_100_models_0.15,0.6781978607177734,0.25135207176208496,0.23903107643127441,0.23903107643127441,0.0009279251098632812,0.0009279251098632812,0.23903107643127441,8,0.23903107643127441,8,4.62,4.62,8.0,8,256,20
puddle_16_100_models_0.15,0.6938309669494629,0.26520419120788574,0.2382678985595703,0.2382678985595703,0.0009658336639404297,0.0009658336639404297,0.2382678985595703,8,0.2382678985595703,8,4.51,4.51,8.0,8,256,20
puddle_16_100_models_0.15,0.6860640048980713,0.26715922355651855,0.24907279014587402,0.24907279014587402,0.0009500980377197266,0.0009500980377197266,0.24907279014587402,8,0.24907279014587402,8,4.44,4.44,8.0,8,256,20
puddle_16_100_models_0.2,0.6255342960357666,0.2529752254486084,0.2422199249267578,0.2422199249267578,0.0017049312591552734,0.0017049312591552734,0.2422199249267578,8,0.2422199249267578,8,4.33,4.38,9.0,9,256,20
puddle_16_100_models_0.2,0.6182501316070557,0.2582061290740967,0.22722291946411133,0.22722291946411133,0.0009598731994628906,0.0009598731994628906,0.22722291946411133,8,0.22722291946411133,8,4.0,4.0,8.0,8,256,20
puddle_16_100_models_0.2,0.6668853759765625,0.2438821792602539,0.24319982528686523,0.24319982528686523,0.0009250640869140625,0.0009250640869140625,0.24319982528686523,8,0.24319982528686523,8,4.25,4.25,8.0,8,256,20
puddle_16_100_models_0.2,0.6243162155151367,0.264390230178833,0.24988174438476562,0.24988174438476562,0.0009829998016357422,0.0009829998016357422,0.24988174438476562,8,0.24988174438476562,8,4.22,4.22,8.0,8,256,20
puddle_16_100_models_0.2,0.6229727268218994,0.23838210105895996,0.22564196586608887,0.22564196586608887,0.0009558200836181641,0.0009558200836181641,0.22564196586608887,8,0.22564196586608887,8,4.52,4.52,8.0,8,256,20
rock_16_100_models_0.1,0.7126760482788086,0.26341700553894043,0.2355670928955078,0.2355670928955078,0.0016431808471679688,0.0016431808471679688,0.2355670928955078,8,0.2355670928955078,8,4.04,4.34,9.0,9,256,20
rock_16_100_models_0.1,0.7167544364929199,0.2746620178222656,0.24199604988098145,0.24199604988098145,0.0009357929229736328,0.0009357929229736328,0.24199604988098145,8,0.24199604988098145,8,4.37,4.37,8.0,8,256,20
rock_16_100_models_0.1,0.7017679214477539,0.27176904678344727,0.24036884307861328,0.24036884307861328,0.0009582042694091797,0.0009582042694091797,0.24036884307861328,8,0.24036884307861328,8,3.94,3.94,8.0,8,256,20
rock_16_100_models_0.1,0.7022995948791504,0.274982213973999,0.23564600944519043,0.23564600944519043,0.0009338855743408203,0.0009338855743408203,0.23564600944519043,8,0.23564600944519043,8,4.31,4.31,8.0,8,256,20
rock_16_100_models_0.1,0.7132952213287354,0.25097107887268066,0.23583173751831055,0.23583173751831055,0.0009379386901855469,0.0009379386901855469,0.23583173751831055,8,0.23583173751831055,8,4.21,4.21,8.0,8,256,20
rock_16_100_models_0.15,0.667076826095581,0.2583489418029785,0.23005127906799316,0.23005127906799316,0.0009388923645019531,0.0009388923645019531,0.23005127906799316,8,0.23005127906799316,8,3.97,3.97,8.0,8,256,20
rock_16_100_models_0.15,0.6640691757202148,0.26642608642578125,0.24020719528198242,0.24020719528198242,0.0009307861328125,0.0009307861328125,0.24020719528198242,8,0.24020719528198242,8,4.24,4.24,8.0,8,256,20
rock_16_100_models_0.15,0.660771369934082,0.2527017593383789,0.2276921272277832,0.2276921272277832,0.0016489028930664062,0.0016489028930664062,0.2276921272277832,8,0.2276921272277832,8,4.67,4.8,9.0,9,256,20
rock_16_100_models_0.15,0.6838335990905762,0.26383376121520996,0.2326362133026123,0.2326362133026123,0.0009369850158691406,0.0009369850158691406,0.2326362133026123,8,0.2326362133026123,8,3.95,3.95,8.0,8,256,20
rock_16_100_models_0.15,0.6501152515411377,0.2510831356048584,0.23185491561889648,0.23185491561889648,0.0009279251098632812,0.0009279251098632812,0.23185491561889648,8,0.23185491561889648,8,4.41,4.41,8.0,8,256,20
rock_16_100_models_0.2,0.6687557697296143,0.2659027576446533,0.24591517448425293,0.24591517448425293,0.0009658336639404297,0.0009658336639404297,0.24591517448425293,8,0.24591517448425293,8,4.11,4.11,8.0,8,256,20
rock_16_100_models_0.2,0.6283485889434814,0.2544689178466797,0.24192595481872559,0.24192595481872559,0.0017900466918945312,0.0017900466918945312,0.24192595481872559,8,0.24192595481872559,8,4.22,3.69,9.0,9,256,20
rock_16_100_models_0.2,0.6218080520629883,0.25316309928894043,0.23938584327697754,0.23938584327697754,0.0016369819641113281,0.0016369819641113281,0.23938584327697754,8,0.23938584327697754,8,4.62,4.56,9.0,9,256,20
rock_16_100_models_0.2,0.6865613460540771,0.250302791595459,0.24262094497680664,0.24262094497680664,0.0009212493896484375,0.0009212493896484375,0.24262094497680664,8,0.24262094497680664,8,4.59,4.59,8.0,8,256,20
rock_16_100_models_0.2,0.646928071975708,0.2464430332183838,0.23515892028808594,0.23515892028808594,0.0009589195251464844,0.0009589195251464844,0.23515892028808594,8,0.23515892028808594,8,4.63,4.63,8.0,8,256,20
grid_20_10_models_0.1,1.5366661548614502,0.048097848892211914,0.041055917739868164,0.041055917739868164,0.0006451606750488281,0.0006451606750488281,0.041055917739868164,7,0.041055917739868164,7,4.0,4.0,7.0,7,400,20
grid_20_10_models_0.1,1.736839771270752,0.05333685874938965,0.04059195518493652,0.04059195518493652,0.0009438991546630859,0.0009438991546630859,0.04059195518493652,8,0.04059195518493652,8,4.2,4.2,8.0,8,400,20
grid_20_10_models_0.1,1.5155723094940186,0.049983978271484375,0.03977084159851074,0.03977084159851074,0.0006439685821533203,0.0006439685821533203,0.03977084159851074,7,0.03977084159851074,7,3.6,3.6,7.0,7,400,20
grid_20_10_models_0.1,1.337085247039795,0.05403780937194824,0.04174304008483887,0.04174304008483887,0.0005080699920654297,0.0005080699920654297,0.04174304008483887,6,0.04174304008483887,6,3.1,3.1,6.0,6,400,20
grid_20_10_models_0.1,1.1168034076690674,0.04986095428466797,0.04031991958618164,0.04031991958618164,0.0003750324249267578,0.0003750324249267578,0.04031991958618164,5,0.04031991958618164,5,2.9,2.9,5.0,5,400,20
grid_20_10_models_0.15,1.25968599319458,0.051164865493774414,0.041555166244506836,0.041555166244506836,0.0017018318176269531,0.0017018318176269531,0.041555166244506836,6,0.041555166244506836,6,4.2,3.3,9.0,9,400,20
grid_20_10_models_0.15,1.0824334621429443,0.0465550422668457,0.038207054138183594,0.038207054138183594,0.0003838539123535156,0.0003838539123535156,0.038207054138183594,5,0.038207054138183594,5,3.0,3.0,5.0,5,400,20
grid_20_10_models_0.15,1.3080410957336426,0.0502619743347168,0.0417330265045166,0.0417330265045166,0.00048804283142089844,0.00048804283142089844,0.0417330265045166,6,0.0417330265045166,6,3.2,3.2,6.0,6,400,20
grid_20_10_models_0.15,1.305105209350586,0.04763007164001465,0.03987002372741699,0.03987002372741699,0.0004889965057373047,0.0004889965057373047,0.03987002372741699,6,0.03987002372741699,6,3.1,3.1,6.0,6,400,20
grid_20_10_models_0.15,1.250558614730835,0.04779410362243652,0.043953895568847656,0.043953895568847656,0.0006530284881591797,0.0006530284881591797,0.043953895568847656,6,0.043953895568847656,6,3.3,3.3,7.0,7,400,20
grid_20_10_models_0.2,1.375701904296875,0.04849696159362793,0.041501760482788086,0.041501760482788086,0.0006473064422607422,0.0006473064422607422,0.041501760482788086,7,0.041501760482788086,7,4.1,4.1,7.0,7,400,20
grid_20_10_models_0.2,1.3381593227386475,0.04870486259460449,0.04477834701538086,0.04477834701538086,0.001008749008178711,0.001008749008178711,0.04477834701538086,7,0.04477834701538086,7,3.9,3.8,8.0,8,400,20
grid_20_10_models_0.2,1.1774611473083496,0.04655718803405762,0.04049491882324219,0.04049491882324219,0.0006511211395263672,0.0006511211395263672,0.04049491882324219,6,0.04049491882324219,6,2.9,2.9,7.0,7,400,20
grid_20_10_models_0.2,1.236407995223999,0.04617714881896973,0.04123497009277344,0.04123497009277344,0.0004878044128417969,0.0004878044128417969,0.04123497009277344,6,0.04123497009277344,6,3.8,3.8,6.0,6,400,20
grid_20_10_models_0.2,1.3582777976989746,0.04848909378051758,0.039214134216308594,0.039214134216308594,0.0009427070617675781,0.0009427070617675781,0.039214134216308594,7,0.039214134216308594,7,3.7,3.8,8.0,8,400,20
puddle_20_10_models_0.1,1.1443588733673096,0.0512540340423584,0.04282498359680176,0.04282498359680176,0.00037670135498046875,0.00037670135498046875,0.04282498359680176,5,0.04282498359680176,5,3.0,3.0,5.0,5,400,20
puddle_20_10_models_0.1,1.337127447128296,0.0502469539642334,0.0401310920715332,0.0401310920715332,0.0005030632019042969,0.0005030632019042969,0.0401310920715332,6,0.0401310920715332,6,3.8,3.8,6.0,6,400,20
puddle_20_10_models_0.1,1.5357773303985596,0.0493009090423584,0.042207956314086914,0.042207956314086914,0.0006251335144042969,0.0006251335144042969,0.042207956314086914,7,0.042207956314086914,7,3.5,3.5,7.0,7,400,20
puddle_20_10_models_0.1,1.3377487659454346,0.05150318145751953,0.04312491416931152,0.04312491416931152,0.0004878044128417969,0.0004878044128417969,0.04312491416931152,6,0.04312491416931152,6,3.2,3.2,6.0,6,400,20
puddle_20_10_models_0.1,1.1481106281280518,0.04665112495422363,0.04285001754760742,0.04285001754760742,0.00036597251892089844,0.00036597251892089844,0.04285001754760742,5,0.04285001754760742,5,3.0,3.0,5.0,5,400,20
puddle_20_10_models_0.15,1.3042776584625244,0.048460960388183594,0.03990006446838379,0.03990006446838379,0.0004949569702148438,0.0004949569702148438,0.03990006446838379,6,0.03990006446838379,6,3.5,3.5,6.0,6,400,20
puddle_20_10_models_0.15,1.0787029266357422,0.049252986907958984,0.042172908782958984,0.042172908782958984,0.00036716461181640625,0.00036716461181640625,0.042172908782958984,5,0.042172908782958984,5,2.8,2.8,5.0,5,400,20
puddle_20_10_models_0.15,1.2851529121398926,0.046233177185058594,0.03772282600402832,0.03772282600402832,0.0006489753723144531,0.0006489753723144531,0.03772282600402832,6,0.03772282600402832,6,3.2,3.1,7.0,7,400,20
puddle_20_10_models_0.15,1.4454247951507568,0.048581838607788086,0.04004621505737305,0.04004621505737305,0.0006358623504638672,0.0006358623504638672,0.04004621505737305,7,0.04004621505737305,7,4.3,4.3,7.0,7,400,20
puddle_20_10_models_0.15,1.2619619369506836,0.04609417915344238,0.04170989990234375,0.04170989990234375,0.00047206878662109375,0.00047206878662109375,0.04170989990234375,6,0.04170989990234375,6,3.9,3.9,6.0,6,400,20
puddle_20_10_models_0.2,1.343423843383789,0.04720711708068848,0.0392301082611084,0.0392301082611084,0.0004899501800537109,0.0004899501800537109,0.0392301082611084,6,0.0392301082611084,6,3.2,3.2,6.0,6,400,20
puddle_20_10_models_0.2,1.0652945041656494,0.04691886901855469,0.03816795349121094,0.03816795349121094,0.0003750324249267578,0.0003750324249267578,0.03816795349121094,5,0.03816795349121094,5,2.7,2.7,5.0,5,400,20
puddle_20_10_models_0.2,1.5046734809875488,0.04904818534851074,0.04134988784790039,0.04134988784790039,0.0006620883941650391,0.0006620883941650391,0.04134988784790039,7,0.04134988784790039,7,4.1,4.1,7.0,7,400,20
puddle_20_10_models_0.2,1.5622758865356445,0.04887223243713379,0.03859996795654297,0.03859996795654297,0.0009620189666748047,0.0009620189666748047,0.03859996795654297,8,0.03859996795654297,8,4.3,4.3,8.0,8,400,20
puddle_20_10_models_0.2,0.8914978504180908,0.0451507568359375,0.040430307388305664,0.040430307388305664,0.0001728534698486328,0.0001728534698486328,0.040430307388305664,2,0.040430307388305664,2,1.0,1.0,2.0,2,400,20
rock_20_10_models_0.1,1.1570148468017578,0.05279898643493652,0.04017996788024902,0.04017996788024902,0.0003592967987060547,0.0003592967987060547,0.04017996788024902,5,0.04017996788024902,5,3.0,3.0,5.0,5,400,20
rock_20_10_models_0.1,1.3422071933746338,0.04935026168823242,0.04228568077087402,0.04228568077087402,0.00048422813415527344,0.00048422813415527344,0.04228568077087402,6,0.04228568077087402,6,3.4,3.4,6.0,6,400,20
rock_20_10_models_0.1,1.554246187210083,0.053312063217163086,0.04044604301452637,0.04044604301452637,0.0006489753723144531,0.0006489753723144531,0.04044604301452637,7,0.04044604301452637,7,4.1,4.1,7.0,7,400,20
rock_20_10_models_0.1,1.3828864097595215,0.05149412155151367,0.04284501075744629,0.04284501075744629,0.0006608963012695312,0.0006608963012695312,0.04284501075744629,6,0.04284501075744629,6,3.3,3.6,7.0,7,400,20
rock_20_10_models_0.1,1.1341776847839355,0.049301862716674805,0.04162406921386719,0.04162406921386719,0.0003540515899658203,0.0003540515899658203,0.04162406921386719,5,0.04162406921386719,5,2.9,2.9,5.0,5,400,20
rock_20_10_models_0.15,1.2672131061553955,0.04898786544799805,0.03975415229797363,0.03975415229797363,0.000492095947265625,0.000492095947265625,0.03975415229797363,6,0.03975415229797363,6,3.4,3.4,6.0,6,400,20
rock_20_10_models_0.15,1.4495108127593994,0.04904031753540039,0.040062904357910156,0.040062904357910156,0.0006449222564697266,0.0006449222564697266,0.040062904357910156,7,0.040062904357910156,7,3.7,3.7,7.0,7,400,20
rock_20_10_models_0.15,1.4372727870941162,0.04758763313293457,0.04093432426452637,0.04093432426452637,0.0010030269622802734,0.0010030269622802734,0.04093432426452637,7,0.04093432426452637,7,4.3,4.3,8.0,8,400,20
rock_20_10_models_0.15,1.266038179397583,0.04700517654418945,0.04159283638000488,0.04159283638000488,0.0004849433898925781,0.0004849433898925781,0.04159283638000488,6,0.04159283638000488,6,3.7,3.7,6.0,6,400,20
rock_20_10_models_0.15,1.3026320934295654,0.049096107482910156,0.04125070571899414,0.04125070571899414,0.0006532669067382812,0.0006532669067382812,0.04125070571899414,6,0.04125070571899414,6,3.7,3.4,7.0,7,400,20
rock_20_10_models_0.2,1.4143235683441162,0.04703402519226074,0.0394749641418457,0.0394749641418457,0.0009522438049316406,0.0009522438049316406,0.0394749641418457,7,0.0394749641418457,7,4.5,4.3,8.0,8,400,20
rock_20_10_models_0.2,1.1887507438659668,0.049422264099121094,0.041278839111328125,0.041278839111328125,0.0009989738464355469,0.0009989738464355469,0.041278839111328125,6,0.041278839111328125,6,2.9,2.4,8.0,8,400,20
rock_20_10_models_0.2,1.2395963668823242,0.04851365089416504,0.0409541130065918,0.0409541130065918,0.0004570484161376953,0.0004570484161376953,0.0409541130065918,6,0.0409541130065918,6,3.2,3.2,6.0,6,400,20
rock_20_10_models_0.2,1.0128753185272217,0.04854083061218262,0.04456925392150879,0.04456925392150879,0.0004899501800537109,0.0004899501800537109,0.04456925392150879,5,0.04456925392150879,5,3.2,2.6,6.0,6,400,20
rock_20_10_models_0.2,1.1944935321807861,0.04731607437133789,0.03998208045959473,0.03998208045959473,0.0006577968597412109,0.0006577968597412109,0.03998208045959473,6,0.03998208045959473,6,3.8,2.8,7.0,7,400,20
grid_20_30_models_0.1,1.5299546718597412,0.13455796241760254,0.11856365203857422,0.11856365203857422,0.0006604194641113281,0.0006604194641113281,0.11856365203857422,7,0.11856365203857422,7,3.7,3.7,7.0,7,400,20
grid_20_30_models_0.1,1.7521772384643555,0.1332390308380127,0.12248110771179199,0.12248110771179199,0.0009579658508300781,0.0009579658508300781,0.12248110771179199,8,0.12248110771179199,8,3.8,3.8,8.0,8,400,20
grid_20_30_models_0.1,1.711484670639038,0.14084196090698242,0.1193239688873291,0.1193239688873291,0.0009641647338867188,0.0009641647338867188,0.1193239688873291,8,0.1193239688873291,8,4.4,4.4,8.0,8,400,20
grid_20_30_models_0.1,1.7154181003570557,0.13653111457824707,0.1242060661315918,0.1242060661315918,0.0009148120880126953,0.0009148120880126953,0.1242060661315918,8,0.1242060661315918,8,4.533333333333333,4.533333333333333,8.0,8,400,20
grid_20_30_models_0.1,1.7422785758972168,0.1383826732635498,0.12269210815429688,0.12269210815429688,0.0009610652923583984,0.0009610652923583984,0.12269210815429688,8,0.12269210815429688,8,4.566666666666666,4.566666666666666,8.0,8,400,20
grid_20_30_models_0.15,1.445460319519043,0.12641096115112305,0.11593508720397949,0.11593508720397949,0.0006229877471923828,0.0006229877471923828,0.11593508720397949,7,0.11593508720397949,7,3.9,3.9,7.0,7,400,20
grid_20_30_models_0.15,1.6040260791778564,0.1417369842529297,0.12679290771484375,0.12679290771484375,0.0009670257568359375,0.0009670257568359375,0.12679290771484375,8,0.12679290771484375,8,3.966666666666667,3.966666666666667,8.0,8,400,20
grid_20_30_models_0.15,1.6219871044158936,0.1306297779083252,0.11797213554382324,0.11797213554382324,0.0009329319000244141,0.0009329319000244141,0.11797213554382324,8,0.11797213554382324,8,4.766666666666667,4.766666666666667,8.0,8,400,20
grid_20_30_models_0.15,1.6235299110412598,0.1320638656616211,0.1149601936340332,0.1149601936340332,0.0016987323760986328,0.0016987323760986328,0.1149601936340332,8,0.1149601936340332,8,3.8666666666666667,3.6666666666666665,9.0,9,400,20
grid_20_30_models_0.15,1.585641860961914,0.13299202919006348,0.11671686172485352,0.11671686172485352,0.000926971435546875,0.000926971435546875,0.11671686172485352,8,0.11671686172485352,8,4.3,4.3,8.0,8,400,20
grid_20_30_models_0.2,1.4376845359802246,0.13243508338928223,0.12129712104797363,0.12129712104797363,0.0010590553283691406,0.0010590553283691406,0.12129712104797363,7,0.12129712104797363,7,3.7666666666666666,3.7333333333333334,8.0,8,400,20
grid_20_30_models_0.2,1.5681676864624023,0.13310694694519043,0.11543607711791992,0.11543607711791992,0.0009677410125732422,0.0009677410125732422,0.11543607711791992,8,0.11543607711791992,8,4.466666666666667,4.466666666666667,8.0,8,400,20
grid_20_30_models_0.2,1.5668182373046875,0.136491060256958,0.11602902412414551,0.11602902412414551,0.0009491443634033203,0.0009491443634033203,0.11602902412414551,8,0.11602902412414551,8,4.566666666666666,4.566666666666666,8.0,8,400,20
grid_20_30_models_0.2,1.5728931427001953,0.13373684883117676,0.12364506721496582,0.12364506721496582,0.0016579627990722656,0.0016579627990722656,0.12364506721496582,8,0.12364506721496582,8,4.3,4.633333333333334,9.0,9,400,20
grid_20_30_models_0.2,1.612839698791504,0.12961697578430176,0.14257192611694336,0.14257192611694336,0.0009541511535644531,0.0009541511535644531,0.14257192611694336,8,0.14257192611694336,8,3.7666666666666666,3.7666666666666666,8.0,8,400,20
puddle_20_30_models_0.1,1.734665870666504,0.13699913024902344,0.1284639835357666,0.1284639835357666,0.0009558200836181641,0.0009558200836181641,0.1284639835357666,8,0.1284639835357666,8,5.166666666666667,5.166666666666667,8.0,8,400,20
puddle_20_30_models_0.1,1.7201943397521973,0.14008188247680664,0.12245702743530273,0.12245702743530273,0.001644134521484375,0.001644134521484375,0.12245702743530273,8,0.12245702743530273,8,4.466666666666667,3.533333333333333,9.0,9,400,20
puddle_20_30_models_0.1,1.7153048515319824,0.14305472373962402,0.12211298942565918,0.12211298942565918,0.0009391307830810547,0.0009391307830810547,0.12211298942565918,8,0.12211298942565918,8,4.266666666666667,4.266666666666667,8.0,8,400,20
puddle_20_30_models_0.1,1.717216968536377,0.14249396324157715,0.1230781078338623,0.1230781078338623,0.0009491443634033203,0.0009491443634033203,0.1230781078338623,8,0.1230781078338623,8,4.633333333333334,4.633333333333334,8.0,8,400,20
puddle_20_30_models_0.1,1.6751518249511719,0.13251900672912598,0.12030315399169922,0.12030315399169922,0.0009410381317138672,0.0009410381317138672,0.12030315399169922,8,0.12030315399169922,8,4.633333333333334,4.633333333333334,8.0,8,400,20
puddle_20_30_models_0.15,1.6144170761108398,0.13887310028076172,0.12994980812072754,0.12994980812072754,0.001001119613647461,0.001001119613647461,0.12994980812072754,8,0.12994980812072754,8,4.3,4.3,8.0,8,400,20
puddle_20_30_models_0.15,1.6263928413391113,0.13366985321044922,0.12596917152404785,0.12596917152404785,0.0009438991546630859,0.0009438991546630859,0.12596917152404785,8,0.12596917152404785,8,4.933333333333334,4.933333333333334,8.0,8,400,20
puddle_20_30_models_0.15,1.4780399799346924,0.1331028938293457,0.11965322494506836,0.11965322494506836,0.0006530284881591797,0.0006530284881591797,0.11965322494506836,7,0.11965322494506836,7,3.8666666666666667,3.8666666666666667,7.0,7,400,20
puddle_20_30_models_0.15,1.606914758682251,0.13169407844543457,0.11870265007019043,0.11870265007019043,0.000982046127319336,0.000982046127319336,0.11870265007019043,8,0.11870265007019043,8,4.233333333333333,4.233333333333333,8.0,8,400,20
puddle_20_30_models_0.15,1.6165995597839355,0.13372015953063965,0.12616777420043945,0.12616777420043945,0.0009729862213134766,0.0009729862213134766,0.12616777420043945,8,0.12616777420043945,8,3.933333333333333,3.933333333333333,8.0,8,400,20
puddle_20_30_models_0.2,1.5760536193847656,0.13303208351135254,0.11766695976257324,0.11766695976257324,0.0009450912475585938,0.0009450912475585938,0.11766695976257324,8,0.11766695976257324,8,4.766666666666667,4.766666666666667,8.0,8,400,20
puddle_20_30_models_0.2,1.7254133224487305,0.13339591026306152,0.12788605690002441,0.12788605690002441,0.0010051727294921875,0.0010051727294921875,0.12788605690002441,8,0.12788605690002441,8,4.133333333333334,4.133333333333334,8.0,8,400,20
puddle_20_30_models_0.2,1.570810317993164,0.13794922828674316,0.13064980506896973,0.13064980506896973,0.0016438961029052734,0.0016438961029052734,0.13064980506896973,8,0.13064980506896973,8,4.866666666666666,4.3,9.0,9,400,20
puddle_20_30_models_0.2,1.5659518241882324,0.13483023643493652,0.11666274070739746,0.11666274070739746,0.0017490386962890625,0.0017490386962890625,0.11666274070739746,8,0.11666274070739746,8,3.7333333333333334,3.966666666666667,9.0,9,400,20
puddle_20_30_models_0.2,1.5209424495697021,0.12744808197021484,0.11174988746643066,0.11174988746643066,0.0016369819641113281,0.0016369819641113281,0.11174988746643066,8,0.11174988746643066,8,4.666666666666667,5.133333333333334,9.0,9,400,20
rock_20_30_models_0.1,1.5288169384002686,0.13843512535095215,0.11955714225769043,0.11955714225769043,0.0009999275207519531,0.0009999275207519531,0.11955714225769043,7,0.11955714225769043,7,3.8,3.1666666666666665,8.0,8,400,20
rock_20_30_models_0.1,1.7218096256256104,0.13394999504089355,0.12130880355834961,0.12130880355834961,0.0009438991546630859,0.0009438991546630859,0.12130880355834961,8,0.12130880355834961,8,4.5,4.5,8.0,8,400,20
rock_20_30_models_0.1,1.746572732925415,0.13984417915344238,0.12443065643310547,0.12443065643310547,0.0017061233520507812,0.0017061233520507812,0.12443065643310547,8,0.12443065643310547,8,4.033333333333333,4.166666666666667,9.0,9,400,20
rock_20_30_models_0.1,1.7279956340789795,0.1469879150390625,0.12526202201843262,0.12526202201843262,0.000949859619140625,0.000949859619140625,0.12526202201843262,8,0.12526202201843262,8,5.066666666666666,5.066666666666666,8.0,8,400,20
rock_20_30_models_0.1,1.7437007427215576,0.14266681671142578,0.12085318565368652,0.12085318565368652,0.000949859619140625,0.000949859619140625,0.12085318565368652,8,0.12085318565368652,8,4.0,4.0,8.0,8,400,20
rock_20_30_models_0.15,1.61729097366333,0.13695502281188965,0.12337398529052734,0.12337398529052734,0.0009181499481201172,0.0009181499481201172,0.12337398529052734,8,0.12337398529052734,8,4.2,4.2,8.0,8,400,20
rock_20_30_models_0.15,1.6128909587860107,0.13630104064941406,0.12597012519836426,0.12597012519836426,0.0009407997131347656,0.0009407997131347656,0.12597012519836426,8,0.12597012519836426,8,4.4,4.4,8.0,8,400,20
rock_20_30_models_0.15,1.6125645637512207,0.13674616813659668,0.11535882949829102,0.11535882949829102,0.0009291172027587891,0.0009291172027587891,0.11535882949829102,8,0.11535882949829102,8,4.4,4.4,8.0,8,400,20
rock_20_30_models_0.15,1.6468784809112549,0.12665677070617676,0.11446714401245117,0.11446714401245117,0.0016520023345947266,0.0016520023345947266,0.11446714401245117,8,0.11446714401245117,8,4.333333333333333,4.3,9.0,9,400,20
rock_20_30_models_0.15,1.614525556564331,0.1354079246520996,0.12571120262145996,0.12571120262145996,0.0009257793426513672,0.0009257793426513672,0.12571120262145996,8,0.12571120262145996,8,4.733333333333333,4.733333333333333,8.0,8,400,20
rock_20_30_models_0.2,1.531752347946167,0.13387393951416016,0.12204432487487793,0.12204432487487793,0.001714944839477539,0.001714944839477539,0.12204432487487793,8,0.12204432487487793,8,4.333333333333333,4.4,9.0,9,400,20
rock_20_30_models_0.2,1.6181414127349854,0.1293330192565918,0.1257610321044922,0.1257610321044922,0.0009829998016357422,0.0009829998016357422,0.1257610321044922,8,0.1257610321044922,8,3.933333333333333,3.933333333333333,8.0,8,400,20
rock_20_30_models_0.2,1.5643112659454346,0.13143205642700195,0.11882805824279785,0.11882805824279785,0.0009548664093017578,0.0009548664093017578,0.11882805824279785,8,0.11882805824279785,8,4.2,4.2,8.0,8,400,20
rock_20_30_models_0.2,1.670271873474121,0.13238215446472168,0.1251990795135498,0.1251990795135498,0.0009589195251464844,0.0009589195251464844,0.1251990795135498,8,0.1251990795135498,8,4.033333333333333,4.033333333333333,8.0,8,400,20
rock_20_30_models_0.2,1.5730812549591064,0.12598395347595215,0.12049484252929688,0.12049484252929688,0.0009851455688476562,0.0009851455688476562,0.12049484252929688,8,0.12049484252929688,8,3.933333333333333,3.933333333333333,8.0,8,400,20
grid_20_60_models_0.1,1.7220566272735596,0.26776814460754395,0.2306349277496338,0.2306349277496338,0.0009407997131347656,0.0009407997131347656,0.2306349277496338,8,0.2306349277496338,8,4.483333333333333,4.483333333333333,8.0,8,400,20
grid_20_60_models_0.1,1.73232102394104,0.26212573051452637,0.2498490810394287,0.2498490810394287,0.0009770393371582031,0.0009770393371582031,0.2498490810394287,8,0.2498490810394287,8,4.5,4.5,8.0,8,400,20
grid_20_60_models_0.1,1.7133457660675049,0.2671940326690674,0.23842191696166992,0.23842191696166992,0.0009410381317138672,0.0009410381317138672,0.23842191696166992,8,0.23842191696166992,8,4.016666666666667,4.016666666666667,8.0,8,400,20
grid_20_60_models_0.1,1.7101454734802246,0.2648000717163086,0.24242877960205078,0.24242877960205078,0.0009593963623046875,0.0009593963623046875,0.24242877960205078,8,0.24242877960205078,8,4.416666666666667,4.416666666666667,8.0,8,400,20
grid_20_60_models_0.1,1.6946933269500732,0.2586691379547119,0.23663592338562012,0.23663592338562012,0.0016150474548339844,0.0016150474548339844,0.23663592338562012,8,0.23663592338562012,8,4.366666666666666,4.35,9.0,9,400,20
grid_20_60_models_0.15,1.6270649433135986,0.2663090229034424,0.2342231273651123,0.2342231273651123,0.0009889602661132812,0.0009889602661132812,0.2342231273651123,8,0.2342231273651123,8,4.4,4.4,8.0,8,400,20
grid_20_60_models_0.15,1.619523525238037,0.25519800186157227,0.24248194694519043,0.24248194694519043,0.0010251998901367188,0.0010251998901367188,0.24248194694519043,8,0.24248194694519043,8,4.183333333333334,4.183333333333334,8.0,8,400,20
grid_20_60_models_0.15,1.6253077983856201,0.2670571804046631,0.23543691635131836,0.23543691635131836,0.0009789466857910156,0.0009789466857910156,0.23543691635131836,8,0.23543691635131836,8,4.333333333333333,4.333333333333333,8.0,8,400,20
grid_20_60_models_0.15,1.6058130264282227,0.26325225830078125,0.24228215217590332,0.24228215217590332,0.0016748905181884766,0.0016748905181884766,0.24228215217590332,8,0.24228215217590332,8,4.666666666666667,4.716666666666667,9.0,9,400,20
grid_20_60_models_0.15,1.6500256061553955,0.2571220397949219,0.23813581466674805,0.23813581466674805,0.0009682178497314453,0.0009682178497314453,0.23813581466674805,8,0.23813581466674805,8,4.083333333333333,4.083333333333333,8.0,8,400,20
grid_20_60_models_0.2,1.5637743473052979,0.25881195068359375,0.2409670352935791,0.2409670352935791,0.009572982788085938,0.009572982788085938,0.2409670352935791,8,0.2409670352935791,8,5.716666666666667,4.583333333333333,11.0,11,400,20
grid_20_60_models_0.2,1.6192078590393066,0.2573831081390381,0.23685503005981445,0.23685503005981445,0.0009427070617675781,0.0009427070617675781,0.23685503005981445,8,0.23685503005981445,8,4.566666666666666,4.566666666666666,8.0,8,400,20
grid_20_60_models_0.2,1.5712811946868896,0.2657349109649658,0.22884917259216309,0.22884917259216309,0.0009691715240478516,0.0009691715240478516,0.22884917259216309,8,0.22884917259216309,8,4.016666666666667,4.016666666666667,8.0,8,400,20
grid_20_60_models_0.2,1.6291954517364502,0.26346898078918457,0.2464132308959961,0.2464132308959961,0.00095367431640625,0.00095367431640625,0.2464132308959961,8,0.2464132308959961,8,4.516666666666667,4.516666666666667,8.0,8,400,20
grid_20_60_models_0.2,1.5500760078430176,0.2610139846801758,0.24474501609802246,0.24474501609802246,0.009752988815307617,0.009752988815307617,0.24474501609802246,8,0.24474501609802246,8,4.383333333333334,3.5166666666666666,11.0,11,400,20
puddle_20_60_models_0.1,1.7422137260437012,0.27121424674987793,0.23009777069091797,0.23009777069091797,0.0009741783142089844,0.0009741783142089844,0.23009777069091797,8,0.23009777069091797,8,4.4,4.4,8.0,8,400,20
puddle_20_60_models_0.1,1.7906675338745117,0.271914005279541,0.2454521656036377,0.2454521656036377,0.0009410381317138672,0.0009410381317138672,0.2454521656036377,8,0.2454521656036377,8,4.7,4.7,8.0,8,400,20
puddle_20_60_models_0.1,1.7155570983886719,0.2638988494873047,0.2502460479736328,0.2502460479736328,0.001699209213256836,0.001699209213256836,0.2502460479736328,8,0.2502460479736328,8,4.233333333333333,3.4166666666666665,9.0,9,400,20
puddle_20_60_models_0.1,1.7143235206604004,0.2774481773376465,0.22966885566711426,0.22966885566711426,0.0016849040985107422,0.0016849040985107422,0.22966885566711426,8,0.22966885566711426,8,4.966666666666667,5.0,9.0,9,400,20
puddle_20_60_models_0.1,1.7157371044158936,0.26370716094970703,0.24909496307373047,0.24909496307373047,0.0009298324584960938,0.0009298324584960938,0.24909496307373047,8,0.24909496307373047,8,4.7,4.7,8.0,8,400,20
puddle_20_60_models_0.15,1.610469102859497,0.2618906497955322,0.24771928787231445,0.24771928787231445,0.0009527206420898438,0.0009527206420898438,0.24771928787231445,8,0.24771928787231445,8,4.1,4.1,8.0,8,400,20
puddle_20_60_models_0.15,1.6168546676635742,0.2726409435272217,0.2373809814453125,0.2373809814453125,0.0009677410125732422,0.0009677410125732422,0.2373809814453125,8,0.2373809814453125,8,4.183333333333334,4.183333333333334,8.0,8,400,20
puddle_20_60_models_0.15,1.6313247680664062,0.2712080478668213,0.25704097747802734,0.25704097747802734,0.0009419918060302734,0.0009419918060302734,0.25704097747802734,8,0.25704097747802734,8,4.316666666666666,4.316666666666666,8.0,8,400,20
puddle_20_60_models_0.15,1.6602587699890137,0.2701396942138672,0.23132109642028809,0.23132109642028809,0.000988006591796875,0.000988006591796875,0.23132109642028809,8,0.23132109642028809,8,4.3,4.3,8.0,8,400,20
puddle_20_60_models_0.15,1.6152915954589844,0.24509406089782715,0.23901700973510742,0.23901700973510742,0.0009138584136962891,0.0009138584136962891,0.23901700973510742,8,0.23901700973510742,8,4.683333333333334,4.683333333333334,8.0,8,400,20
puddle_20_60_models_0.2,1.6785459518432617,0.2620878219604492,0.23221302032470703,0.23221302032470703,0.0009500980377197266,0.0009500980377197266,0.23221302032470703,8,0.23221302032470703,8,4.716666666666667,4.716666666666667,8.0,8,400,20
puddle_20_60_models_0.2,1.5807750225067139,0.24383187294006348,0.2589991092681885,0.2589991092681885,0.0009639263153076172,0.0009639263153076172,0.2589991092681885,8,0.2589991092681885,8,4.366666666666666,4.366666666666666,8.0,8,400,20
puddle_20_60_models_0.2,1.513514518737793,0.24724411964416504,0.24032902717590332,0.24032902717590332,0.0017499923706054688,0.0017499923706054688,0.24032902717590332,8,0.24032902717590332,8,4.65,3.3333333333333335,9.0,9,400,20
puddle_20_60_models_0.2,1.6082220077514648,0.28014492988586426,0.2262430191040039,0.2262430191040039,0.000942230224609375,0.000942230224609375,0.2262430191040039,8,0.2262430191040039,8,4.85,4.85,8.0,8,400,20
puddle_20_60_models_0.2,1.5278756618499756,0.2859530448913574,0.2385389804840088,0.2385389804840088,0.0017042160034179688,0.0017042160034179688,0.2385389804840088,8,0.2385389804840088,8,4.216666666666667,3.566666666666667,9.0,9,400,20
rock_20_60_models_0.1,1.7317867279052734,0.278674840927124,0.24257922172546387,0.24257922172546387,0.0009539127349853516,0.0009539127349853516,0.24257922172546387,8,0.24257922172546387,8,4.516666666666667,4.516666666666667,8.0,8,400,20
rock_20_60_models_0.1,1.76084303855896,0.259523868560791,0.25383710861206055,0.25383710861206055,0.0009448528289794922,0.0009448528289794922,0.25383710861206055,8,0.25383710861206055,8,4.6,4.6,8.0,8,400,20
rock_20_60_models_0.1,1.7458877563476562,0.27109193801879883,0.2334890365600586,0.2334890365600586,0.0009658336639404297,0.0009658336639404297,0.2334890365600586,8,0.2334890365600586,8,4.266666666666667,4.266666666666667,8.0,8,400,20
rock_20_60_models_0.1,1.7619831562042236,0.2669641971588135,0.2421267032623291,0.2421267032623291,0.0009531974792480469,0.0009531974792480469,0.2421267032623291,8,0.2421267032623291,8,4.416666666666667,4.416666666666667,8.0,8,400,20
rock_20_60_models_0.1,1.6860580444335938,0.25452303886413574,0.24048709869384766,0.24048709869384766,0.00095367431640625,0.00095367431640625,0.24048709869384766,8,0.24048709869384766,8,4.783333333333333,4.783333333333333,8.0,8,400,20
rock_20_60_models_0.15,1.6191961765289307,0.26398611068725586,0.23825287818908691,0.23825287818908691,0.0009589195251464844,0.0009589195251464844,0.23825287818908691,8,0.23825287818908691,8,4.166666666666667,4.166666666666667,8.0,8,400,20
rock_20_60_models_0.15,1.6594350337982178,0.27627992630004883,0.23898696899414062,0.23898696899414062,0.0009710788726806641,0.0009710788726806641,0.23898696899414062,8,0.23898696899414062,8,4.433333333333334,4.433333333333334,8.0,8,400,20
rock_20_60_models_0.15,1.6109137535095215,0.2784278392791748,0.25353217124938965,0.25353217124938965,0.0009698867797851562,0.0009698867797851562,0.25353217124938965,8,0.25353217124938965,8,4.783333333333333,4.783333333333333,8.0,8,400,20
rock_20_60_models_0.15,1.6220428943634033,0.26213526725769043,0.24043679237365723,0.24043679237365723,0.0016760826110839844,0.0016760826110839844,0.24043679237365723,8,0.24043679237365723,8,4.066666666666666,4.133333333333334,9.0,9,400,20
rock_20_60_models_0.15,1.6155543327331543,0.26329684257507324,0.24143123626708984,0.24143123626708984,0.0009131431579589844,0.0009131431579589844,0.24143123626708984,8,0.24143123626708984,8,4.65,4.65,8.0,8,400,20
rock_20_60_models_0.2,1.5124213695526123,0.25412511825561523,0.23662376403808594,0.23662376403808594,0.0009541511535644531,0.0009541511535644531,0.23662376403808594,8,0.23662376403808594,8,4.25,4.25,8.0,8,400,20
rock_20_60_models_0.2,1.5626659393310547,0.26205921173095703,0.24887895584106445,0.24887895584106445,0.0006339550018310547,0.0006339550018310547,0.24887895584106445,7,0.24887895584106445,7,3.8666666666666667,3.8666666666666667,7.0,7,400,20
rock_20_60_models_0.2,1.5200364589691162,0.25025391578674316,0.24919700622558594,0.24919700622558594,0.0009510517120361328,0.0009510517120361328,0.24919700622558594,8,0.24919700622558594,8,4.566666666666666,4.566666666666666,8.0,8,400,20
rock_20_60_models_0.2,1.570674180984497,0.2528660297393799,0.24317121505737305,0.24317121505737305,0.0009207725524902344,0.0009207725524902344,0.24317121505737305,8,0.24317121505737305,8,4.266666666666667,4.266666666666667,8.0,8,400,20
rock_20_60_models_0.2,1.545591115951538,0.250018835067749,0.22513294219970703,0.22513294219970703,0.0009410381317138672,0.0009410381317138672,0.22513294219970703,8,0.22513294219970703,8,5.5,5.5,8.0,8,400,20
grid_20_100_models_0.1,1.7215650081634521,0.43677687644958496,0.4003901481628418,0.4003901481628418,0.0009369850158691406,0.0009369850158691406,0.4003901481628418,8,0.4003901481628418,8,4.43,4.43,8.0,8,400,20
grid_20_100_models_0.1,1.714489459991455,0.46468091011047363,0.39764904975891113,0.39764904975891113,0.0009729862213134766,0.0009729862213134766,0.39764904975891113,8,0.39764904975891113,8,4.2,4.2,8.0,8,400,20
grid_20_100_models_0.1,1.7438995838165283,0.43140506744384766,0.41371798515319824,0.41371798515319824,0.0009407997131347656,0.0009407997131347656,0.41371798515319824,8,0.41371798515319824,8,4.65,4.65,8.0,8,400,20
grid_20_100_models_0.1,1.716127872467041,0.4241201877593994,0.40061283111572266,0.40061283111572266,0.0009219646453857422,0.0009219646453857422,0.40061283111572266,8,0.40061283111572266,8,4.78,4.78,8.0,8,400,20
grid_20_100_models_0.1,1.7257418632507324,0.4452250003814697,0.39755797386169434,0.39755797386169434,0.0009672641754150391,0.0009672641754150391,0.39755797386169434,8,0.39755797386169434,8,4.51,4.51,8.0,8,400,20
grid_20_100_models_0.15,1.6735470294952393,0.41344380378723145,0.407041072845459,0.407041072845459,0.0009579658508300781,0.0009579658508300781,0.407041072845459,8,0.407041072845459,8,4.76,4.76,8.0,8,400,20
grid_20_100_models_0.15,1.623124599456787,0.4325540065765381,0.4245162010192871,0.4245162010192871,0.0009768009185791016,0.0009768009185791016,0.4245162010192871,8,0.4245162010192871,8,4.1,4.1,8.0,8,400,20
grid_20_100_models_0.15,1.7288503646850586,0.4336709976196289,0.4021270275115967,0.4021270275115967,0.0009648799896240234,0.0009648799896240234,0.4021270275115967,8,0.4021270275115967,8,4.15,4.15,8.0,8,400,20
grid_20_100_models_0.15,1.645599365234375,0.45380282402038574,0.3887770175933838,0.3887770175933838,0.0009279251098632812,0.0009279251098632812,0.3887770175933838,8,0.3887770175933838,8,4.32,4.32,8.0,8,400,20
grid_20_100_models_0.15,1.6350865364074707,0.4216420650482178,0.38461995124816895,0.38461995124816895,0.0016210079193115234,0.0016210079193115234,0.38461995124816895,8,0.38461995124816895,8,4.36,4.39,9.0,9,400,20
grid_20_100_models_0.2,1.5843172073364258,0.4307267665863037,0.4009363651275635,0.4009363651275635,0.001008749008178711,0.001008749008178711,0.4009363651275635,8,0.4009363651275635,8,4.43,4.43,8.0,8,400,20
grid_20_100_models_0.2,1.5706026554107666,0.4343581199645996,0.4118320941925049,0.4118320941925049,0.0018129348754882812,0.0018129348754882812,0.4118320941925049,8,0.4118320941925049,8,4.45,3.69,9.0,9,400,20
grid_20_100_models_0.2,1.5114021301269531,0.43677377700805664,0.42252492904663086,0.42252492904663086,0.0009331703186035156,0.0009331703186035156,0.42252492904663086,8,0.42252492904663086,8,4.52,4.52,8.0,8,400,20
grid_20_100_models_0.2,1.6105284690856934,0.45470380783081055,0.418032169342041,0.418032169342041,0.001689910888671875,0.001689910888671875,0.418032169342041,8,0.418032169342041,8,4.28,4.26,9.0,9,400,20
grid_20_100_models_0.2,1.5342411994934082,0.4208409786224365,0.4217689037322998,0.4217689037322998,0.0036242008209228516,0.0036242008209228516,0.4217689037322998,8,0.4217689037322998,8,4.74,4.33,10.0,10,400,20
puddle_20_100_models_0.1,1.725088357925415,0.43094515800476074,0.4120931625366211,0.4120931625366211,0.0009448528289794922,0.0009448528289794922,0.4120931625366211,8,0.4120931625366211,8,4.47,4.47,8.0,8,400,20
puddle_20_100_models_0.1,1.7171876430511475,0.44742727279663086,0.44330382347106934,0.44330382347106934,0.0009620189666748047,0.0009620189666748047,0.44330382347106934,8,0.44330382347106934,8,3.95,3.95,8.0,8,400,20
puddle_20_100_models_0.1,1.7304797172546387,0.44025683403015137,0.3958899974822998,0.3958899974822998,0.0009641647338867188,0.0009641647338867188,0.3958899974822998,8,0.3958899974822998,8,4.61,4.61,8.0,8,400,20
puddle_20_100_models_0.1,1.7265002727508545,0.4543788433074951,0.4032461643218994,0.4032461643218994,0.0009369850158691406,0.0009369850158691406,0.4032461643218994,8,0.4032461643218994,8,4.6,4.6,8.0,8,400,20
puddle_20_100_models_0.1,1.6816315650939941,0.4355430603027344,0.3761868476867676,0.3761868476867676,0.0009520053863525391,0.0009520053863525391,0.3761868476867676,8,0.3761868476867676,8,4.26,4.26,8.0,8,400,20
puddle_20_100_models_0.15,1.6082158088684082,0.4371037483215332,0.4389669895172119,0.4389669895172119,0.0017061233520507812,0.0017061233520507812,0.4389669895172119,8,0.4389669895172119,8,4.46,4.08,9.0,9,400,20
puddle_20_100_models_0.15,1.6109585762023926,0.42391180992126465,0.4120168685913086,0.4120168685913086,0.0009441375732421875,0.0009441375732421875,0.4120168685913086,8,0.4120168685913086,8,4.54,4.54,8.0,8,400,20
puddle_20_100_models_0.15,1.6570932865142822,0.44078707695007324,0.3958888053894043,0.3958888053894043,0.0017230510711669922,0.0017230510711669922,0.3958888053894043,8,0.3958888053894043,8,4.42,4.3,9.0,9,400,20
puddle_20_100_models_0.15,1.6498935222625732,0.4200258255004883,0.40814685821533203,0.40814685821533203,0.0009641647338867188,0.0009641647338867188,0.40814685821533203,8,0.40814685821533203,8,4.04,4.04,8.0,8,400,20
puddle_20_100_models_0.15,1.7265100479125977,0.4233880043029785,0.4034922122955322,0.4034922122955322,0.0009448528289794922,0.0009448528289794922,0.4034922122955322,8,0.4034922122955322,8,4.36,4.36,8.0,8,400,20
puddle_20_100_models_0.2,1.5211317539215088,0.4193599224090576,0.3889341354370117,0.3889341354370117,0.0016551017761230469,0.0016551017761230469,0.3889341354370117,8,0.3889341354370117,8,4.48,4.51,9.0,9,400,20
puddle_20_100_models_0.2,1.522339105606079,0.42842698097229004,0.4203929901123047,0.4203929901123047,0.001775979995727539,0.001775979995727539,0.4203929901123047,8,0.4203929901123047,8,4.54,3.52,9.0,9,400,20
puddle_20_100_models_0.2,1.5798845291137695,0.42000794410705566,0.4401888847351074,0.4401888847351074,0.001708984375,0.001708984375,0.4401888847351074,8,0.4401888847351074,8,4.17,3.96,9.0,9,400,20
puddle_20_100_models_0.2,1.6237568855285645,0.44152188301086426,0.40222620964050293,0.40222620964050293,0.0010089874267578125,0.0010089874267578125,0.40222620964050293,8,0.40222620964050293,8,4.51,4.51,8.0,8,400,20
puddle_20_100_models_0.2,1.5466055870056152,0.4424562454223633,0.3930480480194092,0.3930480480194092,0.0009667873382568359,0.0009667873382568359,0.3930480480194092,8,0.3930480480194092,8,4.16,4.16,8.0,8,400,20
rock_20_100_models_0.1,1.7177238464355469,0.46027326583862305,0.40142107009887695,0.40142107009887695,0.0016818046569824219,0.0016818046569824219,0.40142107009887695,8,0.40142107009887695,8,4.29,4.03,9.0,9,400,20
rock_20_100_models_0.1,1.725616216659546,0.44205689430236816,0.4077279567718506,0.4077279567718506,0.0010678768157958984,0.0010678768157958984,0.4077279567718506,8,0.4077279567718506,8,4.25,4.25,8.0,8,400,20
rock_20_100_models_0.1,1.7268972396850586,0.46010518074035645,0.38852977752685547,0.38852977752685547,0.0016698837280273438,0.0016698837280273438,0.38852977752685547,8,0.38852977752685547,8,4.37,4.07,9.0,9,400,20
rock_20_100_models_0.1,1.7480616569519043,0.4309120178222656,0.40790486335754395,0.40790486335754395,0.0009391307830810547,0.0009391307830810547,0.40790486335754395,8,0.40790486335754395,8,4.09,4.09,8.0,8,400,20
rock_20_100_models_0.1,1.7229979038238525,0.4570639133453369,0.39919614791870117,0.39919614791870117,0.0016090869903564453,0.0016090869903564453,0.39919614791870117,8,0.39919614791870117,8,4.18,4.12,9.0,9,400,20
rock_20_100_models_0.15,1.613708734512329,0.4521973133087158,0.42089176177978516,0.42089176177978516,0.0016961097717285156,0.0016961097717285156,0.42089176177978516,8,0.42089176177978516,8,4.55,4.29,9.0,9,400,20
rock_20_100_models_0.15,1.6088581085205078,0.4173860549926758,0.40212082862854004,0.40212082862854004,0.0009710788726806641,0.0009710788726806641,0.40212082862854004,8,0.40212082862854004,8,4.2,4.2,8.0,8,400,20
rock_20_100_models_0.15,1.7311973571777344,0.4619460105895996,0.39450597763061523,0.39450597763061523,0.0016679763793945312,0.0016679763793945312,0.39450597763061523,8,0.39450597763061523,8,4.39,4.02,9.0,9,400,20
rock_20_100_models_0.15,1.6146910190582275,0.47732090950012207,0.4147951602935791,0.4147951602935791,0.0009808540344238281,0.0009808540344238281,0.4147951602935791,8,0.4147951602935791,8,4.42,4.42,8.0,8,400,20
rock_20_100_models_0.15,1.605644941329956,0.4556457996368408,0.4048290252685547,0.4048290252685547,0.0009589195251464844,0.0009589195251464844,0.4048290252685547,8,0.4048290252685547,8,4.25,4.25,8.0,8,400,20
rock_20_100_models_0.2,1.5685060024261475,0.4364299774169922,0.3794591426849365,0.3794591426849365,0.0009758472442626953,0.0009758472442626953,0.3794591426849365,8,0.3794591426849365,8,4.34,4.34,8.0,8,400,20
rock_20_100_models_0.2,1.573608160018921,0.4222230911254883,0.39777612686157227,0.39777612686157227,0.0016739368438720703,0.0016739368438720703,0.39777612686157227,8,0.39777612686157227,8,4.28,4.56,9.0,9,400,20
rock_20_100_models_0.2,1.5905132293701172,0.4258720874786377,0.42901086807250977,0.42901086807250977,0.0017459392547607422,0.0017459392547607422,0.42901086807250977,8,0.42901086807250977,8,4.49,4.46,9.0,9,400,20
rock_20_100_models_0.2,1.5209753513336182,0.41924309730529785,0.4020960330963135,0.4020960330963135,0.009514093399047852,0.009514093399047852,0.4020960330963135,8,0.4020960330963135,8,5.08,3.85,11.0,11,400,20
rock_20_100_models_0.2,1.5317940711975098,0.41101574897766113,0.4114222526550293,0.4114222526550293,0.0009701251983642578,0.0009701251983642578,0.4114222526550293,8,0.4114222526550293,8,4.03,4.03,8.0,8,400,20
