game,room_side,rooms_per_side,board_side,num_humans,num_simu,rep,seed,n_states,n_reachable,n_actions,n_humans,n_draws,n_B_nofilter,n_B,n_I,len_I,n_columns,t_build,t_rejected,t_bottlenecks,t_toboggan_filter,t_algorithm1,t_oracle_sets,t_solve_strategic_exact,t_solve_info_gain,t_solve_proximity,t_solve_frequency,t_solve_frequency_min,t_solve_ratio,t_solve_info_gain_rails,t_solve_proximity_rails,t_solve_frequency_rails,t_solve_frequency_min_rails,t_solve_ratio_rails,t_sim_query_all,t_sim_strategic_exact,t_sim_info_gain,t_sim_proximity,t_sim_frequency,t_sim_frequency_min,t_sim_ratio,t_sim_query_all_rails,t_sim_info_gain_rails,t_sim_proximity_rails,t_sim_frequency_rails,t_sim_frequency_min_rails,t_sim_ratio_rails,t_total,success,query_all,strategic_exact,info_gain,proximity,frequency,frequency_min,ratio,query_all_rails,info_gain_rails,proximity_rails,frequency_rails,frequency_min_rails,ratio_rails,clairvoyant_bound,skipped
gridworld,10,10,100,100,50,0,0,10000,8943,4,100,1,41,41,16,25.0,41,38.6644723310601,0.0,13.802234872011468,nan,0.04587287502363324,0.0,nan,0.00025745807215571404,0.0005247921217232943,0.0001510828733444214,0.00014179106801748276,0.00013862503692507744,0.00025745807215571404,0.0005247921217232943,0.0001510828733444214,0.00014179106801748276,0.00013862503692507744,0.0012019169516861439,nan,0.0011199580039829016,0.0007000411860644817,0.0009078748989850283,0.00046216603368520737,0.0008409579750150442,0.0006304169073700905,0.0009077920112758875,0.0007534578908234835,0.00077037513256073,0.000671332934871316,0.0009511248208582401,52.52665454172529,1,39,nan,33,36,41,20,17,20,21,25,23,20,17,16,VI skipped: 3^41 too large
gridworld,10,10,100,100,50,1,1,10000,9496,4,100,1,25,25,9,17.666666666666668,25,39.049838207662106,0.0,13.768960291519761,nan,0.03534874995239079,0.0,nan,9.116716682910919e-05,0.00038575008511543274,7.212487980723381e-05,6.937514990568161e-05,6.912508979439735e-05,9.116716682910919e-05,0.00038575008511543274,7.212487980723381e-05,6.937514990568161e-05,6.912508979439735e-05,0.00047679198905825615,nan,0.0007416668813675642,0.0003485828638076782,0.000528082950040698,0.0001798328012228012,0.00034470902755856514,0.00042191706597805023,0.0004662501160055399,0.0004402501508593559,0.0004193340428173542,0.0002637919969856739,0.00042083393782377243,52.8623608329799,1,25,nan,24,19,25,8,8,14,11,15,13,8,8,7,VI skipped: 3^25 too large
gridworld,10,10,100,100,50,2,2,10000,8736,4,100,1,35,35,8,22.0,35,38.77468470716849,0.0,14.583129917969927,nan,0.035819249926134944,0.0,nan,8.641602471470833e-05,0.0003909580409526825,7.841689512133598e-05,8.179107680916786e-05,7.612491026520729e-05,8.641602471470833e-05,0.0003909580409526825,7.841689512133598e-05,8.179107680916786e-05,7.612491026520729e-05,0.0005250000394880772,nan,0.0008572910446673632,0.0005046669393777847,0.0007292500231415033,0.0003435409162193537,0.0004770420491695404,0.0006147499661892653,0.0008242921903729439,0.0006190410349518061,0.0006319580134004354,0.0005105000454932451,0.000575958052650094,53.40394424996339,1,28,nan,28,28,35,16,11,21,20,21,20,16,11,11,VI skipped: 3^35 too large
gridworld,10,10,100,100,50,3,3,10000,8827,4,100,1,33,33,16,20.5,33,39.03584554325789,0.0,14.09581108763814,nan,0.03756270883604884,0.0,nan,0.00012479093857109547,0.0004269159398972988,0.00011625001206994057,0.00011474988423287868,0.00011512497439980507,0.00012479093857109547,0.0004269159398972988,0.00011625001206994057,0.00011474988423287868,0.00011512497439980507,0.0005805420223623514,nan,0.0008760408964008093,0.0005957500543445349,0.0007062500808387995,0.0003749579191207886,0.00041641690768301487,0.0006554580759257078,0.0008498341776430607,0.0006745418068021536,0.000652124872431159,0.000561750028282404,0.000510375015437603,53.1800439581275,1,31,nan,28,33,33,17,9,22,20,23,20,17,9,9,VI skipped: 3^33 too large
gridworld,10,10,100,100,50,4,4,10000,8365,4,100,1,31,31,4,22.0,31,39.00662562157959,0.0,14.309129210887477,nan,0.036566083785146475,0.0,nan,6.183283403515816e-05,0.0003649999853223562,5.404185503721237e-05,5.266699008643627e-05,5.2040908485651016e-05,6.183283403515816e-05,0.0003649999853223562,5.404185503721237e-05,5.266699008643627e-05,5.2040908485651016e-05,0.0004645420704036951,nan,0.000908541027456522,0.00044441712088882923,0.0006360828410834074,0.00021591689437627792,0.0003790839109569788,0.0002734169829636812,0.00041799992322921753,0.00032245879992842674,0.0003197500482201576,0.00032120896503329277,0.0004591250326484442,53.36037283297628,1,25,nan,30,25,31,10,9,9,10,11,10,10,9,9,VI skipped: 3^31 too large
gridworld,10,10,100,100,50,5,5,10000,7974,4,100,1,29,29,8,19.75,29,39.15349178481847,0.0,14.345302248606458,nan,0.025697375182062387,0.0,nan,7.874984294176102e-05,0.00037758401595056057,7.195794023573399e-05,6.979214958846569e-05,6.966711953282356e-05,7.874984294176102e-05,0.00037758401595056057,7.195794023573399e-05,6.979214958846569e-05,6.966711953282356e-05,0.00046437489800155163,nan,0.0007328749634325504,0.0003987080417573452,0.0006062090396881104,0.00028295908123254776,0.00026299990713596344,0.00040108291432261467,0.0007024169899523258,0.0004998331423848867,0.0005453750491142273,0.00042112497612833977,0.0003197910264134407,53.5330556249246,1,25,nan,24,22,29,13,6,13,17,17,17,13,6,6,VI skipped: 3^29 too large
gridworld,10,10,100,100,50,6,6,10000,9403,4,100,1,38,38,10,27.0,38,38.84869796060957,0.0,14.505526590393856,nan,0.04432191699743271,0.0,nan,0.00010899989865720272,0.00042041693814098835,0.00010220799595117569,9.966711513698101e-05,0.00010029086843132973,0.00010899989865720272,0.00042041693814098835,0.00010220799595117569,9.966711513698101e-05,0.00010029086843132973,0.0006078751757740974,nan,0.000950290821492672,0.0005027910228818655,0.0008049169555306435,0.00022037513554096222,0.00044362503103911877,0.0005917090456932783,0.0007477079052478075,0.0006108330562710762,0.000670708017423749,0.0003332500346004963,0.0005410830490291119,53.40887291613035,1,33,nan,31,28,38,10,10,20,18,21,21,10,10,10,VI skipped: 3^38 too large
gridworld,10,10,100,100,50,7,7,10000,8841,4,100,1,34,34,6,22.166666666666668,34,38.64805187191814,0.0,14.480663425056264,nan,0.032179541885852814,0.0,nan,7.387506775557995e-05,0.0003814590163528919,6.725010462105274e-05,6.500002928078175e-05,6.47080596536398e-05,7.387506775557995e-05,0.0003814590163528919,6.725010462105274e-05,6.500002928078175e-05,6.47080596536398e-05,0.0005674168933182955,nan,0.0008242081385105848,0.0004986668936908245,0.0007012500427663326,0.0002384160179644823,0.00038412492722272873,0.00047324993647634983,0.00045841699466109276,0.0005806670524179935,0.00035283295437693596,0.0003554169088602066,0.00046795886009931564,53.16977820801549,1,31,nan,27,28,34,11,9,16,11,20,11,11,9,9,VI skipped: 3^34 too large
gridworld,10,10,100,100,50,8,8,10000,8542,4,100,1,37,37,4,21.5,37,38.40080216387287,0.0,13.560691581340507,nan,0.032460416201502085,0.0,nan,6.237509660422802e-05,0.00037229200825095177,5.545793101191521e-05,5.39170578122139e-05,5.308305844664574e-05,6.237509660422802e-05,0.00037229200825095177,5.545793101191521e-05,5.39170578122139e-05,5.308305844664574e-05,0.0006695420015603304,nan,0.0009688751306384802,0.000547375064343214,0.0007539170328527689,0.00041787512600421906,0.0006039580330252647,0.0005619998555630445,0.0008159999269992113,0.000601625069975853,0.0006247078999876976,0.000628374982625246,0.0007515831384807825,52.00474995817058,1,37,nan,32,31,37,20,15,19,20,21,20,20,15,15,VI skipped: 3^37 too large
gridworld,10,10,100,100,50,9,9,10000,9316,4,100,1,31,31,6,24.833333333333332,31,38.59484216407873,0.0,13.731445039622486,nan,0.03302920889109373,0.0,nan,7.824995554983616e-05,0.0004019998013973236,6.904196925461292e-05,6.712507456541061e-05,6.625009700655937e-05,7.824995554983616e-05,0.0004019998013973236,6.904196925461292e-05,6.712507456541061e-05,6.625009700655937e-05,0.00044733285903930664,nan,0.00031949998810887337,0.0004273748490959406,0.0006104158237576485,0.00013587507419288158,0.0002173751126974821,0.00027483399026095867,0.0004205831792205572,0.00029645906761288643,0.000323625048622489,0.00019970908761024475,0.0002643340267241001,52.36635670787655,1,24,nan,10,24,29,6,5,9,10,10,10,6,5,5,VI skipped: 3^31 too large
gridworld,10,10,100,100,50,10,10,10000,9022,4,100,1,30,30,9,21.0,30,38.571084250696,0.0,14.046176455682144,nan,0.038496792083606124,0.0,nan,8.737505413591862e-05,0.0003875000402331352,8.012494072318077e-05,7.85409938544035e-05,7.77081586420536e-05,8.737505413591862e-05,0.0003875000402331352,8.012494072318077e-05,7.85409938544035e-05,7.77081586420536e-05,0.00048287492245435715,nan,0.0004999998491257429,0.00041716708801686764,0.0005893339402973652,0.0001996250357478857,0.0002238750457763672,0.0004818749148398638,0.0006642499938607216,0.0004996249917894602,0.000514291925355792,0.0002973328810185194,0.00027320790104568005,52.664009417174384,1,26,nan,16,23,28,9,5,16,16,17,16,9,5,5,VI skipped: 3^30 too large
gridworld,10,10,100,100,50,11,11,10000,6844,4,100,1,39,39,8,20.25,39,38.56338674412109,0.0,13.735667997971177,nan,0.037529292050749063,0.0,nan,8.208304643630981e-05,0.00040679099038243294,7.470790296792984e-05,7.304106839001179e-05,7.270905189216137e-05,8.208304643630981e-05,0.00040679099038243294,7.470790296792984e-05,7.304106839001179e-05,7.270905189216137e-05,0.0004692920483648777,nan,0.0007372081745415926,0.0006076248828321695,0.0006705410778522491,7.30839092284441e-05,0.00014566699974238873,7.424992509186268e-05,0.0001368329394608736,0.00024212501011788845,0.00010504201054573059,0.0001057919580489397,0.00017024995759129524,52.343027708120644,0,25,nan,24,34,32,3,3,2,3,8,3,3,3,1,VI skipped: 3^39 too large
gridworld,10,10,100,100,50,12,12,10000,8178,4,100,1,27,27,4,21.0,27,38.46613091090694,0.0,14.425304332049564,nan,0.031195082934573293,0.0,nan,5.8916863054037094e-05,0.0003606250975281,5.229189991950989e-05,5.0666043534874916e-05,4.970794543623924e-05,5.8916863054037094e-05,0.0003606250975281,5.229189991950989e-05,5.0666043534874916e-05,4.970794543623924e-05,0.000353874871507287,nan,0.0003854581154882908,0.00042479089461266994,0.0005551250651478767,0.00019558402709662914,0.0001342089381068945,0.00013795890845358372,0.00037691695615649223,0.0002664171624928713,0.00028775003738701344,0.0002891251351684332,0.00016170903109014034,52.928983541205525,1,19,nan,12,24,27,9,3,4,9,9,9,9,3,3,VI skipped: 3^27 too large
gridworld,10,10,100,100,50,13,13,10000,8645,4,100,1,31,31,6,19.166666666666668,31,38.615931624313816,0.0,13.684139003278688,nan,0.03605625010095537,0.0,nan,6.795814260840416e-05,0.000370583962649107,6.104097701609135e-05,5.9165991842746735e-05,5.8582983911037445e-05,6.795814260840416e-05,0.000370583962649107,6.104097701609135e-05,5.9165991842746735e-05,5.8582983911037445e-05,0.0004960419610142708,nan,0.0007650000043213367,0.000498209148645401,0.0006476249545812607,0.00023870798759162426,0.00037366594187915325,0.00041799992322921753,0.0006632921285927296,0.0004947502166032791,0.0005091668572276831,0.000358999939635396,0.0004652920179069042,52.34497266612016,1,27,nan,25,28,31,11,9,14,16,17,16,11,9,9,VI skipped: 3^31 too large
gridworld,10,10,100,100,50,14,14,10000,8253,4,100,2,26,26,4,19.0,26,39.34332112688571,52.55626279185526,15.011010581860319,nan,0.03789495909586549,0.0,nan,5.5999960750341415e-05,0.0003493749536573887,4.9416907131671906e-05,4.783296026289463e-05,4.712492227554321e-05,5.5999960750341415e-05,0.0003493749536573887,4.9416907131671906e-05,4.783296026289463e-05,4.712492227554321e-05,0.0003197088371962309,nan,0.0004613341297954321,0.00035900017246603966,0.0005358750931918621,0.00019458308815956116,0.00025933305732905865,0.00019124988466501236,0.00037383311428129673,0.00026424997486174107,0.0002853749319911003,0.0002881670370697975,0.0003079578746110201,54.398845999035984,1,17,nan,15,20,26,9,6,6,9,9,9,9,6,6,VI skipped: 3^26 too large
gridworld,10,10,100,100,50,15,15,10000,8262,4,100,1,42,42,15,20.933333333333334,42,38.65915021323599,0.0,14.227893087081611,nan,0.03787899995222688,0.0,nan,0.00012229103595018387,0.00043933396227657795,0.00012012477964162827,0.0001138751395046711,0.00011341716162860394,0.00012229103595018387,0.00043933396227657795,0.00012012477964162827,0.0001138751395046711,0.00011341716162860394,0.0007209167815744877,nan,0.0012455000542104244,0.0006989580579102039,0.0009045831393450499,0.00043966714292764664,0.0009066248312592506,0.0009267500136047602,0.0012767089065164328,0.0009115838911384344,0.0009507499635219574,0.0006628748960793018,0.0011140420101583004,52.93894354184158,1,39,nan,40,39,42,20,20,31,30,31,29,20,20,20,VI skipped: 3^42 too large
gridworld,10,10,100,100,50,16,16,10000,9500,4,100,1,33,33,20,25.0,33,39.225596082163975,0.0,14.666672835825011,nan,0.04048512503504753,0.0,nan,0.00016516703180968761,0.00046820915304124355,0.0001580419484525919,0.0001576668582856655,0.0001563339028507471,0.00016516703180968761,0.00046820915304124355,0.0001580419484525919,0.0001576668582856655,0.0001563339028507471,0.0005972918588668108,nan,0.00045366608537733555,0.0004931250587105751,0.0006877081468701363,0.00020583299919962883,0.00033412501215934753,0.0004284998867660761,0.0005990411154925823,0.0005072499625384808,0.0005647079087793827,0.0003040831070393324,0.00040570879355072975,53.942037666914985,1,32,nan,14,27,32,9,7,14,14,17,17,9,7,7,VI skipped: 3^33 too large
gridworld,10,10,100,100,50,17,17,10000,9405,4,100,2,30,30,4,22.0,30,41.11242783651687,53.12571504106745,14.694197076838464,nan,0.038618165999650955,0.0,nan,6.112479604780674e-05,0.00037687504664063454,5.379202775657177e-05,5.195802077651024e-05,5.187490023672581e-05,6.112479604780674e-05,0.00037687504664063454,5.379202775657177e-05,5.195802077651024e-05,5.187490023672581e-05,0.0004092501476407051,nan,0.000877707963809371,0.0003932500258088112,0.0006140840705484152,0.00023729214444756508,0.00025166687555611134,0.00035454193130135536,0.00045616691932082176,0.00037666596472263336,0.00034795887768268585,0.0003548748791217804,0.0003099171444773674,55.853252874920145,1,22,nan,29,22,30,11,6,12,11,13,11,11,6,6,VI skipped: 3^30 too large
gridworld,10,10,100,100,50,18,18,10000,8348,4,100,1,31,31,6,21.5,31,39.246856045676395,0.0,14.620822038734332,nan,0.03441929095424712,0.0,nan,7.170788012444973e-05,0.0004004999063909054,6.483402103185654e-05,6.333296187222004e-05,6.329198367893696e-05,7.170788012444973e-05,0.0004004999063909054,6.483402103185654e-05,6.333296187222004e-05,6.329198367893696e-05,0.0005667498335242271,nan,0.0007396659348160028,0.00040454091504216194,0.0006447089836001396,0.00019745784811675549,0.0004905830137431622,0.00041624996811151505,0.000510666985064745,0.0003821668215095997,0.000487250043079257,0.0002972499933093786,0.0006221670191735029,53.91078224987723,1,31,nan,24,22,31,9,12,14,12,13,15,9,12,8,VI skipped: 3^31 too large
gridworld,10,10,100,100,50,19,19,10000,8661,4,100,1,36,36,12,23.333333333333332,36,39.48493682849221,0.0,14.643015872919932,nan,0.03645195788703859,0.0,nan,0.00011124997399747372,0.00042095896787941456,0.00010454212315380573,0.00010270788334310055,0.00010354211553931236,0.00011124997399747372,0.00042095896787941456,0.00010454212315380573,0.00010270788334310055,0.00010354211553931236,0.0006730412133038044,nan,0.0007992091123014688,0.0006360411643981934,0.0007477500475943089,0.0003660419024527073,0.000562415923923254,0.0004814588464796543,0.0007499170023947954,0.0005804160609841347,0.000606125220656395,0.000547999981790781,0.0006922080647200346,54.17507283296436,1,36,nan,26,36,36,17,13,16,18,20,19,17,13,12,VI skipped: 3^36 too large
gridworld,10,10,100,100,50,20,20,10000,7783,4,100,1,27,27,6,18.166666666666668,27,39.55760212917812,0.0,14.502026830799878,nan,0.032388666877523065,0.0,nan,6.462493911385536e-05,0.00036154198460280895,5.837506614625454e-05,5.600019358098507e-05,5.6165968999266624e-05,6.462493911385536e-05,0.00036154198460280895,5.837506614625454e-05,5.600019358098507e-05,5.6165968999266624e-05,0.0003219170030206442,nan,0.0005848750006407499,0.0003788331523537636,0.000559499952942133,0.00021770806051790714,0.0003009159117937088,0.0003453339450061321,0.0004031672142446041,0.00036383303813636303,0.00033866683952510357,0.0003110829275101423,0.0003493749536573887,54.09925379185006,1,17,nan,19,21,27,10,7,12,10,13,11,10,7,7,VI skipped: 3^27 too large
gridworld,10,10,100,100,50,21,21,10000,8452,4,100,2,29,29,8,19.5,29,41.07642278983258,53.70227495790459,14.932668666355312,nan,0.03294716705568135,0.0,nan,7.529114373028278e-05,0.00036833295598626137,6.820913404226303e-05,6.674998439848423e-05,6.637489423155785e-05,7.529114373028278e-05,0.00036833295598626137,6.820913404226303e-05,6.674998439848423e-05,6.637489423155785e-05,0.00046887481585144997,nan,0.0006242920644581318,0.0004165000282227993,0.0005855418276041746,0.0002720840275287628,0.000367332948371768,0.00043208315037190914,0.0006007498595863581,0.0003687920980155468,0.00046395882964134216,0.00040829088538885117,0.0004541249945759773,56.050428207963705,1,26,nan,21,24,29,13,9,15,15,13,15,13,9,9,VI skipped: 3^29 too large
gridworld,10,10,100,100,50,22,22,10000,8557,4,100,1,26,26,6,18.0,26,39.63697659014724,0.0,14.415578082902357,nan,0.027966667199507356,0.0,nan,6.379210390150547e-05,0.0003605831880122423,5.6208111345767975e-05,5.991710349917412e-05,5.433312617242336e-05,6.379210390150547e-05,0.0003605831880122423,5.6208111345767975e-05,5.991710349917412e-05,5.433312617242336e-05,0.0004038340412080288,nan,0.0006795409135520458,0.00044762506149709225,0.0005211669486016035,0.00017191609367728233,0.000208249781280756,0.00029179221019148827,0.00044391583651304245,0.00033962493762373924,0.00033908290788531303,0.0002520410344004631,0.00025441707111895084,54.08767929114401,1,22,nan,23,26,26,8,5,10,11,12,11,8,5,5,VI skipped: 3^26 too large
gridworld,10,10,100,100,50,23,23,10000,9312,4,100,1,26,26,12,17.833333333333332,26,40.95650299801491,0.0,14.806444247020409,nan,0.03562112501822412,0.0,nan,8.79999715834856e-05,0.0004305001348257065,8.141598664224148e-05,7.999991066753864e-05,8.029094897210598e-05,8.79999715834856e-05,0.0004305001348257065,8.141598664224148e-05,7.999991066753864e-05,8.029094897210598e-05,0.0005345419049263,nan,0.0006664160173386335,0.0003357089590281248,0.0005222500767558813,0.00023029092699289322,0.000432959059253335,0.0003800841514021158,0.0005170830991119146,0.0003652919549494982,0.00042554200626909733,0.0003390831407159567,0.0005038329400122166,55.80695195798762,1,26,nan,22,19,26,11,10,13,13,13,14,11,10,8,VI skipped: 3^26 too large
gridworld,10,10,100,100,50,24,24,10000,9404,4,100,1,28,28,9,21.0,28,41.026934374822304,0.0,15.05774912587367,nan,0.03235362493433058,0.0,nan,9.170803241431713e-05,0.0003752091433852911,7.91668426245451e-05,7.524993270635605e-05,7.483293302357197e-05,9.170803241431713e-05,0.0003752091433852911,7.91668426245451e-05,7.524993270635605e-05,7.483293302357197e-05,0.00041070906445384026,nan,0.00027641700580716133,0.00035874987952411175,0.0005152500234544277,0.00014816690236330032,0.0002509169280529022,0.00034070806577801704,0.0003607918042689562,0.0003599999472498894,0.0003654579631984234,0.0002196670975536108,0.0003072910476475954,56.12403554096818,1,23,nan,9,21,26,7,6,12,9,13,12,7,6,6,VI skipped: 3^28 too large
gridworld,10,10,100,100,50,25,25,10000,9216,4,100,1,37,37,18,25.333333333333332,37,40.953470163047314,0.0,15.06003558379598,nan,0.04861316690221429,0.0,nan,0.00014979206025600433,0.0004483340308070183,0.0001413330901414156,0.00013987510465085506,0.00013987510465085506,0.00014979206025600433,0.0004483340308070183,0.0001413330901414156,0.00013987510465085506,0.00013987510465085506,0.0005024999845772982,nan,0.000578167149797082,0.000515500083565712,0.0007560001686215401,0.0002569998614490032,0.00045350007712841034,0.0005823341198265553,0.000768749974668026,0.0006256250198930502,0.0005947919562458992,0.00038320780731737614,0.0005457501392811537,56.07219791715033,1,28,nan,19,30,37,12,10,20,19,22,19,12,10,10,VI skipped: 3^37 too large
gridworld,10,10,100,100,50,26,26,10000,9500,4,100,1,23,23,4,20.0,23,41.26005392195657,0.0,14.95465044863522,nan,0.028266875073313713,0.0,nan,5.666702054440975e-05,0.00034670811146497726,5.3416937589645386e-05,4.6999892219901085e-05,4.654098302125931e-05,5.666702054440975e-05,0.00034670811146497726,5.3416937589645386e-05,4.6999892219901085e-05,4.654098302125931e-05,0.00015825009904801846,nan,0.00013062497600913048,0.0002578750718384981,0.00040929089300334454,8.833291940391064e-05,0.00012679211795330048,0.000124666141346097,0.00016554188914597034,0.000148500083014369,0.0001263751182705164,0.0001282910816371441,0.00015324982814490795,56.247824457939714,1,8,nan,4,15,21,4,3,4,4,5,4,4,3,3,VI skipped: 3^23 too large
gridworld,10,10,100,100,50,27,27,10000,7964,4,100,1,27,27,8,17.75,27,41.18341170693748,0.0,14.976890325080603,nan,0.038913290947675705,0.0,nan,7.037492468953133e-05,0.00035791611298918724,6.433296948671341e-05,6.204098463058472e-05,6.137508898973465e-05,7.037492468953133e-05,0.00035791611298918724,6.433296948671341e-05,6.204098463058472e-05,6.137508898973465e-05,0.00035516591742634773,nan,0.0006373748183250427,0.0003725830465555191,0.0005295830778777599,0.0002838331274688244,0.00032354099676012993,0.00039712502621114254,0.0005487499292939901,0.0004124999977648258,0.000450249994173646,0.00042437505908310413,0.00039483304135501385,56.2071192918811,1,20,nan,22,22,27,14,8,14,14,15,15,14,8,8,VI skipped: 3^27 too large
gridworld,10,10,100,100,50,28,28,10000,9404,4,100,1,35,35,12,23.416666666666668,35,41.62143429112621,0.0,14.522583747981116,nan,0.04875475005246699,0.0,nan,0.00010887510143220425,0.00045337481424212456,0.00010291696526110172,9.808316826820374e-05,9.879190474748611e-05,0.00010887510143220425,0.00045337481424212456,0.00010291696526110172,9.808316826820374e-05,9.879190474748611e-05,0.0005455000791698694,nan,0.000610042130574584,0.0004886251408606768,0.0006696670316159725,0.00020820903591811657,0.00041900016367435455,0.0005562081933021545,0.0008214160334318876,0.0005996248219162226,0.0006602080538868904,0.0003084579948335886,0.0005092918872833252,56.20237920805812,1,31,nan,21,29,34,10,10,20,21,22,22,10,10,10,VI skipped: 3^35 too large
gridworld,10,10,100,100,50,29,29,10000,8360,4,100,1,38,38,20,24.7,38,43.51546711870469,0.0,15.94020336959511,nan,0.05081020784564316,0.0,nan,0.000161041971296072,0.0004699581768363714,0.0001568750012665987,0.0001521250233054161,0.00015116599388420582,0.000161041971296072,0.0004699581768363714,0.0001568750012665987,0.0001521250233054161,0.00015116599388420582,0.0005985831376165152,nan,0.0009517080616205931,0.0006484580226242542,0.0007755421102046967,0.00027787499129772186,0.0005007078871130943,0.0006302918773144484,0.0008965418674051762,0.0007050419226288795,0.000751374987885356,0.0004177498631179333,0.0006082090549170971,59.51772675011307,1,34,nan,32,38,38,13,11,22,22,25,24,13,11,11,VI skipped: 3^38 too large
gridworld,10,10,100,100,50,30,30,10000,8739,4,100,1,23,23,6,15.833333333333334,23,43.28327029454522,0.0,15.828508040634915,nan,0.029796000104397535,0.0,nan,5.8125006034970284e-05,0.0003457090351730585,5.150004290044308e-05,4.9999915063381195e-05,4.929094575345516e-05,5.8125006034970284e-05,0.0003457090351730585,5.150004290044308e-05,4.9999915063381195e-05,4.929094575345516e-05,0.00040266686119139194,nan,0.0004908749833703041,0.00035345787182450294,0.0004502078518271446,0.00014591682702302933,0.00024174991995096207,0.0002574159298092127,0.00043179187923669815,0.00033408403396606445,0.00035924999974668026,0.0002157918643206358,0.0002952080685645342,59.148281541187316,1,23,nan,17,21,23,7,6,9,11,12,12,7,6,6,VI skipped: 3^23 too large
gridworld,10,10,100,100,50,31,31,10000,9114,4,100,1,25,25,8,18.5,25,43.64958457998,0.0,16.262669501593336,nan,0.03053370793350041,0.0,nan,7.02918041497469e-05,0.00035341689363121986,6.400002166628838e-05,6.24579843133688e-05,6.212480366230011e-05,7.02918041497469e-05,0.00035341689363121986,6.400002166628838e-05,6.24579843133688e-05,6.212480366230011e-05,0.0004199589602649212,nan,0.00032670912332832813,0.0003411669749766588,0.00047075003385543823,0.00016649998724460602,0.00020633405074477196,0.0003094589337706566,0.0004316670820116997,0.0003042910248041153,0.00033287517726421356,0.00024570897221565247,0.00025008292868733406,59.949463167227805,1,24,nan,11,20,24,8,5,11,11,11,11,8,5,5,VI skipped: 3^25 too large
gridworld,10,10,100,100,50,32,32,10000,9500,4,100,1,33,33,16,23.5,33,43.874474039301276,0.0,16.163173876469955,nan,0.046712375013157725,0.0,nan,0.00012725009582936764,0.0004948750138282776,0.0001216670498251915,0.00011991709470748901,0.00011920789256691933,0.00012725009582936764,0.0004948750138282776,0.0001216670498251915,0.00011991709470748901,0.00011920789256691933,0.0005235420539975166,nan,0.0009046671912074089,0.00044295797124505043,0.0006590839475393295,0.0002694581635296345,0.0003489579539746046,0.00031745806336402893,0.000561542110517621,0.00044595799408853054,0.00046200002543628216,0.00041550002060830593,0.0004256248939782381,60.093559000175446,1,30,nan,31,26,33,13,8,11,14,16,15,13,8,8,VI skipped: 3^33 too large
gridworld,10,10,100,100,50,33,33,10000,7695,4,100,2,28,28,6,22.5,28,47.54635108192451,59.44783554202877,16.81196129671298,nan,0.04162766691297293,0.0,nan,6.791600026190281e-05,0.00037691695615649223,6.212503649294376e-05,6.0582999140024185e-05,5.974993109703064e-05,6.791600026190281e-05,0.00037691695615649223,6.212503649294376e-05,6.0582999140024185e-05,5.974993109703064e-05,0.00048225000500679016,nan,0.00021637487225234509,0.00035649980418384075,0.000535166822373867,0.00010820804163813591,0.0002068330068141222,0.00023066718131303787,0.00028133299201726913,0.00025104195810854435,0.00027245795354247093,0.00015829200856387615,0.00024879095144569874,64.40609441604465,1,28,nan,7,21,27,5,5,8,7,9,9,5,5,5,VI skipped: 3^28 too large
gridworld,10,10,100,100,50,34,34,10000,8537,4,100,1,31,31,12,19.666666666666668,31,43.6130322504323,0.0,16.048410455696285,nan,0.04844358400441706,0.0,nan,9.483401663601398e-05,0.00038424995727837086,8.837506175041199e-05,8.683302439749241e-05,8.629215881228447e-05,9.483401663601398e-05,0.00038424995727837086,8.837506175041199e-05,8.683302439749241e-05,8.629215881228447e-05,0.0004899168852716684,nan,0.0007822909392416477,0.00041087507270276546,0.0006176251918077469,0.000250041950494051,0.0004157908260822296,0.0004808339290320873,0.0005577921401709318,0.0004730839282274246,0.00046179210767149925,0.00037383311428129673,0.000512625090777874,59.71872379118577,1,28,nan,27,24,31,12,10,17,14,17,15,12,10,10,VI skipped: 3^31 too large
gridworld,10,10,100,100,50,35,35,10000,7686,4,100,1,41,41,9,26.333333333333332,41,43.762800588971004,0.0,15.616129121743143,nan,0.05399508308619261,0.0,nan,9.729200974106789e-05,0.0004169170279055834,9.037484414875507e-05,8.91250092536211e-05,8.804094977676868e-05,9.729200974106789e-05,0.0004169170279055834,9.037484414875507e-05,8.91250092536211e-05,8.804094977676868e-05,0.000688707921653986,nan,0.0008328750263899565,0.0005845420528203249,0.0008058329112827778,0.0002647500950843096,0.0005236249417066574,0.0006604169029742479,0.0008932920172810555,0.0006513751577585936,0.0006914997939020395,0.00039616692811250687,0.0006468328647315502,59.443543625064194,1,40,nan,29,35,41,13,13,24,23,24,23,13,13,13,VI skipped: 3^41 too large
gridworld,10,10,100,100,50,36,36,10000,8358,4,100,1,36,36,15,22.333333333333332,36,43.96668187249452,0.0,15.621483246330172,nan,0.0498940828256309,0.0,nan,0.00012191594578325748,0.0004146250430494547,0.00011320807971060276,0.00011108303442597389,0.00011104089207947254,0.00012191594578325748,0.0004146250430494547,0.00011320807971060276,0.00011108303442597389,0.00011104089207947254,0.000575958052650094,nan,0.0010184161365032196,0.0005297500174492598,0.0007233750075101852,0.00025158305652439594,0.0005126660689711571,0.0007078330963850021,0.0009567500092089176,0.0006934590637683868,0.000708000035956502,0.00037787482142448425,0.0006315829232335091,59.6489496671129,1,33,nan,35,31,36,12,12,25,24,25,23,12,12,12,VI skipped: 3^36 too large
gridworld,10,10,100,100,50,37,37,10000,9402,4,100,1,26,26,6,19.666666666666668,26,46.9516176644247,0.0,17.382370492676273,nan,0.04930200008675456,0.0,nan,6.483402103185654e-05,0.0003472499083727598,5.7999975979328156e-05,5.6416960433125496e-05,5.6165968999266624e-05,6.483402103185654e-05,0.0003472499083727598,5.7999975979328156e-05,5.6416960433125496e-05,5.6165968999266624e-05,0.0004163749981671572,nan,0.00021287519484758377,0.0003053750842809677,0.00045158318243920803,0.00010745786130428314,0.00017012492753565311,0.000335542019456625,0.00027833390049636364,0.00032883300445973873,0.0003027920611202717,0.0001599160023033619,0.0002013749908655882,64.38943629106507,1,24,nan,7,18,23,5,4,12,7,12,10,5,4,4,VI skipped: 3^26 too large
gridworld,10,10,100,100,50,38,38,10000,9028,4,100,1,25,25,4,19.0,25,47.35656912368722,0.0,17.130550790810958,nan,0.03921958291903138,0.0,nan,5.350005812942982e-05,0.00034425011835992336,4.720897413790226e-05,4.533398896455765e-05,4.533305764198303e-05,5.350005812942982e-05,0.00034425011835992336,4.720897413790226e-05,4.533398896455765e-05,4.533305764198303e-05,0.00023683393374085426,nan,0.0005149999633431435,0.00040520913898944855,0.0004844579380005598,0.00016470905393362045,0.00023554079234600067,0.00025454210117459297,0.0003138328902423382,0.00027483305893838406,0.00024091708473861217,0.00024254084564745426,0.0002893749624490738,64.532751042163,1,13,nan,18,24,25,8,6,9,8,10,8,8,6,6,VI skipped: 3^25 too large
gridworld,10,10,100,100,50,39,39,10000,7498,4,100,1,24,24,6,16.833333333333332,24,47.26244524796493,0.0,17.316971628461033,nan,0.030899582896381617,0.0,nan,5.920790135860443e-05,0.0003448748029768467,5.27920201420784e-05,5.0999922677874565e-05,5.1042065024375916e-05,5.920790135860443e-05,0.0003448748029768467,5.27920201420784e-05,5.0999922677874565e-05,5.1042065024375916e-05,0.0003036670386791229,nan,0.0006235409528017044,0.0003061660099774599,0.0004666659515351057,0.00015062512829899788,0.00023804116062819958,0.00033449986949563026,0.00035320804454386234,0.00032783416099846363,0.0003593750298023224,0.00021479115821421146,0.00029270793311297894,64.61693045822904,1,17,nan,22,18,24,7,6,12,9,12,12,7,6,6,VI skipped: 3^24 too large
gridworld,10,10,100,100,50,40,40,10000,8933,4,100,1,43,43,12,26.0,43,47.42915504029952,0.0,16.75061004422605,nan,0.05811983300372958,0.0,nan,0.00011550006456673145,0.0004232078790664673,0.00010870816186070442,0.00010683294385671616,0.00011124997399747372,0.00011550006456673145,0.0004232078790664673,0.00010870816186070442,0.00010683294385671616,0.00011124997399747372,0.0007357920985668898,nan,0.00108083407394588,0.0006084579508751631,0.000863000052049756,0.00039974995888769627,0.0006102500483393669,0.0007062500808387995,0.001072125043720007,0.0008094999939203262,0.0008290840778499842,0.0005996669642627239,0.0007553328759968281,64.25019708299078,1,42,nan,37,36,43,20,15,26,28,30,28,20,15,15,VI skipped: 3^43 too large
gridworld,10,10,100,100,50,41,41,10000,7404,4,100,1,37,37,8,25.5,37,47.41563466959633,0.0,17.279329328099266,nan,0.04046533303335309,0.0,nan,8.670799434185028e-05,0.0003729171585291624,8.458294905722141e-05,7.850001566112041e-05,7.841689512133598e-05,8.670799434185028e-05,0.0003729171585291624,8.458294905722141e-05,7.850001566112041e-05,7.841689512133598e-05,0.0005809171125292778,nan,0.0007975841872394085,0.0004688750486820936,0.0006950001697987318,0.0003322500269860029,0.00035137496888637543,0.00043270899914205074,0.0006758749950677156,0.0005261669866740704,0.0005464581772685051,0.0004952498711645603,0.00043454207479953766,64.74457562481984,1,35,nan,29,29,37,17,9,16,18,20,19,17,9,9,VI skipped: 3^37 too large
gridworld,10,10,100,100,50,42,42,10000,8829,4,100,1,14,14,4,11.0,14,47.65528041636571,0.0,17.086832881439477,nan,0.02333604102022946,0.0,0.3702884160447866,9.583309292793274e-05,0.00031820801086723804,4.0041981264948845e-05,3.474997356534004e-05,3.287498839199543e-05,9.583309292793274e-05,0.00031820801086723804,4.0041981264948845e-05,3.474997356534004e-05,3.287498839199543e-05,0.00030983309261500835,0.0015563340857625008,0.0001710420474410057,0.0001714171376079321,0.00024687498807907104,0.00010170810855925083,0.00010799989104270935,0.0001474579330533743,0.00019429204985499382,0.00013679219409823418,0.00014762510545551777,0.0001478339545428753,0.00010229088366031647,65.14196433289908,1,11,2,5,10,13,5,2,5,5,5,5,5,2,2,
gridworld,10,10,100,100,50,43,43,10000,9406,4,100,1,41,41,18,28.666666666666668,41,47.71968796150759,0.0,17.28978470689617,nan,0.059011457953602076,0.0,nan,0.00016241706907749176,0.0004405418876558542,0.00015262514352798462,0.00014758319593966007,0.00014716596342623234,0.00016241706907749176,0.0004405418876558542,0.00015262514352798462,0.00014758319593966007,0.00014716596342623234,0.000659791985526681,nan,0.0009757920634001493,0.000512625090777874,0.0007817081641405821,0.0003546657972037792,0.0005048750899732113,0.0005886659491807222,0.0006858750712126493,0.0005580410361289978,0.0006122500635683537,0.0005317081231623888,0.0006118749734014273,65.07946887495928,1,40,nan,35,32,41,18,12,22,18,21,21,18,12,11,VI skipped: 3^41 too large
gridworld,10,10,100,100,50,44,44,10000,8924,4,100,1,32,32,16,21.5,32,43.526714582461864,0.0,15.385589209850878,nan,0.042207542108371854,0.0,nan,0.0001163750421255827,0.00038616592064499855,0.00010716705583035946,0.00010375003330409527,0.00010575004853308201,0.0001163750421255827,0.00038616592064499855,0.00010716705583035946,0.00010375003330409527,0.00010575004853308201,0.00036550010554492474,nan,0.0006521670147776604,0.0003949170932173729,0.0005921251140534878,0.00026950007304549217,0.00043333391658961773,0.00044708303175866604,0.000666207866743207,0.0004888749681413174,0.0005138339474797249,0.00040183402597904205,0.0005393337924033403,58.96332500106655,1,22,nan,24,25,32,14,11,17,18,19,18,14,11,10,VI skipped: 3^32 too large
gridworld,10,10,100,100,50,45,45,10000,9404,4,100,1,42,42,15,26.733333333333334,42,43.60375733231194,0.0,15.126660746289417,nan,0.04995383298955858,0.0,nan,0.00012933393009006977,0.00044049997813999653,0.00012345798313617706,0.00012116692960262299,0.00012008310295641422,0.00012933393009006977,0.00044049997813999653,0.00012345798313617706,0.00012116692960262299,0.00012008310295641422,0.0005831250455230474,nan,0.0009006250184029341,0.0005658748559653759,0.0007931669242680073,0.0003099590539932251,0.0005231250543147326,0.0006310830358415842,0.0009668332058936357,0.0006963750347495079,0.000781708862632513,0.00046787504106760025,0.000645000021904707,58.79148475127295,1,36,nan,33,36,42,16,13,24,26,27,27,16,13,13,VI skipped: 3^42 too large
gridworld,10,10,100,100,50,46,46,10000,8086,4,100,1,33,33,18,23.5,33,43.28399370564148,0.0,15.207690129289404,nan,0.029193915892392397,0.0,nan,0.00013487483374774456,0.00046579097397625446,0.00012341700494289398,0.00012241583317518234,0.00012874999083578587,0.00013487483374774456,0.00046579097397625446,0.00012341700494289398,0.00012241583317518234,0.00012874999083578587,0.0005011670291423798,nan,0.00036220881156623363,0.0004314589314162731,0.0005401670932769775,0.00019545899704098701,0.00028854189440608025,0.000397541094571352,0.0004852921701967716,0.00043833302333950996,0.00040583405643701553,0.00029324996285140514,0.0003511670511215925,58.5287218329031,1,31,nan,13,27,29,10,7,15,13,17,14,10,7,7,VI skipped: 3^33 too large
gridworld,10,10,100,100,50,47,47,10000,7130,4,100,1,42,42,9,25.0,42,43.37745145894587,0.0,15.258274625753984,nan,0.03820920898579061,0.0,nan,8.858297951519489e-05,0.00036662514321506023,8.150003850460052e-05,8.058315142989159e-05,7.966579869389534e-05,8.858297951519489e-05,0.00036662514321506023,8.150003850460052e-05,8.058315142989159e-05,7.966579869389534e-05,0.0005886249709874392,nan,0.0008062918204814196,0.0005866668652743101,0.0007559580262750387,0.0003635410685092211,0.0005224170163273811,0.0005138330161571503,0.0008386250119656324,0.0006278329528868198,0.0006484170444309711,0.0005296249873936176,0.000647583045065403,58.68404495785944,1,37,nan,30,38,42,19,14,20,23,24,23,19,14,14,VI skipped: 3^42 too large
gridworld,10,10,100,100,50,48,48,10000,9499,4,100,1,31,31,6,23.0,31,43.36805412452668,0.0,15.145493873395026,nan,0.03133304207585752,0.0,nan,6.529106758534908e-05,0.0003880830481648445,5.88330440223217e-05,5.7999975979328156e-05,5.762488581240177e-05,6.529106758534908e-05,0.0003880830481648445,5.88330440223217e-05,5.7999975979328156e-05,5.762488581240177e-05,0.0004916251637041569,nan,0.0007127500139176846,0.000372542068362236,0.0005555828101933002,0.00017058313824236393,0.0002929999027401209,0.0002694579306989908,0.0003655829932540655,0.0003550420515239239,0.0002810419537127018,0.00025516701862215996,0.0003627920523285866,58.55215654219501,1,31,nan,27,24,31,9,8,10,10,14,10,9,8,8,VI skipped: 3^31 too large
gridworld,10,10,100,100,50,49,49,10000,9498,4,100,1,30,30,9,20.0,30,43.11277950019576,0.0,15.594576793257147,nan,0.02078099991194904,0.0,nan,7.499987259507179e-05,0.00037629203870892525,6.75420742481947e-05,6.641610525548458e-05,6.650015711784363e-05,7.499987259507179e-05,0.00037629203870892525,6.75420742481947e-05,6.641610525548458e-05,6.650015711784363e-05,0.0004177920054644346,nan,0.0006159171462059021,0.00046229083091020584,0.0005447498988360167,0.00017337501049041748,0.00030045793391764164,0.0003175828605890274,0.00043970905244350433,0.0004452080465853214,0.00047524995170533657,0.00025712489150464535,0.0003720838576555252,58.73575291689485,1,26,nan,23,30,30,9,8,12,12,17,17,9,8,8,VI skipped: 3^30 too large
puddleworld,10,10,100,100,50,0,50,10000,8444,4,100,1,36,36,12,25.833333333333332,36,48.155679509276524,0.0,17.789104293799028,nan,0.05244279187172651,0.0,nan,0.00016675004735589027,0.0004752920940518379,0.0001218749675899744,0.00011725001968443394,0.00011604209430515766,0.00016675004735589027,0.0004752920940518379,0.0001218749675899744,0.00011725001968443394,0.00011604209430515766,0.0007332079112529755,nan,0.0010041671339422464,0.0005769999697804451,0.0008100830018520355,0.0002152088563889265,0.0004135000053793192,0.0005429578013718128,0.0007951660081744194,0.0005235420539975166,0.0006071659736335278,0.00031341705471277237,0.000473707914352417,66.00793091603555,1,30,nan,30,30,36,9,8,17,18,17,18,9,8,8,VI skipped: 3^36 too large
puddleworld,10,10,100,100,50,1,51,10000,9497,4,100,1,36,36,20,21.1,36,48.56028216332197,0.0,17.17928683455102,nan,0.047306750202551484,0.0,nan,0.0001587909646332264,0.0004755840636789799,0.00014754105359315872,0.0001463328953832388,0.0001454581506550312,0.0001587909646332264,0.0004755840636789799,0.00014754105359315872,0.0001463328953832388,0.0001454581506550312,0.0006773748900741339,nan,0.0011429579462856054,0.0005719170439988375,0.0008150420617312193,0.0003734591882675886,0.0005931251216679811,0.0006714998744428158,0.0009791660122573376,0.0007484159432351589,0.0007716671098023653,0.0005641251336783171,0.0007325420156121254,65.79930620803498,1,34,nan,35,30,36,16,12,21,22,24,22,16,12,12,VI skipped: 3^36 too large
puddleworld,10,10,100,100,50,2,52,10000,8631,4,100,1,25,25,6,18.666666666666668,25,48.128558040829375,0.0,17.55249983165413,nan,0.03139979112893343,0.0,nan,7.13749323040247e-05,0.0003811249043792486,6.233295425772667e-05,6.0125021263957024e-05,5.987519398331642e-05,7.13749323040247e-05,0.0003811249043792486,6.233295425772667e-05,6.0125021263957024e-05,5.987519398331642e-05,0.00046595814637839794,nan,0.0006227078847587109,0.0004127081483602524,0.0005432078614830971,0.0001205839216709137,0.0001860000193119049,0.00028979196213185787,0.0005196251440793276,0.00028004194609820843,0.00023979181423783302,0.00017558387480676174,0.00022554094903171062,65.71961633302271,1,24,nan,19,22,25,5,4,9,12,9,7,5,4,4,VI skipped: 3^25 too large
puddleworld,10,10,100,100,50,3,53,10000,7777,4,100,1,22,22,4,18.0,22,48.60668467357755,0.0,17.398754039313644,nan,0.03168400004506111,0.0,nan,5.850009620189667e-05,0.00035904208198189735,5.104183219373226e-05,4.833401180803776e-05,4.7999899834394455e-05,5.850009620189667e-05,0.00035904208198189735,5.104183219373226e-05,4.833401180803776e-05,4.7999899834394455e-05,0.0003720419481396675,nan,0.00047979201190173626,0.00031954189762473106,0.0004740410950034857,9.758281521499157e-05,0.00014058314263820648,0.00016816705465316772,0.00021333293989300728,0.00020062504336237907,0.00014291703701019287,0.0001432499848306179,0.00018054107204079628,66.04291541688144,1,19,nan,15,17,22,4,3,5,4,6,4,4,3,3,VI skipped: 3^22 too large
puddleworld,10,10,100,100,50,4,54,10000,8937,4,100,1,30,30,4,21.0,30,48.30968158505857,0.0,17.698101500747725,nan,0.035418624989688396,0.0,nan,6.979191675782204e-05,0.0003754580393433571,5.7459110394120216e-05,5.3208088502287865e-05,5.4042087867856026e-05,6.979191675782204e-05,0.0003754580393433571,5.7459110394120216e-05,5.3208088502287865e-05,5.4042087867856026e-05,0.0004789161030203104,nan,0.0007590418681502342,0.00044325017370283604,0.0006339170504361391,0.00028566690161824226,0.00035091699101030827,0.00045962492004036903,0.0005502498243004084,0.0004829580429941416,0.0004208330065011978,0.00042799999937415123,0.0004242910072207451,66.05201875115745,1,24,nan,24,24,30,13,8,15,13,16,13,13,8,8,VI skipped: 3^30 too large
puddleworld,10,10,100,100,50,5,55,10000,8078,4,100,1,34,34,9,23.666666666666668,34,48.58502979320474,0.0,17.705196789698675,nan,0.046685957815498114,0.0,nan,0.00010066712275147438,0.0004138329531997442,9.108288213610649e-05,8.920812979340553e-05,8.841603994369507e-05,0.00010066712275147438,0.0004138329531997442,9.108288213610649e-05,8.920812979340553e-05,8.841603994369507e-05,0.0005365419201552868,nan,0.0008186670020222664,0.0005110411439090967,0.0007200420368462801,0.00018212501890957355,0.0003664169926196337,0.0005466670263558626,0.0008031248580664396,0.0005882501136511564,0.0006156670860946178,0.0002679170574992895,0.00044100009836256504,66.34653312526643,1,28,nan,26,28,34,8,8,18,19,20,19,8,8,8,VI skipped: 3^34 too large
puddleworld,10,10,100,100,50,6,56,10000,9307,4,100,1,30,30,6,21.833333333333332,30,48.17114525078796,0.0,17.53041937504895,nan,0.05130137503147125,0.0,nan,7.824995554983616e-05,0.00039312499575316906,6.949994713068008e-05,6.729201413691044e-05,6.683403626084328e-05,7.824995554983616e-05,0.00039312499575316906,6.949994713068008e-05,6.729201413691044e-05,6.683403626084328e-05,0.0004958331119269133,nan,0.000882208114489913,0.00035370909608900547,0.0006397501565515995,0.00021425005979835987,0.0002671671099960804,0.0004008328542113304,0.00047504203394055367,0.0004175831563770771,0.0004598749801516533,0.0003019161522388458,0.0003243749961256981,65.76126037514769,1,26,nan,28,19,30,9,6,13,11,14,14,9,6,6,VI skipped: 3^30 too large
puddleworld,10,10,100,100,50,7,57,10000,8636,4,100,1,28,28,8,21.0,28,48.453743127174675,0.0,17.665649917675182,nan,0.0255431670229882,0.0,nan,8.591613732278347e-05,0.00039241695776581764,7.708417251706123e-05,7.470790296792984e-05,7.479102350771427e-05,8.591613732278347e-05,0.00039241695776581764,7.708417251706123e-05,7.470790296792984e-05,7.479102350771427e-05,0.0003361671697348356,nan,0.0006307079456746578,0.0004273329395800829,0.0005997498519718647,0.000226292060688138,0.00039616692811250687,0.00031133415177464485,0.0004302500747144222,0.00033370801247656345,0.00036574993282556534,0.0003344588913023472,0.000482749892398715,66.15295133413747,1,17,nan,20,23,28,10,9,10,10,11,11,10,9,8,VI skipped: 3^28 too large
puddleworld,10,10,100,100,50,8,58,10000,9500,4,100,1,32,32,6,20.666666666666668,32,48.54171837423928,0.0,17.227996800327674,nan,0.041956250090152025,0.0,nan,7.504085078835487e-05,0.0003847908228635788,6.645801477134228e-05,6.500002928078175e-05,6.49578869342804e-05,7.504085078835487e-05,0.0003847908228635788,6.645801477134228e-05,6.500002928078175e-05,6.49578869342804e-05,0.0005958341062068939,nan,0.0009286249987781048,0.0005791669245809317,0.0006727909203618765,0.0002849590964615345,0.0003841659054160118,0.00044816709123551846,0.0007091248407959938,0.0004960829392075539,0.0005432090256363153,0.00042120786383748055,0.0004752920940518379,65.82134458422661,1,32,nan,30,32,32,13,9,15,17,17,17,13,9,9,VI skipped: 3^32 too large
puddleworld,10,10,100,100,50,9,59,10000,9404,4,100,1,36,36,15,23.0,36,48.59628067491576,0.0,17.91958975396119,nan,0.050935084000229836,0.0,nan,0.00013349996879696846,0.00045900000259280205,0.00012674997560679913,0.0001241250429302454,0.00012387498281896114,0.00013349996879696846,0.00045900000259280205,0.00012674997560679913,0.0001241250429302454,0.00012387498281896114,0.0006524580530822277,nan,0.0009655831381678581,0.0005399170331656933,0.000790292164310813,0.00031929207034409046,0.0005217080470174551,0.0005860829260200262,0.0009155839215964079,0.0006676248740404844,0.0007084580138325691,0.0004795000422745943,0.000635458854958415,66.5781462083105,1,34,nan,30,29,36,14,11,19,21,22,21,14,11,11,VI skipped: 3^36 too large
puddleworld,10,10,100,100,50,10,60,10000,9405,4,100,1,26,26,4,17.5,26,48.92386508360505,0.0,17.596803706604987,nan,0.038205582881346345,0.0,nan,5.808309651911259e-05,0.00036245910450816154,5.050003528594971e-05,4.845811054110527e-05,4.854216240346432e-05,5.808309651911259e-05,0.00036245910450816154,5.050003528594971e-05,4.845811054110527e-05,4.854216240346432e-05,0.0004170839674770832,nan,0.0005930829793214798,0.00045250006951391697,0.0005459589883685112,0.0002418330404907465,0.0003458750434219837,0.0003920421004295349,0.00046258303336799145,0.0004117919597774744,0.0003589170519262552,0.00035816687159240246,0.00041587487794458866,66.5668698339723,1,22,nan,19,25,26,11,8,13,11,14,11,11,8,8,VI skipped: 3^26 too large
puddleworld,10,10,100,100,50,11,61,10000,9402,4,100,1,20,20,6,16.0,20,48.533037048531696,0.0,17.34838313050568,nan,0.028380165807902813,0.0,nan,6.325007416307926e-05,0.0003939999733120203,5.6124990805983543e-05,5.395920015871525e-05,5.383300594985485e-05,6.325007416307926e-05,0.0003939999733120203,5.6124990805983543e-05,5.395920015871525e-05,5.383300594985485e-05,0.00011583301238715649,nan,0.0001714590471237898,0.0002995000686496496,0.0003862499725073576,9.63329803198576e-05,0.00017891707830131054,0.00022370810620486736,0.00022849999368190765,0.00021820887923240662,0.00020354194566607475,0.0001421249471604824,0.0002189998049288988,65.91534791700542,1,5,nan,5,16,18,4,4,7,5,7,6,4,4,4,VI skipped: 3^20 too large
puddleworld,10,10,100,100,50,12,62,10000,8554,4,100,1,31,31,6,23.5,31,48.78445753850974,0.0,17.61452566436492,nan,0.04220379120670259,0.0,nan,8.200015872716904e-05,0.00039175013080239296,7.104198448359966e-05,6.874999962747097e-05,6.858306005597115e-05,8.200015872716904e-05,0.00039175013080239296,7.104198448359966e-05,6.874999962747097e-05,6.858306005597115e-05,0.0005467499140650034,nan,0.0009438330307602882,0.0003707499708980322,0.0006322921253740788,0.00017433310858905315,0.0002554580569267273,0.0003007908817380667,0.000611957861110568,0.00023633288219571114,0.00046900007873773575,0.0002579998690634966,0.00031349994242191315,66.44934120913967,1,29,nan,30,21,31,8,6,10,15,8,15,8,6,6,VI skipped: 3^31 too large
puddleworld,10,10,100,100,50,13,63,10000,6544,4,100,1,29,29,6,21.5,29,48.6809204115998,0.0,17.951942706713453,nan,0.04307958297431469,0.0,nan,7.083290256559849e-05,0.00037174997851252556,6.30419235676527e-05,6.174994632601738e-05,6.145797669887543e-05,7.083290256559849e-05,0.00037174997851252556,6.30419235676527e-05,6.174994632601738e-05,6.145797669887543e-05,0.0004349160008132458,nan,0.0006843330338597298,0.0004526658449321985,0.0005921248812228441,0.00017287512309849262,0.0002912089694291353,0.0003275838680565357,0.00041095796041190624,0.0003173330333083868,0.00031633302569389343,0.0002560829743742943,0.0003589170519262552,66.68326187506318,1,24,nan,23,26,29,8,7,11,10,11,10,8,7,7,VI skipped: 3^29 too large
puddleworld,10,10,100,100,50,14,64,10000,8350,4,100,1,40,40,12,25.083333333333332,40,48.36455725226551,0.0,17.424041586229578,nan,0.0485745829064399,0.0,nan,0.00011837505735456944,0.0004240840207785368,0.00011195894330739975,0.00010950001887977123,0.00010887510143220425,0.00011837505735456944,0.0004240840207785368,0.00011195894330739975,0.00010950001887977123,0.00010887510143220425,0.0006282499525696039,nan,0.0009282499086111784,0.0006082081235945225,0.0008233750704675913,0.0002995000686496496,0.000518083106726408,0.0006388749461621046,0.0010209160391241312,0.0007435420993715525,0.0008141659200191498,0.00044824997894465923,0.0006409171037375927,65.8485498749651,1,35,nan,31,35,40,14,12,22,25,26,26,14,12,12,VI skipped: 3^40 too large
puddleworld,10,10,100,100,50,15,65,10000,8163,4,100,1,29,29,4,19.0,29,48.79871116648428,0.0,17.430718963500112,nan,0.037242375081405044,0.0,nan,5.733408033847809e-05,0.00035912496969103813,5.079200491309166e-05,4.8457877710461617e-05,4.816614091396332e-05,5.733408033847809e-05,0.00035912496969103813,5.079200491309166e-05,4.8457877710461617e-05,4.816614091396332e-05,0.0004536658525466919,nan,0.0006846250034868717,0.00041999993845820427,0.0005872910842299461,0.0002523751463741064,0.0003617501351982355,0.00040558306500315666,0.00048979208804667,0.0003977499436587095,0.0003737080842256546,0.0003759581595659256,0.0004475419409573078,66.27468783291988,1,25,nan,23,24,29,12,9,14,12,14,12,12,9,9,VI skipped: 3^29 too large
puddleworld,10,10,100,100,50,16,66,10000,8926,4,100,1,35,35,4,19.75,35,48.63497111899778,0.0,17.375909169903025,nan,0.05734624993056059,0.0,nan,5.9416983276605606e-05,0.00036687497049570084,5.2165938541293144e-05,5.124998278915882e-05,5.150004290044308e-05,5.9416983276605606e-05,0.00036687497049570084,5.2165938541293144e-05,5.124998278915882e-05,5.150004290044308e-05,0.0006274159532040358,nan,0.0008061248809099197,0.0005882908590137959,0.0007074589375406504,0.0003537079319357872,0.0006688330322504044,0.000547999981790781,0.0007315000984817743,0.0005365419201552868,0.0005558331031352282,0.0005292920395731926,0.0008362499065697193,66.07858833414502,1,35,nan,27,34,35,17,17,19,18,19,18,17,17,16,VI skipped: 3^35 too large
puddleworld,10,10,100,100,50,17,67,10000,8078,4,100,1,40,40,10,25.4,40,48.741097669815645,0.0,17.334271249361336,nan,0.058546749874949455,0.0,nan,0.00010645808652043343,0.00041525019332766533,9.91250853985548e-05,9.80000477284193e-05,0.0001002501230686903,0.00010645808652043343,0.00041525019332766533,9.91250853985548e-05,9.80000477284193e-05,0.0001002501230686903,0.0006600830238312483,nan,0.0010212089400738478,0.0006221248768270016,0.0008118750993162394,0.00031849998049438,0.000546333147212863,0.0006342499982565641,0.0008610829245299101,0.0006243330426514149,0.0006536250002682209,0.00047395890578627586,0.0006819581612944603,66.14496870781295,1,37,nan,34,36,40,15,13,22,21,22,21,15,13,13,VI skipped: 3^40 too large
puddleworld,10,10,100,100,50,18,68,10000,9032,4,100,1,27,27,12,16.166666666666668,27,48.60412391787395,0.0,17.621586126741022,nan,0.03230812516994774,0.0,nan,8.795806206762791e-05,0.00039470917545259,7.995893247425556e-05,7.862504571676254e-05,7.770885713398457e-05,8.795806206762791e-05,0.00039470917545259,7.995893247425556e-05,7.862504571676254e-05,7.770885713398457e-05,0.0004892079159617424,nan,0.0007234581280499697,0.0004044170491397381,0.0005574580281972885,0.0003175828605890274,0.0004306251648813486,0.0004683749284595251,0.0006562499329447746,0.0005442909896373749,0.0005371249280869961,0.0004770830273628235,0.0005220840685069561,66.26722133392468,1,27,nan,24,23,27,15,10,16,16,19,17,15,10,9,VI skipped: 3^27 too large
puddleworld,10,10,100,100,50,19,69,10000,8741,4,100,1,37,37,15,23.333333333333332,37,48.661149920662865,0.0,17.58559041423723,nan,0.047982958145439625,0.0,nan,0.00012900005094707012,0.0004337080754339695,0.00012183305807411671,0.0001202079001814127,0.0001194588840007782,0.00012900005094707012,0.0004337080754339695,0.00012183305807411671,0.0001202079001814127,0.0001194588840007782,0.0006021670997142792,nan,0.0010987089481204748,0.0005485841538757086,0.0007780001033097506,0.00024362490512430668,0.0004976249765604734,0.000704833073541522,0.0010361671447753906,0.0007272909861057997,0.0008029590826481581,0.00036266702227294445,0.0006130419205874205,66.30610099993646,1,33,nan,36,31,37,11,11,24,25,25,25,11,11,11,VI skipped: 3^37 too large
puddleworld,10,10,100,100,50,20,70,10000,9117,4,100,1,26,26,8,19.0,26,48.83037592377514,0.0,17.702045294223353,nan,0.03859775001183152,0.0,nan,7.645809091627598e-05,0.00042079086415469646,6.987503729760647e-05,6.720796227455139e-05,6.691692396998405e-05,7.645809091627598e-05,0.00042079086415469646,6.987503729760647e-05,6.720796227455139e-05,6.691692396998405e-05,0.0004199170507490635,nan,0.00031424988992512226,0.00035316706635057926,0.0005145419854670763,0.00015483307652175426,0.0002940001431852579,0.0004075830802321434,0.0004142499528825283,0.0004019590560346842,0.00037783291190862656,0.00022841687314212322,0.0003589589614421129,66.57834004214965,1,23,nan,10,20,25,7,7,14,10,14,12,7,7,6,VI skipped: 3^26 too large
puddleworld,10,10,100,100,50,21,71,10000,8929,4,100,1,35,35,18,25.0,35,48.77343937475234,0.0,17.692849792074412,nan,0.04795487504452467,0.0,nan,0.00016070809215307236,0.00046108290553092957,0.0001488751731812954,0.00014458317309617996,0.00014525000005960464,0.00016070809215307236,0.00046108290553092957,0.0001488751731812954,0.00014458317309617996,0.00014525000005960464,0.000499082962051034,nan,0.0008608340285718441,0.0004836670123040676,0.0007407080847769976,0.00020395801402628422,0.0004152499604970217,0.0005370830185711384,0.0006292089819908142,0.0005002079997211695,0.0006182498764246702,0.0003013329114764929,0.0005080841947346926,66.52413637470454,1,27,nan,28,27,35,9,9,18,15,17,19,9,9,9,VI skipped: 3^35 too large
puddleworld,10,10,100,100,50,22,72,10000,9218,4,100,1,32,32,9,23.666666666666668,32,48.90129829291254,0.0,17.524080213392153,nan,0.05581112508662045,0.0,nan,9.25001222640276e-05,0.0003988328389823437,8.587492629885674e-05,8.42090230435133e-05,8.416594937443733e-05,9.25001222640276e-05,0.0003988328389823437,8.587492629885674e-05,8.42090230435133e-05,8.416594937443733e-05,0.0005043752025812864,nan,0.00048262509517371655,0.00040279189124703407,0.0006079161539673805,0.00015837489627301693,0.000300500076264143,0.00043174996972084045,0.0006419159471988678,0.00048345886170864105,0.0004947080742567778,0.00022425013594329357,0.0003638749476522207,66.48945558280684,1,28,nan,16,23,30,7,7,15,16,17,16,7,7,7,VI skipped: 3^32 too large
puddleworld,10,10,100,100,50,23,73,10000,8645,4,100,1,25,25,6,18.333333333333332,25,48.5546992958989,0.0,17.405745080439374,nan,0.03871791693381965,0.0,nan,6.52081798762083e-05,0.0003943750634789467,5.841720849275589e-05,5.674990825355053e-05,5.7040946558117867e-05,6.52081798762083e-05,0.0003943750634789467,5.841720849275589e-05,5.674990825355053e-05,5.7040946558117867e-05,0.0003863750025629997,nan,0.0006311249453574419,0.0003523330669850111,0.0005067919846624136,0.0001332499086856842,0.0002524161245673895,0.0003014998510479927,0.00036975019611418247,0.00034441612660884857,0.00034370808862149715,0.0001948331482708454,0.0003094170242547989,66.00620754272677,1,21,nan,21,20,25,6,6,10,9,12,11,6,6,6,VI skipped: 3^25 too large
puddleworld,10,10,100,100,50,24,74,10000,6541,4,100,2,39,39,12,24.333333333333332,39,48.491297795204446,66.15337162511423,17.87061095959507,nan,0.03683995897881687,0.0,nan,0.00011454103514552116,0.0004552500322461128,0.00010729208588600159,0.00010612490586936474,0.00010908418335020542,0.00011454103514552116,0.0004552500322461128,0.00010729208588600159,0.00010612490586936474,0.00010908418335020542,0.0005492907948791981,nan,0.0009398330003023148,0.0006458330899477005,0.0008064159192144871,0.0003016251139342785,0.0005662501789629459,0.000670708017423749,0.0007842909544706345,0.0006841251160949469,0.0006959999445825815,0.0004516248591244221,0.0007043329533189535,66.40969504090026,1,30,nan,31,37,39,14,13,23,19,24,22,14,13,13,VI skipped: 3^39 too large
puddleworld,10,10,100,100,50,25,75,10000,8928,4,100,1,28,28,3,20.333333333333332,28,48.789568920852616,0.0,17.348878665128723,nan,0.037410249933600426,0.0,nan,5.349982529878616e-05,0.0003805840387940407,4.583294503390789e-05,4.395795986056328e-05,4.3791020289063454e-05,5.349982529878616e-05,0.0003805840387940407,4.583294503390789e-05,4.395795986056328e-05,4.3791020289063454e-05,7.63752032071352e-05,nan,0.0004012088757008314,0.0002850000746548176,0.0005109170451760292,3.116694279015064e-05,5.3957803174853325e-05,7.154187187552452e-05,5.245814099907875e-05,0.00012441701255738735,4.208390600979328e-05,4.195794463157654e-05,6.27920962870121e-05,66.18049087515101,0,3,nan,13,16,25,1,1,2,1,4,1,1,1,1,VI skipped: 3^28 too large
puddleworld,10,10,100,100,50,26,76,10000,7796,4,100,1,31,31,4,23.5,31,48.87753411824815,0.0,17.294305078685284,nan,0.052851458080112934,0.0,nan,6.291689351201057e-05,0.0003626248799264431,5.470798350870609e-05,5.333288572728634e-05,5.350005812942982e-05,6.291689351201057e-05,0.0003626248799264431,5.470798350870609e-05,5.333288572728634e-05,5.350005812942982e-05,0.0004178329836577177,nan,0.0008203748147934675,0.0004390000831335783,0.0006535409484058619,0.00020337500609457493,0.00032599992118775845,0.00028408411890268326,0.0003819169942289591,0.0002959580160677433,0.00028683291748166084,0.00028775003738701344,0.0003717921208590269,66.23224924993701,1,23,nan,23,22,31,9,7,9,9,10,9,9,7,7,VI skipped: 3^31 too large
puddleworld,10,10,100,100,50,27,77,10000,8478,4,100,1,36,36,8,21.5,36,48.55864887684584,0.0,17.3880144583527,nan,0.043663291027769446,0.0,nan,9.537488222122192e-05,0.00039541698060929775,8.145882748067379e-05,7.716682739555836e-05,7.725018076598644e-05,9.537488222122192e-05,0.00039541698060929775,8.145882748067379e-05,7.716682739555836e-05,7.725018076598644e-05,0.0006564590148627758,nan,0.0010019578039646149,0.0006320420652627945,0.0007354579865932465,0.000400124816223979,0.0005878747906535864,0.0005560419522225857,0.0007761248853057623,0.0005378751084208488,0.0005890838801860809,0.00059104198589921,0.0007182089611887932,66.00124812521972,1,36,nan,33,36,36,19,14,19,19,19,19,19,14,14,VI skipped: 3^36 too large
puddleworld,10,10,100,100,50,28,78,10000,9306,4,100,1,30,30,12,21.333333333333332,30,49.02529820473865,0.0,17.80768120638095,nan,0.04570174985565245,0.0,nan,0.00010624993592500687,0.00040804105810821056,9.662494994699955e-05,9.537511505186558e-05,9.529199451208115e-05,0.00010624993592500687,0.00040804105810821056,9.662494994699955e-05,9.537511505186558e-05,9.529199451208115e-05,0.0003619999624788761,nan,0.000522916903719306,0.00041145808063447475,0.0006016669794917107,0.00015591690316796303,0.00031545781530439854,0.0004172499757260084,0.0006929999217391014,0.0004913751035928726,0.000536083010956645,0.00023108301684260368,0.0003775421064347029,66.88711158302613,1,19,nan,17,23,29,7,7,14,17,17,17,7,7,7,VI skipped: 3^30 too large
puddleworld,10,10,100,100,50,29,79,10000,9312,4,100,1,32,32,18,22.0,32,48.966151502449065,0.0,17.338881995994598,nan,0.05957358283922076,0.0,nan,0.00014445814304053783,0.00044350000098347664,0.0001338748261332512,0.00013220799155533314,0.00013333279639482498,0.00014445814304053783,0.00044350000098347664,0.0001338748261332512,0.00013220799155533314,0.00013333279639482498,0.00046108290553092957,nan,0.0005850421730428934,0.0004428329411894083,0.0006589579861611128,0.00023999996483325958,0.0004105831030756235,0.0005320829804986715,0.0007869170513004065,0.0005485420115292072,0.0006076660938560963,0.00035983300767838955,0.0005133328959345818,66.37428275006823,1,25,nan,19,25,31,11,9,18,19,19,19,11,9,9,VI skipped: 3^32 too large
puddleworld,10,10,100,100,50,30,80,10000,8542,4,100,1,42,42,15,26.533333333333335,42,48.92982953856699,0.0,17.054772953968495,nan,0.06009354186244309,0.0,nan,0.00015074992552399635,0.000485916156321764,0.0001379579771310091,0.00013479194603860378,0.00013479194603860378,0.00015074992552399635,0.000485916156321764,0.0001379579771310091,0.00013479194603860378,0.00013479194603860378,0.0006552499253302813,nan,0.0010410419199615717,0.0005848340224474669,0.0008854998741298914,0.0003503328189253807,0.0006300830282270908,0.0006829169578850269,0.0010359999723732471,0.0007245831657201052,0.0008032920304685831,0.0005232500843703747,0.0007805000059306622,66.05691108293831,1,36,nan,34,33,42,16,14,23,25,25,25,16,14,14,VI skipped: 3^42 too large
puddleworld,10,10,100,100,50,31,81,10000,9408,4,100,1,32,32,12,21.333333333333332,32,48.75815645954572,0.0,17.842201330466196,nan,0.049737124936655164,0.0,nan,0.00010520895011723042,0.0004021250642836094,9.77921299636364e-05,9.612482972443104e-05,9.541702456772327e-05,0.00010520895011723042,0.0004021250642836094,9.77921299636364e-05,9.612482972443104e-05,9.541702456772327e-05,0.0004724999889731407,nan,0.0007490830030292273,0.00043404102325439453,0.0006507500074803829,0.00024087517522275448,0.0005000000819563866,0.00043499981984496117,0.0006863749586045742,0.0005092909559607506,0.0005392080638557673,0.00034908298403024673,0.000620625214651227,66.65953683410771,1,26,nan,25,25,32,11,12,15,17,18,17,11,12,11,VI skipped: 3^32 too large
puddleworld,10,10,100,100,50,32,82,10000,9306,4,100,1,28,28,15,19.733333333333334,28,48.94232133519836,0.0,17.95836179004982,nan,0.0432194999884814,0.0,nan,0.00011470797471702099,0.00041399989277124405,0.0001074161846190691,0.00010449998080730438,0.00010375003330409527,0.00011470797471702099,0.00041399989277124405,0.0001074161846190691,0.00010449998080730438,0.00010375003330409527,0.00042441696859896183,nan,0.000519665889441967,0.00040941592305898666,0.0005206249188631773,0.00015762518160045147,0.00026950007304549217,0.0004700839053839445,0.0006957079749554396,0.0005129158962517977,0.0004759170114994049,0.00022979103960096836,0.0003292919136583805,66.95222812495194,1,23,nan,17,23,25,7,6,16,17,17,15,7,6,6,VI skipped: 3^28 too large
puddleworld,10,10,100,100,50,33,83,10000,8745,4,100,1,32,32,6,21.166666666666668,32,48.90928625082597,0.0,17.693651077570394,nan,0.03981558280065656,0.0,nan,7.195910438895226e-05,0.00039716693572700024,6.53339084237814e-05,6.258301436901093e-05,6.274995394051075e-05,7.195910438895226e-05,0.00039716693572700024,6.53339084237814e-05,6.258301436901093e-05,6.274995394051075e-05,0.0005369170103222132,nan,0.000764333875849843,0.00046429201029241085,0.0006365829613059759,0.0001910841092467308,0.0003642910160124302,0.00037529109977185726,0.000444167060777545,0.00045350007712841034,0.00040037487633526325,0.00028375000692903996,0.00045050005428493023,66.65109337610193,1,30,nan,26,27,32,9,9,13,11,16,13,9,9,9,VI skipped: 3^32 too large
puddleworld,10,10,100,100,50,34,84,10000,8173,4,100,1,37,37,4,23.5,37,48.88157592131756,0.0,17.25874495995231,nan,0.052641708170995116,0.0,nan,6.483285687863827e-05,0.0004003331996500492,5.679205060005188e-05,5.520787090063095e-05,5.512498319149017e-05,6.483285687863827e-05,0.0004003331996500492,5.679205060005188e-05,5.520787090063095e-05,5.512498319149017e-05,0.0006404579617083073,nan,0.000851375050842762,0.000550250057131052,0.000739166047424078,0.0004495840985327959,0.0004395830910652876,0.0006772920023649931,0.00087162503041327,0.0006643750239163637,0.0006674579344689846,0.0006710418965667486,0.0005406669806689024,66.20359141589142,1,36,nan,29,32,37,22,11,24,22,24,22,22,11,11,VI skipped: 3^37 too large
puddleworld,10,10,100,100,50,35,85,10000,8933,4,100,1,32,32,15,19.133333333333333,32,48.91528808535077,0.0,17.53975583286956,nan,0.04367108293808997,0.0,nan,0.00011283298954367638,0.000414291862398386,0.00010449998080730438,0.00010283314622938633,0.00010349997319281101,0.00011283298954367638,0.000414291862398386,0.00010449998080730438,0.00010283314622938633,0.00010349997319281101,0.0005226659122854471,nan,0.0008994580712169409,0.0004904589150100946,0.0006558750756084919,0.00023820786736905575,0.0004361250903457403,0.0004110420122742653,0.0007291659712791443,0.0004848339594900608,0.0005677090957760811,0.00034016603603959084,0.0005164169706404209,66.50828725099564,1,29,nan,30,28,32,11,10,14,18,17,18,11,10,10,VI skipped: 3^32 too large
puddleworld,10,10,100,100,50,36,86,10000,9408,4,100,1,29,29,4,20.0,29,49.04629270522855,0.0,17.46978633897379,nan,0.04262316692620516,0.0,nan,5.695805884897709e-05,0.00034200004301965237,4.9541937187314034e-05,4.812492989003658e-05,4.758313298225403e-05,5.695805884897709e-05,0.00034200004301965237,4.9541937187314034e-05,4.812492989003658e-05,4.758313298225403e-05,0.0004987090360373259,nan,0.0005989160854369402,0.0003688749857246876,0.0005565830506384373,0.0002401669044047594,0.0003455420956015587,0.0003077080473303795,0.0004615830257534981,0.000355167081579566,0.0003559580072760582,0.00036441697739064693,0.00042679114267230034,66.56640587490983,1,29,nan,21,22,29,12,9,11,12,13,12,12,9,9,VI skipped: 3^29 too large
puddleworld,10,10,100,100,50,37,87,10000,8553,4,100,1,32,32,12,23.5,32,48.73116211988963,0.0,17.347172539914027,nan,0.04313337500207126,0.0,nan,0.00010733399540185928,0.0003964579664170742,9.987503290176392e-05,9.874999523162842e-05,9.795813821256161e-05,0.00010733399540185928,0.0003964579664170742,9.987503290176392e-05,9.874999523162842e-05,9.795813821256161e-05,0.00048416689969599247,nan,0.00046795792877674103,0.0004372920375317335,0.0006054588593542576,0.00022604200057685375,0.00040662498213350773,0.00041866698302328587,0.0006180419586598873,0.0003300418611615896,0.0004787091165781021,0.0003408328630030155,0.0004998331423848867,66.12989291595295,1,28,nan,16,26,31,11,10,15,16,12,16,11,10,8,VI skipped: 3^32 too large
puddleworld,10,10,100,100,50,38,88,10000,9499,4,100,1,18,18,6,13.333333333333334,18,48.69232629495673,0.0,17.594952912302688,nan,0.022646541940048337,0.0,nan,5.374988541007042e-05,0.00032958295196294785,4.7083012759685516e-05,4.4999876990914345e-05,4.449998959898949e-05,5.374988541007042e-05,0.00032958295196294785,4.7083012759685516e-05,4.4999876990914345e-05,4.449998959898949e-05,0.0002547500189393759,nan,0.0004888330586254597,0.00024604215286672115,0.00034983293153345585,0.00010733283124864101,0.00016545807011425495,0.00015262491069734097,0.00020479201339185238,0.0002509159967303276,0.00024495902471244335,0.00015625008381903172,0.00020041689276695251,66.3155832500197,1,14,nan,17,14,18,5,4,5,5,9,8,5,4,4,VI skipped: 3^18 too large
puddleworld,10,10,100,100,50,39,89,10000,5892,4,100,1,30,30,8,20.25,30,48.50530371279456,0.0,17.368659337516874,nan,0.025847958168014884,0.0,nan,7.675006054341793e-05,0.0004276251420378685,7.02498946338892e-05,6.737513467669487e-05,6.812484934926033e-05,7.675006054341793e-05,0.0004276251420378685,7.02498946338892e-05,6.737513467669487e-05,6.812484934926033e-05,0.00028941594064235687,nan,0.0005213338881731033,0.0003434580285102129,0.000529667129740119,2.987496554851532e-05,5.208398215472698e-05,4.024989902973175e-05,5.020899698138237e-05,6.587500683963299e-05,3.975001163780689e-05,4.037492908537388e-05,6.120908074080944e-05,65.90458579198457,0,16,nan,18,20,27,1,1,1,1,2,1,1,1,1,VI skipped: 3^30 too large
puddleworld,10,10,100,100,50,40,90,10000,8087,4,100,1,26,26,6,18.666666666666668,26,48.91736025107093,0.0,16.90427532978356,nan,0.042650916846469045,0.0,nan,6.483402103185654e-05,0.0003482080064713955,5.7374825701117516e-05,5.591614171862602e-05,5.533406510949135e-05,6.483402103185654e-05,0.0003482080064713955,5.7374825701117516e-05,5.591614171862602e-05,5.533406510949135e-05,0.0002881251275539398,nan,0.0005744579248130322,0.00037424988113343716,0.0005064590368419886,0.00014733406715095043,0.00027679186314344406,0.00023041688837110996,0.0003541249316185713,0.0002770000137388706,0.0003115409053862095,0.00021695904433727264,0.00033958302810788155,65.87094862503,1,16,nan,20,22,26,7,7,8,9,10,10,7,7,7,VI skipped: 3^26 too large
puddleworld,10,10,100,100,50,41,91,10000,8062,4,100,1,30,30,12,19.0,30,48.561818540794775,0.0,17.27727532852441,nan,0.03800291707739234,0.0,nan,9.320909157395363e-05,0.00037724990397691727,8.658296428620815e-05,8.495780639350414e-05,8.483300916850567e-05,9.320909157395363e-05,0.00037724990397691727,8.658296428620815e-05,8.495780639350414e-05,8.483300916850567e-05,0.00048687495291233063,nan,0.0007013748399913311,0.0003913750406354666,0.000591915799304843,0.00028737494722008705,0.00041054212488234043,0.0004235419910401106,0.0006290001329034567,0.0004697921685874462,0.000494249863550067,0.0004311248194426298,0.0005110830534249544,65.88588812504895,1,28,nan,24,23,30,14,10,15,16,17,16,14,10,10,VI skipped: 3^30 too large
puddleworld,10,10,100,100,50,42,92,10000,9020,4,100,2,23,23,6,17.5,23,39.66941228718497,65.99103104113601,14.264701169915497,nan,0.02201704098843038,0.0,nan,6.091711111366749e-05,0.00034237513318657875,5.3957803174853325e-05,5.283299833536148e-05,5.274987779557705e-05,6.091711111366749e-05,0.00034237513318657875,5.3957803174853325e-05,5.283299833536148e-05,5.274987779557705e-05,0.00020708306692540646,nan,0.0003285000566393137,0.0002887910231947899,0.0004295830149203539,6.933417171239853e-05,0.00012754183262586594,0.0003089169040322304,0.0004274998791515827,0.00030216691084206104,0.0003307501319795847,9.870808571577072e-05,0.00015474995598196983,53.96199258300476,1,11,nan,11,17,22,3,3,11,11,11,11,3,3,3,VI skipped: 3^23 too large
puddleworld,10,10,100,100,50,43,93,10000,8083,4,100,1,27,27,6,19.833333333333332,27,48.642914711730555,0.0,17.19300799467601,nan,0.04274649987928569,0.0,nan,6.554112769663334e-05,0.0003523749765008688,5.9165991842746735e-05,5.745794624090195e-05,5.63750509172678e-05,6.554112769663334e-05,0.0003523749765008688,5.9165991842746735e-05,5.745794624090195e-05,5.63750509172678e-05,0.00035149999894201756,nan,0.0005182090681046247,0.0003190001007169485,0.0005234580021351576,0.00014583300799131393,0.0002405839040875435,0.00028166710399091244,0.0003967920783907175,0.0003030411899089813,0.0003019580617547035,0.00021612481214106083,0.0002944578882306814,65.88532045786269,1,20,nan,18,19,27,7,6,10,10,11,10,7,6,6,VI skipped: 3^27 too large
puddleworld,10,10,100,100,50,44,94,10000,8936,4,100,2,25,25,3,15.0,25,39.4174940851517,66.0939309168607,14.206098371418193,nan,0.0234525001142174,0.0,nan,4.737498238682747e-05,0.00032879202626645565,4.075001925230026e-05,3.9041973650455475e-05,3.824988380074501e-05,4.737498238682747e-05,0.00032879202626645565,4.075001925230026e-05,3.9041973650455475e-05,3.824988380074501e-05,0.0004347090143710375,nan,0.0006219169590622187,0.0003352088388055563,0.00048229098320007324,0.00022149994038045406,0.00033958302810788155,0.0003326251171529293,0.00046350015327334404,0.00035266601480543613,0.0003547919914126396,0.0003286660648882389,0.0004259999841451645,53.65439745900221,1,25,nan,22,20,25,11,9,12,12,13,12,11,9,9,VI skipped: 3^25 too large
puddleworld,10,10,100,100,50,45,95,10000,8737,4,100,1,24,24,6,17.666666666666668,24,49.0723661640659,0.0,17.419284330448136,nan,0.031106125097721815,0.0,nan,6.204098463058472e-05,0.0003457500133663416,5.487492308020592e-05,5.270796827971935e-05,5.329190753400326e-05,6.204098463058472e-05,0.0003457500133663416,5.487492308020592e-05,5.270796827971935e-05,5.329190753400326e-05,0.0003357499372214079,nan,0.00029437500052154064,0.0003200408536940813,0.0004519170615822077,0.00010716589167714119,0.0002021249383687973,0.0002800829242914915,0.00038937502540647984,0.0003544159699231386,0.0003872090019285679,0.00015662494115531445,0.00024779210798442364,66.5290808759164,1,19,nan,10,19,23,5,5,10,10,13,13,5,5,5,VI skipped: 3^24 too large
puddleworld,10,10,100,100,50,46,96,10000,8465,4,100,1,29,29,4,24.5,29,48.90028716926463,0.0,17.430809961399063,nan,0.042215249966830015,0.0,nan,6.087496876716614e-05,0.0003535000141710043,5.4625095799565315e-05,5.24159986525774e-05,5.329097621142864e-05,6.087496876716614e-05,0.0003535000141710043,5.4625095799565315e-05,5.24159986525774e-05,5.329097621142864e-05,0.00046395789831876755,nan,0.0006811670027673244,0.0002880000974982977,0.0005585411563515663,0.0001458341721445322,0.00012558302842080593,0.00020370888523757458,0.00027754204347729683,0.00019754189997911453,0.00021341699175536633,0.00021974998526275158,0.00015499978326261044,66.37961345911026,1,27,nan,24,17,29,7,3,7,7,7,7,7,3,3,VI skipped: 3^29 too large
puddleworld,10,10,100,100,50,47,97,10000,9304,4,100,1,29,29,5,21.4,29,39.67952379072085,0.0,14.170366381527856,nan,0.040213875006884336,0.0,nan,6.24579843133688e-05,0.0003486250061541796,5.579204298555851e-05,5.458388477563858e-05,5.441601388156414e-05,6.24579843133688e-05,0.0003486250061541796,5.579204298555851e-05,5.458388477563858e-05,5.441601388156414e-05,0.00043100002221763134,nan,0.0006262501701712608,0.000392416026443243,0.0005619160365313292,0.00014825002290308475,0.0002756670583039522,0.00033520907163619995,0.0004691248759627342,0.00035495893098413944,0.0003587501123547554,0.0002151250373572111,0.0003380419220775366,53.897401208058,1,25,nan,22,23,29,7,7,12,12,13,12,7,7,7,VI skipped: 3^29 too large
puddleworld,10,10,100,100,50,48,98,10000,8929,4,100,1,30,30,12,19.833333333333332,30,39.793597790412605,0.0,13.741688712267205,nan,0.031203041085973382,0.0,nan,9.516696445643902e-05,0.0004052089061588049,8.883303962647915e-05,8.749985136091709e-05,8.766609244048595e-05,9.516696445643902e-05,0.0004052089061588049,8.883303962647915e-05,8.749985136091709e-05,8.766609244048595e-05,0.0004388329107314348,nan,0.0005260000471025705,0.00042570801451802254,0.000581375090405345,0.0002294168807566166,0.000333624891936779,0.0005029579624533653,0.0007062910590320826,0.0004979169461876154,0.0005458749365061522,0.0003411669749766588,0.0004096671473234892,53.575054541928694,1,25,nan,18,25,29,11,8,18,18,18,18,11,8,8,VI skipped: 3^30 too large
puddleworld,10,10,100,100,50,49,99,10000,9405,4,100,1,36,36,12,23.916666666666668,36,39.81937662628479,0.0,13.902251089690253,nan,0.030676750000566244,0.0,nan,0.00010900013148784637,0.0004159999080002308,0.00010237493552267551,0.00010087480768561363,0.00010104198008775711,0.00010900013148784637,0.0004159999080002308,0.00010237493552267551,0.00010087480768561363,0.00010104198008775711,0.0005557499825954437,nan,0.0006962921470403671,0.0005896668881177902,0.0007046670652925968,0.00022683385759592056,0.00037966598756611347,0.000613542040809989,0.0008552500512450933,0.0006552499253302813,0.00066370889544487,0.00033862493000924587,0.0004583748523145914,53.762220666976646,1,32,nan,24,35,36,11,9,22,22,24,22,11,9,9,VI skipped: 3^36 too large
rockworld,10,10,100,100,50,0,100,20000,12441,4,100,1,38,38,20,26.3,38,104.07178262504749,0.0,25.702094289008528,nan,0.0633615420665592,0.0,nan,0.0001966250129044056,0.0006934578996151686,0.00015120813623070717,0.00014583393931388855,0.00014695897698402405,0.0001966250129044056,0.0006934578996151686,0.00015120813623070717,0.00014583393931388855,0.00014695897698402405,0.0006708749569952488,nan,0.0006038341671228409,0.0005330420099198818,0.000728958984836936,0.00022491696290671825,0.0004188751336187124,0.0005497499369084835,0.0007648749742656946,0.0005417501088231802,0.0006075000856071711,0.00033408403396606445,0.0004817501176148653,129.8481119161006,1,32,nan,20,31,37,11,9,20,20,20,20,11,9,9,VI skipped: 3^38 too large
rockworld,10,10,100,100,50,1,101,20000,10726,4,100,1,92,92,36,42.19444444444444,92,104.09515037154779,0.0,24.935943794902414,nan,0.11883420799858868,0.0,nan,0.00040166708640754223,0.0009707910940051079,0.00039425003342330456,0.00039120903238654137,0.0003981250338256359,0.00040166708640754223,0.0009707910940051079,0.00039425003342330456,0.00039120903238654137,0.0003981250338256359,0.0015210420824587345,nan,0.0029228751081973314,0.0014038749504834414,0.002332999836653471,0.0012917499989271164,0.002767957979813218,0.0018827090971171856,0.002942916937172413,0.0017574159428477287,0.0027887080796062946,0.0018571659456938505,0.003279333934187889,129.18259487417527,1,90,nan,85,86,92,50,48,67,65,63,76,50,48,48,VI skipped: 3^92 too large
rockworld,10,10,100,100,50,2,102,20000,11957,4,100,1,24,24,4,19.0,24,104.01747512375005,0.0,31.563813116867095,nan,0.042047540890052915,0.0,nan,5.345791578292847e-05,0.0005419589579105377,4.4625019654631615e-05,4.349998198449612e-05,4.329183138906956e-05,5.345791578292847e-05,0.0005419589579105377,4.4625019654631615e-05,4.349998198449612e-05,4.329183138906956e-05,0.0002864999696612358,nan,0.00046462519094347954,0.00026999996043741703,0.0004278749693185091,0.00015449989587068558,0.00022033299319446087,0.00021429103799164295,0.00029262504540383816,0.00023083388805389404,0.0002233339473605156,0.0002257919404655695,0.00026820902712643147,135.62984429229982,1,17,nan,17,17,24,8,6,8,8,9,8,8,6,5,VI skipped: 3^24 too large
rockworld,10,10,100,100,50,3,103,20000,12699,4,100,1,40,40,4,23.5,40,103.3572371287737,0.0,30.936096244258806,nan,0.060901541961357,0.0,nan,5.8542005717754364e-05,0.0005718749016523361,5.1666051149368286e-05,4.991586320102215e-05,5.029095336794853e-05,5.8542005717754364e-05,0.0005718749016523361,5.1666051149368286e-05,4.991586320102215e-05,5.029095336794853e-05,0.0006400418933480978,nan,0.0009182088542729616,0.0004766250494867563,0.0007094580214470625,0.00032954104244709015,0.000559832900762558,0.0005308331456035376,0.0007477500475943089,0.0004979169461876154,0.0005736250896006823,0.000497165834531188,0.0007013748399913311,134.36476674908772,1,40,nan,35,31,40,18,16,21,21,20,21,18,16,16,VI skipped: 3^40 too large
rockworld,10,10,100,100,50,4,104,20000,16910,4,100,1,36,36,4,25.25,36,104.42806341429241,0.0,33.74638596363366,nan,0.09784091683104634,0.0,nan,6.0374848544597626e-05,0.0005724160000681877,5.2999937906861305e-05,5.141599103808403e-05,5.1208073273301125e-05,6.0374848544597626e-05,0.0005724160000681877,5.2999937906861305e-05,5.141599103808403e-05,5.1208073273301125e-05,0.00019100005738437176,nan,0.0007608339656144381,0.00013087503612041473,0.0006057501304894686,6.195902824401855e-05,0.00011650007218122482,8.845794945955276e-05,0.00011825002729892731,6.63751270622015e-05,9.066704660654068e-05,8.999998681247234e-05,0.00014104205183684826,138.2785510418471,0,11,nan,29,8,34,3,3,3,3,2,3,3,3,1,VI skipped: 3^36 too large
rockworld,10,10,100,100,50,5,105,20000,12081,4,100,1,41,41,9,24.444444444444443,41,104.1001884196885,0.0,26.443200749810785,nan,0.061520082876086235,0.0,nan,9.16249118745327e-05,0.0005869169253855944,8.120900020003319e-05,7.962482050061226e-05,7.975008338689804e-05,9.16249118745327e-05,0.0005869169253855944,8.120900020003319e-05,7.962482050061226e-05,7.975008338689804e-05,0.0005892501212656498,nan,0.0009638750925660133,0.000547042116522789,0.0007451670244336128,0.0002824158873409033,0.0004918330814689398,0.0006214159075170755,0.0009014590177685022,0.0006414160598069429,0.000747166108340025,0.0004301250446587801,0.0006049999501556158,130.61602899967693,1,37,nan,36,35,41,15,13,24,25,25,27,15,13,13,VI skipped: 3^41 too large
rockworld,10,10,100,100,50,6,106,20000,12534,4,100,1,78,78,29,39.62068965517241,78,104.06429029628634,0.0,25.73012137436308,nan,0.1243477500975132,0.0,nan,0.00031395815312862396,0.0008540418930351734,0.00030908314511179924,0.00030250009149312973,0.0003027920611202717,0.00031395815312862396,0.0008540418930351734,0.00030908314511179924,0.00030250009149312973,0.0003027920611202717,0.0012629160191863775,nan,0.002270124852657318,0.001132874982431531,0.0019277501851320267,0.001058999914675951,0.0016859162133187056,0.0015624170191586018,0.0023286249488592148,0.0015669160056859255,0.001832874957472086,0.0015254998579621315,0.0020207080524414778,129.94426233391277,1,77,nan,67,71,78,42,33,57,52,58,51,42,33,33,VI skipped: 3^78 too large
rockworld,10,10,100,100,50,7,107,20000,12158,4,100,1,39,39,8,25.25,39,104.19690358429216,0.0,26.986954540014267,nan,0.06003170809708536,0.0,nan,8.341600187122822e-05,0.0005855830386281013,7.620896212756634e-05,7.454096339643002e-05,7.43749551475048e-05,8.341600187122822e-05,0.0005855830386281013,7.620896212756634e-05,7.454096339643002e-05,7.43749551475048e-05,0.0005262501072138548,nan,0.0009278750512748957,0.0004734999965876341,0.0007025410886853933,0.0003205421380698681,0.0004433330614119768,0.0005167077761143446,0.0006889582145959139,0.0005802921950817108,0.0005564580205827951,0.0004901660140603781,0.0005567499902099371,131.25416274904273,1,33,nan,35,30,39,17,12,20,19,23,20,17,12,12,VI skipped: 3^39 too large
rockworld,10,10,100,100,50,8,108,20000,14882,4,100,1,82,82,114,33.39473684210526,82,104.84743908140808,0.0,31.878077044384554,nan,0.1433853330090642,0.0,nan,0.0008975830860435963,0.0014477081131190062,0.0008910419419407845,0.0008890840690582991,0.0008924580179154873,0.0008975830860435963,0.0014477081131190062,0.0008910419419407845,0.0008890840690582991,0.0008924580179154873,0.0014635410625487566,nan,0.0030295001342892647,0.0013908338733017445,0.002445375081151724,0.0015454581007361412,0.004939999897032976,0.0021759159862995148,0.003489583032205701,0.002214374952018261,0.0029158329125493765,0.0022316668182611465,0.005588541040197015,136.91214379202574,1,80,nan,78,78,82,51,49,68,67,70,67,51,49,46,VI skipped: 3^82 too large
rockworld,10,10,100,100,50,9,109,20000,12151,4,100,1,42,42,21,25.428571428571427,42,104.75728871161118,0.0,26.92268496681936,nan,0.07214799989014864,0.0,nan,0.00016120797954499722,0.0006689580623060465,0.00015287497080862522,0.00015066610649228096,0.00015070801600813866,0.00016120797954499722,0.0006689580623060465,0.00015287497080862522,0.00015066610649228096,0.00015070801600813866,0.00055929203517735,nan,0.0009883330203592777,0.0005517078097909689,0.0007972919847816229,0.0003138328902423382,0.0005915418732911348,0.0007223330903798342,0.001051916042342782,0.0007400000467896461,0.0008184579201042652,0.00047708419151604176,0.000731125008314848,131.76454475033097,1,34,nan,36,35,42,16,14,27,28,28,28,16,14,14,VI skipped: 3^42 too large
rockworld,10,10,100,100,50,10,110,20000,10737,4,100,1,45,45,16,27.875,45,104.2596765391063,0.0,25.93601095257327,nan,0.05547675001434982,0.0,nan,0.00014483300037682056,0.0006618748884648085,0.0001335830893367529,0.00013154186308383942,0.00013095815666019917,0.00014483300037682056,0.0006618748884648085,0.0001335830893367529,0.00013154186308383942,0.00013095815666019917,0.0006677079945802689,nan,0.0010623340494930744,0.0006934171542525291,0.0008441249374300241,0.00039362511597573757,0.0006128749810159206,0.0005915837828069925,0.0008742499630898237,0.0006298748776316643,0.0006682497914880514,0.0005877499934285879,0.000759083079174161,130.26342508289963,1,41,nan,39,44,45,20,15,22,23,24,23,20,15,15,VI skipped: 3^45 too large
rockworld,10,10,100,100,50,11,111,20000,9892,4,100,1,43,43,12,27.833333333333332,43,104.56754833366722,0.0,24.622626710450277,nan,0.05049408390186727,0.0,nan,0.00011195894330739975,0.0006189590785652399,0.00010508298873901367,0.00010304199531674385,0.00010337494313716888,0.00011195894330739975,0.0006189590785652399,0.00010508298873901367,0.00010304199531674385,0.00010337494313716888,0.0004585839342325926,nan,0.0009391249623149633,0.0006453748792409897,0.0008059169631451368,0.0002927081659436226,0.00047545810230076313,0.0006295840721577406,0.0009345419239252806,0.0006462500896304846,0.0007174168713390827,0.00044466694816946983,0.0005904578138142824,129.2517620420549,1,28,nan,34,40,43,15,12,24,25,25,25,15,12,12,VI skipped: 3^43 too large
rockworld,10,10,100,100,50,12,112,20000,9295,4,100,1,76,76,4,28.5,76,103.51251979358494,0.0,24.346367586869746,nan,0.08935454185120761,0.0,nan,7.120799273252487e-05,0.0006005829200148582,6.370781920850277e-05,6.220908835530281e-05,6.216601468622684e-05,7.120799273252487e-05,0.0006005829200148582,6.370781920850277e-05,6.220908835530281e-05,6.216601468622684e-05,0.0001937500201165676,nan,0.0009386669844388962,0.0010721669532358646,0.0008482499979436398,2.633407711982727e-05,4.824995994567871e-05,3.64591833204031e-05,4.624994471669197e-05,0.000723124947398901,3.5624951124191284e-05,3.5750214010477066e-05,5.470798350870609e-05,127.95548954070546,0,11,nan,35,71,47,1,1,1,1,29,1,1,1,1,VI skipped: 3^76 too large
rockworld,10,10,100,100,50,13,113,20000,16724,4,100,1,39,39,8,23.5,39,105.19924979028292,0.0,37.31575640710071,nan,0.06343375006690621,0.0,nan,7.88751058280468e-05,0.0005812919698655605,7.30419997125864e-05,7.162499241530895e-05,7.162499241530895e-05,7.88751058280468e-05,0.0005812919698655605,7.30419997125864e-05,7.162499241530895e-05,7.162499241530895e-05,0.000499499961733818,nan,0.0008542079012840986,0.00048020784743130207,0.0007072908338159323,0.0003712920006364584,0.0004505419638007879,0.0005426660645753145,0.0007909161504358053,0.000580458901822567,0.0006112910341471434,0.0005582920275628567,0.0005643749609589577,142.58922374993563,1,31,nan,32,31,39,20,12,21,22,23,22,20,12,12,VI skipped: 3^39 too large
rockworld,10,10,100,100,50,14,114,20000,16158,4,100,1,30,30,8,21.75,30,104.5728030812461,0.0,33.83190909191035,nan,0.05815862491726875,0.0,nan,7.387506775557995e-05,0.0005704588256776333,6.695790216326714e-05,6.52919989079237e-05,6.554205901920795e-05,7.387506775557995e-05,0.0005704588256776333,6.695790216326714e-05,6.52919989079237e-05,6.554205901920795e-05,0.00039129098877310753,nan,0.0006214168388396502,0.0003449590876698494,0.0005436670035123825,0.00019179214723408222,0.00026383320800960064,0.0003434170503169298,0.0004394170828163624,0.0003591671120375395,0.00039400020614266396,0.0002882080152630806,0.0003333750646561384,138.47119237459265,1,24,nan,23,22,30,10,7,13,12,14,14,10,7,7,VI skipped: 3^30 too large
rockworld,10,10,100,100,50,15,115,20000,15259,4,100,1,36,36,18,19.666666666666668,36,104.23848612024449,0.0,31.261298754718155,nan,0.07813341706059873,0.0,nan,0.00011654081754386425,0.0006157499738037586,0.00011020898818969727,0.00010804110206663609,0.00010887510143220425,0.00011654081754386425,0.0006157499738037586,0.00011020898818969727,0.00010804110206663609,0.00010887510143220425,0.000588415889069438,nan,0.0008720001205801964,0.0005482500419020653,0.0006743751000612974,0.00036566704511642456,0.0006995419971644878,0.0005329169798642397,0.0007447500247508287,0.0006218748167157173,0.0006070421077311039,0.0005524170119315386,0.0008787501137703657,135.58960616588593,1,36,nan,32,35,36,19,18,20,20,24,21,19,18,17,VI skipped: 3^36 too large
rockworld,10,10,100,100,50,16,116,20000,11378,4,100,1,88,88,30,39.36666666666667,88,103.84321387251839,0.0,25.369450002443045,nan,0.09895350015722215,0.0,nan,0.00032145786099135876,0.0008750001434236765,0.0003077089786529541,0.00030479184351861477,0.00030579185113310814,0.00032145786099135876,0.0008750001434236765,0.0003077089786529541,0.00030479184351861477,0.00030579185113310814,0.0014130829367786646,nan,0.0028893330600112677,0.0013268748298287392,0.0022071250714361668,0.0013458339963108301,0.0022302500437945127,0.002025832887738943,0.0032782908529043198,0.002070208080112934,0.002643583808094263,0.0019458751194179058,0.0026823750231415033,129.34293029201217,1,85,nan,85,82,88,53,42,73,73,76,73,53,42,42,VI skipped: 3^88 too large
rockworld,10,10,100,100,50,17,117,20000,11094,4,100,1,46,46,13,29.615384615384617,46,104.51259053382091,0.0,29.49647425324656,nan,0.08496062504127622,0.0,nan,0.0001247080508619547,0.0006299170199781656,0.00011841696687042713,0.0001165410503745079,0.00011600018478929996,0.0001247080508619547,0.0006299170199781656,0.00011841696687042713,0.0001165410503745079,0.00011600018478929996,0.000699375057592988,nan,0.0012230831198394299,0.0005976669490337372,0.0008746660314500332,0.00031162495724856853,0.0005975419189780951,0.000688083004206419,0.0009443329181522131,0.0008573329541832209,0.0007581249810755253,0.00047962507233023643,0.000783874886110425,134.10657083406113,1,43,nan,45,38,46,16,15,26,25,28,25,16,15,15,VI skipped: 3^46 too large
rockworld,10,10,100,100,50,18,118,20000,16145,4,100,1,35,35,6,21.833333333333332,35,104.07198096299544,0.0,33.471963830059394,nan,0.10271341586485505,0.0,nan,8.295895531773567e-05,0.0005758330225944519,6.429199129343033e-05,6.104097701609135e-05,6.0999998822808266e-05,8.295895531773567e-05,0.0005758330225944519,6.429199129343033e-05,6.104097701609135e-05,6.0999998822808266e-05,0.0005207911599427462,nan,0.0008677090518176556,0.00040958402678370476,0.0006378330290317535,0.00030345912091434,0.00044116703793406487,0.000512000173330307,0.0006603749934583902,0.0005015828646719456,0.0004957499913871288,0.00044704205356538296,0.0005416250787675381,137.6568673751317,1,31,nan,32,26,35,16,12,20,18,20,18,16,12,12,VI skipped: 3^35 too large
rockworld,10,10,100,100,50,19,119,20000,13395,4,100,1,43,43,6,25.333333333333332,43,105.83264803607017,0.0,28.11422433401458,nan,0.0544599590357393,0.0,nan,8.04578885436058e-05,0.0005861250683665276,6.812484934926033e-05,6.612506695091724e-05,6.529083475470543e-05,8.04578885436058e-05,0.0005861250683665276,6.812484934926033e-05,6.612506695091724e-05,6.529083475470543e-05,0.0005527501925826073,nan,0.0011230420786887407,0.0005847499705851078,0.0007785421330481768,0.0002826671116054058,0.0005113750230520964,0.0006708330474793911,0.0011069998145103455,0.0006972078699618578,0.0006059580482542515,0.00041900016367435455,0.0006334579084068537,134.01296249986626,1,33,nan,42,37,43,15,14,26,31,28,22,15,14,14,VI skipped: 3^43 too large
rockworld,10,10,100,100,50,20,120,20000,12179,4,100,1,56,56,25,33.0,56,104.65292133763433,0.0,26.523884709225968,nan,0.09235612489283085,0.0,nan,0.0002327500842511654,0.000762915937229991,0.0002252499107271433,0.00022316607646644115,0.0002210000529885292,0.0002327500842511654,0.000762915937229991,0.0002252499107271433,0.00022316607646644115,0.0002210000529885292,0.0009183329530060291,nan,0.0014674169942736626,0.0007907079998403788,0.0013264580629765987,0.000602958956733346,0.00061029102653265,0.0011051248293370008,0.001915541011840105,0.0011690419632941484,0.001503832871094346,0.0008591250516474247,0.0007266669999808073,131.2868174589239,1,55,nan,44,49,54,24,13,41,44,44,43,24,13,13,VI skipped: 3^56 too large
rockworld,10,10,100,100,50,21,121,20000,14026,4,100,1,31,31,3,18.333333333333332,31,105.38334637391381,0.0,30.921519455267116,nan,0.05891587492078543,0.0,nan,4.950002767145634e-05,0.0005503331776708364,4.14170790463686e-05,3.9874808862805367e-05,3.937492147088051e-05,4.950002767145634e-05,0.0005503331776708364,4.14170790463686e-05,3.9874808862805367e-05,3.937492147088051e-05,0.0004314999096095562,nan,0.0007191249169409275,0.0004184588324278593,0.0005582082085311413,0.00022470788098871708,0.00042104185558855534,0.00040870788507163525,0.0004729169886559248,0.00040212483145296574,0.00041241711005568504,0.00033425004221498966,0.000522624934092164,136.37255608383566,1,26,nan,27,27,31,12,12,16,13,16,15,12,12,12,VI skipped: 3^31 too large
rockworld,10,10,100,100,50,22,122,20000,9883,4,100,1,49,49,11,24.272727272727273,49,103.933850500267,0.0,24.159738876856863,nan,0.05397658399306238,0.0,nan,0.0001040829811245203,0.0006359999533742666,9.520817548036575e-05,9.29159577935934e-05,9.29159577935934e-05,0.0001040829811245203,0.0006359999533742666,9.520817548036575e-05,9.29159577935934e-05,9.29159577935934e-05,0.0007431250996887684,nan,0.0011883748229593039,0.0006692500319331884,0.0009110830724239349,0.00047450000420212746,0.0008510409388691187,0.0009547499939799309,0.001058374997228384,0.0009705419652163982,0.0008172499947249889,0.0007098750211298466,0.0010538750793784857,128.16142412507907,1,46,nan,44,43,49,25,22,37,29,38,29,25,22,22,VI skipped: 3^49 too large
rockworld,10,10,100,100,50,23,123,20000,12509,4,100,1,41,41,12,27.833333333333332,41,104.79304274939932,0.0,32.58940921491012,nan,0.07636816683225334,0.0,nan,0.00011458294466137886,0.0006257500499486923,0.00010783295147120953,0.000106374965980649,0.000106374965980649,0.00011458294466137886,0.0006257500499486923,0.00010783295147120953,0.000106374965980649,0.000106374965980649,0.0005798749625682831,nan,0.0009722921531647444,0.0005458749365061522,0.0007502499502152205,0.0002492079511284828,0.0006119159515947104,0.0005713340360671282,0.0008407498244196177,0.00054508401080966,0.0005904999561607838,0.0003729581367224455,0.0007576670031994581,137.469986082986,1,36,nan,36,35,41,13,16,22,23,21,21,13,16,12,VI skipped: 3^41 too large
rockworld,10,10,100,100,50,24,124,20000,11588,4,100,1,40,40,5,30.8,40,104.22403607633896,0.0,26.295362748438492,nan,0.08620558306574821,0.0,nan,7.53339845687151e-05,0.0006493330001831055,6.587500683963299e-05,6.487499922513962e-05,6.462493911385536e-05,7.53339845687151e-05,0.0006493330001831055,6.587500683963299e-05,6.487499922513962e-05,6.462493911385536e-05,0.0005282498896121979,nan,0.0009292089380323887,0.00046904198825359344,0.0007201670669019222,0.0001385000068694353,0.000266083050519228,0.00043587503023445606,0.0006121671758592129,0.0004044170491397381,0.0004693339578807354,0.00020241597667336464,0.0003175409510731697,130.61453316616826,1,33,nan,35,30,40,7,7,17,17,16,17,7,7,7,VI skipped: 3^40 too large
rockworld,10,10,100,100,50,25,125,20000,10820,4,100,1,47,47,18,30.5,47,104.49394550104626,0.0,29.25156529387459,nan,0.0774098748806864,0.0,nan,0.00016449997201561928,0.0007635001093149185,0.0001570410095155239,0.00015529198572039604,0.00015487498603761196,0.00016449997201561928,0.0007635001093149185,0.0001570410095155239,0.00015529198572039604,0.00015487498603761196,0.0007257920224219561,nan,0.001235875068232417,0.000687834108248353,0.0009008748456835747,0.0003179160412400961,0.0006680421065539122,0.000669791828840971,0.0009224170353263617,0.0006595421582460403,0.0007091658189892769,0.0004803328774869442,0.0008214591071009636,133.83582104207017,1,44,nan,44,43,47,16,16,25,24,25,24,16,16,15,VI skipped: 3^47 too large
rockworld,10,10,100,100,50,26,126,20000,11303,4,100,1,57,57,6,29.833333333333332,57,104.52890712930821,0.0,23.228346374584362,nan,0.07647191686555743,0.0,nan,8.30839853733778e-05,0.0007136669009923935,7.645785808563232e-05,7.43749551475048e-05,7.345783524215221e-05,8.30839853733778e-05,0.0007136669009923935,7.645785808563232e-05,7.43749551475048e-05,7.345783524215221e-05,0.0006491250824183226,nan,0.001070332946255803,0.0008611660450696945,0.0009039998985826969,2.7791131287813187e-05,4.970794543623924e-05,6.416602991521358e-05,4.791701212525368e-05,0.00016199983656406403,3.674998879432678e-05,3.704102709889412e-05,5.808286368846893e-05,127.84127674996853,0,40,nan,40,56,50,1,1,2,1,6,1,1,1,1,VI skipped: 3^57 too large
rockworld,10,10,100,100,50,27,127,20000,15572,4,100,1,72,72,8,31.0,72,105.04100017156452,0.0,31.225467703770846,nan,0.11777895805425942,0.0,nan,0.00010341708548367023,0.0006580830086022615,9.433296509087086e-05,9.266706183552742e-05,9.179208427667618e-05,0.00010341708548367023,0.0006580830086022615,9.433296509087086e-05,9.266706183552742e-05,9.179208427667618e-05,0.0010611661709845066,nan,0.0018413751386106014,0.0010355839040130377,0.0013206249568611383,0.0007865829393267632,0.0015244169626384974,0.0012258749920874834,0.0016748751513659954,0.0012063339818269014,0.001301333075389266,0.0011814171448349953,0.0018829170148819685,136.40429358300753,1,67,nan,68,67,72,42,40,48,46,48,46,42,40,40,VI skipped: 3^72 too large
rockworld,10,10,100,100,50,28,128,20000,11580,4,100,1,30,30,4,18.5,30,104.05439716205001,0.0,26.25745754293166,nan,0.05044016684405506,0.0,nan,5.212519317865372e-05,0.0005659579765051603,4.533398896455765e-05,4.345807246863842e-05,4.349998198449612e-05,5.212519317865372e-05,0.0005659579765051603,4.533398896455765e-05,4.345807246863842e-05,4.349998198449612e-05,0.00046812486834824085,nan,0.000745292054489255,0.0003887498751282692,0.0005389160942286253,0.00028187502175569534,0.000355791999027133,0.0004160411190241575,0.0005398329813033342,0.0004015411250293255,0.00041262502782046795,0.00041795801371335983,0.0004399160388857126,130.37096704123542,1,29,nan,28,25,30,15,10,16,15,16,15,15,10,10,VI skipped: 3^30 too large
rockworld,10,10,100,100,50,29,129,20000,12897,4,100,1,77,77,42,37.04761904761905,77,104.22234503924847,0.0,27.250238804379478,nan,0.10680637485347688,0.0,nan,0.0004008340183645487,0.0009617079049348831,0.00039179110899567604,0.000394666101783514,0.0003906248603016138,0.0004008340183645487,0.0009617079049348831,0.00039179110899567604,0.000394666101783514,0.0003906248603016138,0.001307584112510085,nan,0.002546458039432764,0.0011708750389516354,0.001958209089934826,0.0009794998914003372,0.0020233329851180315,0.0013519159983843565,0.0024777501821517944,0.0015312500763684511,0.0020377500914037228,0.001382749993354082,0.0024054169189184904,131.60658470797352,1,77,nan,73,71,77,37,35,48,54,55,55,37,35,35,VI skipped: 3^77 too large
rockworld,10,10,100,100,50,30,130,20000,10645,4,100,1,52,52,8,30.0,52,104.07746904832311,0.0,25.49306499864906,nan,0.08497575018554926,0.0,nan,9.737489745020866e-05,0.0006269579753279686,8.920789696276188e-05,8.762511424720287e-05,8.712499402463436e-05,9.737489745020866e-05,0.0006269579753279686,8.920789696276188e-05,8.762511424720287e-05,8.712499402463436e-05,0.0007734159007668495,nan,0.001195542048662901,0.0007222909480333328,0.0009373330976814032,0.0005719161126762629,0.0008743330836296082,0.0009113750420510769,0.0011138340923935175,0.0009482090827077627,0.0008518749382346869,0.0008582919836044312,0.0010893330909311771,129.66983804292977,1,49,nan,45,47,52,31,24,36,31,38,31,31,24,23,VI skipped: 3^52 too large
rockworld,10,10,100,100,50,31,131,20000,11399,4,100,1,60,60,68,39.44117647058823,60,104.32526133512147,0.0,26.793178581167012,nan,0.10529695893637836,0.0,nan,0.0006536669097840786,0.001194541109725833,0.0006430419161915779,0.0006534159183502197,0.0006529581733047962,0.0006536669097840786,0.001194541109725833,0.0006430419161915779,0.0006534159183502197,0.0006529581733047962,0.0009911658708006144,nan,0.0014534578658640385,0.0008939169347286224,0.0015930840745568275,0.0005857080686837435,0.001156833954155445,0.0011244169436395168,0.0019464169163256884,0.001209750073030591,0.001598874805495143,0.0008505000732839108,0.001347250072285533,131.24619033304043,1,56,nan,40,52,59,21,17,37,40,40,40,21,17,17,VI skipped: 3^60 too large
rockworld,10,10,100,100,50,32,132,20000,12336,4,100,1,36,36,12,27.666666666666668,36,103.53053503367119,0.0,27.564375461777672,nan,0.07726541697047651,0.0,nan,0.00011583301238715649,0.000630208058282733,0.00010483292862772942,0.00010266713798046112,0.00010329089127480984,0.00011583301238715649,0.000630208058282733,0.00010483292862772942,0.00010266713798046112,0.00010329089127480984,0.0005146670155227184,nan,0.0003864588215947151,0.0003919170703738928,0.0006212920416146517,0.0001573751214891672,0.0003101250622421503,0.00031724991276860237,0.0005129170604050159,0.0004081251099705696,0.0004212919156998396,0.00023175007663667202,0.00038124993443489075,131.18058783304878,1,32,nan,14,25,34,8,8,12,14,16,15,8,8,8,VI skipped: 3^36 too large
rockworld,10,10,100,100,50,33,133,20000,11941,4,100,1,50,50,19,28.263157894736842,50,103.92847758135758,0.0,26.013722963398322,nan,0.07256183307617903,0.0,nan,0.00016370904631912708,0.0006792079657316208,0.00015450012870132923,0.00015350012108683586,0.0001521660014986992,0.00016370904631912708,0.0006792079657316208,0.00015450012870132923,0.00015350012108683586,0.0001521660014986992,0.0007637080270797014,nan,0.0013162919785827398,0.0007869999390095472,0.0009456251282244921,0.00042779091745615005,0.0007237079553306103,0.0009909169748425484,0.0014191248919814825,0.0009803751017898321,0.0010698330588638783,0.000645084073767066,0.0008780411444604397,130.02984591713175,1,47,nan,48,50,50,22,17,38,38,38,37,22,17,17,VI skipped: 3^50 too large
rockworld,10,10,100,100,50,34,134,20000,11735,4,100,1,33,33,6,22.333333333333332,33,104.13327433285303,0.0,27.835797880543396,nan,0.058170707896351814,0.0,nan,6.820796988904476e-05,0.0005751252174377441,6.029196083545685e-05,5.829217843711376e-05,5.8042118325829506e-05,6.820796988904476e-05,0.0005751252174377441,6.029196083545685e-05,5.829217843711376e-05,5.8042118325829506e-05,0.0004645830485969782,nan,0.0007705830503255129,0.00042716600000858307,0.0005947079043835402,0.0001538749784231186,0.00029474985785782337,0.00040908297523856163,0.0006106668151915073,0.00042554200626909733,0.0004647080786526203,0.00022775004617869854,0.00036420789547264576,132.03580924985,1,29,nan,29,27,33,8,8,16,17,17,17,8,8,8,VI skipped: 3^33 too large
rockworld,10,10,100,100,50,35,135,20000,12818,4,100,1,64,64,108,36.94444444444444,64,103.93318512663245,0.0,28.576623124070466,nan,0.14246212504804134,0.0,nan,0.000947166932746768,0.001484875101596117,0.0009422919247299433,0.0009351249318569899,0.0009438330307602882,0.000947166932746768,0.001484875101596117,0.0009422919247299433,0.0009351249318569899,0.0009438330307602882,0.000984499929472804,nan,0.0019765000324696302,0.0009938750881701708,0.0018044591415673494,0.0007550839800387621,0.0022053751163184643,0.001345749944448471,0.002076749922707677,0.0013532910961657763,0.0017202920280396938,0.0010762501042336226,0.002499875146895647,132.68098066584207,1,55,nan,53,57,64,26,25,44,42,45,42,26,25,25,VI skipped: 3^64 too large
rockworld,10,10,100,100,50,36,136,20000,9974,4,100,1,107,107,33,44.93939393939394,107,104.97575533343479,0.0,24.111430378863588,nan,0.12528074998408556,0.0,nan,0.0003985001239925623,0.000976082868874073,0.00038895895704627037,0.00038712495006620884,0.0003894590772688389,0.0003985001239925623,0.000976082868874073,0.00038895895704627037,0.00038712495006620884,0.0003894590772688389,0.0017649999354034662,nan,0.0030394589994102716,0.0016828749794512987,0.0027132921386510134,0.0017318751197308302,0.003778124926611781,0.001938417088240385,0.0035447501577436924,0.002273458056151867,0.0028600420337170362,0.0024637498427182436,0.004493792075663805,129.2504812090192,1,106,nan,88,104,107,67,67,70,78,83,78,67,67,66,VI skipped: 3^107 too large
rockworld,10,10,100,100,50,37,137,20000,9888,4,100,1,103,103,64,45.78125,103,104.58270041784272,0.0,27.765688573708758,nan,0.18081045802682638,0.0,nan,0.0007090000435709953,0.0012955002021044493,0.000701625132933259,0.0007002500351518393,0.0007008330430835485,0.0007090000435709953,0.0012955002021044493,0.000701625132933259,0.0007002500351518393,0.0007008330430835485,0.0017868329305201769,nan,0.0035402080975472927,0.0016583329997956753,0.002867333125323057,0.001614290988072753,0.004514083964750171,0.002104625105857849,0.0036706249229609966,0.0022092079743742943,0.0029908751603215933,0.002289040945470333,0.005309083964675665,132.57176662492566,1,102,nan,95,97,103,57,55,71,75,75,75,57,55,55,VI skipped: 3^103 too large
rockworld,10,10,100,100,50,38,138,20000,10564,4,100,1,26,26,9,19.666666666666668,26,104.01329521462321,0.0,25.62242321204394,nan,0.046786374878138304,0.0,nan,9.154202416539192e-05,0.0005797920748591423,7.349997758865356e-05,6.808317266404629e-05,6.683287210762501e-05,9.154202416539192e-05,0.0005797920748591423,7.349997758865356e-05,6.808317266404629e-05,6.683287210762501e-05,0.00019429204985499382,nan,0.00024995789863169193,0.0003175409510731697,0.00047541712410748005,0.00010187504813075066,0.00019904086366295815,0.00024229101836681366,0.00029712519608438015,0.0003325000870972872,0.000308833085000515,0.0001463338267058134,0.0002341668587177992,129.68898670910858,1,10,nan,8,20,26,5,5,9,8,13,11,5,5,5,VI skipped: 3^26 too large
rockworld,10,10,100,100,50,39,139,20000,16529,4,100,1,71,71,27,39.77777777777778,71,104.55075428960845,0.0,32.76954449061304,nan,0.12360175000503659,0.0,nan,0.00029150000773370266,0.0008323329966515303,0.00027895811945199966,0.0002770419232547283,0.0002773331943899393,0.00029150000773370266,0.0008323329966515303,0.00027895811945199966,0.0002770419232547283,0.0002773331943899393,0.0010304590687155724,nan,0.0018909159116446972,0.0010380831081420183,0.0016841660253703594,0.0007346249185502529,0.0011562500149011612,0.0015335411299020052,0.00240679201669991,0.001512749819085002,0.0020068748854100704,0.001061874907463789,0.0013791669625788927,137.46690183389,1,63,nan,56,64,70,30,24,58,56,58,58,30,24,24,VI skipped: 3^71 too large
rockworld,10,10,100,100,50,40,140,20000,12525,4,100,1,92,92,74,42.270270270270274,92,104.10430263029411,0.0,28.11038316343911,nan,0.14539679093286395,0.0,nan,0.0007686659228056669,0.0013234170619398355,0.0007423751521855593,0.0007390000391751528,0.0007414580322802067,0.0007686659228056669,0.0013234170619398355,0.0007423751521855593,0.0007390000391751528,0.0007414580322802067,0.0015910000074654818,nan,0.003197374986484647,0.0014573328662663698,0.0025686670560389757,0.0015224169474095106,0.003758625127375126,0.0023301669862121344,0.003889166982844472,0.0023584170266985893,0.0031995419412851334,0.002211000071838498,0.004305749898776412,132.40102904220112,1,91,nan,86,85,92,54,45,77,79,79,79,54,45,45,VI skipped: 3^92 too large
rockworld,10,10,100,100,50,41,141,20000,9033,4,100,1,73,73,16,28.75,73,104.51516083069146,0.0,23.26018570852466,nan,0.0816716670524329,0.0,nan,0.00015841703861951828,0.0007043750956654549,0.000143042067065835,0.00013979105278849602,0.00014129094779491425,0.00015841703861951828,0.0007043750956654549,0.000143042067065835,0.00013979105278849602,0.00014129094779491425,0.0011350838467478752,nan,0.0022347080521285534,0.0010321671143174171,0.0016765000764280558,0.001190749928355217,0.0019881660118699074,0.001325791934505105,0.0022437910083681345,0.001293292036280036,0.0017869998700916767,0.001696207793429494,0.0024473329540342093,127.88086512475275,1,72,nan,69,67,73,50,48,51,53,51,53,50,48,44,VI skipped: 3^73 too large
rockworld,10,10,100,100,50,42,142,20000,15300,4,100,1,31,31,3,19.0,31,104.67493996210396,0.0,31.56879054266028,nan,0.04716570908203721,0.0,nan,5.370890721678734e-05,0.0005462500266730785,4.133302718400955e-05,3.975001163780689e-05,4.000007174909115e-05,5.370890721678734e-05,0.0005462500266730785,4.133302718400955e-05,3.975001163780689e-05,4.000007174909115e-05,0.00047149998135864735,nan,0.0007513328455388546,0.0004104999825358391,0.0005437501240521669,0.00021887500770390034,0.0003786659799516201,0.00035337498411536217,0.00046395789831876755,0.0003699171356856823,0.00035075005143880844,0.0003258329816162586,0.0004719169810414314,136.29950800118968,1,30,nan,29,27,31,12,11,14,13,15,13,12,11,11,VI skipped: 3^31 too large
rockworld,10,10,100,100,50,43,143,20000,14349,4,100,1,58,58,6,32.833333333333336,58,104.63695732993074,0.0,33.42976962332614,nan,0.12420287495478988,0.0,nan,8.595804683864117e-05,0.0006193751469254494,7.941690273582935e-05,7.71661289036274e-05,7.74578657001257e-05,8.595804683864117e-05,0.0006193751469254494,7.941690273582935e-05,7.71661289036274e-05,7.74578657001257e-05,0.0007885000668466091,nan,0.0013801250606775284,0.0007274588569998741,0.0010228331666439772,0.0004914579913020134,0.0008457091171294451,0.0009416248649358749,0.001379834022372961,0.0009564999490976334,0.0010550839360803366,0.0007385420612990856,0.0010297500994056463,138.20601924997754,1,51,nan,53,48,58,27,23,38,39,39,39,27,23,23,VI skipped: 3^58 too large
rockworld,10,10,100,100,50,44,144,20000,8925,4,100,1,103,103,81,44.592592592592595,103,104.35123341926374,0.0,25.675084789516404,nan,0.12303295894525945,0.0,nan,0.0008732080459594727,0.0014419578947126865,0.000863624969497323,0.0008650419767946005,0.00085620884783566,0.0008732080459594727,0.0014419578947126865,0.000863624969497323,0.0008650419767946005,0.00085620884783566,0.001826707972213626,nan,0.003406750038266182,0.0016803338658064604,0.002966499887406826,0.0016223748680204153,0.005089541198685765,0.0023670420050621033,0.00402854080311954,0.0024115408305078745,0.0033253750298172235,0.002309332834556699,0.005737457890063524,130.19514408381656,1,103,nan,90,97,103,55,53,77,80,80,80,55,53,53,VI skipped: 3^103 too large
rockworld,10,10,100,100,50,45,145,20000,14116,4,100,1,42,42,13,28.076923076923077,42,102.9053859168198,0.0,32.01958262803964,nan,0.05172920785844326,0.0,nan,0.0001222081482410431,0.000634124968200922,0.00011216709390282631,0.00011095800437033176,0.00011154194362461567,0.0001222081482410431,0.000634124968200922,0.00011216709390282631,0.00011095800437033176,0.00011154194362461567,0.0006513751577585936,nan,0.0010150831658393145,0.0005559169221669436,0.0007822499610483646,0.00023229210637509823,0.0004297499544918537,0.0005946669261902571,0.0008787498809397221,0.0006835830863565207,0.0007368340156972408,0.0003457081038504839,0.0005286671221256256,134.98809045692906,1,41,nan,38,36,42,12,11,23,24,27,26,12,11,11,VI skipped: 3^42 too large
rockworld,10,10,100,100,50,46,146,20000,11398,4,100,1,75,75,45,40.48888888888889,75,103.69133346201852,0.0,24.675087459385395,nan,0.07641595904715359,0.0,nan,0.00045725004747509956,0.0010021249763667583,0.0004558749496936798,0.00044604111462831497,0.00044212513603270054,0.00045725004747509956,0.0010021249763667583,0.0004558749496936798,0.00044604111462831497,0.00044212513603270054,0.0011987090110778809,nan,0.0023887089919298887,0.00110941706225276,0.00189783307723701,0.0008523750584572554,0.0017958751413971186,0.0017454170156270266,0.0026221659500151873,0.0016699580010026693,0.002014291938394308,0.0012416660320013762,0.002127957995980978,128.4697355008684,1,73,nan,70,69,75,33,31,63,58,61,55,33,31,31,VI skipped: 3^75 too large
rockworld,10,10,100,100,50,47,147,20000,12932,4,100,1,42,42,4,26.0,42,99.0430340890307,0.0,28.61650925152935,nan,0.041743499925360084,0.0,nan,6.170780397951603e-05,0.0005736250896006823,5.387491546571255e-05,5.2333809435367584e-05,5.266699008643627e-05,6.170780397951603e-05,0.0005736250896006823,5.387491546571255e-05,5.2333809435367584e-05,5.266699008643627e-05,0.0006449590437114239,nan,0.0009852498769760132,0.0005245411302894354,0.0007335410919040442,0.0002718751784414053,0.000515833031386137,0.0004271250218153,0.000808625016361475,0.0005629160441458225,0.0005903749261051416,0.0004087090492248535,0.0006461660377681255,127.71179437404498,1,42,nan,38,35,42,15,15,17,23,23,22,15,15,15,VI skipped: 3^42 too large
rockworld,10,10,100,100,50,48,148,20000,16806,4,100,1,51,51,15,37.53333333333333,51,62.966010253177956,0.0,18.692835243884474,nan,0.0500190001912415,0.0,nan,0.00016562477685511112,0.0006924581248313189,0.00015870807692408562,0.00015595811419188976,0.00015608291141688824,0.00016562477685511112,0.0006924581248313189,0.00015870807692408562,0.00015595811419188976,0.00015608291141688824,0.0007929580751806498,nan,0.0010293328668922186,0.0006670409347862005,0.0009415000677108765,0.00021566590294241905,0.0004475000314414501,0.0006023750174790621,0.0007763751782476902,0.0007657501846551895,0.0007537920027971268,0.0003349999897181988,0.0005533329676836729,81.72112658293918,1,50,nan,38,43,51,11,11,23,21,30,26,11,11,11,VI skipped: 3^51 too large
rockworld,10,10,100,100,50,49,149,20000,17086,4,100,1,32,32,12,21.333333333333332,32,62.24319176003337,0.0,19.720837037311867,nan,0.024500374915078282,0.0,nan,9.304098784923553e-05,0.000720582902431488,8.562486618757248e-05,8.387514390051365e-05,8.345791138708591e-05,9.304098784923553e-05,0.000720582902431488,8.562486618757248e-05,8.387514390051365e-05,8.345791138708591e-05,0.00044449977576732635,nan,0.0006845418829470873,0.0004169170279055834,0.0005725410301238298,0.0002638748846948147,0.0003773330245167017,0.00038370792753994465,0.0005351249128580093,0.00042308284901082516,0.00041158380918204784,0.0003891668748110533,0.00046145799569785595,81.99787337402813,1,28,nan,26,27,32,14,10,15,15,17,15,14,10,10,VI skipped: 3^32 too large
taxiworld,10,10,100,100,50,0,150,30000,12238,6,100,1,68,68,120,44.6,68,139.6465530069545,0.0,30.993726955726743,nan,0.1538678330834955,0.0,nan,0.0013264580629765987,0.002298374893143773,0.001221667043864727,0.0012194588780403137,0.0012214591260999441,0.0013264580629765987,0.002298374893143773,0.001221667043864727,0.0012194588780403137,0.0012214591260999441,0.0013814999256283045,nan,0.002365291118621826,0.0012152499984949827,0.0019974999595433474,0.0008359169587492943,0.0018976668361574411,0.0011169158387929201,0.002161333104595542,0.0013025421649217606,0.0017952921334654093,0.001198125071823597,0.0020804160740226507,170.82703645783477,1,63,nan,61,68,68,28,19,35,42,42,42,28,19,19,VI skipped: 3^68 too large
taxiworld,10,10,100,100,50,1,151,30000,9014,6,100,1,55,55,8,44.75,55,140.00211250642315,0.0,25.11071012332104,nan,0.08150558383204043,0.0,nan,0.00012629199773073196,0.0032016250770539045,0.00011437502689659595,0.00011212495155632496,0.00011254195123910904,0.00012629199773073196,0.0032016250770539045,0.00011437502689659595,0.00011212495155632496,0.00011254195123910904,0.0007428748067468405,nan,0.0008026249706745148,0.0007183749694377184,0.0009882079903036356,0.00022966694086790085,0.00031824992038309574,0.00046975002624094486,0.0007957499474287033,0.0005558750126510859,0.0006127080414444208,0.0003424168098717928,0.0003818750847131014,165.2078350407537,1,46,nan,30,47,55,12,8,18,22,22,22,12,8,8,VI skipped: 3^55 too large
taxiworld,10,10,100,100,50,2,152,30000,8657,6,100,1,66,66,8,53.75,66,140.08071616734378,0.0,25.685916503192857,nan,0.09813937498256564,0.0,nan,0.00013975007459521294,0.0013268340844660997,0.00013291602954268456,0.00012962520122528076,0.0001305420882999897,0.00013975007459521294,0.0013268340844660997,0.00013291602954268456,0.00012962520122528076,0.0001305420882999897,0.0008633751422166824,nan,0.0009458751883357763,0.0008857499342411757,0.0011987921316176653,0.0002858750522136688,0.0003909580409526825,0.00039620883762836456,0.0005972920916974545,0.00043479190208017826,0.00045374990440905094,0.0004282500594854355,0.00047941599041223526,165.8768592919223,1,54,nan,35,58,66,15,10,15,16,17,16,15,10,10,VI skipped: 3^66 too large
taxiworld,10,10,100,100,50,3,153,30000,12267,6,100,1,122,122,40,70.75,122,141.5664347477723,0.0,35.96218370948918,nan,0.20752004184760153,0.0,nan,0.0006945410277694464,0.0015758329536765814,0.0006740828976035118,0.0006712090689688921,0.0006741250399500132,0.0006945410277694464,0.0015758329536765814,0.0006740828976035118,0.0006712090689688921,0.0006741250399500132,0.0019047500099986792,nan,0.003720916109159589,0.001701249973848462,0.003209291957318783,0.0013952909503132105,0.003330125007778406,0.0020136660896241665,0.0032943328842520714,0.002025666879490018,0.0026720829773694277,0.0020046248100697994,0.003871791996061802,177.7764373330865,1,111,nan,105,103,122,52,49,70,70,71,70,52,49,49,VI skipped: 3^122 too large
taxiworld,10,10,100,100,50,4,154,30000,13871,6,100,1,83,83,60,47.266666666666666,83,139.60817124787718,0.0,33.88459265930578,nan,0.23619858315214515,0.0,nan,0.0006926669739186764,0.0020562498830258846,0.0006869160570204258,0.0006863749586045742,0.0006905000191181898,0.0006926669739186764,0.0020562498830258846,0.0006869160570204258,0.0006863749586045742,0.0006905000191181898,0.0014205831103026867,nan,0.0026017501950263977,0.0012621660716831684,0.002207416109740734,0.0009760409593582153,0.0022717081010341644,0.001544291852042079,0.0023963330313563347,0.0015632500872015953,0.0019566251430660486,0.0013892920687794685,0.002621500054374337,173.76112333405763,1,83,nan,73,76,83,36,32,52,51,55,51,36,32,32,VI skipped: 3^83 too large
taxiworld,10,10,100,100,50,5,155,30000,8448,6,100,1,62,62,16,39.375,62,138.97191145573743,0.0,26.661365502513945,nan,0.07946966611780226,0.0,nan,0.00018745800480246544,0.004796874942258,0.0001764169428497553,0.00017483392730355263,0.00017366698011755943,0.00018745800480246544,0.004796874942258,0.0001764169428497553,0.00017483392730355263,0.00017366698011755943,0.0009882498998194933,nan,0.0015388750471174717,0.0009068751242011786,0.0011705830693244934,0.00042854202911257744,0.0008884998969733715,0.0009276669006794691,0.0012441249564290047,0.0009240000508725643,0.0009647500701248646,0.0006548750679939985,0.0010842911433428526,165.73297958401963,1,61,nan,56,58,62,22,21,35,33,35,33,22,21,21,VI skipped: 3^62 too large
taxiworld,10,10,100,100,50,6,156,30000,9584,6,100,1,83,83,168,45.06547619047619,83,139.34995916904882,0.0,27.746775249717757,nan,0.15994462510570884,0.0,nan,0.0017492498736828566,0.0025882089976221323,0.0017437918577343225,0.0017480000387877226,0.0017420421354472637,0.0017492498736828566,0.0025882089976221323,0.0017437918577343225,0.0017480000387877226,0.0017420421354472637,0.0014872499741613865,nan,0.003244415856897831,0.001405165996402502,0.002748750150203705,0.0011485409922897816,0.004150917055085301,0.002098791068419814,0.003488791873678565,0.0020754579454660416,0.0029946251306682825,0.001660417066887021,0.004632749827578664,167.30419262498617,1,76,nan,77,74,83,34,31,60,61,60,62,34,31,31,VI skipped: 3^83 too large
taxiworld,10,10,100,100,50,7,157,30000,10555,6,100,1,50,50,54,32.44444444444444,50,139.15176708390936,0.0,26.65107615897432,nan,0.05562054202891886,0.0,nan,0.00042795902118086815,0.0042441668920218945,0.00041850004345178604,0.000414916779845953,0.00041337497532367706,0.00042795902118086815,0.0042441668920218945,0.00041850004345178604,0.000414916779845953,0.00041337497532367706,0.0007408331148326397,nan,0.0013500000350177288,0.0007570828311145306,0.001273582922294736,0.0004742080345749855,0.0008577080443501472,0.0008553748484700918,0.0013627498410642147,0.000868665985763073,0.0011082920245826244,0.0006743751000612974,0.0010022500064224005,165.87946500000544,1,43,nan,39,46,50,18,15,30,30,31,30,18,15,15,VI skipped: 3^50 too large
taxiworld,10,10,100,100,50,8,158,30000,10260,6,100,1,118,118,228,65.64912280701755,118,140.5424032146111,0.0,28.574136956129223,nan,0.22819762490689754,0.0,nan,0.0034183331299573183,0.004400332923978567,0.003356916131451726,0.003365832846611738,0.003350083017721772,0.0034183331299573183,0.004400332923978567,0.003356916131451726,0.003365832846611738,0.003350083017721772,0.0026376249734312296,nan,0.0055663748644292355,0.0024652499705553055,0.004766958067193627,0.0020935419015586376,0.010331790894269943,0.0038299579173326492,0.006103708874434233,0.0037301250267773867,0.005333832930773497,0.0030963749159127474,0.01127279200591147,169.4344707489945,1,117,nan,112,116,118,51,47,92,89,90,89,51,47,47,VI skipped: 3^118 too large
taxiworld,10,10,100,100,50,9,159,30000,11875,6,100,1,86,86,170,53.411764705882355,86,140.46814908785746,0.0,33.18832729337737,nan,0.1925358751323074,0.0,nan,0.0021031249780207872,0.0037307091988623142,0.00213262508623302,0.0021132919937372208,0.0020659579895436764,0.0021031249780207872,0.0037307091988623142,0.00213262508623302,0.0021132919937372208,0.0020659579895436764,0.0016327081248164177,nan,0.003518708050251007,0.0015401251148432493,0.0028810419607907534,0.0011312500573694706,0.004014916019514203,0.001709542004391551,0.003053333144634962,0.0018500001169741154,0.0025858329609036446,0.0016443750355392694,0.004444541875272989,173.89902633288875,1,83,nan,83,81,86,33,29,48,53,53,53,33,29,29,VI skipped: 3^86 too large
taxiworld,10,10,100,100,50,10,160,30000,11853,6,100,1,132,132,90,65.26666666666667,132,140.28663563309237,0.0,33.34300075075589,nan,0.2609309998806566,0.0,nan,0.0013755830004811287,0.002280374988913536,0.0013543330132961273,0.0013547081034630537,0.0013523329980671406,0.0013755830004811287,0.002280374988913536,0.0013543330132961273,0.0013547081034630537,0.0013523329980671406,0.0005446248687803745,nan,0.0014020418748259544,0.0005943749565631151,0.0024395419750362635,4.812492989003658e-05,0.00014450005255639553,5.466700531542301e-05,7.224990986287594e-05,5.02921175211668e-05,6.0999998822808266e-05,6.125005893409252e-05,0.00015108403749763966,173.91024395893328,0,28,nan,35,32,81,1,1,1,1,1,1,1,1,1,VI skipped: 3^132 too large
taxiworld,10,10,100,100,50,11,161,30000,10252,6,100,1,100,100,224,52.892857142857146,100,140.1990973316133,0.0,31.574379043420777,nan,0.18832591688260436,0.0,nan,0.0027118748985230923,0.00389570789411664,0.002697334159165621,0.0026660419534891844,0.0026739579625427723,0.0027118748985230923,0.00389570789411664,0.002697334159165621,0.0026660419534891844,0.0026739579625427723,0.0019990841392427683,nan,0.004120625089854002,0.0019179589580744505,0.003810291877016425,0.0018384999129921198,0.008100333856418729,0.0026379581540822983,0.004281749948859215,0.0029933329205960035,0.0037003341130912304,0.0027454581577330828,0.008978375000879169,172.0325382091105,1,96,nan,88,94,100,48,43,67,64,74,65,48,43,43,VI skipped: 3^100 too large
taxiworld,10,10,100,100,50,12,162,30000,11223,6,100,2,88,88,24,47.333333333333336,88,140.4910869996529,175.24834374990314,33.60447353916243,nan,0.17188416700810194,0.0,nan,0.0003196659963577986,0.0011909580789506435,0.00030870805494487286,0.00029758294112980366,0.0002962078433483839,0.0003196659963577986,0.0011909580789506435,0.00030870805494487286,0.00029758294112980366,0.0002962078433483839,0.00028687482699751854,nan,0.0025941249914467335,0.0001286251936107874,0.002116207964718342,0.0006576671730726957,0.001324417069554329,0.00048583419993519783,0.001175625016912818,3.9207981899380684e-05,0.0009296250063925982,0.0009351659100502729,0.0015692501328885555,174.2860261250753,0,15,nan,76,7,86,26,26,17,26,1,26,26,26,1,VI skipped: 3^88 too large
taxiworld,10,10,100,100,50,13,163,30000,10063,6,100,1,68,68,80,41.55,68,140.30531984055415,0.0,27.370981454383582,nan,0.09928299998864532,0.0,nan,0.0008141249418258667,0.00193258305080235,0.000796792097389698,0.0007890001870691776,0.0007885000668466091,0.0008141249418258667,0.00193258305080235,0.000796792097389698,0.0007890001870691776,0.0007885000668466091,0.00116658303886652,nan,0.0022699590772390366,0.0010897079482674599,0.0018748750444501638,0.0009032080415636301,0.0017619167920202017,0.0012252498418092728,0.002001916989684105,0.0012399579863995314,0.0015978747978806496,0.001281792065128684,0.0020177920814603567,167.8037295830436,1,66,nan,62,63,68,32,23,41,41,42,40,32,23,23,VI skipped: 3^68 too large
taxiworld,10,10,100,100,50,14,164,30000,9963,6,100,2,68,68,78,42.794871794871796,68,140.15237145731226,171.62045491696335,31.07103712973185,nan,0.11853595799766481,0.0,nan,0.0008140839636325836,0.001658791908994317,0.0008033330086618662,0.00079774996265769,0.0007970829028636217,0.0008140839636325836,0.001658791908994317,0.0008033330086618662,0.00079774996265769,0.0007970829028636217,0.0011996251996606588,nan,0.0022926251403987408,0.001170082949101925,0.0018795409705489874,0.000625082990154624,0.001516750082373619,0.001342749921604991,0.0021898329723626375,0.0013249590992927551,0.001709250034764409,0.000883250031620264,0.0017427080310881138,171.36958037526347,1,68,nan,62,68,68,22,20,45,45,45,43,22,20,20,VI skipped: 3^68 too large
taxiworld,10,10,100,100,50,15,165,30000,16355,6,100,1,38,38,15,25.4,38,140.6606167491991,0.0,44.20364883169532,nan,0.11025737505406141,0.0,nan,0.00012733414769172668,0.0009215830359607935,0.00011791684664785862,0.00011533312499523163,0.00011929217725992203,0.00012733414769172668,0.0009215830359607935,0.00011791684664785862,0.00011533312499523163,0.00011929217725992203,0.0005897919181734324,nan,0.0008387498091906309,0.000487250043079257,0.0007281249854713678,0.0002791250590234995,0.00045220786705613136,0.0005906249862164259,0.0007976661436259747,0.0005822919774800539,0.0006434579845517874,0.00041833403520286083,0.0005531669594347477,184.986928333994,1,35,nan,30,30,38,14,11,22,21,22,22,14,11,11,VI skipped: 3^38 too large
taxiworld,10,10,100,100,50,16,166,30000,9875,6,100,1,108,108,24,59.75,108,140.26502616563812,0.0,28.56126250512898,nan,0.17753329104743898,0.0,nan,0.0003753751516342163,0.0012796670198440552,0.00036445795558393,0.0003639589995145798,0.0003643329255282879,0.0003753751516342163,0.0012796670198440552,0.00036445795558393,0.0003639589995145798,0.0003643329255282879,0.0018081660382449627,nan,0.003550790948793292,0.0017069170717149973,0.0027347919531166553,0.0012646669056266546,0.0026607499457895756,0.0016529581043869257,0.002565208123996854,0.0015997500158846378,0.002172833075746894,0.0018184580840170383,0.003211667062714696,169.03697470901534,1,108,nan,102,105,108,49,51,59,56,58,59,49,51,47,VI skipped: 3^108 too large
taxiworld,10,10,100,100,50,17,167,30000,14997,6,100,1,52,52,36,38.166666666666664,52,140.93906179559417,0.0,40.656003293115646,nan,0.16184483305551112,0.0,nan,0.00035324995405972004,0.0011656249407678843,0.00034491694532334805,0.000338749960064888,0.00034529087133705616,0.00035324995405972004,0.0011656249407678843,0.00034491694532334805,0.000338749960064888,0.00034529087133705616,0.0007797919679433107,nan,0.0015945830382406712,0.0006946250796318054,0.0013005828950554132,0.0003649578429758549,0.0006251668091863394,0.0007256669923663139,0.0011711250990629196,0.0007156669162213802,0.0009402090217918158,0.0005178749561309814,0.0007396668661385775,181.77379437489435,1,46,nan,47,42,52,14,12,26,26,26,26,14,12,12,VI skipped: 3^52 too large
taxiworld,10,10,100,100,50,18,168,30000,13091,6,100,2,88,88,32,48.6875,88,141.16274050204083,172.4127696249634,35.36900862841867,nan,0.180758458096534,0.0,nan,0.00040266686119139194,0.0037187079433351755,0.00038929120637476444,0.0003901661839336157,0.00039129098877310753,0.00040266686119139194,0.0037187079433351755,0.00038929120637476444,0.0003901661839336157,0.00039129098877310753,0.001484542153775692,nan,0.0027808339800685644,0.0013615000061690807,0.0022470420226454735,0.0010188750457018614,0.0020210419315844774,0.0015008749905973673,0.002555707935243845,0.0016598340589553118,0.002178291091695428,0.0014514171052724123,0.00243170908652246,176.74478704109788,1,88,nan,80,83,88,39,37,53,56,60,59,39,37,37,VI skipped: 3^88 too large
taxiworld,10,10,100,100,50,19,169,30000,11043,6,100,1,81,81,152,47.85526315789474,81,139.1516355825588,0.0,30.617498460924253,nan,0.14856979111209512,0.0,nan,0.0017261668108403683,0.0025655420031398535,0.001709582982584834,0.0017089999746531248,0.0017142090946435928,0.0017261668108403683,0.0025655420031398535,0.001709582982584834,0.0017089999746531248,0.0017142090946435928,0.0015331250615417957,nan,0.003132666926831007,0.0014171660877764225,0.0026205829344689846,0.001212709117680788,0.0035366250667721033,0.0017926660366356373,0.003096165833994746,0.0019053751602768898,0.002601417014375329,0.0017517500091344118,0.003923417069017887,169.96247362508439,1,79,nan,75,75,81,37,28,52,55,56,55,37,28,27,VI skipped: 3^81 too large
taxiworld,10,10,100,100,50,20,170,30000,11123,6,100,1,74,74,99,43.86868686868687,74,139.23360495455563,0.0,29.102556296391413,nan,0.11050133313983679,0.0,nan,0.0010154999326914549,0.0018845410086214542,0.0010167909786105156,0.0010070828720927238,0.001017790986225009,0.0010154999326914549,0.0018845410086214542,0.0010167909786105156,0.0010070828720927238,0.001017790986225009,0.0013437080197036266,nan,0.0025474580470472574,0.0012201659847050905,0.002143625169992447,0.0008682499174028635,0.0024802922271192074,0.0014591668732464314,0.0026244590990245342,0.0015443339943885803,0.002179875038564205,0.0012508330401033163,0.0028190421871840954,168.4802487080451,1,74,nan,67,69,74,29,27,46,51,49,51,29,27,27,VI skipped: 3^74 too large
taxiworld,10,10,100,100,50,21,171,30000,9883,6,100,1,77,77,63,47.142857142857146,77,139.49779887124896,0.0,28.489808628102764,nan,0.11428133305162191,0.0,nan,0.0007290001958608627,0.001574082998558879,0.000712208915501833,0.0007099169306457043,0.0007053751032799482,0.0007290001958608627,0.001574082998558879,0.000712208915501833,0.0007099169306457043,0.0007053751032799482,0.0012837918475270271,nan,0.0025362500455230474,0.00121749984100461,0.002093666000291705,0.0007233750075101852,0.0018157910089939833,0.0015947921201586723,0.0025948751717805862,0.0016423750203102827,0.0021669159177690744,0.001055459026247263,0.0021104170009493828,168.13145937491208,1,73,nan,70,71,77,26,25,53,53,55,54,26,25,25,VI skipped: 3^77 too large
taxiworld,10,10,100,100,50,22,172,30000,13387,6,100,1,67,67,36,42.166666666666664,67,140.59870337648317,0.0,34.173206370091066,nan,0.1779951669741422,0.0,nan,0.000388875138014555,0.001690833829343319,0.00037904083728790283,0.00037758401595056057,0.0003761250991374254,0.000388875138014555,0.001690833829343319,0.00037904083728790283,0.00037758401595056057,0.0003761250991374254,0.0010285840835422277,nan,0.0020489590242505074,0.0009779168758541346,0.0016644999850541353,0.0006642909720540047,0.0011631250381469727,0.001106291078031063,0.0017001249361783266,0.0011419160291552544,0.001300667179748416,0.000949417008087039,0.0013853339478373528,174.97246141615324,1,61,nan,60,60,67,26,22,40,38,42,36,26,22,22,VI skipped: 3^67 too large
taxiworld,10,10,100,100,50,23,173,30000,10360,6,100,1,59,59,45,38.77777777777778,59,139.74293021322228,0.0,30.521111300215125,nan,0.111488375114277,0.0,nan,0.00044079101644456387,0.0012509170919656754,0.00043124984949827194,0.00043245917186141014,0.00042983307503163815,0.00044079101644456387,0.0012509170919656754,0.00043124984949827194,0.00043245917186141014,0.00042983307503163815,0.0010228748433291912,nan,0.001901624957099557,0.0008453750051558018,0.001540584024041891,0.00045954086817801,0.0009038338903337717,0.0008537909016013145,0.0016868331003934145,0.0010463329963386059,0.0013371671084314585,0.0006580420304089785,0.0010867919772863388,170.39569295779802,1,59,nan,54,50,59,17,16,29,36,36,35,17,16,16,VI skipped: 3^59 too large
taxiworld,10,10,100,100,50,24,174,30000,11481,6,100,1,76,76,72,49.0,76,141.86762979975902,0.0,37.47962317126803,nan,0.14780191611498594,0.0,nan,0.0008470420725643635,0.0016810838133096695,0.0008437079377472401,0.0008469999302178621,0.0008426669519394636,0.0008470420725643635,0.0016810838133096695,0.0008437079377472401,0.0008469999302178621,0.0008426669519394636,0.0012263329699635506,nan,0.002527916105464101,0.0009751659817993641,0.0021029170602560043,0.0007942919619381428,0.001829375047236681,0.0012495419941842556,0.00209666695445776,0.0014233749825507402,0.0017100418917834759,0.001145708141848445,0.0019509999547153711,179.52422025124542,1,69,nan,69,56,76,28,22,40,42,47,42,28,22,22,VI skipped: 3^76 too large
taxiworld,10,10,100,100,50,25,175,30000,10436,6,100,1,77,77,63,47.666666666666664,77,139.93652000068687,0.0,31.704920159187168,nan,0.16788441687822342,0.0,nan,0.0007274160161614418,0.0015513328835368156,0.0007110000587999821,0.0007173339836299419,0.0007065830286592245,0.0007274160161614418,0.0015513328835368156,0.0007110000587999821,0.0007173339836299419,0.0007065830286592245,0.0012389160692691803,nan,0.0026698329020291567,0.001167292008176446,0.0020970830228179693,0.0007852909620851278,0.0018828748725354671,0.0014173751696944237,0.0023992499336600304,0.0014487500302493572,0.001949000172317028,0.0011271669063717127,0.0021838750690221786,171.83852508291602,1,70,nan,73,68,77,28,26,47,49,49,49,28,26,26,VI skipped: 3^77 too large
taxiworld,10,10,100,100,50,26,176,30000,19001,6,100,1,42,42,30,27.766666666666666,42,140.98231108137406,0.0,43.26840486936271,nan,0.1192603341769427,0.0,nan,0.00023033400066196918,0.001041916897520423,0.00022041681222617626,0.0002197090070694685,0.0002187909558415413,0.00023033400066196918,0.001041916897520423,0.00022041681222617626,0.0002197090070694685,0.0002187909558415413,0.00045045907609164715,nan,0.0007457910105586052,0.0005569159984588623,0.0009492081589996815,0.00040616700425744057,0.0004814998246729374,0.0006099578458815813,0.0009861660655587912,0.0006493751425296068,0.0007817079313099384,0.0005778330378234386,0.0005672909319400787,184.3840717917774,1,26,nan,22,34,39,16,10,22,22,24,22,16,10,10,VI skipped: 3^42 too large
taxiworld,10,10,100,100,50,27,177,30000,10165,6,100,1,111,111,240,58.975,111,140.01038420782425,0.0,31.360081295017153,nan,0.21908658393658698,0.0,nan,0.0032038751523941755,0.004048417089506984,0.0031643330585211515,0.003162957960739732,0.0032043748069554567,0.0032038751523941755,0.004048417089506984,0.0031643330585211515,0.003162957960739732,0.0032043748069554567,0.0025651250034570694,nan,0.005478957900777459,0.002356083132326603,0.004793999949470162,0.002550833160057664,0.010557916015386581,0.0038445829413831234,0.0064194998703897,0.0038126250728964806,0.00527054094709456,0.0038175838999450207,0.011499166954308748,171.67931558284909,1,110,nan,104,103,111,58,47,83,86,84,81,58,47,47,VI skipped: 3^111 too large
taxiworld,10,10,100,100,50,28,178,30000,11675,6,100,1,103,103,17,57.05882352941177,103,140.26671099872328,0.0,32.244512046687305,nan,0.17758250003680587,0.0,nan,0.0002708339598029852,0.0011401250958442688,0.00026033399626612663,0.00026162504218518734,0.00025916704908013344,0.0002708339598029852,0.0011401250958442688,0.00026033399626612663,0.00026162504218518734,0.00025916704908013344,0.00024466682225465775,nan,0.0017994579393416643,0.0009103328920900822,0.0018377918750047684,0.00037929206155240536,0.0007278749253600836,4.5042019337415695e-05,0.000671332934871316,0.0002053340431302786,0.0005350830033421516,0.00053575006313622,0.0008625409100204706,172.70342725003138,0,13,nan,53,57,77,15,15,1,15,7,15,15,15,1,VI skipped: 3^103 too large
taxiworld,10,10,100,100,50,29,179,30000,15746,6,100,1,54,54,18,36.5,54,140.38693341542967,0.0,40.58132166368887,nan,0.15551804099231958,0.0,nan,0.0001866249367594719,0.0010069590061903,0.00017862487584352493,0.00017787492834031582,0.00017733313143253326,0.0001866249367594719,0.0010069590061903,0.00017862487584352493,0.00017787492834031582,0.00017733313143253326,0.0008490001782774925,nan,0.0012518749572336674,0.0007460841443389654,0.0010270841885358095,0.0003568751271814108,0.0007619159296154976,0.0005666669458150864,0.0009886249899864197,0.0007085830438882113,0.0007891671266406775,0.0005355419125407934,0.0009289169684052467,181.13891004119068,1,52,nan,45,47,54,18,18,21,26,27,27,18,18,17,VI skipped: 3^54 too large
taxiworld,10,10,100,100,50,30,180,30000,16160,6,100,1,49,49,4,39.0,49,140.08426483673975,0.0,42.75701929535717,nan,0.13713279203511775,0.0,nan,8.220900781452656e-05,0.0008811671286821365,6.816606037318707e-05,6.562494672834873e-05,6.554205901920795e-05,8.220900781452656e-05,0.0008811671286821365,6.816606037318707e-05,6.562494672834873e-05,6.554205901920795e-05,0.0007702498696744442,nan,0.0010580001398921013,0.0007347909267991781,0.0008776250761002302,0.0001913749147206545,0.00032824999652802944,0.0002692081034183502,0.0003688749857246876,0.0003322500269860029,0.0002817909698933363,0.0002830841112881899,0.0004063330125063658,182.98921245895326,1,49,nan,40,48,49,10,9,10,10,13,10,10,9,9,VI skipped: 3^49 too large
taxiworld,10,10,100,100,50,31,181,30000,9210,6,100,1,59,59,12,39.166666666666664,59,139.90104116965085,0.0,25.206789750838652,nan,0.07963829208165407,0.0,nan,0.0001489170826971531,0.0009689999278634787,0.00013866601511836052,0.00013754190877079964,0.00014204205945134163,0.0001489170826971531,0.0009689999278634787,0.00013866601511836052,0.00013754190877079964,0.00014204205945134163,0.0008482499979436398,nan,0.0014269580133259296,0.0008134171366691589,0.0011064577847719193,0.0004075830802321434,0.0007402079645544291,0.0007665830198675394,0.0010872078128159046,0.0008007499855011702,0.0008414590265601873,0.0006133751012384892,0.0008946661837399006,165.2023220420815,1,52,nan,52,52,59,21,18,29,29,31,29,21,18,18,VI skipped: 3^59 too large
taxiworld,10,10,100,100,50,32,182,30000,11213,6,100,1,63,63,60,40.6,63,139.55516141583212,0.0,30.72442033025436,nan,0.13940241700038314,0.0,nan,0.0005882498808205128,0.0014098340179771185,0.0005758339539170265,0.0005846249405294657,0.0005769999697804451,0.0005882498808205128,0.0014098340179771185,0.0005758339539170265,0.0005846249405294657,0.0005769999697804451,0.0011027080472558737,nan,0.001989249838516116,0.0010732500813901424,0.0017117499373853207,0.0005621248856186867,0.0013187909498810768,0.0012256668414920568,0.002046917099505663,0.0012419999111443758,0.0016807501669973135,0.0008193340618163347,0.0015335001517087221,170.4432899588719,1,62,nan,55,62,63,20,20,40,42,41,42,20,20,19,VI skipped: 3^63 too large
taxiworld,10,10,100,100,50,33,183,30000,16246,6,100,1,42,42,12,29.833333333333332,42,140.66687166690826,0.0,40.6619643708691,nan,0.1102625411003828,0.0,nan,0.00011766701936721802,0.0009133340790867805,0.00011100014671683311,0.00010787509381771088,0.0001099579967558384,0.00011766701936721802,0.0009133340790867805,0.00011100014671683311,0.00010787509381771088,0.0001099579967558384,0.0006605421658605337,nan,0.000690417131409049,0.0005864161066710949,0.0007807919755578041,0.00023416709154844284,0.00043758400715887547,0.00047754193656146526,0.0007435828447341919,0.0005179590079933405,0.0005794158205389977,0.00035137496888637543,0.0005350001156330109,181.45101337507367,1,41,nan,25,37,42,12,11,18,20,20,20,12,11,11,VI skipped: 3^42 too large
taxiworld,10,10,100,100,50,34,184,30000,15685,6,100,1,54,54,21,35.61904761904762,54,141.35237383376807,0.0,40.347427170025185,nan,0.14014425012283027,0.0,nan,0.00021258299238979816,0.0010484999511390924,0.0002001670654863119,0.00020050001330673695,0.00019866693764925003,0.00021258299238979816,0.0010484999511390924,0.0002001670654863119,0.00020050001330673695,0.00019866693764925003,0.0008029160089790821,nan,0.001533334143459797,0.0008585841860622168,0.0012917080894112587,0.0004239159170538187,0.0007125420961529016,0.0006490419618785381,0.0011732499115169048,0.0007166669238358736,0.000943250022828579,0.0006108749657869339,0.0008636659476906061,181.85659129102714,1,49,nan,46,54,54,17,16,24,27,27,27,17,16,16,VI skipped: 3^54 too large
taxiworld,10,10,100,100,50,35,185,30000,15283,6,100,1,47,47,6,31.666666666666668,47,141.04786129947752,0.0,40.6529039607849,nan,0.14117441698908806,0.0,nan,8.050003089010715e-05,0.0008716660086065531,7.324991747736931e-05,7.254094816744328e-05,7.19169620424509e-05,8.050003089010715e-05,0.0008716660086065531,7.324991747736931e-05,7.254094816744328e-05,7.19169620424509e-05,0.0007128338329494,nan,0.0010422910563647747,0.0006368751637637615,0.0008509580511599779,0.00028270785696804523,0.0005481250118464231,0.0005424998234957457,0.0007647080346941948,0.0006055829580873251,0.0006155830342322588,0.00042458297684788704,0.0006836671382188797,181.8543692920357,1,45,nan,39,41,47,15,15,21,21,24,22,15,15,15,VI skipped: 3^47 too large
taxiworld,10,10,100,100,50,36,186,30000,9422,6,100,1,91,91,160,53.875,91,140.06697912234813,0.0,26.548685375135392,nan,0.15996291604824364,0.0,nan,0.0019270828925073147,0.002775292145088315,0.0019221249967813492,0.0019279581028968096,0.0019076250027865171,0.0019270828925073147,0.002775292145088315,0.0019221249967813492,0.0019279581028968096,0.0019076250027865171,0.0017879579681903124,nan,0.003467707894742489,0.0016528340056538582,0.003091457998380065,0.0014289170503616333,0.004551541060209274,0.002212874824181199,0.0035745420027524233,0.0022040840703994036,0.0030682499054819345,0.0021022919099777937,0.00505408295430243,166.82729033287615,1,90,nan,80,86,91,41,33,60,60,61,61,41,33,32,VI skipped: 3^91 too large
taxiworld,10,10,100,100,50,37,187,30000,11774,6,100,1,74,74,152,40.2171052631579,74,140.2312169962097,0.0,29.60138679249212,nan,0.12479920801706612,0.0,nan,0.0014047089498490095,0.0022485421504825354,0.001405209070071578,0.0014027920551598072,0.0014120829291641712,0.0014047089498490095,0.0022485421504825354,0.001405209070071578,0.0014027920551598072,0.0014120829291641712,0.0013647088780999184,nan,0.002808541990816593,0.0012607499957084656,0.0023795419838279486,0.0011094158980995417,0.003665042109787464,0.0018692498560994864,0.0028240829706192017,0.0018915000837296247,0.002376542193815112,0.0016239169053733349,0.0041340000461786985,169.9989315001294,1,71,nan,68,67,74,34,31,52,50,55,50,34,31,31,VI skipped: 3^74 too large
taxiworld,10,10,100,100,50,38,188,30000,9500,6,100,1,103,103,30,57.266666666666666,103,142.47326821205206,0.0,26.606022958876565,nan,0.16996799991466105,0.0,nan,0.0004387921653687954,0.0013095410540699959,0.000437083188444376,0.0004285830073058605,0.00042799999937415123,0.0004387921653687954,0.0013095410540699959,0.000437083188444376,0.0004285830073058605,0.00042799999937415123,0.0016932080034166574,nan,0.002758084097877145,0.0016350829973816872,0.0025966670364141464,0.001281915931031108,0.0026982498820871115,0.001787874847650528,0.0029667499475181103,0.0017268748488277197,0.0023942498955875635,0.0018260001670569181,0.0032055419869720936,169.28265991713852,1,102,nan,80,102,103,50,50,65,66,64,66,50,50,46,VI skipped: 3^103 too large
taxiworld,10,10,100,100,50,39,189,30000,9789,6,100,1,52,52,9,38.333333333333336,52,140.5744156674482,0.0,24.293604836333543,nan,0.074186708079651,0.0,nan,0.00011991593055427074,0.0009242501109838486,0.00011045904830098152,0.00010787486098706722,0.0001074580941349268,0.00011991593055427074,0.0009242501109838486,0.00011045904830098152,0.00010787486098706722,0.0001074580941349268,0.0006608329713344574,nan,0.0008188330102711916,0.0006943340413272381,0.0009420828428119421,0.0002685000654309988,0.00042591593228280544,0.0005724169313907623,0.0008123330771923065,0.0005913330242037773,0.000618042191490531,0.000399166950955987,0.000522583955898881,164.95391229190864,1,41,nan,30,45,52,14,11,22,22,23,22,14,11,11,VI skipped: 3^52 too large
taxiworld,10,10,100,100,50,40,190,30000,14133,6,100,1,59,59,9,39.0,59,140.56438762997277,0.0,43.07008417043835,nan,0.15381554188206792,0.0,nan,0.00012195785529911518,0.0009276249911636114,0.00011362507939338684,0.00011570798233151436,0.00011162483133375645,0.00012195785529911518,0.0009276249911636114,0.00011362507939338684,0.00011570798233151436,0.00011162483133375645,0.0008873329497873783,nan,0.001563291996717453,0.0006872499361634254,0.0010954171884804964,0.00036479090340435505,0.0006580410990864038,0.0006395410746335983,0.0010077920742332935,0.0006977501325309277,0.0007739579305052757,0.0005487911403179169,0.0008207501377910376,183.80294604087248,1,55,nan,57,44,59,19,17,24,27,27,27,19,17,17,VI skipped: 3^59 too large
taxiworld,10,10,100,100,50,41,191,30000,9308,6,100,1,49,49,21,37.904761904761905,49,140.21631687367335,0.0,24.67113333195448,nan,0.07174824993126094,0.0,nan,0.00022008386440575123,0.0010483330115675926,0.00021187495440244675,0.0002096251118928194,0.00021141697652637959,0.00022008386440575123,0.0010483330115675926,0.00021187495440244675,0.0002096251118928194,0.00021141697652637959,0.0006399159319698811,nan,0.0009523748885840178,0.0006599158514291048,0.0011595420073717833,0.00022741593420505524,0.0003601668868213892,0.0005119158886373043,0.0009109580423682928,0.0005516670644283295,0.0007280828431248665,0.000321083003655076,0.0004363749176263809,164.9716381249018,1,39,nan,29,42,49,9,8,19,21,21,21,9,8,8,VI skipped: 3^49 too large
taxiworld,10,10,100,100,50,42,192,30000,12605,6,100,1,64,64,32,39.375,64,139.93160195765086,0.0,33.409986461745575,nan,0.1541629999410361,0.0,nan,0.00033187493681907654,0.0011456250213086605,0.0003215419128537178,0.00032366602681577206,0.0003166249953210354,0.00033187493681907654,0.0011456250213086605,0.0003215419128537178,0.00032366602681577206,0.0003166249953210354,0.000990333966910839,nan,0.0019297918770462275,0.0009454998653382063,0.0015313341282308102,0.0006709590088576078,0.0009348751045763493,0.0008287078235298395,0.0014756249729543924,0.0009530000388622284,0.0011829589493572712,0.0009525420609861612,0.0011281671468168497,173.5155114592053,1,61,nan,58,60,64,27,19,31,34,36,34,27,19,19,VI skipped: 3^64 too large
taxiworld,10,10,100,100,50,43,193,30000,9697,6,100,1,66,66,28,47.5,66,140.21442359290086,0.0,27.55809746030718,nan,0.08809308405034244,0.0,nan,0.00034266593866050243,0.0011603329330682755,0.00033487495966255665,0.00033120904117822647,0.0003311668988317251,0.00034266593866050243,0.0011603329330682755,0.00033487495966255665,0.00033120904117822647,0.0003311668988317251,0.0010304590687155724,nan,0.0017844168469309807,0.0009157501626759768,0.0015960000455379486,0.00047454191371798515,0.0007666670717298985,0.0008112499490380287,0.001345665892586112,0.000871333060786128,0.001086584059521556,0.0006816249806433916,0.000925583066418767,167.87875362369232,1,64,nan,54,58,66,19,16,30,31,33,31,19,16,16,VI skipped: 3^66 too large
taxiworld,10,10,100,100,50,44,194,30000,11567,6,100,1,100,100,15,61.93333333333333,100,141.8404179608915,0.0,33.58587641501799,nan,0.12112854211591184,0.0,nan,0.00025929207913577557,0.001096332911401987,0.00025129085406661034,0.00024954183027148247,0.0002495830412954092,0.00025929207913577557,0.001096332911401987,0.00025129085406661034,0.00024954183027148247,0.0002495830412954092,0.00160687486641109,nan,0.002757833106443286,0.0015492499805986881,0.0023735000286251307,0.0008962079882621765,0.0016423750203102827,0.001422208035364747,0.002327416790649295,0.0014288329984992743,0.0018732089083641768,0.0012885420583188534,0.001992834033444524,175.57429995876737,1,100,nan,84,99,100,37,37,54,54,55,54,37,37,37,VI skipped: 3^100 too large
taxiworld,10,10,100,100,50,45,195,30000,10168,6,100,1,82,82,429,52.64335664335665,82,118.80785149615258,0.0,22.47355212038383,nan,0.1416681669652462,0.0,nan,0.005165334092453122,0.005939750000834465,0.005158042069524527,0.00512266717851162,0.005143583053722978,0.005165334092453122,0.005939750000834465,0.005158042069524527,0.00512266717851162,0.005143583053722978,0.001992541830986738,nan,0.003857749979943037,0.0018170000985264778,0.003930249949917197,0.0013660001568496227,0.0070149998646229506,0.0026957499794662,0.00433270912617445,0.0029666670598089695,0.0039942089933902025,0.002051707822829485,0.007589957909658551,141.50771429180168,1,78,nan,68,73,82,28,25,53,53,59,55,28,25,25,VI skipped: 3^82 too large
taxiworld,10,10,100,100,50,46,196,30000,8537,6,100,1,63,63,12,38.0,63,118.74806537060067,0.0,20.92904145969078,nan,0.06346899992786348,0.0,nan,0.00014570890925824642,0.000952540896832943,0.00013862480409443378,0.00013675005175173283,0.0001360420137643814,0.00014570890925824642,0.000952540896832943,0.00013862480409443378,0.00013675005175173283,0.0001360420137643814,0.0009521660394966602,nan,0.0014564169105142355,0.0008876658976078033,0.001189833041280508,0.0004992911126464605,0.0008797079790383577,0.0008684999775141478,0.0011329578701406717,0.000891875009983778,0.0009603339713066816,0.0007646670565009117,0.0010946670081466436,139.75635545887053,1,59,nan,53,57,63,26,22,33,30,34,33,26,22,22,VI skipped: 3^63 too large
taxiworld,10,10,100,100,50,47,197,30000,11101,6,100,1,101,101,12,72.66666666666667,101,117.32216874603182,0.0,29.3102587480098,nan,0.10583920800127089,0.0,nan,0.0002560419961810112,0.0012842919677495956,0.00024091615341603756,0.00023562484420835972,0.00023570912890136242,0.0002560419961810112,0.0012842919677495956,0.00024091615341603756,0.00023562484420835972,0.00023570912890136242,0.0016154590994119644,nan,0.0031267909798771143,0.0009684590622782707,0.002386957872658968,0.0007240418344736099,0.001221582992002368,0.0010116249322891235,0.0016249169129878283,0.0008847080171108246,0.0012993339914828539,0.0010395410936325788,0.001500000013038516,146.7613177499734,1,101,nan,96,62,101,30,29,38,38,34,38,30,29,27,VI skipped: 3^101 too large
taxiworld,10,10,100,100,50,48,198,30000,12152,6,100,1,109,109,13,64.76923076923077,109,114.81925520882942,0.0,27.12418349715881,nan,0.0748517089523375,0.0,nan,0.00024041696451604366,0.001276666997000575,0.00023245811462402344,0.0002310001291334629,0.00023220782168209553,0.00024041696451604366,0.001276666997000575,0.00023245811462402344,0.0002310001291334629,0.00023220782168209553,0.0017587498296052217,nan,0.0034115000162273645,0.0016726250760257244,0.002591458149254322,0.0010943750385195017,0.0017890417948365211,0.00164162483997643,0.002617541002109647,0.0017985841259360313,0.002076667034998536,0.0015626249369233847,0.0022102920338511467,142.04828429198824,1,109,nan,102,107,109,45,41,62,60,69,60,45,41,41,VI skipped: 3^109 too large
taxiworld,10,10,100,100,50,49,199,30000,8828,6,100,1,84,84,76,57.21052631578947,84,114.47583891428076,0.0,20.09995187795721,nan,0.07736445893533528,0.0,nan,0.0010471250861883163,0.0021220410708338022,0.0010537910275161266,0.0010298748966306448,0.001042041927576065,0.0010471250861883163,0.0021220410708338022,0.0010537910275161266,0.0010298748966306448,0.001042041927576065,0.0002739999908953905,nan,0.0015062091406434774,0.0012407919857650995,0.002067958004772663,4.2084138840436935e-05,0.00010345806367695332,0.00010908301919698715,6.441609002649784e-05,0.00016308296471834183,5.3625088185071945e-05,5.370797589421272e-05,0.0001088329590857029,134.67011875007302,0,14,nan,41,72,75,1,1,3,1,5,1,1,1,1,VI skipped: 3^84 too large
