game,room_side,rooms_per_side,board_side,num_humans,num_simu,rep,seed,n_states,n_reachable,n_actions,n_humans,n_draws,n_B_nofilter,n_B,n_I,len_I,n_columns,t_build,t_rejected,t_bottlenecks,t_toboggan_filter,t_algorithm1,t_oracle_sets,t_solve_strategic_exact,t_solve_info_gain,t_solve_proximity,t_solve_frequency,t_solve_frequency_min,t_solve_ratio,t_solve_info_gain_rails,t_solve_proximity_rails,t_solve_frequency_rails,t_solve_frequency_min_rails,t_solve_ratio_rails,t_sim_query_all,t_sim_strategic_exact,t_sim_info_gain,t_sim_proximity,t_sim_frequency,t_sim_frequency_min,t_sim_ratio,t_sim_query_all_rails,t_sim_info_gain_rails,t_sim_proximity_rails,t_sim_frequency_rails,t_sim_frequency_min_rails,t_sim_ratio_rails,t_total,success,query_all,strategic_exact,info_gain,proximity,frequency,frequency_min,ratio,query_all_rails,info_gain_rails,proximity_rails,frequency_rails,frequency_min_rails,ratio_rails,clairvoyant_bound,skipped
gridworld,5,5,25,20,50,0,0,625,570,4,20,3,15,15,4,12.5,15,0.5585989558603615,0.9574918739963323,0.1229076674208045,nan,0.003138291882351041,0.0,1.2251082910224795,0.00015275017358362675,0.00014754198491573334,5.1042065024375916e-05,4.091719165444374e-05,3.850017674267292e-05,0.00015275017358362675,0.00014754198491573334,5.1042065024375916e-05,4.091719165444374e-05,3.850017674267292e-05,0.0020647500641644,0.004217415815219283,0.00015370803885161877,0.00019687507301568985,0.00026066601276397705,6.945803761482239e-05,0.00014541600830852985,0.00010945787653326988,0.00012870808131992817,0.0001163750421255827,9.929109364748001e-05,0.00010458403266966343,0.00010970793664455414,1.919121416984126,1,9,2,3,10,13,3,2,3,3,4,3,3,2,2,
gridworld,5,5,25,20,50,1,1,625,594,4,20,11,16,16,3,13.0,16,0.5636074163485318,6.3560464985203,0.14392833411693573,nan,0.004055415978655219,0.0,3.828241459093988,9.970809333026409e-05,9.741703979671001e-05,4.170788452029228e-05,3.595906309783459e-05,3.404100425541401e-05,9.970809333026409e-05,9.741703979671001e-05,4.170788452029228e-05,3.595906309783459e-05,3.404100425541401e-05,0.0003796250093728304,0.016914957901462913,0.00016300007700920105,0.00021104211919009686,0.00029116682708263397,6.791600026190281e-05,0.00015587499365210533,0.0001263751182705164,0.00017229211516678333,0.0001427079550921917,0.00015062489546835423,9.604194201529026e-05,0.0001493329182267189,4.559794207802042,1,13,3,4,12,15,3,3,4,4,5,5,3,3,3,
gridworld,5,5,25,20,50,2,2,625,407,4,20,6,12,12,3,9.333333333333334,12,0.5501127492170781,2.703987208660692,0.20169116533361375,nan,0.0020324999932199717,0.0,0.031748166074976325,6.0125021263957024e-05,8.637504652142525e-05,3.287498839199543e-05,3.0708033591508865e-05,2.9792077839374542e-05,6.0125021263957024e-05,8.637504652142525e-05,3.287498839199543e-05,3.0708033591508865e-05,2.9792077839374542e-05,0.00023666699416935444,0.00019270903430879116,0.0002940830308943987,0.00015829200856387615,0.0002325829118490219,4.89591620862484e-05,0.0001334159169346094,9.695789776742458e-05,0.0001965831033885479,0.00011520902626216412,0.000151375075802207,6.762496195733547e-05,0.00014716689474880695,0.7884165411815047,1,11,2,10,9,12,2,3,3,5,4,5,2,3,2,
gridworld,5,5,25,20,50,3,3,625,570,4,20,7,17,17,4,13.5,17,0.6065887922886759,2.913673416012898,0.13800662523135543,nan,0.004574791993945837,0.0,12.954189833020791,0.00013808300718665123,0.00013616704382002354,4.395795986056328e-05,4.2665982618927956e-05,3.9958860725164413e-05,0.00013808300718665123,0.00013616704382002354,4.395795986056328e-05,4.2665982618927956e-05,3.9958860725164413e-05,0.00027954205870628357,0.033569541992619634,0.0002026669681072235,0.00021483306773006916,0.00027679186314344406,9.116693399846554e-05,0.00013195816427469254,7.475004531443119e-05,0.0001617909874767065,0.00012025004252791405,0.00012408290058374405,0.00012474996037781239,0.00010533304885029793,13.74066699994728,1,7,2,4,12,14,4,2,2,4,4,4,4,2,2,
gridworld,5,5,25,20,50,4,4,625,594,4,20,14,14,14,4,11.0,14,0.571925998898223,8.034923748578876,0.13889516657218337,nan,0.0041017921175807714,0.0,0.3611318750772625,0.00010720919817686081,0.00011695805005729198,4.17088158428669e-05,3.679213114082813e-05,3.5624951124191284e-05,0.00010720919817686081,0.00011695805005729198,4.17088158428669e-05,3.679213114082813e-05,3.5624951124191284e-05,0.0003302500117570162,0.0015251671429723501,0.00015095784328877926,0.0001941670197993517,0.000244916882365942,8.674990385770798e-05,0.00011000013910233974,0.0001233341172337532,0.0001605418510735035,0.0001400001347064972,0.00012283306568861008,0.00012262491509318352,0.00010475004091858864,1.0814464166760445,1,13,2,4,10,12,4,2,4,4,5,4,4,2,2,
gridworld,5,5,25,20,50,5,5,625,594,4,20,2,17,17,3,12.0,17,0.4670301240403205,0.5268995410297066,0.12074479134753346,nan,0.004976124968379736,0.0,10.87071420904249,0.00010204105637967587,0.00011558388359844685,4.1833147406578064e-05,3.466685302555561e-05,3.3708056434988976e-05,0.00010204105637967587,0.00011558388359844685,4.1833147406578064e-05,3.466685302555561e-05,3.3708056434988976e-05,0.00036912504583597183,0.0499526250641793,0.00021720794029533863,0.00023574987426400185,0.000280875014141202,0.00011970777995884418,0.00015454203821718693,0.00020575011149048805,0.0002282080240547657,0.00022262497805058956,0.0002102500293403864,0.00017566699534654617,0.00014812499284744263,11.522458666935563,1,14,3,6,14,15,6,3,7,6,8,7,6,3,3,
gridworld,5,5,25,20,50,6,6,625,548,4,20,7,16,16,4,11.5,16,0.5468883353751153,2.6552824589889497,0.132930749328807,nan,0.0026296249125152826,0.0,3.3584720420185477,9.116693399846554e-05,0.00011145905591547489,4.200008697807789e-05,3.700004890561104e-05,3.579095937311649e-05,9.116693399846554e-05,0.00011145905591547489,4.200008697807789e-05,3.700004890561104e-05,3.579095937311649e-05,0.000336499884724617,0.025884208036586642,0.00039195804856717587,0.00027020787820219994,0.00032258289866149426,0.0001224589068442583,0.0002022909466177225,0.00017270888201892376,0.0002333340235054493,0.00017037498764693737,0.00017679203301668167,0.00017791707068681717,0.00020416593179106712,4.070857333950698,1,15,4,12,16,16,6,4,6,6,6,6,6,4,4,
gridworld,5,5,25,20,50,7,7,625,594,4,20,7,16,16,4,11.5,16,0.5499945406336337,3.5935357499402016,0.12846753746271133,nan,0.0033456669189035892,0.0,3.5611479999497533,0.00010254210792481899,0.00011566700413823128,4.404108040034771e-05,3.774999640882015e-05,3.641587682068348e-05,0.00010254210792481899,0.00011566700413823128,4.404108040034771e-05,3.774999640882015e-05,3.641587682068348e-05,0.00037100003100931644,0.016956749837845564,0.0002672499977052212,0.0002664998173713684,0.00030104187317192554,0.00013950001448392868,0.00014783418737351894,0.00017062504775822163,0.0002703338395804167,0.00018704193644225597,0.0002002499531954527,0.00020358292385935783,0.00014616711996495724,4.264768376247957,1,15,3,8,16,16,7,3,6,7,7,7,7,3,3,
gridworld,5,5,25,20,50,8,8,625,548,4,20,1,17,17,4,14.5,17,0.584848249796778,0.0,0.12842162465676665,nan,0.004143749829381704,0.0,12.05871716607362,9.820796549320221e-05,9.925011545419693e-05,5.0042057409882545e-05,3.958400338888168e-05,3.812485374510288e-05,9.820796549320221e-05,9.925011545419693e-05,5.0042057409882545e-05,3.958400338888168e-05,3.812485374510288e-05,0.00021562492474913597,0.03318716702051461,0.00016562500968575478,0.00019879196770489216,0.0003190420102328062,8.849985897541046e-05,0.00011224998161196709,7.075001485645771e-05,0.00015708385035395622,0.0001127501018345356,0.00012004189193248749,0.00012087495997548103,0.00010258308611810207,12.812092374777421,1,8,2,4,11,16,4,2,2,4,4,4,4,2,2,
gridworld,5,5,25,20,50,9,9,625,570,4,20,15,14,14,3,11.333333333333334,14,0.6028459204826504,8.365272165974602,0.15522579103708267,nan,0.004544166848063469,0.0,0.3529304170515388,7.924996316432953e-05,8.845888078212738e-05,3.591598942875862e-05,3.270898014307022e-05,3.179209306836128e-05,7.924996316432953e-05,8.845888078212738e-05,3.591598942875862e-05,3.270898014307022e-05,3.179209306836128e-05,0.0002654171548783779,0.0015445000026375055,0.0001116669736802578,0.00015720794908702374,0.00024704099632799625,4.7165900468826294e-05,0.00010708300396800041,0.00014454196207225323,0.00011987518519163132,0.00014654197730123997,0.00014699995517730713,6.566685624420643e-05,0.00010437495075166225,1.1196136681828648,1,12,2,3,9,13,2,2,5,3,5,5,2,2,2,
gridworld,5,5,25,20,50,10,10,625,547,4,20,2,13,13,4,10.0,13,0.5471090013161302,0.30439833318814635,0.12859003827907145,nan,0.0038796658627688885,0.0,0.10513275000266731,8.53340607136488e-05,0.00010408391244709492,3.966689109802246e-05,3.445916809141636e-05,3.3667078241705894e-05,8.53340607136488e-05,0.00010408391244709492,3.966689109802246e-05,3.445916809141636e-05,3.3667078241705894e-05,0.00014658295549452305,0.0006851248908787966,0.00027979188598692417,0.00017720786854624748,0.00025208317674696445,6.800005212426186e-05,0.00011029094457626343,9.825010783970356e-05,0.000126624945551157,0.00017224997282028198,0.00010070903226733208,0.00010041706264019012,0.00010349997319281101,0.7879928341135383,1,4,2,9,10,13,3,2,3,3,6,3,3,2,2,
gridworld,5,5,25,20,50,11,11,625,571,4,20,3,15,15,4,11.5,15,0.5499247082043439,1.1901809158734977,0.1438513328321278,nan,0.004008374875411391,0.0,1.1176887908950448,8.195801638066769e-05,9.8041957244277e-05,4.0665967389941216e-05,3.4667085856199265e-05,3.391597419977188e-05,8.195801638066769e-05,9.8041957244277e-05,4.0665967389941216e-05,3.4667085856199265e-05,3.391597419977188e-05,0.000183542026206851,0.006926582893356681,0.00043349992483854294,0.00019295793026685715,0.0002936669625341892,0.00010291719809174538,0.00013666599988937378,0.00012129195965826511,0.00019345898181200027,0.0001377500593662262,0.0001504579558968544,0.00015779095701873302,0.00014591612853109837,1.825543625978753,1,7,3,14,11,15,5,3,4,5,5,5,5,3,3,
gridworld,5,5,25,20,50,12,12,625,594,4,20,2,16,16,4,11.0,16,0.5518687502481043,0.49654466612264514,0.12786320759914815,nan,0.0038045409601181746,0.0,3.3144096250180155,8.779182098805904e-05,0.00011120899580419064,4.0584011003375053e-05,3.583403304219246e-05,3.4207943826913834e-05,8.779182098805904e-05,0.00011120899580419064,4.0584011003375053e-05,3.583403304219246e-05,3.4207943826913834e-05,0.00024574995040893555,0.024806292029097676,0.00036358321085572243,0.00020729191601276398,0.00032408395782113075,0.00014791707508265972,0.00018012477084994316,0.0001727081835269928,0.0002662499900907278,0.0001915828324854374,0.0002063338179141283,0.00020516710355877876,0.00019025010988116264,4.026675959117711,1,10,4,11,12,16,7,4,6,7,7,7,7,4,4,
gridworld,5,5,25,20,50,13,13,625,594,4,20,1,14,14,4,11.5,14,0.5558039592579007,0.0,0.1412112896796316,nan,0.0036005829460918903,0.0,0.3566918328870088,9.554089047014713e-05,0.00011887517757713795,4.349998198449612e-05,3.695907071232796e-05,3.5082921385765076e-05,9.554089047014713e-05,0.00011887517757713795,4.349998198449612e-05,3.695907071232796e-05,3.5082921385765076e-05,0.00027054199017584324,0.0015214160084724426,0.00011866609565913677,0.000162916025146842,0.00024454109370708466,6.83339312672615e-05,0.0001115831546485424,0.0001235420349985361,0.00012500002048909664,0.00011487514711916447,9.533297270536423e-05,9.520817548036575e-05,0.00010383385233581066,1.0613808331545442,1,10,2,3,9,12,3,2,4,3,4,3,3,2,2,
gridworld,5,5,25,20,50,14,14,625,548,4,20,8,13,13,4,11.0,13,0.5696877932641655,4.585969041334465,0.13481104373931885,nan,0.003810708876699209,0.0,0.10423695808276534,7.68748577684164e-05,8.833291940391064e-05,3.741704858839512e-05,3.4833094105124474e-05,3.3667078241705894e-05,7.68748577684164e-05,8.833291940391064e-05,3.741704858839512e-05,3.4833094105124474e-05,3.3667078241705894e-05,0.00018687499687075615,0.0006823749281466007,0.00010875007137656212,0.0001436250749975443,0.00023570912890136242,6.704195402562618e-05,0.00010058283805847168,9.508407674729824e-05,0.00012224982492625713,8.870800957083702e-05,9.433389641344547e-05,9.450013749301434e-05,0.00010245805606245995,0.8155123328324407,1,7,2,3,8,12,3,2,3,3,3,3,3,2,2,
gridworld,5,5,25,20,50,15,15,625,355,4,20,4,12,12,4,10.0,12,0.5727759541478008,1.7663522909861058,0.1484199173282832,nan,0.002922917017713189,0.0,0.032083415891975164,6.195902824401855e-05,8.116615936160088e-05,3.479095175862312e-05,3.2125040888786316e-05,3.1708041206002235e-05,6.195902824401855e-05,8.116615936160088e-05,3.479095175862312e-05,3.2125040888786316e-05,3.1708041206002235e-05,0.00010266713798046112,0.00017358409240841866,0.00010058400221168995,0.00014262506738305092,0.00021412502974271774,6.616697646677494e-05,9.150011464953423e-05,6.745802238583565e-05,0.0001222500577569008,8.766702376306057e-05,9.904103353619576e-05,9.46668442338705e-05,0.00010116701014339924,0.7584247079212219,1,3,2,3,8,11,3,2,2,3,3,3,3,2,2,
gridworld,5,5,25,20,50,16,16,625,594,4,20,2,14,14,4,12.0,14,0.5604947074316442,0.7070385830011219,0.21128446026705205,nan,0.004043375141918659,0.0,0.3537537921220064,9.399978443980217e-05,9.849993512034416e-05,3.9582839235663414e-05,3.533298149704933e-05,3.466615453362465e-05,9.399978443980217e-05,9.849993512034416e-05,3.9582839235663414e-05,3.533298149704933e-05,3.466615453362465e-05,0.00022058398462831974,0.0015334580093622208,0.00011295778676867485,0.00015691714361310005,0.0002492498606443405,6.65830448269844e-05,0.00010491698049008846,9.604101069271564e-05,0.00012233294546604156,8.737482130527496e-05,9.412504732608795e-05,9.783310815691948e-05,0.00010208413004875183,1.1334900830406696,1,8,2,3,9,13,3,2,3,3,3,3,3,2,2,
gridworld,5,5,25,20,50,17,17,625,524,4,20,1,14,14,4,11.0,14,0.5581350431311876,0.0,0.1391217508353293,nan,0.003164042020216584,0.0,0.35632862499915063,7.524993270635605e-05,9.229104034602642e-05,3.774999640882015e-05,3.466685302555561e-05,3.424985334277153e-05,7.524993270635605e-05,9.229104034602642e-05,3.774999640882015e-05,3.466685302555561e-05,3.424985334277153e-05,0.00026016682386398315,0.0015326670836657286,0.00010879198089241982,0.00017370912246406078,0.00023466604761779308,6.7500164732337e-05,9.791692718863487e-05,0.00014774990268051624,0.0001232079230248928,0.0001394171267747879,9.52079426497221e-05,9.508407674729824e-05,0.00010220916010439396,1.060755959013477,1,12,2,3,10,11,3,2,5,3,5,3,3,2,2,
gridworld,5,5,25,20,50,18,18,625,524,4,20,11,15,15,4,12.5,15,0.5695924991741776,6.291233835043386,0.13470470812171698,nan,0.0031486249063163996,0.0,1.1928893749136478,7.945881225168705e-05,9.358301758766174e-05,3.829202614724636e-05,3.566686064004898e-05,3.504101186990738e-05,7.945881225168705e-05,9.358301758766174e-05,3.829202614724636e-05,3.566686064004898e-05,3.504101186990738e-05,0.0002592909149825573,0.003973541082814336,0.00014395802281796932,0.00018758303485810757,0.0002752498257905245,8.474988862872124e-05,0.0001055421307682991,6.904080510139465e-05,0.0001584158744663,0.00011345907114446163,0.00012787501327693462,0.00012266705743968487,0.00010208296589553356,1.9069159170612693,1,12,2,4,11,14,4,2,2,4,4,4,4,2,2,
gridworld,5,5,25,20,50,19,19,625,522,4,20,1,11,11,4,9.0,11,0.5609544604085386,0.0,0.19565058033913374,nan,0.002242957940325141,0.0,0.010667709168046713,4.4459011405706406e-05,8.887494914233685e-05,3.241607919335365e-05,3.0667055398225784e-05,3.045913763344288e-05,4.4459011405706406e-05,8.887494914233685e-05,3.241607919335365e-05,3.0667055398225784e-05,3.045913763344288e-05,0.00013733422383666039,9.420793503522873e-05,9.525008499622345e-05,0.0001224579755216837,0.00019266619347035885,6.766687147319317e-05,8.512497879564762e-05,6.720889359712601e-05,0.0001202079001814127,8.754199370741844e-05,9.295879863202572e-05,9.341700933873653e-05,0.0001055840402841568,0.7716227080672979,1,7,2,3,7,10,3,2,2,3,3,3,3,2,2,
gridworld,5,5,25,20,50,20,20,625,594,4,20,9,14,14,4,11.0,14,0.6406245378311723,5.249627374578267,0.13868483412079513,nan,0.003235040931031108,0.0,0.35355149977840483,7.833307608962059e-05,0.00011120806448161602,3.77078540623188e-05,3.4542055800557137e-05,3.316695801913738e-05,7.833307608962059e-05,0.00011120806448161602,3.77078540623188e-05,3.4542055800557137e-05,3.316695801913738e-05,0.0002640828024595976,0.0033913329243659973,0.00030304212123155594,0.0001802921760827303,0.00026950007304549217,0.00010449998080730438,0.00020899996161460876,0.00014795782044529915,0.00019504199735820293,0.00016737496480345726,0.0001506658736616373,0.00015204190276563168,0.00023458292707800865,1.1427363329567015,1,12,5,10,10,14,5,5,5,5,6,5,5,5,4,
gridworld,5,5,25,20,50,21,21,625,546,4,20,1,16,16,6,11.666666666666666,16,0.5692934209946543,0.0,0.14161258609965444,nan,0.004141542129218578,0.0,3.609757916070521,8.245790377259254e-05,9.758397936820984e-05,4.2291125282645226e-05,4.045804962515831e-05,3.945804201066494e-05,8.245790377259254e-05,9.758397936820984e-05,4.2291125282645226e-05,4.045804962515831e-05,3.945804201066494e-05,0.0003177090547978878,0.005719209089875221,0.0002739999908953905,0.0002489581238478422,0.0003002497833222151,2.7916859835386276e-05,5.8499863371253014e-05,4.041707143187523e-05,4.7416891902685165e-05,3.49581241607666e-05,3.7833116948604584e-05,3.733299672603607e-05,5.6666089221835136e-05,4.332931375131011,0,16,1,9,15,16,1,1,1,1,1,1,1,1,1,
gridworld,5,5,25,20,50,22,22,625,571,4,20,2,11,11,4,9.0,11,0.6124297475907952,0.6649932500440627,0.13795362482778728,nan,0.002939624944701791,0.0,0.010638750158250332,4.479195922613144e-05,8.704187348484993e-05,3.179209306836128e-05,3.041699528694153e-05,2.9792077839374542e-05,4.479195922613144e-05,8.704187348484993e-05,3.179209306836128e-05,3.041699528694153e-05,2.9792077839374542e-05,0.00013570883311331272,9.195785969495773e-05,9.470805525779724e-05,0.00010587507858872414,0.00019316701218485832,6.566685624420643e-05,0.00012083305045962334,9.166589006781578e-05,0.000120542012155056,8.774991147220135e-05,9.358418174088001e-05,9.454111568629742e-05,0.00014466699212789536,0.7661462919786572,1,7,2,3,6,10,3,3,3,3,3,3,3,3,2,
gridworld,5,5,25,20,50,23,23,625,594,4,20,3,15,15,4,12.5,15,0.5627732896246016,1.4600398340262473,0.1408800834324211,nan,0.003367749974131584,0.0,1.1868529999628663,8.13330989331007e-05,0.00011154194362461567,3.995909355580807e-05,3.6708079278469086e-05,3.6084093153476715e-05,8.13330989331007e-05,0.00011154194362461567,3.995909355580807e-05,3.6708079278469086e-05,3.6084093153476715e-05,0.000261582899838686,0.00395441590808332,0.0001254999078810215,0.00017729192040860653,0.00025458307936787605,6.804196164011955e-05,0.00013950001448392868,9.670807048678398e-05,0.00012512505054473877,9.037507697939873e-05,9.645777754485607e-05,9.641610085964203e-05,0.00015149987302720547,1.9003691249527037,1,11,2,3,10,13,3,3,3,3,3,3,3,3,2,
gridworld,5,5,25,20,50,24,24,625,592,4,20,7,14,14,4,11.0,14,0.5740412899758667,3.881085499189794,0.1991769999731332,nan,0.00267699989490211,0.0,0.33948149997740984,9.366706945002079e-05,9.216717444360256e-05,4.2584026232361794e-05,3.6207959055900574e-05,3.483402542769909e-05,9.366706945002079e-05,9.216717444360256e-05,4.2584026232361794e-05,3.6207959055900574e-05,3.483402542769909e-05,0.0003287079744040966,0.0021609170362353325,0.00028629088774323463,0.0001574170310050249,0.0002672499977052212,8.495780639350414e-05,0.0001793750561773777,0.00012270896695554256,0.00015795789659023285,0.00012037507258355618,0.00012150011025369167,0.00012199999764561653,0.0001888750120997429,1.1205710840877146,1,14,3,9,9,14,4,4,4,4,4,4,4,4,3,
gridworld,5,5,25,20,50,25,25,625,594,4,20,3,12,12,4,10.0,12,0.5870553345885128,1.3824915420264006,0.20466937497258186,nan,0.003959874855354428,0.0,0.03162741707637906,7.100007496774197e-05,8.599995635449886e-05,3.345799632370472e-05,3.179186023771763e-05,3.158301115036011e-05,7.100007496774197e-05,8.599995635449886e-05,3.345799632370472e-05,3.179186023771763e-05,3.158301115036011e-05,0.0001710830256342888,0.00025500007905066013,0.00025883293710649014,0.00012283306568861008,0.00022775004617869854,8.379179053008556e-05,9.074993431568146e-05,6.704195402562618e-05,0.0001560421660542488,8.758413605391979e-05,0.00012070802040398121,0.00012095784768462181,9.958283044397831e-05,0.829986791824922,1,7,3,9,7,12,4,2,2,4,3,4,4,2,2,
gridworld,5,5,25,20,50,26,26,625,593,4,20,14,14,14,4,10.75,14,0.4708101262804121,8.22760437312536,0.11465500271879137,nan,0.0028935840819031,0.0,0.35575354215689003,7.145805284380913e-05,0.00011029187589883804,3.583286888897419e-05,3.333389759063721e-05,3.3250078558921814e-05,7.145805284380913e-05,0.00011029187589883804,3.583286888897419e-05,3.333389759063721e-05,3.3250078558921814e-05,0.0002177078276872635,0.001525083091109991,0.00013404199853539467,0.00017008301801979542,0.00022775004617869854,0.00010216701775789261,9.529199451208115e-05,0.0001436250749975443,0.0001559578813612461,0.0001368748489767313,0.0001207499299198389,0.000149125000461936,9.954208508133888e-05,0.9482023329474032,1,10,2,4,10,12,5,2,5,4,5,4,5,2,2,
gridworld,5,5,25,20,50,27,27,625,523,4,20,8,17,17,4,12.5,17,0.5662100415211171,4.236372499261051,0.1397214566823095,nan,0.003041916061192751,0.0,10.642193416133523,9.054085239768028e-05,9.499979205429554e-05,4.045804962515831e-05,3.6082929000258446e-05,3.63329891115427e-05,9.054085239768028e-05,9.499979205429554e-05,4.045804962515831e-05,3.6082929000258446e-05,3.63329891115427e-05,0.0003356670495122671,0.06663325009867549,0.00041733309626579285,0.0002210000529885292,0.0003188331611454487,0.0001038331538438797,0.0001804581843316555,0.00014925003051757812,0.0001932079903781414,0.00018583307974040508,0.0001473750453442335,0.00014708307571709156,0.00018866616301238537,11.421276416163892,1,16,4,13,13,17,5,4,5,5,7,5,5,4,4,
gridworld,5,5,25,20,50,28,28,625,502,4,20,2,17,17,4,12.5,17,0.5525932470336556,0.7110884999856353,0.2028192945290357,nan,0.004060500068590045,0.0,11.247901666909456,0.00010179192759096622,9.841611608862877e-05,4.475004971027374e-05,3.779097460210323e-05,3.650016151368618e-05,0.00010179192759096622,9.841611608862877e-05,4.475004971027374e-05,3.779097460210323e-05,3.650016151368618e-05,0.0003016251139342785,0.08393683284521103,0.0003863328602164984,0.00020295800641179085,0.00031824992038309574,0.00013929209671914577,0.00022145803086459637,0.0002245830837637186,0.0002658329904079437,0.00018762494437396526,0.00020104204304516315,0.00020183413289487362,0.00023399991914629936,12.09513249923475,1,12,5,12,12,17,7,5,8,7,7,7,7,5,4,
gridworld,5,5,25,20,50,29,29,625,524,4,20,1,11,11,4,9.0,11,0.5885334594640881,0.0,0.1415432495996356,nan,0.002913333009928465,0.0,0.01064991601742804,5.170796066522598e-05,8.716597221791744e-05,3.3041927963495255e-05,3.033294342458248e-05,3.0166935175657272e-05,5.170796066522598e-05,8.716597221791744e-05,3.3041927963495255e-05,3.033294342458248e-05,3.0166935175657272e-05,7.391697727143764e-05,9.370897896587849e-05,9.66670922935009e-05,0.00010587484575808048,0.00019370904192328453,6.512482650578022e-05,8.650007657706738e-05,9.245914407074451e-05,0.0001202079001814127,9.545800276100636e-05,9.220791980624199e-05,9.245797991752625e-05,0.0001027081161737442,0.7457313337363303,1,3,2,3,6,10,3,2,3,3,3,3,3,2,2,
gridworld,5,5,25,20,50,30,30,625,593,4,20,1,17,17,4,14.0,17,0.5893265409395099,0.0,0.14145074971020222,nan,0.0035513329785317183,0.0,12.13292458304204,9.862496517598629e-05,9.820819832384586e-05,4.3791020289063454e-05,3.9250124245882034e-05,3.7041958421468735e-05,9.862496517598629e-05,9.820819832384586e-05,4.3791020289063454e-05,3.9250124245882034e-05,3.7041958421468735e-05,0.0002517090179026127,0.03341716690920293,0.0003838748671114445,0.0002162500750273466,0.0003279161173850298,8.695898577570915e-05,0.00011033285409212112,9.833415970206261e-05,0.0001596671063452959,9.008287452161312e-05,0.0001254579983651638,0.00012420793063938618,0.00010716705583035946,12.904342126101255,1,10,2,12,12,17,4,2,3,4,3,4,4,2,2,
gridworld,5,5,25,20,50,31,31,625,451,4,20,1,14,14,4,11.0,14,0.5828458338510245,0.0,0.1455000452697277,nan,0.0033441660925745964,0.0,0.35797312506474555,9.187497198581696e-05,9.350012987852097e-05,4.329183138906956e-05,3.6291079595685005e-05,3.437511622905731e-05,9.187497198581696e-05,9.350012987852097e-05,4.329183138906956e-05,3.6291079595685005e-05,3.437511622905731e-05,0.0001820828765630722,0.0015387078747153282,0.00012245913967490196,0.00018041697330772877,0.00022116699256002903,6.833299994468689e-05,0.00015674997121095657,0.00015062489546835423,0.00012529105879366398,0.00014533312059938908,9.624985978007317e-05,0.0001029579434543848,0.00014908285811543465,1.0938860001042485,1,5,2,3,10,11,3,3,5,3,5,3,3,3,2,
gridworld,5,5,25,20,50,32,32,625,594,4,20,1,16,16,6,12.333333333333334,16,0.5726136672310531,0.0,0.13523699855431914,nan,0.0038011670112609863,0.0,3.8453260001260787,9.38749872148037e-05,9.9916011095047e-05,4.5416876673698425e-05,4.175002686679363e-05,4.100007936358452e-05,9.38749872148037e-05,9.9916011095047e-05,4.5416876673698425e-05,4.175002686679363e-05,4.100007936358452e-05,0.0003107090014964342,0.02105195797048509,0.0002223330084234476,0.00022716703824698925,0.0002894580829888582,6.912508979439735e-05,0.0001366669312119484,0.00012370897457003593,0.00023033400066196918,0.00019058305770158768,0.00021604099310934544,9.51660331338644e-05,0.00014779181219637394,4.582528208149597,1,15,3,6,13,15,3,3,4,6,7,7,3,3,3,
gridworld,5,5,25,20,50,33,33,625,570,4,20,8,13,13,4,11.0,13,0.5609912516083568,4.676159707130864,0.19285454065538943,nan,0.002386542037129402,0.0,0.10429825005121529,7.879105396568775e-05,9.229197166860104e-05,3.654207102954388e-05,3.4041935577988625e-05,3.350013867020607e-05,7.879105396568775e-05,9.229197166860104e-05,3.654207102954388e-05,3.4041935577988625e-05,3.350013867020607e-05,0.00018008309416472912,0.000845917034894228,0.00021637510508298874,0.00018083304166793823,0.0002533751539885998,6.720889359712601e-05,9.879190474748611e-05,6.941612809896469e-05,0.0001235830131918192,0.00011583301238715649,9.562517516314983e-05,9.554089047014713e-05,0.0001022089272737503,0.863814250100404,1,7,3,7,10,13,3,2,2,3,4,3,3,2,2,
gridworld,5,5,25,20,50,34,34,625,570,4,20,2,15,15,4,13.0,15,0.5762802916578948,0.7675108341500163,0.14340149844065309,nan,0.0042223751079291105,0.0,1.1796303750015795,7.733306847512722e-05,9.283307008445263e-05,3.8667116314172745e-05,3.629201091825962e-05,3.583403304219246e-05,7.733306847512722e-05,9.283307008445263e-05,3.8667116314172745e-05,3.629201091825962e-05,3.583403304219246e-05,0.0001926668919622898,0.004175584064796567,0.00011958414688706398,0.00014350004494190216,0.00027600000612437725,6.791600026190281e-05,0.00010466598905622959,7.170811295509338e-05,0.00012374995276331902,8.929194882512093e-05,9.558303281664848e-05,9.616697207093239e-05,0.00010370789095759392,1.9180203329306096,1,8,2,3,8,14,3,2,2,3,3,3,3,2,2,
gridworld,5,5,25,20,50,35,35,625,570,4,20,6,17,17,4,13.0,17,0.6247060811147094,3.587041710037738,0.1441622911952436,nan,0.004810792161151767,0.0,11.865967374993488,9.63329803198576e-05,0.00010062521323561668,4.554213955998421e-05,3.929203376173973e-05,3.687501884996891e-05,9.63329803198576e-05,0.00010062521323561668,4.554213955998421e-05,3.929203376173973e-05,3.687501884996891e-05,0.00024170801043510437,0.03345720819197595,0.00041166599839925766,0.00020774989388883114,0.00032275007106363773,6.71660527586937e-05,0.00011366698890924454,0.00015787500888109207,0.00012420816347002983,0.00016533280722796917,9.545893408358097e-05,9.554089047014713e-05,0.00010475004091858864,12.676997707923874,1,9,2,13,12,17,3,2,5,3,6,3,3,2,2,
gridworld,5,5,25,20,50,36,36,625,545,4,20,1,17,17,4,14.5,17,0.5660273740068078,0.0,0.14291620790027082,nan,0.0034311250783503056,0.0,12.099043708993122,9.508407674729824e-05,0.00011495803482830524,4.4625019654631615e-05,3.975001163780689e-05,3.816699609160423e-05,9.508407674729824e-05,0.00011495803482830524,4.4625019654631615e-05,3.975001163780689e-05,3.816699609160423e-05,0.00020333402790129185,0.03421945916488767,0.00013904203660786152,0.00020387489348649979,0.00028541707433760166,6.600003689527512e-05,0.00010975007899105549,7.125013507902622e-05,0.00012158416211605072,0.00011291611008346081,9.295879863202572e-05,9.349989704787731e-05,0.00010391697287559509,12.8481783750467,1,7,2,3,12,15,3,2,2,3,4,3,3,2,2,
gridworld,5,5,25,20,50,37,37,625,574,4,20,1,15,15,4,12.0,15,0.5671066252980381,0.0,0.1995272496715188,nan,0.0033851671032607555,0.0,1.1860376668628305,8.920789696276188e-05,0.00010666693560779095,4.058307968080044e-05,3.6624958738684654e-05,3.5542063415050507e-05,8.920789696276188e-05,0.00010666693560779095,4.058307968080044e-05,3.6624958738684654e-05,3.5542063415050507e-05,0.0002488340251147747,0.003972125006839633,0.00017912499606609344,0.0001757920254021883,0.00027262489311397076,0.00010537495836615562,0.00010716705583035946,0.00012262514792382717,0.00019608298316597939,0.0001392909325659275,0.00015020882710814476,0.00015366706065833569,0.0001027500256896019,1.9628788318950683,1,10,2,5,10,14,5,2,4,5,5,5,5,2,2,
gridworld,5,5,25,20,50,38,38,625,594,4,20,4,15,15,3,12.0,15,0.6270236673299223,1.8060081659350544,0.146678832359612,nan,0.002420417033135891,0.0,1.160545416874811,9.020790457725525e-05,9.212503209710121e-05,3.987504169344902e-05,3.3542048186063766e-05,3.21660190820694e-05,9.020790457725525e-05,9.212503209710121e-05,3.987504169344902e-05,3.3542048186063766e-05,3.21660190820694e-05,0.00017554103396832943,0.005950041115283966,0.00015287497080862522,0.0001602920237928629,0.0002514161169528961,6.691599264740944e-05,0.0001449580304324627,0.0001471671275794506,0.00015924987383186817,0.00011324998922646046,0.00012099999003112316,9.345798753201962e-05,0.00014541717246174812,1.9452226248104125,1,5,3,4,9,13,3,3,5,4,4,4,3,3,3,
gridworld,5,5,25,20,50,39,39,625,544,4,20,10,17,17,6,12.5,17,0.3768995809368789,5.780833043856546,0.09357637446373701,nan,0.002833000151440501,0.0,11.706641375087202,9.795813821256161e-05,0.00010362500324845314,4.7457870095968246e-05,4.337495192885399e-05,4.195794463157654e-05,9.795813821256161e-05,0.00010362500324845314,4.7457870095968246e-05,4.337495192885399e-05,4.195794463157654e-05,0.0002825828269124031,0.06880995817482471,0.00025570904836058617,0.00022254209034144878,0.000304332934319973,8.591590449213982e-05,0.00019766693003475666,0.00019899988546967506,0.0002651249524205923,0.00021483399905264378,0.00023208302445709705,0.00012104213237762451,0.00019220891408622265,12.252264749957249,1,12,4,7,13,16,4,4,7,7,8,8,4,4,4,
gridworld,5,5,25,20,50,40,40,625,593,4,20,2,11,11,4,9.0,11,0.5800734614022076,0.5876894169487059,0.14068233082070947,nan,0.0026839161291718483,0.0,0.010818500071763992,5.558389239013195e-05,8.099991828203201e-05,3.600004129111767e-05,3.2833078876137733e-05,3.2125040888786316e-05,5.558389239013195e-05,8.099991828203201e-05,3.600004129111767e-05,3.2833078876137733e-05,3.2125040888786316e-05,0.00011866609565913677,9.958306327462196e-05,0.00010316702537238598,0.00012912508100271225,0.00020220805890858173,6.870902143418789e-05,9.400001727044582e-05,7.154210470616817e-05,0.00012666615657508373,9.170896373689175e-05,9.833392687141895e-05,9.779189713299274e-05,0.00011041597463190556,0.7364531238563359,1,5,2,3,7,10,3,2,2,3,3,3,3,2,2,
gridworld,5,5,25,20,50,41,41,625,592,4,20,3,15,15,4,13.0,15,0.581029956927523,1.2712390830274671,0.15338712418451905,nan,0.00377408298663795,0.0,1.176577083999291,7.875007577240467e-05,9.38749872148037e-05,3.9041973650455475e-05,3.587501123547554e-05,3.574998117983341e-05,7.875007577240467e-05,9.38749872148037e-05,3.9041973650455475e-05,3.587501123547554e-05,3.574998117983341e-05,0.00022745784372091293,0.005842958111315966,0.00028249993920326233,0.00017204205505549908,0.0002841667737811804,6.700004450976849e-05,9.945803321897984e-05,0.00012345914728939533,0.00012199999764561653,0.00011429213918745518,9.450013749301434e-05,9.508407674729824e-05,0.00010274979285895824,1.9232646250166,1,10,3,9,10,15,3,2,4,3,4,3,3,2,2,
gridworld,5,5,25,20,50,42,42,625,593,4,20,17,15,15,4,12.0,15,0.26713104057125747,7.236077791778371,0.09524028957821429,nan,0.0020427920389920473,0.0,1.1918768750037998,8.837482891976833e-05,9.416695684194565e-05,4.037492908537388e-05,3.600004129111767e-05,3.483286127448082e-05,8.837482891976833e-05,9.416695684194565e-05,4.037492908537388e-05,3.600004129111767e-05,3.483286127448082e-05,0.00013420800678431988,0.0038991670589894056,0.00012258393689990044,0.00016099982894957066,0.0002709589898586273,6.779213435947895e-05,0.00010891701094806194,9.683403186500072e-05,0.00012329104356467724,0.00011420901864767075,9.549991227686405e-05,9.512505494058132e-05,0.00010333303362131119,1.5625296249054372,1,3,2,3,9,14,3,2,3,3,4,3,3,2,2,
gridworld,5,5,25,20,50,43,43,625,594,4,20,4,14,14,4,10.5,14,0.6239896244369447,1.934824415948242,0.14491175091825426,nan,0.0035230841021984816,0.0,0.35335279209539294,7.716589607298374e-05,9.133294224739075e-05,3.654207102954388e-05,3.416696563363075e-05,3.3458927646279335e-05,7.716589607298374e-05,9.133294224739075e-05,3.654207102954388e-05,3.416696563363075e-05,3.3458927646279335e-05,0.00011266604997217655,0.0015727500431239605,0.00019304081797599792,0.00018737511709332466,0.00025049992837011814,0.0001224998850375414,0.00010724994353950024,9.525008499622345e-05,0.00023083295673131943,0.00016487506218254566,0.00017783301882445812,0.00017870916053652763,0.00010220799595117569,1.130123124923557,1,3,2,6,11,13,6,2,3,6,6,6,6,2,2,
gridworld,5,5,25,20,50,44,44,625,594,4,20,3,13,13,4,10.5,13,0.5594078761059791,1.417295292019844,0.19590158318169415,nan,0.002930500078946352,0.0,0.105877417139709,7.262500002980232e-05,8.741696365177631e-05,3.53341456502676e-05,3.291596658527851e-05,3.25001310557127e-05,7.262500002980232e-05,8.741696365177631e-05,3.53341456502676e-05,3.291596658527851e-05,3.25001310557127e-05,0.00022558285854756832,0.0006659999489784241,0.00013441708870232105,0.0001560421660542488,0.00023083295673131943,8.466700091958046e-05,9.662494994699955e-05,6.845896132290363e-05,0.00016079097986221313,0.00011429190635681152,0.00012262491509318352,0.00012554205022752285,0.0001019590999931097,0.8672286258079112,1,10,2,4,9,12,4,2,2,4,4,4,4,2,2,
gridworld,5,5,25,20,50,45,45,625,594,4,20,2,16,16,4,12.0,16,0.567430833587423,0.5796139999292791,0.1996487509459257,nan,0.0033423330169171095,0.0,3.4941349998116493,8.345814421772957e-05,9.437510743737221e-05,3.9790989831089973e-05,3.583403304219246e-05,3.554183058440685e-05,8.345814421772957e-05,9.437510743737221e-05,3.9790989831089973e-05,3.583403304219246e-05,3.554183058440685e-05,0.0003325000870972872,0.023379583144560456,0.00029745791107416153,0.00025308295153081417,0.00030495785176754,0.0001050001010298729,0.00021491595543920994,0.00014929194003343582,0.00019675004296004772,0.00014050002209842205,0.0001496670302003622,0.00015033315867185593,0.00023420806974172592,4.291346082929522,1,16,4,9,15,16,5,5,5,5,5,5,5,5,4,
gridworld,5,5,25,20,50,46,46,625,594,4,20,1,16,16,4,14.0,16,0.5556117072701454,0.0,0.14228837774135172,nan,0.003517207922413945,0.0,3.7813657079823315,8.962512947618961e-05,9.554112330079079e-05,4.191603511571884e-05,3.741704858839512e-05,3.637513145804405e-05,8.962512947618961e-05,9.554112330079079e-05,4.191603511571884e-05,3.741704858839512e-05,3.637513145804405e-05,0.00033558299764990807,0.017184665892273188,0.00028904201462864876,0.00018929201178252697,0.0003027920611202717,6.741704419255257e-05,0.00010725017637014389,9.924988262355328e-05,0.00012204190716147423,0.00011420808732509613,9.50000248849392e-05,9.470782242715359e-05,0.00010237493552267551,4.502781999995932,1,16,3,9,11,16,3,2,3,3,4,3,3,2,2,
gridworld,5,5,25,20,50,47,47,625,473,4,20,1,17,17,4,13.0,17,0.5521697914227843,0.0,0.1371777083259076,nan,0.0035465839318931103,0.0,11.500859792111441,8.241692557930946e-05,9.358301758766174e-05,4.012486897408962e-05,3.7125078961253166e-05,3.629201091825962e-05,8.241692557930946e-05,9.358301758766174e-05,4.012486897408962e-05,3.7125078961253166e-05,3.629201091825962e-05,0.00032674986869096756,0.0673118329141289,0.0002489169128239155,0.0002043750137090683,0.00030512502416968346,0.00014112493954598904,0.00018150010146200657,0.0002009160816669464,0.000268041854724288,0.00019216700457036495,0.00020516617223620415,0.00020583393052220345,0.00019779102876782417,12.26461258274503,1,16,4,7,12,16,7,4,7,7,7,7,7,4,4,
gridworld,5,5,25,20,50,48,48,625,498,4,20,1,14,14,4,12.0,14,0.5209755399264395,0.0,0.12890970637090504,nan,0.0026610419154167175,0.0,0.352316833101213,8.245883509516716e-05,9.091617539525032e-05,3.891694359481335e-05,3.5125063732266426e-05,3.454182296991348e-05,8.245883509516716e-05,9.091617539525032e-05,3.891694359481335e-05,3.5125063732266426e-05,3.454182296991348e-05,0.0001532500609755516,0.001528874970972538,0.00011441600508987904,0.00015666591934859753,0.0002480410039424896,6.583286449313164e-05,0.00010112486779689789,9.495788253843784e-05,0.00012391596101224422,9.249988943338394e-05,9.445799514651299e-05,9.32919792830944e-05,0.0001016249880194664,1.0086645842529833,1,5,2,3,9,13,3,2,3,3,3,3,3,2,2,
gridworld,5,5,25,20,50,49,49,625,573,4,20,4,15,15,6,11.0,15,0.37320857984013855,1.7389357085339725,0.08715341752395034,nan,0.002950250171124935,0.0,1.1681672090198845,8.062482811510563e-05,9.508291259407997e-05,4.191696643829346e-05,3.8833124563097954e-05,3.816699609160423e-05,8.062482811510563e-05,9.508291259407997e-05,4.191696643829346e-05,3.8833124563097954e-05,3.816699609160423e-05,0.0002562908921390772,0.007645000005140901,0.0002015409991145134,0.0001712918747216463,0.00026633404195308685,8.483277633786201e-05,0.00017154216766357422,0.00017283298075199127,0.00023141712881624699,0.00018987501971423626,0.00020483392290771008,0.00012204097583889961,0.00019058305770158768,1.6422383338212967,1,12,4,6,10,14,4,4,6,6,7,7,4,4,4,
puddleworld,5,5,25,20,50,0,50,625,546,4,20,1,14,14,4,11.0,14,0.4287320871371776,0.0,0.1060114570427686,nan,0.002115874784067273,0.0,0.3386394588742405,9.44170169532299e-05,9.020790457725525e-05,4.120892845094204e-05,3.53341456502676e-05,3.508315421640873e-05,9.44170169532299e-05,9.020790457725525e-05,4.120892845094204e-05,3.53341456502676e-05,3.508315421640873e-05,0.0003078330773860216,0.0021754999179393053,0.00025725015439093113,0.00019495817832648754,0.0002714169677346945,8.649984374642372e-05,0.00014974991790950298,0.00010058400221168995,0.00016266689635813236,0.00011537503451108932,0.0001231660135090351,0.00012354087084531784,0.00014829100109636784,0.8806083749514073,1,11,3,8,11,14,4,3,3,4,4,4,4,3,3,
puddleworld,5,5,25,20,50,1,51,625,571,4,20,6,17,17,4,14.0,17,0.4664736653212458,2.684575791005045,0.11629354185424745,nan,0.002781833056360483,0.0,11.966028792085126,0.0001205001026391983,9.483401663601398e-05,4.679197445511818e-05,4.091695882380009e-05,3.929203376173973e-05,0.0001205001026391983,9.483401663601398e-05,4.679197445511818e-05,4.091695882380009e-05,3.929203376173973e-05,0.0003211251460015774,0.033850750187411904,0.00019945809617638588,0.00022420799359679222,0.0003012919332832098,0.00010333303362131119,0.00011504092253744602,0.00012204190716147423,0.00019387481734156609,0.0001385000068694353,0.00014845817349851131,0.00014816690236330032,0.00010320893488824368,12.588502291124314,1,12,2,5,13,16,5,2,4,5,5,5,5,2,2,
puddleworld,5,5,25,20,50,2,52,625,570,4,20,2,16,16,4,13.0,16,0.4326859558932483,0.2807752911467105,0.10506674833595753,nan,0.0019114587921649218,0.0,3.656296083005145,8.712499402463436e-05,9.016692638397217e-05,3.987504169344902e-05,3.72081995010376e-05,3.704102709889412e-05,8.712499402463436e-05,9.016692638397217e-05,3.987504169344902e-05,3.72081995010376e-05,3.704102709889412e-05,0.00024949992075562477,0.017054084222763777,0.0002728330437093973,0.0002756670583039522,0.00030695809982717037,8.604209870100021e-05,0.00014974991790950298,0.00012758420780301094,0.00015958305448293686,0.00011620786972343922,0.00012083398178219795,0.0001213329378515482,0.00014674989506602287,4.21659741573967,1,11,3,7,16,16,4,3,4,4,4,4,4,3,3,
puddleworld,5,5,25,20,50,3,53,625,524,4,20,5,17,17,4,14.5,17,0.45805683359503746,2.004675207193941,0.15949508594349027,nan,0.0037943748757243156,0.0,12.130420165834948,0.00010308390483260155,9.645801037549973e-05,4.5666005462408066e-05,4.050019197165966e-05,3.862520679831505e-05,0.00010308390483260155,9.645801037549973e-05,4.5666005462408066e-05,4.050019197165966e-05,3.862520679831505e-05,0.0003263328690081835,0.03389804204925895,0.00017150002531707287,0.0002274170983582735,0.000315624987706542,8.716690354049206e-05,0.00011337501928210258,7.424992509186268e-05,0.00016566715203225613,0.00012174993753433228,0.0001241669524461031,0.00012462493032217026,0.00010575004853308201,12.789908292004839,1,12,2,4,13,16,4,2,2,4,4,4,4,2,2,
puddleworld,5,5,25,20,50,4,54,625,449,4,20,6,17,17,4,12.5,17,0.4646646671462804,2.2379445012193173,0.12143950117751956,nan,0.0025173749309033155,0.0,11.044674500124529,0.00010424992069602013,9.512505494058132e-05,4.429207183420658e-05,3.8624973967671394e-05,3.74161172658205e-05,0.00010424992069602013,9.512505494058132e-05,4.429207183420658e-05,3.8624973967671394e-05,3.74161172658205e-05,0.00027883308939635754,0.05078920815140009,0.0004623339045792818,0.00022583291865885258,0.00032595801167190075,0.00010470789857208729,0.00016466714441776276,0.00015766615979373455,0.0001971670426428318,0.00019004195928573608,0.00014991615898907185,0.0001502081286162138,0.00014974991790950298,11.69270033412613,1,10,3,14,13,17,5,3,5,5,7,5,5,3,3,
puddleworld,5,5,25,20,50,5,55,625,571,4,20,3,15,15,4,13.0,15,0.4311633366160095,0.9057474576402456,0.10356279253028333,nan,0.0031486249063163996,0.0,1.1801743749529123,0.000106374965980649,9.245914407074451e-05,4.591583274304867e-05,3.941589966416359e-05,3.737513907253742e-05,0.000106374965980649,9.245914407074451e-05,4.591583274304867e-05,3.941589966416359e-05,3.737513907253742e-05,0.00024691689759492874,0.003940708003938198,0.00013016699813306332,0.00019587506540119648,0.00027320790104568005,7.062498480081558e-05,0.00011420785449445248,0.00010087504051625729,0.00012508314102888107,9.033293463289738e-05,9.591714479029179e-05,9.629200212657452e-05,0.00010570907033979893,1.7245732499286532,1,7,2,3,11,14,3,2,3,3,3,3,3,2,2,
puddleworld,5,5,25,20,50,6,56,625,594,4,20,4,16,16,4,14.0,16,0.4371202075853944,1.6242230008356273,0.1668850847054273,nan,0.0032642909791320562,0.0,3.8154547919984907,0.00010137492790818214,9.791692718863487e-05,4.424992948770523e-05,3.9082951843738556e-05,3.9499951526522636e-05,0.00010137492790818214,9.791692718863487e-05,4.424992948770523e-05,3.9082951843738556e-05,3.9499951526522636e-05,0.0002418330404907465,0.013652709079906344,0.0001379998866468668,0.0001759580336511135,0.000286333030089736,6.599980406463146e-05,0.0001112909521907568,7.083313539624214e-05,0.00012212502770125866,8.820788934826851e-05,9.291712194681168e-05,9.291712194681168e-05,0.00010779197327792645,4.440612250007689,1,8,2,3,10,15,3,2,2,3,3,3,3,2,2,
puddleworld,5,5,25,20,50,7,57,625,594,4,20,11,14,14,4,11.5,14,0.4874522511381656,4.902162918355316,0.12130329455249012,nan,0.002101833000779152,0.0,0.36098687490448356,8.433288894593716e-05,8.545792661607265e-05,3.804219886660576e-05,3.516604192554951e-05,3.491598181426525e-05,8.433288894593716e-05,8.545792661607265e-05,3.804219886660576e-05,3.516604192554951e-05,3.491598181426525e-05,0.00016062520444393158,0.0015307089779525995,0.00013895914889872074,0.00017229188233613968,0.00024879188276827335,8.466700091958046e-05,0.00010208296589553356,0.00012145796790719032,0.00015845894813537598,0.00011349981650710106,0.00012087495997548103,0.0001215408556163311,0.00010291696526110172,0.9758910827804357,1,5,2,4,10,13,4,2,4,4,4,4,4,2,2,
puddleworld,5,5,25,20,50,8,58,625,521,4,20,1,12,12,4,10.0,12,0.4313608333468437,0.0,0.10696000000461936,nan,0.0015791249461472034,0.0,0.031686291098594666,7.016700692474842e-05,8.008396252989769e-05,3.4458935260772705e-05,3.21660190820694e-05,3.21660190820694e-05,7.016700692474842e-05,8.008396252989769e-05,3.4458935260772705e-05,3.21660190820694e-05,3.21660190820694e-05,0.000220458023250103,0.00019629113376140594,0.00010079191997647285,0.00012204190716147423,0.00022179191000759602,6.516696885228157e-05,0.00012770900502800941,6.770784966647625e-05,0.00012174993753433228,8.745817467570305e-05,9.341700933873653e-05,9.304191917181015e-05,0.00014399993233382702,0.5740240418817848,1,10,2,3,7,11,3,3,2,3,3,3,3,3,2,
puddleworld,5,5,25,20,50,9,59,625,548,4,20,2,13,13,4,11.0,13,0.4281866690143943,0.46247108397074044,0.11028966307640076,nan,0.002006291877478361,0.0,0.10386633314192295,7.508392445743084e-05,8.150003850460052e-05,3.729201853275299e-05,3.329198807477951e-05,3.337510861456394e-05,7.508392445743084e-05,8.150003850460052e-05,3.729201853275299e-05,3.329198807477951e-05,3.337510861456394e-05,0.00012691598385572433,0.0006371249910444021,0.00010458403266966343,0.0001534579787403345,0.00022758403792977333,6.625009700655937e-05,9.391712956130505e-05,9.174994193017483e-05,0.00012125005014240742,8.733291178941727e-05,9.26661305129528e-05,9.370897896587849e-05,9.983289055526257e-05,0.6471319170668721,1,4,2,3,9,12,3,2,3,3,3,3,3,2,2,
puddleworld,5,5,25,20,50,10,60,625,475,4,20,1,17,17,4,14.0,17,0.480688831070438,0.0,0.10433766548521817,nan,0.0029542502015829086,0.0,11.999021583935246,0.00010379194281995296,9.900005534291267e-05,4.445808008313179e-05,4.3208012357354164e-05,3.895815461874008e-05,0.00010379194281995296,9.900005534291267e-05,4.445808008313179e-05,4.3208012357354164e-05,3.895815461874008e-05,0.00032458314672112465,0.03375491709448397,0.00014400016516447067,0.0002104160375893116,0.00027345912531018257,6.700004450976849e-05,0.0001150001771748066,0.00015150010585784912,0.0001252500806003809,0.00014004088006913662,9.487499482929707e-05,9.495904669165611e-05,0.0001052499283105135,12.626782541861758,1,13,2,3,12,14,3,2,5,3,5,3,3,2,2,
puddleworld,5,5,25,20,50,11,61,625,573,4,20,2,11,11,4,9.0,11,0.448435919592157,0.4005391248501837,0.16711858310736716,nan,0.002233833074569702,0.0,0.010647791903465986,5.191704258322716e-05,7.175002247095108e-05,3.258418291807175e-05,3.041699528694153e-05,3.024982288479805e-05,5.191704258322716e-05,7.175002247095108e-05,3.258418291807175e-05,3.041699528694153e-05,3.024982288479805e-05,0.00016608298756182194,0.00013570906594395638,0.00023387488909065723,0.0001249578781425953,0.0002126670442521572,6.691715680062771e-05,9.141582995653152e-05,0.00011995900422334671,0.00012304214760661125,0.00011362507939338684,9.416602551937103e-05,9.52498521655798e-05,0.00010216701775789261,0.6308775418438017,1,8,3,8,7,11,3,2,4,3,4,3,3,2,2,
puddleworld,5,5,25,20,50,12,62,625,545,4,20,2,14,14,4,9.0,14,0.47057270584627986,0.5525525419507176,0.15953716565854847,nan,0.0026250409428030252,0.0,0.308830542024225,9.975000284612179e-05,8.604209870100021e-05,4.175002686679363e-05,3.429083153605461e-05,3.287498839199543e-05,9.975000284612179e-05,8.604209870100021e-05,4.175002686679363e-05,3.429083153605461e-05,3.287498839199543e-05,0.0003476659767329693,0.004606165923178196,0.00033670803532004356,0.0002032499760389328,0.0002636250574141741,0.0001397088635712862,0.000285708112642169,0.00019679195247590542,0.0002637910656630993,0.00021504191681742668,0.0002021249383687973,0.0002035421784967184,0.0003163751680403948,0.950003000209108,1,14,7,11,12,14,7,7,7,7,8,7,7,7,6,
puddleworld,5,5,25,20,50,13,63,625,503,4,20,1,14,14,4,12.0,14,0.45102604082785547,0.0,0.11406987463124096,nan,0.0033144589979201555,0.0,0.3508048749063164,0.00010345899499952793,9.079184383153915e-05,4.512490704655647e-05,3.7207966670393944e-05,3.633392043411732e-05,0.00010345899499952793,9.079184383153915e-05,4.512490704655647e-05,3.7207966670393944e-05,3.633392043411732e-05,0.0003190420102328062,0.0021588748786598444,0.00028900010511279106,0.00016179191879928112,0.0002726251259446144,6.933300755918026e-05,0.000114083057269454,9.858282282948494e-05,0.00012591597624123096,0.00011604209430515766,9.708292782306671e-05,9.625009261071682e-05,0.0001068750862032175,0.9241262492723763,1,11,3,9,9,14,3,2,3,3,4,3,3,2,2,
puddleworld,5,5,25,20,50,14,64,625,594,4,20,3,17,17,4,14.5,17,0.4729809614364058,0.7367587080225348,0.1191460844129324,nan,0.0032741669565439224,0.0,12.0614297920838,0.0001004999503493309,0.00010008295066654682,4.5667169615626335e-05,4.0582846850156784e-05,3.979192115366459e-05,0.0001004999503493309,0.00010008295066654682,4.5667169615626335e-05,4.0582846850156784e-05,3.979192115366459e-05,0.0003506250213831663,0.03396300016902387,0.00016904203221201897,0.00022379192523658276,0.0003040421288460493,8.554104715585709e-05,0.00011208304204046726,0.0001307080965489149,0.00016083288937807083,0.00011575012467801571,0.00012262491509318352,0.0001242910511791706,0.00011287489905953407,12.694004750112072,1,16,2,4,13,16,4,2,4,4,4,4,4,2,2,
puddleworld,5,5,25,20,50,15,65,625,594,4,20,2,15,15,4,12.0,15,0.4840603757183999,0.6279272499959916,0.11886904039420187,nan,0.003917583031579852,0.0,1.1886145418975502,9.145797230303288e-05,8.820905350148678e-05,4.066689871251583e-05,3.67090106010437e-05,3.520818427205086e-05,9.145797230303288e-05,8.820905350148678e-05,4.066689871251583e-05,3.67090106010437e-05,3.520818427205086e-05,0.00024329102598130703,0.005900874966755509,0.00017654197290539742,0.00017250003293156624,0.0002639160957187414,0.00010225013829767704,0.00014087487943470478,0.00014729099348187447,0.00019320915453135967,0.0001371251419186592,0.00014800019562244415,0.00014820904470980167,0.00014533312059938908,1.8042581668123603,1,10,3,5,10,14,5,3,5,5,5,5,5,3,3,
puddleworld,5,5,25,20,50,16,66,625,594,4,20,1,14,14,4,11.5,14,0.4660848767962307,0.0,0.12437304109334946,nan,0.0022482499480247498,0.0,0.36415304196998477,8.104182779788971e-05,8.575012907385826e-05,3.7499936297535896e-05,4.1958875954151154e-05,3.437488339841366e-05,8.104182779788971e-05,8.575012907385826e-05,3.7499936297535896e-05,4.1958875954151154e-05,3.437488339841366e-05,0.0002512501087039709,0.0015628340188413858,0.00013975007459521294,0.00018929108045995235,0.00025270809419453144,8.604093454778194e-05,9.966688230633736e-05,7.1333022788167e-05,0.00016120891086757183,0.0001141249667853117,0.00012208311818540096,0.00012424984015524387,0.00010249996557831764,0.9609698329586536,1,11,2,4,11,13,4,2,2,4,4,4,4,2,2,
puddleworld,5,5,25,20,50,17,67,625,547,4,20,1,14,14,4,11.5,14,0.46493329340592027,0.0,0.11263875267468393,nan,0.003570541040971875,0.0,0.357478124788031,0.00010962504893541336,8.874991908669472e-05,4.379195161163807e-05,3.6833109334111214e-05,4.012486897408962e-05,0.00010962504893541336,8.874991908669472e-05,4.379195161163807e-05,3.6833109334111214e-05,4.012486897408962e-05,0.00030416715890169144,0.002755375113338232,0.00028391601517796516,0.00018145889043807983,0.0002656669821590185,8.533382788300514e-05,0.00018325005657970905,0.00012416602112352848,0.00015929085202515125,0.00013870885595679283,0.00012091686949133873,0.00012141605839133263,0.00019120797514915466,0.9444216249976307,1,11,4,9,10,14,4,4,4,4,5,4,4,4,3,
puddleworld,5,5,25,20,50,18,68,625,547,4,20,1,16,16,4,12.0,16,0.47167454077862203,0.0,0.11160020506940782,nan,0.004480000119656324,0.0,3.5226369169540703,7.625017315149307e-05,8.750008419156075e-05,3.7833116948604584e-05,3.5207951441407204e-05,3.516697324812412e-05,7.625017315149307e-05,8.750008419156075e-05,3.7833116948604584e-05,3.5207951441407204e-05,3.516697324812412e-05,0.0002711659763008356,0.03178912494331598,0.0004580831155180931,0.00017416710034012794,0.00030079111456871033,0.00011983281001448631,0.00013533304445445538,0.0001491669099777937,0.0002273751888424158,0.00016166712157428265,0.0001741668675094843,0.0001751661766320467,0.00014504208229482174,4.147936708992347,1,13,3,15,10,16,6,3,5,6,6,6,6,3,3,
puddleworld,5,5,25,20,50,19,69,625,547,4,20,4,16,16,6,12.0,16,0.4863649576436728,1.2638650410808623,0.1768845005426556,nan,0.0031575418543070555,0.0,3.761913000140339,9.400001727044582e-05,0.00010016700252890587,4.4625019654631615e-05,4.2125117033720016e-05,4.1499966755509377e-05,9.400001727044582e-05,0.00010016700252890587,4.4625019654631615e-05,4.2125117033720016e-05,4.1499966755509377e-05,0.00025545782409608364,0.022519125137478113,0.0002155420370399952,0.00019141705706715584,0.00028412509709596634,8.462509140372276e-05,0.00017450004816055298,0.0001461249776184559,0.0002276250161230564,0.00018587498925626278,0.0002019170206040144,0.00013008387759327888,0.00018787500448524952,4.454055041074753,1,11,4,6,11,15,4,4,5,6,7,7,4,4,4,
puddleworld,5,5,25,20,50,20,70,625,570,4,20,6,13,13,4,10.5,13,0.47949691605754197,2.7685630817431957,0.11586075136438012,nan,0.0027259590569883585,0.0,0.10480579198338091,7.5165880843997e-05,8.050003089010715e-05,3.7667108699679375e-05,3.3041927963495255e-05,3.324984572827816e-05,7.5165880843997e-05,8.050003089010715e-05,3.7667108699679375e-05,3.3041927963495255e-05,3.324984572827816e-05,0.00012879190035164356,0.0006715839263051748,0.00010758312419056892,0.0001382920891046524,0.00021066609770059586,6.587500683963299e-05,9.462493471801281e-05,6.995908915996552e-05,0.00012162490747869015,8.754106238484383e-05,9.470805525779724e-05,9.345798753201962e-05,0.00010183313861489296,0.7056994580198079,1,4,2,3,8,11,3,2,2,3,3,3,3,2,2,
puddleworld,5,5,25,20,50,21,71,625,594,4,20,4,16,16,4,13.0,16,0.4932586655486375,1.6307905418798327,0.1234002485871315,nan,0.0027847089804708958,0.0,3.7966372079681605,0.00010987487621605396,9.312503971159458e-05,4.5625027269124985e-05,3.929203376173973e-05,3.770901821553707e-05,0.00010987487621605396,9.312503971159458e-05,4.5625027269124985e-05,3.929203376173973e-05,3.770901821553707e-05,0.000364125007763505,0.011320166056975722,0.00018608290702104568,0.00018941587768495083,0.00028166710399091244,0.00010295887477695942,0.0001117088831961155,7.02079851180315e-05,0.00020220805890858173,0.00015100021846592426,0.000163292046636343,0.00015362491831183434,0.00010712514631450176,4.430405916878954,1,15,2,5,11,15,5,2,2,5,5,5,5,2,2,
puddleworld,5,5,25,20,50,22,72,625,592,4,20,4,15,15,4,10.5,15,0.48079208470880985,1.6970717499498278,0.12940187426283956,nan,0.004259000066667795,0.0,1.0752969589084387,0.00010091601870954037,9.012478403747082e-05,4.224991425871849e-05,3.600004129111767e-05,3.50000336766243e-05,0.00010091601870954037,9.012478403747082e-05,4.224991425871849e-05,3.600004129111767e-05,3.50000336766243e-05,0.0002787499688565731,0.005798375001177192,0.000423625111579895,0.0002079580444842577,0.00028887507505714893,8.699996396899223e-05,0.0001504579558968544,0.00010537519119679928,0.00016070809215307236,0.00022566714324057102,0.0001227078028023243,0.00012333295308053493,0.00014779088087379932,1.6987884999252856,1,9,3,14,12,15,4,3,3,4,8,4,4,3,3,
puddleworld,5,5,25,20,50,23,73,625,594,4,20,3,15,15,4,12.0,15,0.48533878894522786,1.2522037497255951,0.12075583264231682,nan,0.0022623329423367977,0.0,1.1920829999726266,0.00010574981570243835,9.212503209710121e-05,4.566693678498268e-05,3.9291102439165115e-05,3.729085437953472e-05,0.00010574981570243835,9.212503209710121e-05,4.566693678498268e-05,3.9291102439165115e-05,3.729085437953472e-05,0.0003344588913023472,0.0057772500440478325,0.000295375008136034,0.00021066702902317047,0.0002997498959302902,0.00010587507858872414,0.00011591706424951553,0.0001260419376194477,0.00020662485621869564,0.00016962504014372826,0.00015120790340006351,0.00015270919539034367,0.00010545807890594006,1.8094154589343816,1,12,3,9,12,15,5,2,4,5,6,5,5,2,2,
puddleworld,5,5,25,20,50,24,74,625,592,4,20,5,14,14,4,10.0,14,0.5603644994553179,1.7896078750491142,0.1678485854063183,nan,0.00232674996368587,0.0,0.3476483749691397,8.316687308251858e-05,8.387514390051365e-05,3.770901821553707e-05,3.329198807477951e-05,3.320816904306412e-05,8.316687308251858e-05,8.387514390051365e-05,3.770901821553707e-05,3.329198807477951e-05,3.320816904306412e-05,0.00022304197773337364,0.0015610840637236834,0.0003552499692887068,0.00017150002531707287,0.0002789997961372137,0.00016350019723176956,0.00010266713798046112,0.00014754198491573334,0.00030595785938203335,0.00014320784248411655,0.00023966701701283455,0.0002312499564141035,0.00010233302600681782,1.083056541858241,1,9,2,12,10,14,8,2,5,8,5,8,8,2,2,
puddleworld,5,5,25,20,50,25,75,625,594,4,20,4,16,16,4,12.5,16,0.4808622917626053,1.633926291950047,0.11924033518880606,nan,0.0022400410380214453,0.0,3.7932247910648584,8.683302439749241e-05,8.88328067958355e-05,3.870902583003044e-05,3.687501884996891e-05,3.6499928683042526e-05,8.683302439749241e-05,8.88328067958355e-05,3.870902583003044e-05,3.687501884996891e-05,3.6499928683042526e-05,0.00021954183466732502,0.011227458016946912,0.00036795809864997864,0.00020587514154613018,0.00030329194851219654,0.0001407500822097063,0.00010237493552267551,9.779096581041813e-05,0.00026766699738800526,8.916598744690418e-05,0.00021104211919009686,0.00020529190078377724,0.00010404200293123722,4.409984041936696,1,9,2,12,12,16,7,2,3,7,3,7,7,2,2,
puddleworld,5,5,25,20,50,26,76,625,569,4,20,1,11,11,4,9.0,11,0.49006904172711074,0.0,0.11829841416329145,nan,0.0016346669290214777,0.0,0.01082616695202887,4.683295264840126e-05,7.554097101092339e-05,3.2708048820495605e-05,3.070896491408348e-05,3.0499882996082306e-05,4.683295264840126e-05,7.554097101092339e-05,3.2708048820495605e-05,3.070896491408348e-05,3.0499882996082306e-05,5.52500132471323e-05,9.558303281664848e-05,9.812507778406143e-05,0.00013970793224871159,0.0001949579454958439,6.612506695091724e-05,8.66251066327095e-05,7.224990986287594e-05,0.00012204213999211788,8.858297951519489e-05,9.445799514651299e-05,9.458279237151146e-05,0.00010233395732939243,0.6228707081172615,1,2,2,3,8,10,3,2,2,3,3,3,3,2,2,
puddleworld,5,5,25,20,50,27,77,625,591,4,20,9,16,16,4,12.0,16,0.4878581261727959,4.633921875851229,0.1253021650481969,nan,0.003389042103663087,0.0,3.5700195420067757,9.179208427667618e-05,9.349989704787731e-05,3.812485374510288e-05,3.495905548334122e-05,3.558304160833359e-05,9.179208427667618e-05,9.349989704787731e-05,3.812485374510288e-05,3.495905548334122e-05,3.558304160833359e-05,0.0002783751115202904,0.022726292023435235,0.0002625000197440386,0.0002613749820739031,0.00030033383518457413,0.00011866702698171139,0.00020604091696441174,0.00012158299796283245,0.00022649997845292091,0.00016166712157428265,0.00017345906235277653,0.00017537502571940422,0.0002434581983834505,4.212683415971696,1,13,4,8,16,16,6,5,4,6,6,6,6,5,4,
puddleworld,5,5,25,20,50,28,78,625,594,4,20,7,17,17,6,12.666666666666666,17,0.483197710942477,1.7264363339636475,0.1223989175632596,nan,0.004047083901241422,0.0,11.953425833955407,0.00011112517677247524,0.00011670798994600773,5.183299072086811e-05,4.441710188984871e-05,4.3209176510572433e-05,0.00011112517677247524,0.00011670798994600773,5.183299072086811e-05,4.441710188984871e-05,4.3209176510572433e-05,0.0003952919505536556,0.10175966587848961,0.0004477500915527344,0.0002505420707166195,0.0003264169208705425,0.0001054578460752964,0.000230749836191535,0.00017862487584352493,0.00023554195649921894,0.00019195792265236378,0.00020654103718698025,0.0001515829935669899,0.0002393750473856926,12.6706227499526,1,16,6,14,14,17,5,5,6,6,7,7,5,5,4,
puddleworld,5,5,25,20,50,29,79,625,524,4,20,3,15,15,4,12.5,15,0.48480591527186334,0.9836220419965684,0.11738562327809632,nan,0.0019620840903371572,0.0,1.2100608330219984,8.570798672735691e-05,9.420793503522873e-05,3.933394327759743e-05,3.595906309783459e-05,3.574998117983341e-05,8.570798672735691e-05,9.420793503522873e-05,3.933394327759743e-05,3.595906309783459e-05,3.574998117983341e-05,0.00020883302204310894,0.004000834189355373,0.00013816612772643566,0.00020754197612404823,0.0002643750049173832,7.154187187552452e-05,0.00010566599667072296,9.700004011392593e-05,0.00012612505815923214,0.00011858390644192696,0.00010100007057189941,9.58337914198637e-05,0.00010874983854591846,1.827969041885808,1,8,2,3,12,13,3,2,3,3,4,3,3,2,2,
puddleworld,5,5,25,20,50,30,80,625,594,4,20,6,14,14,4,11.5,14,0.48274654150009155,2.8366551250219345,0.11684328829869628,nan,0.002505083102732897,0.0,0.36013650009408593,9.683310054242611e-05,0.00010170903988182545,4.2499974370002747e-05,3.63329891115427e-05,3.495789133012295e-05,9.683310054242611e-05,0.00010170903988182545,4.2499974370002747e-05,3.63329891115427e-05,3.495789133012295e-05,0.00026333401910960674,0.0021384998690336943,0.0002505420707166195,0.00018745893612504005,0.0002647498622536659,8.458388037979603e-05,0.00010933307930827141,0.00012129195965826511,0.00015879212878644466,0.00013883295468986034,0.00012145913206040859,0.0001214172225445509,0.00010358286090195179,0.9672012089286,1,10,3,8,11,14,4,2,4,4,5,4,4,2,2,
puddleworld,5,5,25,20,50,31,81,625,569,4,20,4,13,13,4,11.0,13,0.48406275222077966,1.886774083133787,0.18332999828271568,nan,0.002909999806433916,0.0,0.10434291721321642,9.016599506139755e-05,9.095808491110802e-05,3.895815461874008e-05,3.5082921385765076e-05,3.512483090162277e-05,9.016599506139755e-05,9.095808491110802e-05,3.895815461874008e-05,3.5082921385765076e-05,3.512483090162277e-05,0.00019991607405245304,0.0006716670468449593,0.00011383299715816975,0.00014904187992215157,0.00024008308537304401,6.883381865918636e-05,0.00010370789095759392,7.108296267688274e-05,0.00012787501327693462,9.10409726202488e-05,9.808293543756008e-05,9.862496517598629e-05,0.000106374965980649,0.777659541927278,1,6,2,3,8,12,3,2,2,3,3,3,3,2,2,
puddleworld,5,5,25,20,50,32,82,625,474,4,20,3,14,14,4,12.0,14,0.5015189587138593,0.7713729171082377,0.11987662641331553,nan,0.0026143749710172415,0.0,0.3695506250951439,0.0001029579434543848,9.179208427667618e-05,4.0082959458231926e-05,3.783288411796093e-05,3.641610965132713e-05,0.0001029579434543848,9.179208427667618e-05,4.0082959458231926e-05,3.783288411796093e-05,3.641610965132713e-05,0.00022970791906118393,0.002156500006094575,0.00022725015878677368,0.00019908417016267776,0.00027829199098050594,6.858306005597115e-05,0.00010154093615710735,9.829201735556126e-05,0.00013458309695124626,0.00011904118582606316,0.00010316702537238598,9.858282282948494e-05,0.00010987487621605396,1.000327959191054,1,9,3,7,11,14,3,2,3,3,4,3,3,2,2,
puddleworld,5,5,25,20,50,33,83,625,475,4,20,3,15,15,4,11.5,15,0.48761683283373713,1.2494126672390848,0.1717826642561704,nan,0.002450208179652691,0.0,1.1145059580449015,0.00010229088366031647,9.63329803198576e-05,4.254188388586044e-05,3.758305683732033e-05,3.654207102954388e-05,0.00010229088366031647,9.63329803198576e-05,4.254188388586044e-05,3.758305683732033e-05,3.654207102954388e-05,0.0003014171961694956,0.0058094169944524765,0.00042795808985829353,0.00017570890486240387,0.0002889998722821474,0.00010479195043444633,0.0001485419925302267,0.00015125004574656487,0.00019675004296004772,0.00014074984937906265,0.00015141605399549007,0.00015120906755328178,0.00015220814384520054,1.7854527072049677,1,11,3,14,10,15,5,3,5,5,5,5,5,3,3,
puddleworld,5,5,25,20,50,34,84,625,594,4,20,1,16,16,4,11.5,16,0.4893600828945637,0.0,0.12100104056298733,nan,0.004139291122555733,0.0,3.5804712078534067,9.837490506470203e-05,9.10409726202488e-05,4.195794463157654e-05,3.6833109334111214e-05,3.633415326476097e-05,9.837490506470203e-05,9.10409726202488e-05,4.195794463157654e-05,3.6833109334111214e-05,3.633415326476097e-05,0.00030741700902581215,0.01891454216092825,0.0004057500045746565,0.00019820802845060825,0.0003070421516895294,0.00014266697689890862,0.00015266588889062405,0.00015541701577603817,0.0002692081034183502,0.0001949169673025608,0.00020399992354214191,0.00020470796152949333,0.00015125004574656487,4.218325708294287,1,12,3,12,11,16,7,3,5,7,7,7,7,3,3,
puddleworld,5,5,25,20,50,35,85,625,594,4,20,6,14,14,4,11.0,14,0.48322187713347375,2.4092204158660024,0.11844724998809397,nan,0.002051082905381918,0.0,0.3655792500358075,0.0001013327855616808,9.525008499622345e-05,4.6625034883618355e-05,3.595883026719093e-05,3.458303399384022e-05,0.0001013327855616808,9.525008499622345e-05,4.6625034883618355e-05,3.595883026719093e-05,3.458303399384022e-05,0.000294750090688467,0.002178916009142995,0.0001476658508181572,0.00019066710956394672,0.0002323330845683813,8.549983613193035e-05,0.0001479999627918005,0.0001235830131918192,0.0001593749038875103,0.0001392909325659275,0.00012445892207324505,0.00012199999764561653,0.00014758296310901642,0.9743125841487199,1,10,3,4,11,12,4,3,4,4,5,4,4,3,3,
puddleworld,5,5,25,20,50,36,86,625,525,4,20,5,16,16,4,11.0,16,0.4804740408435464,2.2697940829675645,0.16330479248426855,nan,0.0023986250162124634,0.0,3.2510984581895173,0.00010145804844796658,9.937514550983906e-05,4.308391362428665e-05,3.641704097390175e-05,3.574998117983341e-05,0.00010145804844796658,9.937514550983906e-05,4.308391362428665e-05,3.641704097390175e-05,3.574998117983341e-05,0.00034504104405641556,0.022743792040273547,0.0003870828077197075,0.00018862495198845863,0.0003060409799218178,0.000140415970236063,0.0001826658844947815,0.00014812499284744263,0.00026329210959374905,0.00018800003454089165,0.00020225020125508308,0.00020316708832979202,0.00018870900385081768,3.9236642082687467,1,14,4,12,11,16,7,4,5,7,7,7,7,4,4,
puddleworld,5,5,25,20,50,37,87,625,522,4,20,1,16,16,4,14.0,16,0.4856651236768812,0.0,0.11474895803257823,nan,0.0024500421714037657,0.0,3.7774519158992916,0.00010604108683764935,9.679095819592476e-05,4.454189911484718e-05,3.904104232788086e-05,3.854092210531235e-05,0.00010604108683764935,9.679095819592476e-05,4.454189911484718e-05,3.904104232788086e-05,3.854092210531235e-05,0.000249749980866909,0.011361957993358374,0.00013945810496807098,0.0001752499956637621,0.0002857500221580267,6.629200652241707e-05,0.00011008302681148052,7.02498946338892e-05,0.0001235830131918192,8.754199370741844e-05,9.341700933873653e-05,9.38749872148037e-05,0.00010245898738503456,4.398418291006237,1,8,2,3,10,15,3,2,2,3,3,3,3,2,2,
puddleworld,5,5,25,20,50,38,88,625,594,4,20,1,16,16,4,13.5,16,0.5298860832117498,0.0,0.11120299785397947,nan,0.004441083176061511,0.0,3.8240262088365853,0.0001091251615434885,0.00010166713036596775,4.870886914432049e-05,3.937492147088051e-05,3.8207974284887314e-05,0.0001091251615434885,0.00010166713036596775,4.870886914432049e-05,3.937492147088051e-05,3.8207974284887314e-05,0.00030745891854166985,0.016780209029093385,0.0003777500241994858,0.00020658294670283794,0.0003082090988755226,8.52078665047884e-05,0.00011370796710252762,0.0001248749904334545,0.00015979213640093803,0.0001144171692430973,0.00012320815585553646,0.0001230419147759676,0.00010516587644815445,4.489427916938439,1,11,3,12,12,16,4,2,4,4,4,4,4,2,2,
puddleworld,5,5,25,20,50,39,89,625,525,4,20,1,17,17,4,12.5,17,0.4850555029697716,0.0,0.16719053755514324,nan,0.0034427079372107983,0.0,11.506046541035175,0.00010287505574524403,0.00010024989023804665,4.337495192885399e-05,3.8708094507455826e-05,3.77078540623188e-05,0.00010287505574524403,0.00010024989023804665,4.337495192885399e-05,3.8708094507455826e-05,3.77078540623188e-05,0.00036733411252498627,0.05063579208217561,0.00035775010474026203,0.00022266688756644726,0.0003241251688450575,9.27499495446682e-05,0.00019437517039477825,0.00022379099391400814,0.000159083167091012,0.0001907499972730875,0.00012116599828004837,0.000120542012155056,0.0001915828324854374,12.215865333098918,1,15,3,11,13,17,4,4,8,4,7,4,4,4,3,
puddleworld,5,5,25,20,50,40,90,625,594,4,20,5,17,17,6,11.666666666666666,17,0.48267908091656864,2.288037332938984,0.11541887372732162,nan,0.0028851248789578676,0.0,11.134422125061974,0.00011862511746585369,0.00010962504893541336,5.1541952416300774e-05,4.449998959898949e-05,4.316703416407108e-05,0.00011862511746585369,0.00010962504893541336,5.1541952416300774e-05,4.449998959898949e-05,4.316703416407108e-05,0.00035174982622265816,0.06730516720563173,0.00028525013476610184,0.0002327500842511654,0.0003125839866697788,0.0001254579983651638,0.00019499985501170158,0.000259083928540349,0.0002707920502871275,0.00024308287538588047,0.0002632089890539646,0.00018012500368058681,0.00019979220815002918,11.806660001166165,1,13,4,7,13,16,6,4,9,7,9,9,6,4,4,
puddleworld,5,5,25,20,50,41,91,625,570,4,20,16,11,11,4,9.0,11,0.2699696666095406,6.3727399569470435,0.09621358383446932,nan,0.0013597081415355206,0.0,0.010740790981799364,5.683302879333496e-05,7.941713556647301e-05,3.508315421640873e-05,3.1999778002500534e-05,3.166613169014454e-05,5.683302879333496e-05,7.941713556647301e-05,3.508315421640873e-05,3.1999778002500534e-05,3.166613169014454e-05,5.920790135860443e-05,9.929202497005463e-05,0.0001004999503493309,0.00012520793825387955,0.00019620894454419613,6.674998439848423e-05,8.995784446597099e-05,6.745895370841026e-05,0.00012345891445875168,8.883397094905376e-05,9.495788253843784e-05,9.9916011095047e-05,0.00010170787572860718,0.38035587407648563,1,2,2,3,7,10,3,2,2,3,3,3,3,2,2,
puddleworld,5,5,25,20,50,42,92,625,594,4,20,10,16,16,3,12.0,16,0.3437022934667766,4.301173250889406,0.07568387454375625,nan,0.002269707852974534,0.0,3.4043562079314142,9.91250853985548e-05,9.579095058143139e-05,4.187505692243576e-05,3.508315421640873e-05,3.3750198781490326e-05,9.91250853985548e-05,9.579095058143139e-05,4.187505692243576e-05,3.508315421640873e-05,3.3750198781490326e-05,0.00026875012554228306,0.017015083925798535,0.00044820900075137615,0.00017195800319314003,0.0002977079711854458,8.354196324944496e-05,0.0001463748048990965,0.0001474169548600912,0.00022679194808006287,0.00016112509183585644,0.00017341715283691883,0.0001196668017655611,0.00014470797032117844,3.846273666014895,1,10,3,15,10,16,4,3,5,6,6,6,4,3,3,
puddleworld,5,5,25,20,50,43,93,625,594,4,20,4,15,15,4,12.0,15,0.4869097920600325,1.1657355406787246,0.165821501519531,nan,0.002390375128015876,0.0,1.1836267078761011,8.149980567395687e-05,9.341700933873653e-05,3.8041966035962105e-05,3.516604192554951e-05,3.420817665755749e-05,8.149980567395687e-05,9.341700933873653e-05,3.8041966035962105e-05,3.516604192554951e-05,3.420817665755749e-05,0.00022641709074378014,0.003936583874747157,0.00017112493515014648,0.0001877499744296074,0.0002657079603523016,0.00010220799595117569,9.866594336926937e-05,0.00010366691276431084,0.00019258400425314903,0.00013758288696408272,0.00014795898459851742,0.0001510828733444214,0.00010254210792481899,1.8507692920975387,1,10,2,5,11,14,5,2,3,5,5,5,5,2,2,
puddleworld,5,5,25,20,50,44,94,625,594,4,20,2,17,17,4,14.0,17,0.47996041900478303,0.6127258751075715,0.16892537381500006,nan,0.00512154190801084,0.0,12.10201425012201,0.000114083057269454,0.00010141590610146523,4.641595296561718e-05,3.99160198867321e-05,3.8708094507455826e-05,0.000114083057269454,0.00010141590610146523,4.641595296561718e-05,3.99160198867321e-05,3.8708094507455826e-05,0.00037679215893149376,0.06787450006231666,0.00035529211163520813,0.00022291718050837517,0.0003219170030206442,8.5500068962574e-05,0.0001883339136838913,0.00010608392767608166,0.00016458402387797832,0.00017008301801979542,0.00012258393689990044,0.00012854207307100296,0.00019170786254107952,12.828408375149593,1,15,4,10,13,17,4,4,3,4,6,4,4,4,3,
puddleworld,5,5,25,20,50,45,95,625,499,4,20,6,17,17,3,12.0,17,0.31998641486279666,2.454933416331187,0.11035853950306773,nan,0.002187208039686084,0.0,10.458462875103578,9.062513709068298e-05,9.758397936820984e-05,3.737490624189377e-05,3.3708056434988976e-05,3.295787610113621e-05,9.062513709068298e-05,9.758397936820984e-05,3.737490624189377e-05,3.3708056434988976e-05,3.295787610113621e-05,0.0003375420346856117,0.06727533298544586,0.000406875042244792,0.00021316693164408207,0.0003251668531447649,0.0001235420349985361,0.00018558278679847717,0.0002062499988824129,0.00023304112255573273,0.00019083311781287193,0.00017908401787281036,0.00017754198051989079,0.0001943749375641346,10.964232249651104,1,16,4,12,12,17,6,4,7,6,7,6,6,4,4,
puddleworld,5,5,25,20,50,46,96,625,572,4,20,5,17,17,4,12.5,17,0.34865654446184635,1.6661952922586352,0.0823011256288737,nan,0.0024547921493649483,0.0,11.641676124883816,9.095901623368263e-05,9.750016033649445e-05,4.029087722301483e-05,3.687501884996891e-05,3.624986857175827e-05,9.095901623368263e-05,9.750016033649445e-05,4.029087722301483e-05,3.687501884996891e-05,3.624986857175827e-05,0.00028033298440277576,0.033780999947339296,0.0002518750261515379,0.00022141681984066963,0.00030212500132620335,0.0001400420442223549,0.00011266698129475117,0.0001984999980777502,0.0002666250802576542,0.00021416600793600082,0.00020549981854856014,0.00021420815028250217,0.00010537495836615562,12.118813625071198,1,12,2,7,13,16,7,2,7,7,8,7,7,2,2,
puddleworld,5,5,25,20,50,47,97,625,591,4,20,1,15,15,4,12.0,15,0.4851002898067236,0.0,0.12172408285550773,nan,0.0032487499993294477,0.0,1.1251624580472708,9.620911441743374e-05,9.641586802899837e-05,4.5625027269124985e-05,3.654207102954388e-05,3.562518395483494e-05,9.620911441743374e-05,9.641586802899837e-05,4.5625027269124985e-05,3.654207102954388e-05,3.562518395483494e-05,0.0002376250922679901,0.006240541813895106,0.0003400000277906656,0.00014412496238946915,0.00029058288782835007,9.037507697939873e-05,0.00013820803724229336,0.00012970902025699615,0.0001613751519471407,0.00011541717685759068,0.00012337509542703629,0.00012445892207324505,0.00014725001528859138,1.744884042069316,1,10,3,11,8,15,4,3,4,4,4,4,4,3,3,
puddleworld,5,5,25,20,50,48,98,625,570,4,20,2,15,15,3,11.666666666666666,15,0.40161233651451766,0.5939230001531541,0.13824312551878393,nan,0.0025637918151915073,0.0,1.0944810411892831,7.895799353718758e-05,9.574997238814831e-05,3.4916214644908905e-05,3.266613930463791e-05,3.254110924899578e-05,7.895799353718758e-05,9.574997238814831e-05,3.4916214644908905e-05,3.266613930463791e-05,3.254110924899578e-05,0.0002599582076072693,0.002064957981929183,0.00032704207114875317,0.00012512505054473877,0.0002870829775929451,2.8209062293171883e-05,5.866703577339649e-05,3.937515430152416e-05,4.850002005696297e-05,3.591692075133324e-05,3.787502646446228e-05,3.8084108382463455e-05,5.816691555082798e-05,1.6411627067718655,0,12,1,11,7,15,1,1,1,1,1,1,1,1,1,
puddleworld,5,5,25,20,50,49,99,625,523,4,20,1,17,17,4,13.0,17,0.4992989592719823,0.0,0.11107395822182298,nan,0.0038946671411395073,0.0,12.547362958081067,0.0003631669096648693,0.00022391695529222488,6.39590434730053e-05,6.833299994468689e-05,5.970802158117294e-05,0.0003631669096648693,0.00022391695529222488,6.39590434730053e-05,6.833299994468689e-05,5.970802158117294e-05,0.0012983749620616436,0.05241650016978383,0.0005609169602394104,0.00023045879788696766,0.0003197088371962309,0.00014062505215406418,0.00022508297115564346,0.00013029086403548717,0.0002657498698681593,0.00011370889842510223,0.00020404206588864326,0.00020645908080041409,0.0001618328969925642,13.220751750050113,1,16,3,16,12,17,7,3,4,7,4,7,7,3,3,
rockworld,5,5,25,20,50,0,100,1250,945,4,20,1,15,15,4,12.0,15,1.0078501233365387,0.0,0.20416104048490524,nan,0.004649082897230983,0.0,1.2361289588734508,0.00010783295147120953,0.0001482497900724411,4.39169816672802e-05,3.7458958104252815e-05,4.0082959458231926e-05,0.00010783295147120953,0.0001482497900724411,4.39169816672802e-05,3.7458958104252815e-05,4.0082959458231926e-05,0.000300500076264143,0.0042802090756595135,0.00015525007620453835,0.0002288329415023327,0.0002524580340832472,8.574989624321461e-05,0.0001116669736802578,0.00012641586363315582,0.00015966594219207764,0.00014154193922877312,0.00012204190716147423,0.00012250011786818504,0.00010466692037880421,2.4709112921264023,1,10,2,4,12,13,4,2,4,4,5,4,4,2,2,
rockworld,5,5,25,20,50,1,101,1250,993,4,20,2,10,10,3,7.0,10,0.9701842074282467,1.2129994169808924,0.22717141872271895,nan,0.0007879580371081829,0.0,0.0040683329571038485,5.079200491309166e-05,8.358387276530266e-05,3.070896491408348e-05,2.7750153094530106e-05,2.683280035853386e-05,5.079200491309166e-05,8.358387276530266e-05,3.070896491408348e-05,2.7750153094530106e-05,2.683280035853386e-05,0.0001610000617802143,0.00010249996557831764,0.00010212510824203491,0.0001449170522391796,0.000175457913428545,6.487499922513962e-05,0.0001284999307245016,9.29159577935934e-05,0.00011991686187684536,0.0001137908548116684,0.00014641694724559784,9.183399379253387e-05,0.00014400016516447067,1.2046537920832634,1,6,3,3,8,9,3,3,3,3,4,5,3,3,3,
rockworld,5,5,25,20,50,2,102,1250,1063,4,20,1,11,11,4,8.5,11,0.9496418775524944,0.0,0.28662691498175263,nan,0.0017303749918937683,0.0,0.010941040934994817,3.8790982216596603e-05,9.404192678630352e-05,3.187498077750206e-05,2.9667047783732414e-05,2.933293581008911e-05,3.8790982216596603e-05,9.404192678630352e-05,3.187498077750206e-05,2.9667047783732414e-05,2.933293581008911e-05,0.00020770798437297344,9.262515231966972e-05,9.658304043114185e-05,0.0001455419696867466,0.0001741249579936266,6.608408875763416e-05,8.579110726714134e-05,9.179115295410156e-05,0.00011987495236098766,8.720811456441879e-05,9.275018237531185e-05,9.470898658037186e-05,0.0001099579967558384,1.2512069169897586,1,11,2,3,8,9,3,2,3,3,3,3,3,2,2,
rockworld,5,5,25,20,50,3,103,1250,1067,4,20,1,14,14,4,11.5,14,0.9384775371290743,0.0,0.21875979099422693,nan,0.0029727499932050705,0.0,0.36181204207241535,9.78340394794941e-05,0.0001249168999493122,4.379195161163807e-05,3.74161172658205e-05,3.566686064004898e-05,9.78340394794941e-05,0.0001249168999493122,4.379195161163807e-05,3.74161172658205e-05,3.566686064004898e-05,0.00031524989753961563,0.0015289168804883957,0.00014766608364880085,0.00017716712318360806,0.0002534578088670969,8.616596460342407e-05,0.00011283392086625099,0.00012650014832615852,0.00016120891086757183,0.0001152500044554472,0.00012266705743968487,0.00012291711755096912,0.00010441686026751995,1.5264026660006493,1,11,2,4,10,13,4,2,4,4,4,4,4,2,2,
rockworld,5,5,25,20,50,4,104,1250,874,4,20,9,16,16,3,13.0,16,0.9944144608452916,7.6847813341300935,0.26674574869684875,nan,0.004124167142435908,0.0,3.7723519168794155,9.462493471801281e-05,0.00010858289897441864,3.833300434052944e-05,3.437488339841366e-05,3.341701813042164e-05,9.462493471801281e-05,0.00010858289897441864,3.833300434052944e-05,3.437488339841366e-05,3.341701813042164e-05,0.0003313340712338686,0.01175208413042128,0.0001400420442223549,0.0001760418526828289,0.00028554187156260014,4.775007255375385e-05,0.0001099579967558384,0.0001743328757584095,0.00012120790779590607,0.00016187503933906555,0.00017370819114148617,6.579188629984856e-05,0.00010170787572860718,5.052512832218781,1,12,2,3,10,15,2,2,6,3,6,6,2,2,2,
rockworld,5,5,25,20,50,5,105,1250,882,4,20,3,17,17,3,13.0,17,0.9213524139486253,1.5564337917603552,0.23513162904419005,nan,0.004020042018964887,0.0,11.69027283298783,9.933300316333771e-05,0.00011854106560349464,4.13751695305109e-05,3.470899537205696e-05,3.316602669656277e-05,9.933300316333771e-05,0.00011854106560349464,4.13751695305109e-05,3.470899537205696e-05,3.316602669656277e-05,0.0002759578637778759,0.04152779094874859,0.00018974998965859413,0.00020308303646743298,0.0003010840155184269,4.670885391533375e-05,0.00010699988342821598,0.0001460420899093151,0.000191875034943223,0.00021270778961479664,0.000229167053475976,6.558396853506565e-05,0.00010154210031032562,12.896319000050426,1,12,2,5,12,16,2,2,5,5,8,8,2,2,2,
rockworld,5,5,25,20,50,6,106,1250,971,4,20,13,15,15,4,12.5,15,1.0009637903422117,13.380499375751242,0.2671040396671742,nan,0.003649916034191847,0.0,1.1871440410614014,0.00010420801118016243,0.0001321248710155487,4.533305764198303e-05,3.966689109802246e-05,3.74580267816782e-05,0.00010420801118016243,0.0001321248710155487,4.533305764198303e-05,3.966689109802246e-05,3.74580267816782e-05,0.00024908408522605896,0.003952916944399476,0.0001547501888126135,0.00018095807172358036,0.0002756661269813776,8.750008419156075e-05,0.00011491705663502216,7.30839092284441e-05,0.00016304198652505875,0.0001163750421255827,0.00012445799075067043,0.00012520793825387955,0.0001063330564647913,2.4656623757909983,1,7,2,4,10,14,4,2,2,4,4,4,4,2,2,
rockworld,5,5,25,20,50,7,107,nan,nan,nan,20,20,nan,nan,nan,nan,nan,nan,19.020797624718398,nan,nan,nan,nan,nan,nan,nan,nan,nan,nan,nan,nan,nan,nan,nan,nan,nan,nan,nan,nan,nan,nan,nan,nan,nan,nan,nan,nan,nan,nan,nan,nan,nan,nan,nan,nan,nan,nan,nan,nan,nan,nan,nan,nan,no instance with |B| <= 17 and |I| >= 3 in 20 draws
rockworld,5,5,25,20,50,8,108,1250,875,4,20,12,16,16,3,11.666666666666666,16,0.9971765819936991,10.089748000726104,0.2526266663335264,nan,0.0024850841145962477,0.0,3.470754957990721,7.770908996462822e-05,0.00012141605839133263,3.541703335940838e-05,3.262516111135483e-05,3.1542032957077026e-05,7.770908996462822e-05,0.00012141605839133263,3.541703335940838e-05,3.262516111135483e-05,3.1542032957077026e-05,0.0003064170014113188,0.034025250002741814,0.000398874981328845,0.00024754181504249573,0.0002978749107569456,0.00011958298273384571,0.00023850006982684135,0.00024520885199308395,0.00022775004617869854,0.00023687491193413734,0.00025899987667798996,0.00017579109407961369,0.0002728330437093973,4.7610539582092315,1,15,6,13,15,16,6,6,9,6,9,9,6,6,5,
rockworld,5,5,25,20,50,9,109,1250,914,4,20,3,17,17,4,13.5,17,0.9288883765693754,1.0711849590297788,0.2073191679082811,nan,0.0026895420160144567,0.0,12.093896874925122,9.349989704787731e-05,0.00012433389201760292,4.058307968080044e-05,3.845803439617157e-05,3.8125086575746536e-05,9.349989704787731e-05,0.00012433389201760292,4.058307968080044e-05,3.845803439617157e-05,3.8125086575746536e-05,0.0001949160359799862,0.05043924995698035,0.00020279199816286564,0.00023995782248675823,0.0003040411975234747,0.00010558310896158218,0.00015370803885161877,0.0001498749479651451,0.0001943749375641346,0.00016433303244411945,0.0001497089397162199,0.00015058298595249653,0.00015070801600813866,13.293373124906793,1,6,3,5,14,15,5,3,5,5,6,5,5,3,3,
rockworld,5,5,25,20,50,10,110,1250,1020,4,20,13,17,17,4,13.0,17,0.988320168107748,8.813938374863937,0.26652204245328903,nan,0.003981209127232432,0.0,11.41759637487121,8.320901542901993e-05,0.00012283306568861008,4.0084123611450195e-05,3.74580267816782e-05,3.63329891115427e-05,8.320901542901993e-05,0.00012283306568861008,4.0084123611450195e-05,3.74580267816782e-05,3.63329891115427e-05,0.00032658386044204235,0.11783479200676084,0.0002562080044299364,0.00027245795354247093,0.0003245419356971979,0.00012408406473696232,0.0002787092234939337,0.0001746669877320528,0.00023062503896653652,0.00016504107043147087,0.0001786251086741686,0.0001791671384125948,0.0003485409542918205,12.801829624921083,1,16,7,7,16,17,6,7,6,6,6,6,6,7,5,
rockworld,5,5,25,20,50,11,111,1250,970,4,20,3,17,17,3,11.0,17,0.9717886256985366,1.6913083749823272,0.24237425113096833,nan,0.0032783341594040394,0.0,10.32120970916003,9.116600267589092e-05,0.00012920890003442764,4.0624989196658134e-05,3.4665921702980995e-05,3.254087641835213e-05,9.116600267589092e-05,0.00012920890003442764,4.0624989196658134e-05,3.4665921702980995e-05,3.254087641835213e-05,0.0003565838560461998,0.050884125055745244,0.0004464169032871723,0.0002073750365525484,0.0003255000337958336,0.00014066696166992188,0.00015666685067117214,0.00025524990633130074,0.0003420840948820114,0.0002453750930726528,0.0002639999147504568,0.00020458316430449486,0.00015420885756611824,11.595408250344917,1,16,3,14,12,17,7,3,9,9,9,9,7,3,3,
rockworld,5,5,25,20,50,12,112,1250,735,4,20,3,15,15,4,12.5,15,0.9754165872000158,2.1245530410669744,0.2245117488782853,nan,0.0023742499761283398,0.0,1.1912833340466022,7.841712795197964e-05,0.00011408282443881035,3.791693598031998e-05,3.558304160833359e-05,3.537489101290703e-05,7.841712795197964e-05,0.00011408282443881035,3.791693598031998e-05,3.558304160833359e-05,3.537489101290703e-05,0.00026120920665562153,0.004346165806055069,0.00011891708709299564,0.00017187511548399925,0.0002500000409781933,6.541586481034756e-05,0.00010337494313716888,9.541702456772327e-05,0.0001273748930543661,0.0001129999291151762,9.3833077698946e-05,9.44170169532299e-05,0.00010149995796382427,2.407051084097475,1,12,2,3,10,13,3,2,3,3,4,3,3,2,2,
rockworld,5,5,25,20,50,13,113,1250,776,4,20,13,17,17,6,12.0,17,0.9790943323168904,10.488130791578442,0.22879983391612768,nan,0.004366499837487936,0.0,11.440893749939278,9.150011464953423e-05,0.00014529190957546234,4.7042034566402435e-05,4.237494431436062e-05,4.274980165064335e-05,9.150011464953423e-05,0.00014529190957546234,4.7042034566402435e-05,4.237494431436062e-05,4.274980165064335e-05,0.00021720794029533863,0.0671203329693526,0.0002770000137388706,0.00022920803166925907,0.0003039590083062649,8.512497879564762e-05,0.00017891707830131054,0.00024824985302984715,0.0003007079940289259,0.0002685410436242819,0.0002864999696612358,0.00012220791541039944,0.0001934159081429243,12.723998751025647,1,9,4,8,13,16,4,4,9,8,10,10,4,4,4,
rockworld,5,5,25,20,50,14,114,1250,786,4,20,13,16,16,3,11.0,16,0.9840971636585891,11.430693332804367,0.235319709405303,nan,0.003139832988381386,0.0,3.2728206671308726,7.52920750528574e-05,0.00012137508019804955,3.416580148041248e-05,3.229198046028614e-05,3.170897252857685e-05,7.52920750528574e-05,0.00012137508019804955,3.416580148041248e-05,3.229198046028614e-05,3.170897252857685e-05,0.00032433285377919674,0.0240728750359267,0.0003382910508662462,0.0002614588011056185,0.0002972499933093786,0.00010166713036596775,0.00017679203301668167,0.00019762502051889896,0.00026045902632176876,0.00016120891086757183,0.00020141690038144588,0.00014645792543888092,0.0001856659073382616,4.523035331862047,1,16,4,11,16,16,5,4,7,7,6,7,5,4,4,
rockworld,5,5,25,20,50,15,115,1250,729,4,20,6,16,16,4,12.5,16,0.988659581169486,4.227443626150489,0.17232883162796497,nan,0.0038269590586423874,0.0,3.634739707922563,9.929202497005463e-05,0.00012854207307100296,4.2582862079143524e-05,3.812485374510288e-05,3.654207102954388e-05,9.929202497005463e-05,0.00012854207307100296,4.2582862079143524e-05,3.812485374510288e-05,3.654207102954388e-05,0.00018583284690976143,0.0057715000584721565,0.0001597090158611536,0.00026879203505814075,0.0002685000654309988,2.7999980375170708e-05,6.829085759818554e-05,4.0207989513874054e-05,4.7582900151610374e-05,3.591715358197689e-05,3.658304922282696e-05,3.716605715453625e-05,5.754106678068638e-05,4.80756516684778,0,5,1,4,16,14,1,1,1,1,1,1,1,1,1,
rockworld,5,5,25,20,50,16,116,1250,711,4,20,9,13,13,4,11.0,13,0.9911873713135719,6.256531206890941,0.23378379037603736,nan,0.001938540954142809,0.0,0.10406491695903242,8.712499402463436e-05,0.00012562493793666363,3.887503407895565e-05,3.479211591184139e-05,3.420817665755749e-05,8.712499402463436e-05,0.00012562493793666363,3.887503407895565e-05,3.479211591184139e-05,3.420817665755749e-05,0.00018329080194234848,0.0008561669383198023,0.00022391695529222488,0.0001746250782161951,0.00024983310140669346,6.837490946054459e-05,0.00010649999603629112,9.579095058143139e-05,0.00012395810335874557,0.00011491705663502216,9.570806287229061e-05,9.566708467900753e-05,0.00010437518358230591,1.334393666824326,1,6,3,7,10,13,3,2,3,3,4,3,3,2,2,
rockworld,5,5,25,20,50,17,117,1250,683,4,20,4,11,11,4,9.0,11,0.9882395004387945,1.741936583071947,0.21945850178599358,nan,0.002015833044424653,0.0,0.010668208822607994,3.954116255044937e-05,9.945803321897984e-05,3.1750183552503586e-05,3.0125025659799576e-05,3.0667055398225784e-05,3.954116255044937e-05,9.945803321897984e-05,3.1750183552503586e-05,3.0125025659799576e-05,3.0667055398225784e-05,0.00012429198250174522,9.291712194681168e-05,9.658420458436012e-05,0.00010762503370642662,0.00019362522289156914,6.558303721249104e-05,8.562486618757248e-05,6.837514229118824e-05,0.00012145796790719032,8.825003169476986e-05,9.38749872148037e-05,9.412504732608795e-05,0.0001019590999931097,1.2224844573065639,1,6,2,3,6,10,3,2,2,3,3,3,3,2,2,
rockworld,5,5,25,20,50,18,118,1250,996,4,20,6,15,15,4,12.0,15,1.0458673343528062,6.218566249823198,0.2141959157306701,nan,0.004239791072905064,0.0,1.213448290945962,8.966703899204731e-05,0.0001232079230248928,3.9624981582164764e-05,3.654207102954388e-05,3.491714596748352e-05,8.966703899204731e-05,0.0001232079230248928,3.9624981582164764e-05,3.654207102954388e-05,3.491714596748352e-05,0.00014695804566144943,0.003963707946240902,0.00027579115703701973,0.00022375001572072506,0.0002898331731557846,8.645793423056602e-05,0.00010641687549650669,0.00015058298595249653,0.00016095791943371296,0.00014237500727176666,0.00012345798313617706,0.0001238752156496048,0.00010433304123580456,2.4845984999556094,1,4,2,8,13,15,4,2,5,4,5,4,4,2,2,
rockworld,5,5,25,20,50,19,119,1250,1070,4,20,2,15,15,3,9.666666666666666,15,0.9968297055456787,1.2495021659415215,0.23577037663199008,nan,0.0043216669000685215,0.0,1.0516282920725644,7.720896974205971e-05,0.00011850008741021156,3.329082392156124e-05,3.087497316300869e-05,2.995808608829975e-05,7.720896974205971e-05,0.00011850008741021156,3.329082392156124e-05,3.087497316300869e-05,2.995808608829975e-05,0.00024725007824599743,0.005799291888251901,0.00037229200825095177,0.0001871250569820404,0.0002835828345268965,0.0001224169973284006,0.0001424581278115511,0.00014645792543888092,0.0002643750049173832,0.0002138749696314335,0.00023266603238880634,0.00017629191279411316,0.00014604185707867146,2.2978251250460744,1,11,3,12,11,15,6,3,5,7,8,8,6,3,3,
rockworld,5,5,25,20,50,20,120,1250,941,4,20,17,17,17,4,14.5,17,0.9917219991330057,14.587593667209148,0.26092179329134524,nan,0.004158708965405822,0.0,12.194707417162135,8.320878259837627e-05,0.00012895907275378704,4.05418686568737e-05,3.845803439617157e-05,3.77078540623188e-05,8.320878259837627e-05,0.00012895907275378704,4.05418686568737e-05,3.845803439617157e-05,3.77078540623188e-05,0.00021808315068483353,0.03364916704595089,0.00013583293184638023,0.0002062919083982706,0.00028549996204674244,6.63751270622015e-05,0.00010437495075166225,0.0001228339970111847,0.00012241583317518234,0.00011404091492295265,9.379186667501926e-05,9.433296509087086e-05,0.00010345899499952793,13.487808084115386,1,9,2,3,12,15,3,2,4,3,4,3,3,2,2,
rockworld,5,5,25,20,50,21,121,1250,875,4,20,18,13,13,4,11.0,13,0.9953717086464167,14.861888501793146,0.1999270401429385,nan,0.0022031250409781933,0.0,0.10380270797759295,7.462501525878906e-05,0.00010091695003211498,3.5457778722047806e-05,3.3542048186063766e-05,3.38749960064888e-05,7.462501525878906e-05,0.00010091695003211498,3.5457778722047806e-05,3.3542048186063766e-05,3.38749960064888e-05,0.000212125014513731,0.0006715420167893171,0.00010758405551314354,0.00014370796270668507,0.0002295409794896841,6.708293221890926e-05,9.629200212657452e-05,9.570899419486523e-05,0.0001224169973284006,8.825003169476986e-05,9.450013749301434e-05,9.520910680294037e-05,0.00010195793583989143,1.304311207961291,1,9,2,3,8,12,3,2,3,3,3,3,3,2,2,
rockworld,5,5,25,20,50,22,122,1250,684,4,20,1,17,17,3,14.333333333333334,17,0.985195835120976,0.0,0.23604795965366066,nan,0.003413790836930275,0.0,11.684701499994844,8.487491868436337e-05,0.00012708408758044243,3.758398815989494e-05,3.462517634034157e-05,3.400002606213093e-05,8.487491868436337e-05,0.00012708408758044243,3.758398815989494e-05,3.462517634034157e-05,3.400002606213093e-05,0.0002613749820739031,0.03343583410605788,0.00016291695646941662,0.0001884999219328165,0.00030174991115927696,4.829186946153641e-05,0.0001015830785036087,9.712483733892441e-05,0.00015979213640093803,0.00013974984176456928,0.0001495408359915018,6.674998439848423e-05,0.00012679211795330048,12.945526458090171,1,12,2,4,11,16,2,2,3,4,5,5,2,2,2,
rockworld,5,5,25,20,50,23,123,1250,903,4,20,3,16,16,3,11.0,16,0.9899638746865094,1.6734434578102082,0.2585037483368069,nan,0.004735124995931983,0.0,3.3381053330376744,7.850001566112041e-05,0.0001203340943902731,3.541703335940838e-05,3.341701813042164e-05,3.2708048820495605e-05,7.850001566112041e-05,0.0001203340943902731,3.541703335940838e-05,3.341701813042164e-05,3.2708048820495605e-05,0.0003116251900792122,0.0280412919819355,0.00031041703186929226,0.00023170886561274529,0.0002870410680770874,8.883303962647915e-05,0.000175209017470479,0.00022304197773337364,0.0003389590419828892,0.0002642502076923847,0.0002808340359479189,0.00011916691437363625,0.00018504098989069462,4.623112166998908,1,15,4,9,13,15,4,4,8,9,10,10,4,4,4,
rockworld,5,5,25,20,50,24,124,nan,nan,nan,20,20,nan,nan,nan,nan,nan,nan,16.820246419636533,nan,nan,nan,nan,nan,nan,nan,nan,nan,nan,nan,nan,nan,nan,nan,nan,nan,nan,nan,nan,nan,nan,nan,nan,nan,nan,nan,nan,nan,nan,nan,nan,nan,nan,nan,nan,nan,nan,nan,nan,nan,nan,nan,nan,no instance with |B| <= 17 and |I| >= 3 in 20 draws
rockworld,5,5,25,20,50,25,125,1250,710,4,20,4,15,15,3,10.0,15,0.9903714591637254,2.527104916283861,0.21009087609127164,nan,0.0017854999750852585,0.0,1.0607971248682588,8.729193359613419e-05,0.00011679204180836678,3.5542063415050507e-05,3.150012344121933e-05,3.0708033591508865e-05,8.729193359613419e-05,0.00011679204180836678,3.5542063415050507e-05,3.150012344121933e-05,3.0708033591508865e-05,0.0003147081006318331,0.005773707991465926,0.0002062499988824129,0.00020433403551578522,0.00026441714726388454,0.0001213329378515482,0.00014341692440211773,0.00022279191762208939,0.00022874982096254826,0.00018891599029302597,0.00024120905436575413,0.00017625000327825546,0.00015874998643994331,2.2722317499574274,1,14,3,6,12,14,6,3,8,6,7,8,6,3,3,
rockworld,5,5,25,20,50,26,126,1250,805,4,20,2,11,11,4,8.5,11,1.033757708966732,1.2159682500641793,0.19168374896980822,nan,0.0027837499510496855,0.0,0.010927124880254269,4.5082997530698776e-05,9.816698729991913e-05,3.1125033274292946e-05,2.9792077839374542e-05,2.9790913686156273e-05,4.5082997530698776e-05,9.816698729991913e-05,3.1125033274292946e-05,2.9792077839374542e-05,2.9790913686156273e-05,0.00010612513870000839,9.350012987852097e-05,9.68750100582838e-05,0.0001379998866468668,0.0001745831687003374,7.066712714731693e-05,8.625001646578312e-05,9.420793503522873e-05,0.00012141698971390724,8.758297190070152e-05,9.325006976723671e-05,9.38749872148037e-05,0.00010137492790818214,1.2413122090511024,1,5,2,3,8,9,3,2,3,3,3,3,3,2,2,
rockworld,5,5,25,20,50,27,127,nan,nan,nan,20,20,nan,nan,nan,nan,nan,nan,18.52693145815283,nan,nan,nan,nan,nan,nan,nan,nan,nan,nan,nan,nan,nan,nan,nan,nan,nan,nan,nan,nan,nan,nan,nan,nan,nan,nan,nan,nan,nan,nan,nan,nan,nan,nan,nan,nan,nan,nan,nan,nan,nan,nan,nan,nan,no instance with |B| <= 17 and |I| >= 3 in 20 draws
rockworld,5,5,25,20,50,28,128,1250,663,4,20,1,16,16,3,10.666666666666666,16,1.0030019558034837,0.0,0.2261503329500556,nan,0.005538250086829066,0.0,3.236466375179589,7.420801557600498e-05,0.00010004080832004547,3.4082913771271706e-05,3.083306364715099e-05,3.004097379744053e-05,7.420801557600498e-05,0.00010004080832004547,3.4082913771271706e-05,3.083306364715099e-05,3.004097379744053e-05,0.0001855841837823391,0.005719666834920645,0.0003279170487076044,0.00016875006258487701,0.00028324988670647144,2.6999972760677338e-05,5.77080063521862e-05,3.8499943912029266e-05,4.666694439947605e-05,3.5250093787908554e-05,3.624986857175827e-05,3.637513145804405e-05,5.512521602213383e-05,4.479038834106177,0,8,1,11,10,15,1,1,1,1,1,1,1,1,1,
rockworld,5,5,25,20,50,29,129,1250,738,4,20,2,15,15,3,12.333333333333334,15,0.9803602087777108,0.23338095797225833,0.23687300249002874,nan,0.0051090409979224205,0.0,1.1399159592110664,7.875007577240467e-05,0.00011499994434416294,3.358395770192146e-05,3.2041920349001884e-05,3.1833071261644363e-05,7.875007577240467e-05,0.00011499994434416294,3.358395770192146e-05,3.2041920349001884e-05,3.1833071261644363e-05,0.00017854105681180954,0.0039114998653531075,0.0001408339012414217,0.000140791991725564,0.0002649589441716671,4.787510260939598e-05,9.600003249943256e-05,9.533297270536423e-05,0.00015729106962680817,0.00013845786452293396,0.00014841603115200996,6.579095497727394e-05,0.00010420801118016243,2.3686230413150042,1,7,2,4,8,14,2,2,3,4,5,5,2,2,2,
rockworld,5,5,25,20,50,30,130,1250,1045,4,20,8,15,15,4,11.5,15,0.9959273762069643,6.694085623137653,0.2683041272684932,nan,0.003712958889082074,0.0,1.170949124963954,9.129196405410767e-05,0.000128875020891428,3.854185342788696e-05,3.5667093470692635e-05,3.495789133012295e-05,9.129196405410767e-05,0.000128875020891428,3.854185342788696e-05,3.5667093470692635e-05,3.495789133012295e-05,0.0002620001323521137,0.00391679210588336,0.00020275008864700794,0.00017479108646512032,0.00027074990794062614,0.0001226658932864666,0.00010512489825487137,0.00014891615137457848,0.00023141596466302872,0.00016554188914597034,0.0001782500185072422,0.00017899996601045132,0.00010341708548367023,2.4459346251096576,1,11,2,6,10,14,6,2,5,6,6,6,6,2,2,
rockworld,5,5,25,20,50,31,131,1250,736,4,20,2,13,13,4,11.0,13,1.024510708404705,1.220722832949832,0.17996512493118644,nan,0.0022126249969005585,0.0,0.1035220839548856,7.629115134477615e-05,0.00011575012467801571,3.5624951124191284e-05,3.3624935895204544e-05,3.350013867020607e-05,7.629115134477615e-05,0.00011575012467801571,3.5624951124191284e-05,3.3624935895204544e-05,3.350013867020607e-05,0.00014766608364880085,0.0006764170248061419,0.0001077079214155674,0.00014116684906184673,0.00023095915094017982,6.758305244147778e-05,0.00013508298434317112,9.533297270536423e-05,0.00012387498281896114,8.962512947618961e-05,9.566615335643291e-05,9.674998000264168e-05,0.0001467089168727398,1.313244333025068,1,5,2,3,8,12,3,3,3,3,3,3,3,3,2,
rockworld,5,5,25,20,50,32,132,1250,851,4,20,4,16,16,4,13.5,16,0.9919118776451796,3.5559089169837534,0.24076333362609148,nan,0.002712707966566086,0.0,3.830082125030458,8.479179814457893e-05,0.0001262091100215912,4.2165862396359444e-05,3.770901821553707e-05,3.63329891115427e-05,8.479179814457893e-05,0.0001262091100215912,4.2165862396359444e-05,3.770901821553707e-05,3.63329891115427e-05,0.00023799994960427284,0.011393334018066525,0.00015545799396932125,0.00020520808175206184,0.00028958311304450035,8.487515151500702e-05,0.00010287482291460037,9.679095819592476e-05,0.0001593749038875103,0.0001252919901162386,0.0001239590346813202,0.00012337509542703629,0.00010166713036596775,5.079637874849141,1,10,2,4,12,15,4,2,3,4,4,4,4,2,2,
rockworld,5,5,25,20,50,33,133,1250,1072,4,20,5,17,17,3,13.333333333333334,17,0.9941887487657368,4.2854250823147595,0.26698516914620996,nan,0.002018250059336424,0.0,11.393607416888699,9.058299474418163e-05,0.00012558302842080593,3.741704858839512e-05,3.4125056117773056e-05,3.4207943826913834e-05,9.058299474418163e-05,0.00012558302842080593,3.741704858839512e-05,3.4125056117773056e-05,3.4207943826913834e-05,0.0002074160147458315,0.050469292094931006,0.00019312486983835697,0.0001425000373274088,0.0002855421043932438,8.516688831150532e-05,0.0001440409105271101,0.00017162482254207134,0.00019212509505450726,0.00011154194362461567,0.00014916714280843735,0.00012070895172655582,0.000145292142406106,12.710214459104463,1,8,3,5,8,15,4,3,6,5,4,5,4,3,3,
rockworld,5,5,25,20,50,34,134,1250,1063,4,20,1,12,12,4,10.0,12,1.040775332832709,0.0,0.22368312301114202,nan,0.002000583801418543,0.0,0.03188474988564849,7.125013507902622e-05,0.00011962512508034706,3.4125056117773056e-05,3.1458912417292595e-05,3.154110163450241e-05,7.125013507902622e-05,0.00011962512508034706,3.4125056117773056e-05,3.1458912417292595e-05,3.154110163450241e-05,0.00023845792748034,0.00019062496721744537,0.00010141590610146523,0.0001407500822097063,0.00021541700698435307,6.66249543428421e-05,0.00016262498684227467,9.337509982287884e-05,0.0001233341172337532,8.79999715834856e-05,9.533297270536423e-05,9.587500244379044e-05,0.00019049993716180325,1.30103441583924,1,11,2,3,8,11,3,4,3,3,3,3,3,4,2,
rockworld,5,5,25,20,50,35,135,1250,944,4,20,16,12,12,3,10.0,12,0.984855001559481,11.339276706101373,0.26316487533040345,nan,0.003281916957348585,0.0,0.03146691690199077,7.104198448359966e-05,9.300000965595245e-05,3.3916905522346497e-05,3.100000321865082e-05,3.0667055398225784e-05,7.104198448359966e-05,9.300000965595245e-05,3.3916905522346497e-05,3.100000321865082e-05,3.0667055398225784e-05,0.00013145804405212402,0.0001988750882446766,0.0001065409742295742,0.00012820912525057793,0.00021595903672277927,4.795799031853676e-05,9.80838667601347e-05,6.966688670217991e-05,0.00012362515553832054,8.90830997377634e-05,9.504100307822227e-05,6.716698408126831e-05,0.00010287505574524403,1.285090334014967,1,4,2,3,7,11,2,2,2,3,3,3,2,2,2,
rockworld,5,5,25,20,50,36,136,1250,1070,4,20,2,14,14,4,10.5,14,1.0408917502500117,1.1589080421254039,0.23116050101816654,nan,0.0026470411103218794,0.0,0.33259704196825624,7.345899939537048e-05,0.00011979090049862862,3.545801155269146e-05,3.3916905522346497e-05,3.304216079413891e-05,7.345899939537048e-05,0.00011979090049862862,3.545801155269146e-05,3.3916905522346497e-05,3.304216079413891e-05,0.0002601251471787691,0.0023224158212542534,0.0003537079319357872,0.00014162505976855755,0.0002700840122997761,0.00012425007298588753,0.00014170887880027294,9.624985978007317e-05,0.00023154099471867085,0.00011512497439980507,0.00017950008623301983,0.00018004118464887142,0.00014654104597866535,1.612785582896322,1,12,3,12,8,14,6,3,3,6,4,6,6,3,3,
rockworld,5,5,25,20,50,37,137,1250,734,4,20,14,15,15,4,12.5,15,0.9981940432917327,13.642752249259502,0.23444858356378973,nan,0.002432165900245309,0.0,1.19406475010328,8.866703137755394e-05,0.00010616588406264782,3.9665959775447845e-05,3.67090106010437e-05,3.541610203683376e-05,8.866703137755394e-05,0.00010616588406264782,3.9665959775447845e-05,3.67090106010437e-05,3.541610203683376e-05,0.00015579094178974628,0.00392395886592567,0.00014908285811543465,0.00018754205666482449,0.0002792500890791416,8.504209108650684e-05,0.00010199984535574913,9.504193440079689e-05,0.0001585001591593027,0.00011420901864767075,0.00012245913967490196,0.00012291595339775085,0.00010149995796382427,2.435644874116406,1,5,2,4,11,14,4,2,3,4,4,4,4,2,2,
rockworld,5,5,25,20,50,38,138,1250,853,4,20,7,17,17,4,13.0,17,0.9863669984042645,5.139615374617279,0.24472354329191148,nan,0.004170957952737808,0.0,11.882442457834259,8.079106919467449e-05,0.00011070794425904751,3.937492147088051e-05,3.845803439617157e-05,3.7125078961253166e-05,8.079106919467449e-05,0.00011070794425904751,3.937492147088051e-05,3.845803439617157e-05,3.7125078961253166e-05,0.00024454109370708466,0.08403979195281863,0.00042091705836355686,0.00020833313465118408,0.00032408395782113075,0.00010449998080730438,0.00021020788699388504,0.00017537502571940422,0.0001941670197993517,0.000215957872569561,0.00015012500807642937,0.0001508339773863554,0.0002341668587177992,13.205324332695454,1,11,5,13,12,17,5,5,6,5,8,5,5,5,4,
rockworld,5,5,25,20,50,39,139,nan,nan,nan,20,20,nan,nan,nan,nan,nan,nan,17.40583828976378,nan,nan,nan,nan,nan,nan,nan,nan,nan,nan,nan,nan,nan,nan,nan,nan,nan,nan,nan,nan,nan,nan,nan,nan,nan,nan,nan,nan,nan,nan,nan,nan,nan,nan,nan,nan,nan,nan,nan,nan,nan,nan,nan,nan,no instance with |B| <= 17 and |I| >= 3 in 20 draws
rockworld,5,5,25,20,50,40,140,1250,853,4,20,14,14,14,4,12.0,14,0.9867080822587013,12.476712916977704,0.24430145882070065,nan,0.002464208984747529,0.0,0.3497777080629021,8.012494072318077e-05,0.00011687492951750755,3.791600465774536e-05,3.491714596748352e-05,3.483402542769909e-05,8.012494072318077e-05,0.00011687492951750755,3.791600465774536e-05,3.491714596748352e-05,3.483402542769909e-05,0.0002293749712407589,0.0021369161549955606,0.0002969158813357353,0.00014066696166992188,0.00026687514036893845,8.487491868436337e-05,0.00013591698370873928,0.00012262491509318352,0.0001573751214891672,8.845794945955276e-05,0.00012208404950797558,0.00012245913967490196,0.00014512497000396252,1.588217374868691,1,10,3,10,8,14,4,3,4,4,3,4,4,3,2,
rockworld,5,5,25,20,50,41,141,1250,974,4,20,11,17,17,4,13.0,17,0.9951304548885673,8.548563583754003,0.25221091392450035,nan,0.004671625094488263,0.0,11.511778749991208,8.737505413591862e-05,0.0001220828853547573,3.979192115366459e-05,3.679213114082813e-05,3.6291079595685005e-05,8.737505413591862e-05,0.0001220828853547573,3.979192115366459e-05,3.679213114082813e-05,3.6291079595685005e-05,0.0002293330617249012,0.06704708398319781,0.0002530419733375311,0.00022308295592665672,0.0003052090760320425,0.0001407500822097063,0.00017424998804926872,0.00014704186469316483,0.00026541692204773426,0.00018962519243359566,0.00020445790141820908,0.00020516710355877876,0.00019158306531608105,12.834351208992302,1,10,4,7,13,16,7,4,5,7,7,7,7,4,4,
rockworld,5,5,25,20,50,42,142,1250,951,4,20,7,17,17,3,11.0,17,0.9921220019459724,5.434814874548465,0.24580545700155199,nan,0.0036946251057088375,0.0,9.748465375043452,8.899997919797897e-05,0.00010537495836615562,3.691692836582661e-05,3.266613930463791e-05,3.2250070944428444e-05,8.899997919797897e-05,0.00010537495836615562,3.691692836582661e-05,3.266613930463791e-05,3.2250070944428444e-05,0.00029454100877046585,0.08347745798528194,0.00048745889216661453,0.0002491248305886984,0.00031854212284088135,0.00012179091572761536,0.0002140828873962164,0.0002212079707533121,0.00019229110330343246,0.0002382500097155571,0.00023683393374085426,0.00017662509344518185,0.00023245811462402344,11.077501458115876,1,13,5,16,15,17,6,5,8,5,9,8,6,5,5,
rockworld,5,5,25,20,50,43,143,nan,nan,nan,20,20,nan,nan,nan,nan,nan,nan,14.778943960787728,nan,nan,nan,nan,nan,nan,nan,nan,nan,nan,nan,nan,nan,nan,nan,nan,nan,nan,nan,nan,nan,nan,nan,nan,nan,nan,nan,nan,nan,nan,nan,nan,nan,nan,nan,nan,nan,nan,nan,nan,nan,nan,nan,nan,no instance with |B| <= 17 and |I| >= 3 in 20 draws
rockworld,5,5,25,20,50,44,144,1250,1045,4,20,2,17,17,4,13.5,17,0.9775885413400829,1.251420333981514,0.2523474977351725,nan,0.00514166709035635,0.0,11.400142459198833,9.520910680294037e-05,0.00010987487621605396,4.1499966755509377e-05,3.804103471338749e-05,3.691692836582661e-05,9.520910680294037e-05,0.00010987487621605396,4.1499966755509377e-05,3.804103471338749e-05,3.691692836582661e-05,0.00032124994322657585,0.051976999966427684,0.00027429196052253246,0.00024899980053305626,0.00031733280047774315,0.00010220799595117569,0.0001515829935669899,0.00012345798313617706,0.0001919169444590807,0.00013704109005630016,0.0001465408131480217,0.00014791707508265972,0.0001460420899093151,12.69070183322765,1,15,3,8,15,17,5,3,4,5,5,5,5,3,3,
rockworld,5,5,25,20,50,45,145,1250,1185,4,20,7,14,14,3,10.0,14,0.982327128527686,6.3570291239302605,0.28196458355523646,nan,0.001838000025600195,0.0,0.31495845899917185,9.020883589982986e-05,0.0001150001771748066,3.758305683732033e-05,3.2250070944428444e-05,3.104214556515217e-05,9.020883589982986e-05,0.0001150001771748066,3.758305683732033e-05,3.2250070944428444e-05,3.104214556515217e-05,0.00026774988509714603,0.002812333172187209,0.0004088329151272774,0.00016258307732641697,0.0002697089221328497,8.679111488163471e-05,0.00019287504255771637,0.00017166603356599808,0.00019562500528991222,0.00014008302241563797,0.0001494591124355793,0.00012295786291360855,0.0001906661782413721,1.5872309999540448,1,11,4,13,9,14,4,4,6,5,5,5,4,4,4,
rockworld,5,5,25,20,50,46,146,1250,1066,4,20,10,17,17,4,12.25,17,0.7216244172304869,6.3576798343565315,0.1707287908066064,nan,0.002894541947171092,0.0,11.51068270788528,8.89170914888382e-05,0.00012837490066885948,3.945804201066494e-05,3.6499928683042526e-05,3.579189069569111e-05,8.89170914888382e-05,0.00012837490066885948,3.945804201066494e-05,3.6499928683042526e-05,3.579189069569111e-05,0.0003415420651435852,0.11730354209430516,0.00038416613824665546,0.0002329589333385229,0.00031724991276860237,0.00013862503692507744,0.0002764579840004444,0.00021937512792646885,0.00026254099793732166,0.0002362921368330717,0.00020145787857472897,0.00020291702821850777,0.00032575009390711784,12.5276594159659,1,17,7,12,14,17,7,7,8,7,9,7,7,7,6,
rockworld,5,5,25,20,50,47,147,1250,806,4,20,11,16,16,4,13.0,16,0.6015230424236506,8.170547207817435,0.13325974927283823,nan,0.002208207966759801,0.0,3.8113530420232564,9.00421291589737e-05,0.00012325006537139416,4.0499959141016006e-05,3.679213114082813e-05,3.5667093470692635e-05,9.00421291589737e-05,0.00012325006537139416,4.0499959141016006e-05,3.679213114082813e-05,3.5667093470692635e-05,0.00019158306531608105,0.013293750118464231,0.0001374159473925829,0.0001898747868835926,0.0002653328701853752,6.720796227455139e-05,0.00010983413085341454,0.0001235420349985361,0.00012508314102888107,0.00011416710913181305,9.479094296693802e-05,9.458395652472973e-05,0.00010341592133045197,4.566939166979864,1,7,2,3,11,14,3,2,4,3,4,3,3,2,2,
rockworld,5,5,25,20,50,48,148,1250,920,4,20,9,15,15,4,10.5,15,0.6648102905601263,5.5680002921726555,0.12619062256999314,nan,0.0021912080701440573,0.0,1.0713526250328869,9.10409726202488e-05,0.00012516696006059647,4.087504930794239e-05,3.516697324812412e-05,3.4624943509697914e-05,9.10409726202488e-05,0.00012516696006059647,4.087504930794239e-05,3.516697324812412e-05,3.4624943509697914e-05,0.00019520800560712814,0.0024207911919802427,0.0002640418242663145,0.00013016699813306332,0.00023500015959143639,2.9375078156590462e-05,7.3959119617939e-05,4.241708666086197e-05,4.9999915063381195e-05,3.74580267816782e-05,3.8624973967671394e-05,3.8125086575746536e-05,5.970802158117294e-05,1.8774736251216382,0,6,1,8,7,12,1,1,1,1,1,1,1,1,1,
rockworld,5,5,25,20,50,49,149,1250,737,4,20,3,16,16,4,10.5,16,0.95980383339338,2.15752337500453,0.16641329135745764,nan,0.0027658329345285892,0.0,3.0795123749412596,7.933401502668858e-05,0.0001228339970111847,3.9250124245882034e-05,3.433297388255596e-05,3.4624943509697914e-05,7.933401502668858e-05,0.0001228339970111847,3.9250124245882034e-05,3.433297388255596e-05,3.4624943509697914e-05,0.00031274999491870403,0.02803025022149086,0.0004569168668240309,0.00018945778720080853,0.0003029999788850546,0.00012258300557732582,0.00021037505939602852,0.00017337501049041748,0.00023033283650875092,0.00018900004215538502,0.00017754198051989079,0.0001773748081177473,0.00023366697132587433,4.240254999836907,1,15,5,15,11,16,6,5,6,6,7,6,6,5,5,
taxiworld,5,5,25,20,50,0,150,nan,nan,nan,20,20,nan,nan,nan,nan,nan,nan,9.538954793242738,nan,nan,nan,nan,nan,nan,nan,nan,nan,nan,nan,nan,nan,nan,nan,nan,nan,nan,nan,nan,nan,nan,nan,nan,nan,nan,nan,nan,nan,nan,nan,nan,nan,nan,nan,nan,nan,nan,nan,nan,nan,nan,nan,nan,no instance with |B| <= 17 and |I| >= 3 in 20 draws
taxiworld,5,5,25,20,50,1,151,1875,1073,6,20,7,17,17,4,13.75,17,1.3031809974927455,3.091459207003936,0.2957045813091099,nan,0.005302832927554846,0.0,12.218473500106484,0.0001068750862032175,0.00015370897017419338,4.375004209578037e-05,3.8790982216596603e-05,3.733299672603607e-05,0.0001068750862032175,0.00015370897017419338,4.375004209578037e-05,3.8790982216596603e-05,3.733299672603607e-05,0.00028362497687339783,0.03352558403275907,0.0002002089750021696,0.00017691683024168015,0.0003054169937968254,0.00010549998842179775,0.00011516711674630642,9.845895692706108e-05,0.0001937909983098507,0.00013900012709200382,0.00014837505295872688,0.0001489589922130108,0.00010483292862772942,13.860854624770582,1,10,2,5,10,16,5,2,3,5,5,5,5,2,2,
taxiworld,5,5,25,20,50,2,152,nan,nan,nan,20,20,nan,nan,nan,nan,nan,nan,9.938622917048633,nan,nan,nan,nan,nan,nan,nan,nan,nan,nan,nan,nan,nan,nan,nan,nan,nan,nan,nan,nan,nan,nan,nan,nan,nan,nan,nan,nan,nan,nan,nan,nan,nan,nan,nan,nan,nan,nan,nan,nan,nan,nan,nan,nan,no instance with |B| <= 17 and |I| >= 3 in 20 draws
taxiworld,5,5,25,20,50,3,153,nan,nan,nan,20,20,nan,nan,nan,nan,nan,nan,9.04064958076924,nan,nan,nan,nan,nan,nan,nan,nan,nan,nan,nan,nan,nan,nan,nan,nan,nan,nan,nan,nan,nan,nan,nan,nan,nan,nan,nan,nan,nan,nan,nan,nan,nan,nan,nan,nan,nan,nan,nan,nan,nan,nan,nan,nan,no instance with |B| <= 17 and |I| >= 3 in 20 draws
taxiworld,5,5,25,20,50,4,154,nan,nan,nan,20,20,nan,nan,nan,nan,nan,nan,13.015993291512132,nan,nan,nan,nan,nan,nan,nan,nan,nan,nan,nan,nan,nan,nan,nan,nan,nan,nan,nan,nan,nan,nan,nan,nan,nan,nan,nan,nan,nan,nan,nan,nan,nan,nan,nan,nan,nan,nan,nan,nan,nan,nan,nan,nan,no instance with |B| <= 17 and |I| >= 3 in 20 draws
taxiworld,5,5,25,20,50,5,155,nan,nan,nan,20,20,nan,nan,nan,nan,nan,nan,12.891604917589575,nan,nan,nan,nan,nan,nan,nan,nan,nan,nan,nan,nan,nan,nan,nan,nan,nan,nan,nan,nan,nan,nan,nan,nan,nan,nan,nan,nan,nan,nan,nan,nan,nan,nan,nan,nan,nan,nan,nan,nan,nan,nan,nan,nan,no instance with |B| <= 17 and |I| >= 3 in 20 draws
taxiworld,5,5,25,20,50,6,156,nan,nan,nan,20,20,nan,nan,nan,nan,nan,nan,8.701685203937814,nan,nan,nan,nan,nan,nan,nan,nan,nan,nan,nan,nan,nan,nan,nan,nan,nan,nan,nan,nan,nan,nan,nan,nan,nan,nan,nan,nan,nan,nan,nan,nan,nan,nan,nan,nan,nan,nan,nan,nan,nan,nan,nan,nan,no instance with |B| <= 17 and |I| >= 3 in 20 draws
taxiworld,5,5,25,20,50,7,157,nan,nan,nan,20,20,nan,nan,nan,nan,nan,nan,11.315755625953898,nan,nan,nan,nan,nan,nan,nan,nan,nan,nan,nan,nan,nan,nan,nan,nan,nan,nan,nan,nan,nan,nan,nan,nan,nan,nan,nan,nan,nan,nan,nan,nan,nan,nan,nan,nan,nan,nan,nan,nan,nan,nan,nan,nan,no instance with |B| <= 17 and |I| >= 3 in 20 draws
taxiworld,5,5,25,20,50,8,158,1875,596,6,20,7,17,17,4,14.0,17,1.3217623785603791,2.189414417371154,0.21784629160538316,nan,0.0026567080058157444,0.0,11.984137042192742,0.00010987510904669762,0.00013712490908801556,4.741712473332882e-05,4.070787690579891e-05,3.870902583003044e-05,0.00010987510904669762,0.00013712490908801556,4.741712473332882e-05,4.070787690579891e-05,3.870902583003044e-05,0.00022054207511246204,0.03361649997532368,0.0002034578938037157,0.0002229998353868723,0.00030016712844371796,0.00010400009341537952,0.00011458294466137886,9.879190474748611e-05,0.00019529112614691257,0.0001389170065522194,0.00014891591854393482,0.0001493329182267189,0.00010437518358230591,13.569301749812439,1,6,2,5,13,16,5,2,3,5,5,5,5,2,2,
taxiworld,5,5,25,20,50,9,159,nan,nan,nan,20,20,nan,nan,nan,nan,nan,nan,9.718907081987709,nan,nan,nan,nan,nan,nan,nan,nan,nan,nan,nan,nan,nan,nan,nan,nan,nan,nan,nan,nan,nan,nan,nan,nan,nan,nan,nan,nan,nan,nan,nan,nan,nan,nan,nan,nan,nan,nan,nan,nan,nan,nan,nan,nan,no instance with |B| <= 17 and |I| >= 3 in 20 draws
taxiworld,5,5,25,20,50,10,160,nan,nan,nan,20,20,nan,nan,nan,nan,nan,nan,8.064006496220827,nan,nan,nan,nan,nan,nan,nan,nan,nan,nan,nan,nan,nan,nan,nan,nan,nan,nan,nan,nan,nan,nan,nan,nan,nan,nan,nan,nan,nan,nan,nan,nan,nan,nan,nan,nan,nan,nan,nan,nan,nan,nan,nan,nan,no instance with |B| <= 17 and |I| >= 3 in 20 draws
taxiworld,5,5,25,20,50,11,161,nan,nan,nan,20,20,nan,nan,nan,nan,nan,nan,10.697579250205308,nan,nan,nan,nan,nan,nan,nan,nan,nan,nan,nan,nan,nan,nan,nan,nan,nan,nan,nan,nan,nan,nan,nan,nan,nan,nan,nan,nan,nan,nan,nan,nan,nan,nan,nan,nan,nan,nan,nan,nan,nan,nan,nan,nan,no instance with |B| <= 17 and |I| >= 3 in 20 draws
taxiworld,5,5,25,20,50,12,162,nan,nan,nan,20,20,nan,nan,nan,nan,nan,nan,7.9333592902403325,nan,nan,nan,nan,nan,nan,nan,nan,nan,nan,nan,nan,nan,nan,nan,nan,nan,nan,nan,nan,nan,nan,nan,nan,nan,nan,nan,nan,nan,nan,nan,nan,nan,nan,nan,nan,nan,nan,nan,nan,nan,nan,nan,nan,no instance with |B| <= 17 and |I| >= 3 in 20 draws
taxiworld,5,5,25,20,50,13,163,1875,548,6,20,14,15,15,4,13.0,15,1.3176788743585348,6.997045832686126,0.19866900239139795,nan,0.002951874863356352,0.0,1.1794251250103116,8.820905350148678e-05,0.00012020813301205635,3.975001163780689e-05,3.6999816074967384e-05,3.624986857175827e-05,8.820905350148678e-05,0.00012020813301205635,3.975001163780689e-05,3.6999816074967384e-05,3.624986857175827e-05,0.00021529104560613632,0.005819833837449551,0.00028133299201726913,0.0001737498678267002,0.0002850000746548176,8.620903827250004e-05,0.0001049581915140152,0.00012150011025369167,0.0001593329943716526,8.94591212272644e-05,0.0001224579755216837,0.000122792087495327,0.00010291696526110172,2.7080932911485434,1,8,3,9,10,15,4,2,4,4,3,4,4,2,2,
taxiworld,5,5,25,20,50,14,164,nan,nan,nan,20,20,nan,nan,nan,nan,nan,nan,11.177617460023612,nan,nan,nan,nan,nan,nan,nan,nan,nan,nan,nan,nan,nan,nan,nan,nan,nan,nan,nan,nan,nan,nan,nan,nan,nan,nan,nan,nan,nan,nan,nan,nan,nan,nan,nan,nan,nan,nan,nan,nan,nan,nan,nan,nan,no instance with |B| <= 17 and |I| >= 3 in 20 draws
taxiworld,5,5,25,20,50,15,165,1875,596,6,20,11,13,13,4,11.0,13,1.4148032085504383,4.379357000114396,0.15701058483682573,nan,0.003425041912123561,0.0,0.10477295913733542,7.620896212756634e-05,0.00011108303442597389,3.566616214811802e-05,3.5833800211548805e-05,3.291713073849678e-05,7.620896212756634e-05,0.00011108303442597389,3.566616214811802e-05,3.5833800211548805e-05,3.291713073849678e-05,0.00017983303405344486,0.0006186668761074543,0.00010433304123580456,0.0001699170097708702,0.00022849999368190765,6.63751270622015e-05,9.720795787870884e-05,6.837514229118824e-05,0.00012220884673297405,8.845794945955276e-05,9.449990466237068e-05,9.412504732608795e-05,0.00010095885954797268,1.6829335421789438,1,7,2,3,10,12,3,2,2,3,3,3,3,2,2,
taxiworld,5,5,25,20,50,16,166,nan,nan,nan,20,20,nan,nan,nan,nan,nan,nan,9.275065624620765,nan,nan,nan,nan,nan,nan,nan,nan,nan,nan,nan,nan,nan,nan,nan,nan,nan,nan,nan,nan,nan,nan,nan,nan,nan,nan,nan,nan,nan,nan,nan,nan,nan,nan,nan,nan,nan,nan,nan,nan,nan,nan,nan,nan,no instance with |B| <= 17 and |I| >= 3 in 20 draws
taxiworld,5,5,25,20,50,17,167,nan,nan,nan,20,20,nan,nan,nan,nan,nan,nan,10.357077707070857,nan,nan,nan,nan,nan,nan,nan,nan,nan,nan,nan,nan,nan,nan,nan,nan,nan,nan,nan,nan,nan,nan,nan,nan,nan,nan,nan,nan,nan,nan,nan,nan,nan,nan,nan,nan,nan,nan,nan,nan,nan,nan,nan,nan,no instance with |B| <= 17 and |I| >= 3 in 20 draws
taxiworld,5,5,25,20,50,18,168,1875,638,6,20,9,16,16,4,14.0,16,1.3292477522045374,3.2099764158483595,0.20835020812228322,nan,0.0026877918280661106,0.0,3.8198095001280308,8.729100227355957e-05,0.0001224579755216837,4.012486897408962e-05,3.795791417360306e-05,3.629201091825962e-05,8.729100227355957e-05,0.0001224579755216837,4.012486897408962e-05,3.795791417360306e-05,3.629201091825962e-05,0.0002445001155138016,0.017664167098701,0.00013033300638198853,0.00021858303807675838,0.0002899579703807831,6.670807488262653e-05,0.00010024989023804665,7.045804522931576e-05,0.00012237508781254292,8.850009180605412e-05,9.470898658037186e-05,9.504193440079689e-05,0.00010204198770225048,5.382136292057112,1,11,2,3,13,15,3,2,2,3,3,3,3,2,2,
taxiworld,5,5,25,20,50,19,169,nan,nan,nan,20,20,nan,nan,nan,nan,nan,nan,11.135862917639315,nan,nan,nan,nan,nan,nan,nan,nan,nan,nan,nan,nan,nan,nan,nan,nan,nan,nan,nan,nan,nan,nan,nan,nan,nan,nan,nan,nan,nan,nan,nan,nan,nan,nan,nan,nan,nan,nan,nan,nan,nan,nan,nan,nan,no instance with |B| <= 17 and |I| >= 3 in 20 draws
taxiworld,5,5,25,20,50,20,170,nan,nan,nan,20,20,nan,nan,nan,nan,nan,nan,9.997359874658287,nan,nan,nan,nan,nan,nan,nan,nan,nan,nan,nan,nan,nan,nan,nan,nan,nan,nan,nan,nan,nan,nan,nan,nan,nan,nan,nan,nan,nan,nan,nan,nan,nan,nan,nan,nan,nan,nan,nan,nan,nan,nan,nan,nan,no instance with |B| <= 17 and |I| >= 3 in 20 draws
taxiworld,5,5,25,20,50,21,171,1875,1189,6,20,5,16,16,4,12.75,16,1.337959999218583,3.361108541721478,0.3438091282732785,nan,0.005507583962753415,0.0,3.7773006251081824,0.0001040829811245203,0.00012712483294308186,4.575005732476711e-05,3.854208625853062e-05,3.791693598031998e-05,0.0001040829811245203,0.00012712483294308186,4.575005732476711e-05,3.854208625853062e-05,3.791693598031998e-05,0.00032454216852784157,0.011625499930232763,0.00019041704945266247,0.00020837481133639812,0.00028708321042358875,0.00010641617700457573,0.00011429097503423691,0.00012433319352567196,0.00019637495279312134,0.00014595803804695606,0.00015041697770357132,0.00015070801600813866,0.00010533398017287254,5.483919583959505,1,12,2,5,12,15,5,2,4,5,5,5,5,2,2,
taxiworld,5,5,25,20,50,22,172,1875,1187,6,20,20,15,15,4,10.5,15,1.3535586674697697,8.685714250430465,0.31653729220852256,nan,0.004590792115777731,0.0,1.0161717920564115,8.041597902774811e-05,0.00011583301238715649,3.658304922282696e-05,3.329198807477951e-05,3.262516111135483e-05,8.041597902774811e-05,0.00011583301238715649,3.658304922282696e-05,3.329198807477951e-05,3.262516111135483e-05,0.00028758286498486996,0.0076657498721033335,0.00038808397948741913,0.00017550005577504635,0.00028466712683439255,0.0001224169973284006,0.00020441599190235138,0.00017175008542835712,0.00023087509907782078,0.0001644589938223362,0.00017741695046424866,0.00017816689796745777,0.00023812497965991497,2.7021638341248035,1,14,4,13,10,15,6,5,6,6,6,6,6,5,4,
taxiworld,5,5,25,20,50,23,173,nan,nan,nan,20,20,nan,nan,nan,nan,nan,nan,8.450153540819883,nan,nan,nan,nan,nan,nan,nan,nan,nan,nan,nan,nan,nan,nan,nan,nan,nan,nan,nan,nan,nan,nan,nan,nan,nan,nan,nan,nan,nan,nan,nan,nan,nan,nan,nan,nan,nan,nan,nan,nan,nan,nan,nan,nan,no instance with |B| <= 17 and |I| >= 3 in 20 draws
taxiworld,5,5,25,20,50,24,174,nan,nan,nan,20,20,nan,nan,nan,nan,nan,nan,9.245167292654514,nan,nan,nan,nan,nan,nan,nan,nan,nan,nan,nan,nan,nan,nan,nan,nan,nan,nan,nan,nan,nan,nan,nan,nan,nan,nan,nan,nan,nan,nan,nan,nan,nan,nan,nan,nan,nan,nan,nan,nan,nan,nan,nan,nan,no instance with |B| <= 17 and |I| >= 3 in 20 draws
taxiworld,5,5,25,20,50,25,175,nan,nan,nan,20,20,nan,nan,nan,nan,nan,nan,9.749794502509758,nan,nan,nan,nan,nan,nan,nan,nan,nan,nan,nan,nan,nan,nan,nan,nan,nan,nan,nan,nan,nan,nan,nan,nan,nan,nan,nan,nan,nan,nan,nan,nan,nan,nan,nan,nan,nan,nan,nan,nan,nan,nan,nan,nan,no instance with |B| <= 17 and |I| >= 3 in 20 draws
taxiworld,5,5,25,20,50,26,176,nan,nan,nan,20,20,nan,nan,nan,nan,nan,nan,12.719391335267574,nan,nan,nan,nan,nan,nan,nan,nan,nan,nan,nan,nan,nan,nan,nan,nan,nan,nan,nan,nan,nan,nan,nan,nan,nan,nan,nan,nan,nan,nan,nan,nan,nan,nan,nan,nan,nan,nan,nan,nan,nan,nan,nan,nan,no instance with |B| <= 17 and |I| >= 3 in 20 draws
taxiworld,5,5,25,20,50,27,177,nan,nan,nan,20,20,nan,nan,nan,nan,nan,nan,10.183998126303777,nan,nan,nan,nan,nan,nan,nan,nan,nan,nan,nan,nan,nan,nan,nan,nan,nan,nan,nan,nan,nan,nan,nan,nan,nan,nan,nan,nan,nan,nan,nan,nan,nan,nan,nan,nan,nan,nan,nan,nan,nan,nan,nan,nan,no instance with |B| <= 17 and |I| >= 3 in 20 draws
taxiworld,5,5,25,20,50,28,178,1875,1189,6,20,2,12,12,4,10.0,12,1.3391468757763505,0.4533285000361502,0.3831350423861295,nan,0.0027029169723391533,0.0,0.031694000121206045,7.016700692474842e-05,0.00011008302681148052,3.6708079278469086e-05,3.1292205676436424e-05,3.179209306836128e-05,7.016700692474842e-05,0.00011008302681148052,3.6708079278469086e-05,3.1292205676436424e-05,3.179209306836128e-05,9.054201655089855e-05,0.0001943330280482769,0.00010141683742403984,0.0001231660135090351,0.00021062488667666912,6.591714918613434e-05,9.300000965595245e-05,6.683287210762501e-05,0.0001217089593410492,8.854200132191181e-05,9.420793503522873e-05,9.437510743737221e-05,0.00010083313100039959,1.7590465829707682,1,2,2,3,7,11,3,2,2,3,3,3,3,2,2,
taxiworld,5,5,25,20,50,29,179,nan,nan,nan,20,20,nan,nan,nan,nan,nan,nan,12.879534709034488,nan,nan,nan,nan,nan,nan,nan,nan,nan,nan,nan,nan,nan,nan,nan,nan,nan,nan,nan,nan,nan,nan,nan,nan,nan,nan,nan,nan,nan,nan,nan,nan,nan,nan,nan,nan,nan,nan,nan,nan,nan,nan,nan,nan,no instance with |B| <= 17 and |I| >= 3 in 20 draws
taxiworld,5,5,25,20,50,30,180,nan,nan,nan,20,20,nan,nan,nan,nan,nan,nan,15.074556169332936,nan,nan,nan,nan,nan,nan,nan,nan,nan,nan,nan,nan,nan,nan,nan,nan,nan,nan,nan,nan,nan,nan,nan,nan,nan,nan,nan,nan,nan,nan,nan,nan,nan,nan,nan,nan,nan,nan,nan,nan,nan,nan,nan,nan,no instance with |B| <= 17 and |I| >= 3 in 20 draws
taxiworld,5,5,25,20,50,31,181,1875,952,6,20,11,16,16,4,14.0,16,1.3399922512471676,4.9066153729800135,0.331906751729548,nan,0.003970167133957148,0.0,3.728285917080939,9.254203177988529e-05,0.0001235830131918192,4.0458980947732925e-05,3.779097460210323e-05,3.666686825454235e-05,9.254203177988529e-05,0.0001235830131918192,4.0458980947732925e-05,3.779097460210323e-05,3.666686825454235e-05,0.00016370904631912708,0.011481832945719361,0.00012974999845027924,0.00012741703540086746,0.00028262496925890446,6.629200652241707e-05,0.00010616704821586609,7.3291826993227e-05,0.00012254202738404274,8.866703137755394e-05,9.400001727044582e-05,9.374995715916157e-05,0.00010304106399416924,5.418079540831968,1,5,2,3,7,15,3,2,2,3,3,3,3,2,2,
taxiworld,5,5,25,20,50,32,182,nan,nan,nan,20,20,nan,nan,nan,nan,nan,nan,12.822341457474977,nan,nan,nan,nan,nan,nan,nan,nan,nan,nan,nan,nan,nan,nan,nan,nan,nan,nan,nan,nan,nan,nan,nan,nan,nan,nan,nan,nan,nan,nan,nan,nan,nan,nan,nan,nan,nan,nan,nan,nan,nan,nan,nan,nan,no instance with |B| <= 17 and |I| >= 3 in 20 draws
taxiworld,5,5,25,20,50,33,183,nan,nan,nan,20,20,nan,nan,nan,nan,nan,nan,13.869825708447024,nan,nan,nan,nan,nan,nan,nan,nan,nan,nan,nan,nan,nan,nan,nan,nan,nan,nan,nan,nan,nan,nan,nan,nan,nan,nan,nan,nan,nan,nan,nan,nan,nan,nan,nan,nan,nan,nan,nan,nan,nan,nan,nan,nan,no instance with |B| <= 17 and |I| >= 3 in 20 draws
taxiworld,5,5,25,20,50,34,184,nan,nan,nan,20,20,nan,nan,nan,nan,nan,nan,11.7961984584108,nan,nan,nan,nan,nan,nan,nan,nan,nan,nan,nan,nan,nan,nan,nan,nan,nan,nan,nan,nan,nan,nan,nan,nan,nan,nan,nan,nan,nan,nan,nan,nan,nan,nan,nan,nan,nan,nan,nan,nan,nan,nan,nan,nan,no instance with |B| <= 17 and |I| >= 3 in 20 draws
taxiworld,5,5,25,20,50,35,185,nan,nan,nan,20,20,nan,nan,nan,nan,nan,nan,12.83217670978047,nan,nan,nan,nan,nan,nan,nan,nan,nan,nan,nan,nan,nan,nan,nan,nan,nan,nan,nan,nan,nan,nan,nan,nan,nan,nan,nan,nan,nan,nan,nan,nan,nan,nan,nan,nan,nan,nan,nan,nan,nan,nan,nan,nan,no instance with |B| <= 17 and |I| >= 3 in 20 draws
taxiworld,5,5,25,20,50,36,186,nan,nan,nan,20,20,nan,nan,nan,nan,nan,nan,12.496918832417578,nan,nan,nan,nan,nan,nan,nan,nan,nan,nan,nan,nan,nan,nan,nan,nan,nan,nan,nan,nan,nan,nan,nan,nan,nan,nan,nan,nan,nan,nan,nan,nan,nan,nan,nan,nan,nan,nan,nan,nan,nan,nan,nan,nan,no instance with |B| <= 17 and |I| >= 3 in 20 draws
taxiworld,5,5,25,20,50,37,187,nan,nan,nan,20,20,nan,nan,nan,nan,nan,nan,11.762161581078544,nan,nan,nan,nan,nan,nan,nan,nan,nan,nan,nan,nan,nan,nan,nan,nan,nan,nan,nan,nan,nan,nan,nan,nan,nan,nan,nan,nan,nan,nan,nan,nan,nan,nan,nan,nan,nan,nan,nan,nan,nan,nan,nan,nan,no instance with |B| <= 17 and |I| >= 3 in 20 draws
taxiworld,5,5,25,20,50,38,188,nan,nan,nan,20,20,nan,nan,nan,nan,nan,nan,6.20374629390426,nan,nan,nan,nan,nan,nan,nan,nan,nan,nan,nan,nan,nan,nan,nan,nan,nan,nan,nan,nan,nan,nan,nan,nan,nan,nan,nan,nan,nan,nan,nan,nan,nan,nan,nan,nan,nan,nan,nan,nan,nan,nan,nan,nan,no instance with |B| <= 17 and |I| >= 3 in 20 draws
taxiworld,5,5,25,20,50,39,189,nan,nan,nan,20,20,nan,nan,nan,nan,nan,nan,11.07554462691769,nan,nan,nan,nan,nan,nan,nan,nan,nan,nan,nan,nan,nan,nan,nan,nan,nan,nan,nan,nan,nan,nan,nan,nan,nan,nan,nan,nan,nan,nan,nan,nan,nan,nan,nan,nan,nan,nan,nan,nan,nan,nan,nan,nan,no instance with |B| <= 17 and |I| >= 3 in 20 draws
taxiworld,5,5,25,20,50,40,190,1875,1093,6,20,12,15,15,3,12.333333333333334,15,1.3491579187102616,7.7774131670594215,0.3175142933614552,nan,0.002875833073630929,0.0,1.1762500000186265,8.262507617473602e-05,0.00012533296830952168,3.3624935895204544e-05,3.191712312400341e-05,3.1708041206002235e-05,8.262507617473602e-05,0.00012533296830952168,3.3624935895204544e-05,3.191712312400341e-05,3.1708041206002235e-05,0.0002273328136652708,0.008148833876475692,0.00014937506057322025,0.0001713328529149294,0.00028149993158876896,8.525000885128975e-05,0.00017145811580121517,0.00012141605839133263,0.00015700003132224083,0.00011329189874231815,0.00012199999764561653,0.00012220791541039944,0.00018737511709332466,2.856850666226819,1,10,4,4,10,15,4,4,4,4,4,4,4,4,3,
taxiworld,5,5,25,20,50,41,191,nan,nan,nan,20,20,nan,nan,nan,nan,nan,nan,9.900591331301257,nan,nan,nan,nan,nan,nan,nan,nan,nan,nan,nan,nan,nan,nan,nan,nan,nan,nan,nan,nan,nan,nan,nan,nan,nan,nan,nan,nan,nan,nan,nan,nan,nan,nan,nan,nan,nan,nan,nan,nan,nan,nan,nan,nan,no instance with |B| <= 17 and |I| >= 3 in 20 draws
taxiworld,5,5,25,20,50,42,192,nan,nan,nan,20,20,nan,nan,nan,nan,nan,nan,11.936420251615345,nan,nan,nan,nan,nan,nan,nan,nan,nan,nan,nan,nan,nan,nan,nan,nan,nan,nan,nan,nan,nan,nan,nan,nan,nan,nan,nan,nan,nan,nan,nan,nan,nan,nan,nan,nan,nan,nan,nan,nan,nan,nan,nan,nan,no instance with |B| <= 17 and |I| >= 3 in 20 draws
taxiworld,5,5,25,20,50,43,193,1875,572,6,20,18,17,17,4,12.5,17,1.1034417047630996,10.752204915042967,0.13181750127114356,nan,0.0021285838447511196,0.0,10.903733167098835,8.045881986618042e-05,0.0001302079763263464,3.891694359481335e-05,3.612483851611614e-05,3.545801155269146e-05,8.045881986618042e-05,0.0001302079763263464,3.891694359481335e-05,3.612483851611614e-05,3.545801155269146e-05,0.0003225000109523535,0.06788145797327161,0.00027433293871581554,0.00027145911008119583,0.000317166093736887,0.00010270788334310055,0.0001743328757584095,0.00012341700494289398,0.00019295909442007542,0.00016283406876027584,0.00014795921742916107,0.00014820811338722706,0.00018979189917445183,12.213516166666523,1,16,4,8,16,17,5,4,4,5,6,5,5,4,4,
taxiworld,5,5,25,20,50,44,194,1875,1022,6,20,4,16,16,4,14.0,16,1.354079042095691,1.3856556660030037,0.32888008607551455,nan,0.004538499983027577,0.0,3.7664224579930305,0.00010291696526110172,0.0001254999078810215,4.529207944869995e-05,3.9833830669522285e-05,3.870902583003044e-05,0.00010291696526110172,0.0001254999078810215,4.529207944869995e-05,3.9833830669522285e-05,3.870902583003044e-05,0.00027016690000891685,0.013591542141512036,0.00014124996960163116,0.00018020812422037125,0.000290165888145566,6.958283483982086e-05,0.00011666701175272465,0.00010149995796382427,0.00012937490828335285,8.999998681247234e-05,9.616697207093239e-05,9.508291259407997e-05,0.00011258316226303577,5.470490498933941,1,8,2,3,10,15,3,2,3,3,3,3,3,2,2,
taxiworld,5,5,25,20,50,45,195,nan,nan,nan,20,20,nan,nan,nan,nan,nan,nan,7.460173500468954,nan,nan,nan,nan,nan,nan,nan,nan,nan,nan,nan,nan,nan,nan,nan,nan,nan,nan,nan,nan,nan,nan,nan,nan,nan,nan,nan,nan,nan,nan,nan,nan,nan,nan,nan,nan,nan,nan,nan,nan,nan,nan,nan,nan,no instance with |B| <= 17 and |I| >= 3 in 20 draws
taxiworld,5,5,25,20,50,46,196,nan,nan,nan,20,20,nan,nan,nan,nan,nan,nan,10.889429167611524,nan,nan,nan,nan,nan,nan,nan,nan,nan,nan,nan,nan,nan,nan,nan,nan,nan,nan,nan,nan,nan,nan,nan,nan,nan,nan,nan,nan,nan,nan,nan,nan,nan,nan,nan,nan,nan,nan,nan,nan,nan,nan,nan,nan,no instance with |B| <= 17 and |I| >= 3 in 20 draws
taxiworld,5,5,25,20,50,47,197,nan,nan,nan,20,20,nan,nan,nan,nan,nan,nan,10.602684501558542,nan,nan,nan,nan,nan,nan,nan,nan,nan,nan,nan,nan,nan,nan,nan,nan,nan,nan,nan,nan,nan,nan,nan,nan,nan,nan,nan,nan,nan,nan,nan,nan,nan,nan,nan,nan,nan,nan,nan,nan,nan,nan,nan,nan,no instance with |B| <= 17 and |I| >= 3 in 20 draws
taxiworld,5,5,25,20,50,48,198,nan,nan,nan,20,20,nan,nan,nan,nan,nan,nan,9.739521748851985,nan,nan,nan,nan,nan,nan,nan,nan,nan,nan,nan,nan,nan,nan,nan,nan,nan,nan,nan,nan,nan,nan,nan,nan,nan,nan,nan,nan,nan,nan,nan,nan,nan,nan,nan,nan,nan,nan,nan,nan,nan,nan,nan,nan,no instance with |B| <= 17 and |I| >= 3 in 20 draws
taxiworld,5,5,25,20,50,49,199,nan,nan,nan,20,20,nan,nan,nan,nan,nan,nan,9.319336164742708,nan,nan,nan,nan,nan,nan,nan,nan,nan,nan,nan,nan,nan,nan,nan,nan,nan,nan,nan,nan,nan,nan,nan,nan,nan,nan,nan,nan,nan,nan,nan,nan,nan,nan,nan,nan,nan,nan,nan,nan,nan,nan,nan,nan,no instance with |B| <= 17 and |I| >= 3 in 20 draws
