game,room_side,rooms_per_side,board_side,num_humans,num_simu,rep,seed,n_states,n_reachable,n_actions,n_humans,n_draws,n_B_nofilter,n_B,n_I,len_I,n_columns,t_build,t_rejected,t_bottlenecks,t_toboggan_filter,t_algorithm1,t_oracle_sets,t_solve_strategic_exact,t_solve_info_gain,t_solve_proximity,t_solve_frequency,t_solve_frequency_min,t_solve_ratio,t_solve_info_gain_rails,t_solve_proximity_rails,t_solve_frequency_rails,t_solve_frequency_min_rails,t_solve_ratio_rails,t_sim_query_all,t_sim_strategic_exact,t_sim_info_gain,t_sim_proximity,t_sim_frequency,t_sim_frequency_min,t_sim_ratio,t_sim_query_all_rails,t_sim_info_gain_rails,t_sim_proximity_rails,t_sim_frequency_rails,t_sim_frequency_min_rails,t_sim_ratio_rails,t_total,success,query_all,strategic_exact,info_gain,proximity,frequency,frequency_min,ratio,query_all_rails,info_gain_rails,proximity_rails,frequency_rails,frequency_min_rails,ratio_rails,clairvoyant_bound,skipped
gridworld,10,10,100,1000,100,0,0,10000,8943,4,1000,1,89,89,143,45.70629370629371,89,362.73041414422914,0.0,133.0036353666801,nan,0.08265479188412428,0.0,nan,0.0034645828418433666,0.0028012499678879976,0.001536790980026126,0.001524041872471571,0.0015177498571574688,0.0034645828418433666,0.0028012499678879976,0.001536790980026126,0.001524041872471571,0.0015177498571574688,0.04337787488475442,nan,0.006524583091959357,0.0015785419382154942,0.0029240420553833246,0.0015348750166594982,0.0056922088842839,0.002362083876505494,0.0037299999967217445,0.0023242079187184572,0.003151834011077881,0.0022504578810185194,0.005469749914482236,495.9488597922027,1,88,nan,81,79,89,46,38,66,65,66,65,46,38,nan,VI skipped: 3^89 too large
gridworld,10,10,100,1000,100,1,1,10000,9496,4,1000,1,90,90,198,44.7979797979798,90,364.3341591169592,0.0,133.7575628454797,nan,0.09515983308665454,0.0,nan,0.002085791900753975,0.002603875007480383,0.00205137487500906,0.0020427079871296883,0.0020420001819729805,0.002085791900753975,0.002603875007480383,0.00205137487500906,0.0020427079871296883,0.0020420001819729805,0.0018917908892035484,nan,0.004073082935065031,0.00169879081659019,0.003298749914392829,0.0017185420729219913,0.006676958175376058,0.002612542128190398,0.004257832886651158,0.002744584111496806,0.0036449581384658813,0.0025365420151501894,0.007421415997669101,498.2495809160173,1,88,nan,89,82,90,46,43,66,67,70,67,46,43,nan,VI skipped: 3^90 too large
gridworld,10,10,100,1000,100,2,2,10000,8736,4,1000,1,86,86,60,47.65,86,363.5795262425672,0.0,135.2651088531129,nan,0.09270320809446275,0.0,nan,0.0007038749754428864,0.0012510418891906738,0.0006927500944584608,0.0006878331769257784,0.000688083004206419,0.0007038749754428864,0.0012510418891906738,0.0006927500944584608,0.0006878331769257784,0.000688083004206419,0.001773207914084196,nan,0.002732750028371811,0.0012511250097304583,0.002311917021870613,0.0012655409518629313,0.0026940000243484974,0.0016812498215585947,0.002814041916280985,0.0017343340441584587,0.0023099160753190517,0.0018080829177051783,0.0030593329574912786,498.9738165840972,1,82,nan,76,74,86,46,36,57,59,59,59,46,36,nan,VI skipped: 3^86 too large
gridworld,10,10,100,1000,100,3,3,10000,8827,4,1000,1,82,82,52,44.26923076923077,82,363.3754117919598,0.0,135.8866383759305,nan,0.08726279088295996,0.0,nan,0.0005865420680493116,0.001120417146012187,0.0005784998647868633,0.000579833984375,0.0005734169390052557,0.0005865420680493116,0.001120417146012187,0.0005784998647868633,0.000579833984375,0.0005734169390052557,0.0017284168861806393,nan,0.0023327500093728304,0.0013628748711198568,0.002154499990865588,0.0012007919140160084,0.002448708051815629,0.0015468329656869173,0.0026136250235140324,0.0016746670007705688,0.0021324579138308764,0.0017170840874314308,0.002895791083574295,499.381932917051,1,81,nan,66,82,82,45,39,54,56,59,56,45,39,nan,VI skipped: 3^82 too large
gridworld,10,10,100,1000,100,4,4,10000,8365,4,1000,1,69,69,49,40.142857142857146,69,363.86265916447155,0.0,134.1699374623131,nan,0.06835104199126363,0.0,nan,0.0004966249689459801,0.0010256657842546701,0.00048574991524219513,0.00048504211008548737,0.0004834590945392847,0.0004966249689459801,0.0010256657842546701,0.00048574991524219513,0.00048504211008548737,0.0004834590945392847,0.0011700410395860672,nan,0.0027380420360714197,0.0011962500866502523,0.0017735001165419817,0.0008333749137818813,0.001669042045250535,0.001154750119894743,0.0020078751258552074,0.0012381249107420444,0.0017224999610334635,0.001185916131362319,0.0019445829093456268,498.12818366708234,1,69,nan,68,61,69,32,28,41,44,45,47,32,28,nan,VI skipped: 3^69 too large
gridworld,10,10,100,1000,100,5,5,10000,7974,4,1000,1,67,67,36,42.333333333333336,67,367.3979328251444,0.0,134.02174295508303,nan,0.05747137498110533,0.0,nan,0.00041587487794458866,0.0009193338919430971,0.00038937502540647984,0.0003899999428540468,0.0003838329575955868,0.00041587487794458866,0.0009193338919430971,0.00038937502540647984,0.0003899999428540468,0.0003838329575955868,0.0010892089921981096,nan,0.0023799999617040157,0.0009161669295281172,0.001642750110477209,0.0007296670228242874,0.0011086249724030495,0.0011408338323235512,0.001838417025282979,0.001097541069611907,0.0014853749889880419,0.0010342500172555447,0.0013206249568611383,501.50094925099984,1,66,nan,61,57,67,29,21,42,42,41,42,29,21,nan,VI skipped: 3^67 too large
gridworld,10,10,100,1000,100,6,6,10000,9403,4,1000,1,85,85,20,47.7,85,363.2378933788277,0.0,135.3817322931718,nan,0.07093425001949072,0.0,nan,0.00027887499891221523,0.0007984999101608992,0.00026558409444987774,0.00026312493719160557,0.00026329210959374905,0.00027887499891221523,0.0007984999101608992,0.00026558409444987774,0.00026312493719160557,0.00026329210959374905,0.00138366618193686,nan,0.002423292025923729,0.0010753748938441277,0.0020393340382725,0.000945584150031209,0.0017261661123484373,0.0014387909322977066,0.002078582998365164,0.0014466249849647284,0.0016709170304238796,0.001365874893963337,0.0021188328973948956,498.71744616609067,1,85,nan,73,68,85,39,38,54,48,55,48,39,38,nan,VI skipped: 3^85 too large
gridworld,10,10,100,1000,100,7,7,10000,8841,4,1000,1,83,83,42,45.95238095238095,83,363.9491223844234,0.0,135.1603959563654,nan,0.08701404207386076,0.0,nan,0.0004926670808345079,0.0010059159249067307,0.000478541012853384,0.0004787920042872429,0.0004745421465486288,0.0004926670808345079,0.0010059159249067307,0.000478541012853384,0.0004787920042872429,0.0004745421465486288,0.001360124908387661,nan,0.0024643330834805965,0.001125624869018793,0.002102416940033436,0.001132542034611106,0.0018464159220457077,0.0015260421205312014,0.0025720829144120216,0.0015877499245107174,0.0021190419793128967,0.0016159580554813147,0.002153125125914812,499.22627974906936,1,81,nan,72,69,83,44,31,55,57,58,58,44,31,nan,VI skipped: 3^83 too large
gridworld,10,10,100,1000,100,8,8,10000,8542,4,1000,1,104,104,51,44.23529411764706,104,363.9475497896783,0.0,134.91263230587356,nan,0.09551541693508625,0.0,nan,0.0005737498868256807,0.0011041669640690088,0.0005640420131385326,0.0005595830734819174,0.0005587500054389238,0.0005737498868256807,0.0011041669640690088,0.0005640420131385326,0.0005595830734819174,0.0005587500054389238,0.0017383748199790716,nan,0.00343520799651742,0.0015505419578403234,0.002775833010673523,0.0016524579841643572,0.003770416835322976,0.0023252919781953096,0.0037918752059340477,0.0022622081451117992,0.003094417043030262,0.002373332856222987,0.004364874912425876,498.99833645811304,1,101,nan,96,93,104,61,52,80,80,79,80,61,52,nan,VI skipped: 3^104 too large
gridworld,10,10,100,1000,100,9,9,10000,9316,4,1000,1,74,74,65,43.2,74,363.59914901922457,0.0,135.90775220724754,nan,0.07368679204955697,0.0,nan,0.0006977911107242107,0.0011978328693658113,0.0006829998455941677,0.000682000070810318,0.0006819169502705336,0.0006977911107242107,0.0011978328693658113,0.0006829998455941677,0.000682000070810318,0.0006819169502705336,0.0011018749792128801,nan,0.002169750165194273,0.001204832922667265,0.001969916047528386,0.0010045829694718122,0.0018179579637944698,0.0015039159916341305,0.0024262089282274246,0.0014819579664617777,0.001992708072066307,0.0014532918576151133,0.0021303340326994658,499.6113990419544,1,64,nan,61,72,74,37,26,51,51,51,51,37,26,nan,VI skipped: 3^74 too large
gridworld,10,10,100,1000,100,10,10,10000,9022,4,1000,1,85,85,93,43.18279569892473,85,364.90178321977146,0.0,135.7052663504146,nan,0.0883348339702934,0.0,nan,0.0009885409381240606,0.0014982919674366713,0.0009688329882919788,0.0009626669343560934,0.0009653749875724316,0.0009885409381240606,0.0014982919674366713,0.0009688329882919788,0.0009626669343560934,0.0009653749875724316,0.0014399171341210604,nan,0.0028223751578480005,0.0013854578137397766,0.0024495830293744802,0.001171208918094635,0.003645292017608881,0.001950582955032587,0.003277375129982829,0.0019484998192638159,0.002704208018258214,0.0016765410546213388,0.004120875149965286,500.73572500096634,1,81,nan,75,80,85,40,39,63,65,64,65,40,39,nan,VI skipped: 3^85 too large
gridworld,10,10,100,1000,100,11,11,10000,6844,4,1000,1,85,85,28,46.25,85,365.66068536718376,0.0,134.57960134046152,nan,0.05468729115091264,0.0,nan,0.00035508302971720695,0.0026462499517947435,0.0003450841177254915,0.0003405830357223749,0.0003392919898033142,0.00035508302971720695,0.0026462499517947435,0.0003450841177254915,0.0003405830357223749,0.0003392919898033142,0.0013182091061025858,nan,0.0023834998719394207,0.0013208750169724226,0.0020552079658955336,0.0012886659242212772,0.001926167169585824,0.0015039590653032064,0.0024187909439206123,0.0014500829856842756,0.0019369579385966063,0.0018550001550465822,0.0023246249184012413,500.32598120789044,1,81,nan,71,84,85,52,38,56,55,54,55,52,38,nan,VI skipped: 3^85 too large
gridworld,10,10,100,1000,100,12,12,10000,8178,4,1000,1,91,91,196,48.214285714285715,91,364.7184726984706,0.0,134.4581161669921,nan,0.10211620898917317,0.0,nan,0.002176166046410799,0.002728499937802553,0.002165874931961298,0.0021646670065820217,0.0021683750674128532,0.002176166046410799,0.002728499937802553,0.002165874931961298,0.0021646670065820217,0.0021683750674128532,0.0018662079237401485,nan,0.003738541854545474,0.0017876250203698874,0.0033099160064011812,0.0016969169955700636,0.005594999995082617,0.0026119579561054707,0.00423791678622365,0.0028341668657958508,0.0036334169562906027,0.002547458978369832,0.006346957990899682,499.34064187482,1,91,nan,83,88,91,46,36,67,64,71,66,46,36,nan,VI skipped: 3^91 too large
gridworld,10,10,100,1000,100,13,13,10000,8645,4,1000,1,90,90,60,47.333333333333336,90,364.05400083586574,0.0,134.72146389237605,nan,0.08885104092769325,0.0,nan,0.0007080419454723597,0.0012357078958302736,0.0006842080038040876,0.0006774580106139183,0.0006812917999923229,0.0007080419454723597,0.0012357078958302736,0.0006842080038040876,0.0006774580106139183,0.0006812917999923229,0.0015744578558951616,nan,0.003176958067342639,0.0013926250394433737,0.0024458328261971474,0.0010773339308798313,0.0040246250573545694,0.001997416839003563,0.003246583044528961,0.001967207994312048,0.0026631250511854887,0.0015541671309620142,0.0033700831700116396,498.90261449990794,1,90,nan,87,82,90,39,39,67,67,67,67,39,39,nan,VI skipped: 3^90 too large
gridworld,10,10,100,1000,100,14,14,10000,7880,4,1000,1,74,74,6,40.333333333333336,74,365.8150155853946,0.0,135.0025941906497,nan,0.06400329200550914,0.0,nan,0.00011041597463190556,0.0006158750038594007,9.916606359183788e-05,9.27080400288105e-05,9.329104796051979e-05,0.00011041597463190556,0.0006158750038594007,9.916606359183788e-05,9.27080400288105e-05,9.329104796051979e-05,0.0011045001447200775,nan,0.0016768330242484808,0.001006250036880374,0.0013373331166803837,0.0006322918925434351,0.0012214588932693005,0.0009438339620828629,0.0015254998579621315,0.001078207977116108,0.0011170001234859228,0.0009530419483780861,0.0015200001653283834,500.90089795878157,1,70,nan,62,65,74,34,33,37,42,43,40,34,33,nan,VI skipped: 3^74 too large
gridworld,10,10,100,1000,100,15,15,10000,8262,4,1000,1,89,89,90,46.5,89,368.4646995596122,0.0,135.38540423265658,nan,0.08389870799146593,0.0,nan,0.0009832920040935278,0.001509041991084814,0.0009757911320775747,0.0009742500260472298,0.0009630839340388775,0.0009832920040935278,0.001509041991084814,0.0009757911320775747,0.0009742500260472298,0.0009630839340388775,0.0015628330875188112,nan,0.0033318751957267523,0.0014089171309024096,0.002587249968200922,0.0012152909766882658,0.0036539160646498203,0.001984125003218651,0.0030798751395195723,0.002024875022470951,0.002544624963775277,0.0017495830543339252,0.00414804182946682,503.9750387498643,1,86,nan,87,80,89,41,38,63,60,65,60,41,38,nan,VI skipped: 3^89 too large
gridworld,10,10,100,1000,100,16,16,10000,9500,4,1000,1,96,96,154,52.532467532467535,96,359.23076273687184,0.0,133.4580696732737,nan,0.10476833302527666,0.0,nan,0.0029389590490609407,0.002387833083048463,0.001861749915406108,0.001859708921983838,0.0018550411332398653,0.0029389590490609407,0.002387833083048463,0.001861749915406108,0.001859708921983838,0.0018550411332398653,0.0017605419270694256,nan,0.0036241670604795218,0.0015739169903099537,0.003171917051076889,0.0015502078458666801,0.005423957947641611,0.002420915989205241,0.003973167156800628,0.0023625001776963472,0.0033642498310655355,0.002212375169619918,0.005999208195134997,492.8504027919844,1,91,nan,86,83,96,46,39,70,70,69,70,46,39,nan,VI skipped: 3^96 too large
gridworld,10,10,100,1000,100,17,17,10000,8645,4,1000,1,80,80,18,44.666666666666664,80,358.3182131771464,0.0,133.3037640452385,nan,0.08282604208216071,0.0,nan,0.00023637502454221249,0.0007541670929640532,0.00022504199296236038,0.00022358307614922523,0.00023083295673131943,0.00023637502454221249,0.0007541670929640532,0.00022504199296236038,0.00022358307614922523,0.00023083295673131943,0.0012153331190347672,nan,0.0023395419120788574,0.0011088750325143337,0.0018907920457422733,0.0007974999025464058,0.0014401250518858433,0.0012892498634755611,0.002073457930237055,0.0012824160512536764,0.001674792030826211,0.0011532078497111797,0.0017456668429076672,491.72916650003754,1,75,nan,71,70,80,33,32,49,48,49,49,33,32,nan,VI skipped: 3^80 too large
gridworld,10,10,100,1000,100,18,18,10000,8348,4,1000,1,74,74,42,43.714285714285715,74,360.0084549430758,0.0,133.40491912094876,nan,0.07575483294203877,0.0,nan,0.00046883407048881054,0.0009719589725136757,0.00045841606333851814,0.0004566670395433903,0.00046074995771050453,0.00046883407048881054,0.0009719589725136757,0.00045841606333851814,0.0004566670395433903,0.00046074995771050453,0.0012075831182301044,nan,0.002372083952650428,0.0009861669968813658,0.0018722920212894678,0.0008558749686926603,0.0016135410405695438,0.0013137501664459705,0.002140624914318323,0.001357249915599823,0.001720209140330553,0.0012357078958302736,0.0019179580267518759,493.5156723340042,1,71,nan,69,60,74,33,28,47,47,49,47,33,28,nan,VI skipped: 3^74 too large
gridworld,10,10,100,1000,100,19,19,10000,8661,4,1000,1,86,86,32,46.0,86,359.00281011289917,0.0,133.43260112497956,nan,0.08113945904187858,0.0,nan,0.00039104209281504154,0.0008856668137013912,0.000378540949895978,0.0003828748594969511,0.00038237497210502625,0.00039104209281504154,0.0008856668137013912,0.000378540949895978,0.0003828748594969511,0.00038237497210502625,0.0014032090548425913,nan,0.002426041988655925,0.001397124957293272,0.0021517921704798937,0.001288166968151927,0.0019218330271542072,0.0015614158473908901,0.0024268338456749916,0.001632666913792491,0.00196312484331429,0.0018157078884541988,0.00228283298201859,492.5462057089899,1,84,nan,71,86,86,50,35,57,54,60,54,50,35,nan,VI skipped: 3^86 too large
gridworld,10,10,100,1000,100,20,20,10000,7783,4,1000,1,75,75,16,43.75,75,358.96917770896107,0.0,133.2147174186539,nan,0.07400345802307129,0.0,nan,0.00021220790222287178,0.0007025001104921103,0.00020108395256102085,0.00020308303646743298,0.000197333050891757,0.00021220790222287178,0.0007025001104921103,0.00020108395256102085,0.00020308303646743298,0.000197333050891757,0.0012175419833511114,nan,0.0023577080573886633,0.0009707498829811811,0.0017877079080790281,0.0008849578443914652,0.0011356659233570099,0.001196791883558035,0.0021723329555243254,0.0012700408697128296,0.0016955418977886438,0.0012587918899953365,0.0013955829199403524,492.28127574990503,1,75,nan,71,61,75,36,26,45,49,48,49,36,26,nan,VI skipped: 3^75 too large
gridworld,10,10,100,1000,100,21,21,10000,9112,4,1000,1,75,75,42,40.023809523809526,75,358.9917690940201,0.0,133.1950008412823,nan,0.08315179194323719,0.0,nan,0.00044154119677841663,0.0009254999458789825,0.00042704190127551556,0.00042287493124604225,0.000422624871134758,0.00044154119677841663,0.0009254999458789825,0.00042704190127551556,0.00042287493124604225,0.000422624871134758,0.001243499806150794,nan,0.003419499844312668,0.0011105840094387531,0.001902999822050333,0.0010374998673796654,0.0018264579121023417,0.0013840841129422188,0.002237166976556182,0.0013606247957795858,0.001812624977901578,0.0014859999064356089,0.0021857500541955233,492.2986504579894,1,74,nan,68,68,75,40,32,49,49,49,49,40,32,nan,VI skipped: 3^75 too large
gridworld,10,10,100,1000,100,22,22,10000,8557,4,1000,1,93,93,244,43.40983606557377,93,361.89098651427776,0.0,133.03862170292996,nan,0.10656508291140199,0.0,nan,0.0024238750338554382,0.002942749997600913,0.0024244999513030052,0.00241320813074708,0.0024063747841864824,0.0024238750338554382,0.002942749997600913,0.0024244999513030052,0.00241320813074708,0.0024063747841864824,0.0020486251451075077,nan,0.004410875029861927,0.0020199159625917673,0.0037792909424751997,0.002554291859269142,0.008309166878461838,0.0032245831098407507,0.004939625039696693,0.003071084152907133,0.004291374934837222,0.003804124891757965,0.009179332992061973,495.1100349172484,1,92,nan,90,93,93,61,42,72,70,71,70,61,42,nan,VI skipped: 3^93 too large
gridworld,10,10,100,1000,100,23,23,10000,9312,4,1000,1,80,80,69,43.391304347826086,80,363.0739889519755,0.0,134.46438562637195,nan,0.09614866692572832,0.0,nan,0.0007632498163729906,0.0012487499043345451,0.0007425409276038408,0.0007334169931709766,0.0007323750760406256,0.0007632498163729906,0.0012487499043345451,0.0007425409276038408,0.0007334169931709766,0.0007323750760406256,0.00128520792350173,nan,0.002801292110234499,0.0011359171476215124,0.002146458951756358,0.0009933330584317446,0.002432666951790452,0.001807916909456253,0.0025684579741209745,0.0016963749658316374,0.002093415940180421,0.0014077499508857727,0.0028041668701916933,497.66778583382256,1,74,nan,78,67,80,36,32,58,54,59,54,36,32,nan,VI skipped: 3^80 too large
gridworld,10,10,100,1000,100,24,24,10000,9404,4,1000,1,91,91,150,47.2,91,354.22547224117443,0.0,131.56456642784178,nan,0.1008887910284102,0.0,nan,0.0016535830218344927,0.002159625058993697,0.0016334999818354845,0.0016245408914983273,0.0016290419735014439,0.0016535830218344927,0.002159625058993697,0.0016334999818354845,0.0016245408914983273,0.0016290419735014439,0.0016362080350518227,nan,0.0033607499208301306,0.0014800410717725754,0.0030059998389333487,0.0016450840048491955,0.004871249897405505,0.002395082963630557,0.003928583115339279,0.0023544582072645426,0.0033185831271111965,0.0024107499048113823,0.005469708936288953,485.94352454226464,1,84,nan,80,78,91,49,37,67,68,67,68,49,37,nan,VI skipped: 3^91 too large
gridworld,10,10,100,1000,100,25,25,10000,9216,4,1000,1,83,83,66,44.984848484848484,83,353.88031495385803,0.0,131.90040754177608,nan,0.0872247910592705,0.0,nan,0.0007451670244336128,0.001245749881491065,0.0007286251056939363,0.000719957984983921,0.000728334067389369,0.0007451670244336128,0.001245749881491065,0.0007286251056939363,0.000719957984983921,0.000728334067389369,0.0014104158617556095,nan,0.00268070911988616,0.0012244582176208496,0.0022124170791357756,0.0013224170543253422,0.002517875051125884,0.0016753340605646372,0.0026079590898007154,0.0017749168910086155,0.0022793328389525414,0.0019059169571846724,0.0029126249719411135,485.90251487493515,1,83,nan,75,74,83,49,34,58,55,62,59,49,34,nan,VI skipped: 3^83 too large
gridworld,10,10,100,1000,100,26,26,10000,9500,4,1000,1,78,78,64,42.375,78,355.83896005223505,0.0,132.8382677801419,nan,0.09415058302693069,0.0,nan,0.0006682500243186951,0.0012082080356776714,0.0006567081436514854,0.0006600001361221075,0.0006599999032914639,0.0006682500243186951,0.0012082080356776714,0.0006567081436514854,0.0006600001361221075,0.0006599999032914639,0.0013383750338107347,nan,0.00254237512126565,0.0010724999010562897,0.0020854580216109753,0.0009676250629127026,0.0021594997961074114,0.0016090830322355032,0.0025875000283122063,0.0016125841066241264,0.002124542137607932,0.0013936660252511501,0.0025166249834001064,488.8029745419044,1,78,nan,71,64,78,35,30,54,54,55,54,35,30,nan,VI skipped: 3^78 too large
gridworld,10,10,100,1000,100,27,27,10000,7964,4,1000,1,72,72,14,42.07142857142857,72,355.12907039071433,0.0,132.30445540859364,nan,0.0751499580219388,0.0,nan,0.00017899996601045132,0.0006605419330298901,0.00017224997282028198,0.00017062504775822163,0.00016916682943701744,0.00017899996601045132,0.0006605419330298901,0.00017224997282028198,0.00017062504775822163,0.00016916682943701744,0.0011309590190649033,nan,0.001712457975372672,0.0009237078484147787,0.0013252499047666788,0.000607083085924387,0.00102937500923872,0.0011572500225156546,0.001616333145648241,0.0011525829322636127,0.0012483748141676188,0.0009166670497506857,0.001266875071451068,487.52878429205157,1,72,nan,63,60,72,32,25,45,44,45,44,32,25,nan,VI skipped: 3^72 too large
gridworld,10,10,100,1000,100,28,28,10000,9404,4,1000,1,80,80,90,47.7,80,354.83575020963326,0.0,133.02060750196688,nan,0.0799572910182178,0.0,nan,0.0010363750625401735,0.0015372091438621283,0.0010279580019414425,0.0010218750685453415,0.001041291980072856,0.0010363750625401735,0.0015372091438621283,0.0010279580019414425,0.0010218750685453415,0.001041291980072856,0.0013184580020606518,nan,0.00257779099047184,0.0012605830561369658,0.002230667043477297,0.0009384169243276119,0.0028060420881956816,0.001494124997407198,0.0026415830943733454,0.0014190829824656248,0.0021777499932795763,0.001341792056336999,0.003202583873644471,487.97192970709875,1,76,nan,70,74,80,33,33,50,54,48,54,33,33,nan,VI skipped: 3^80 too large
gridworld,10,10,100,1000,100,29,29,10000,8360,4,1000,1,84,84,182,42.27472527472528,84,355.63337962306105,0.0,133.47647583088838,nan,0.08428266691043973,0.0,nan,0.0018046251498162746,0.002333250129595399,0.001775624928995967,0.0017878750804811716,0.0017917498480528593,0.0018046251498162746,0.002333250129595399,0.001775624928995967,0.0017878750804811716,0.0017917498480528593,0.0015836670063436031,nan,0.0032143748831003904,0.0016132919117808342,0.0028621251694858074,0.0016942089423537254,0.005109500139951706,0.0021961249876767397,0.0034682920668274164,0.0022301250137388706,0.002930999966338277,0.0024148328229784966,0.005650042090564966,489.24688779213466,1,81,nan,75,84,84,49,36,62,60,64,60,49,36,nan,VI skipped: 3^84 too large
gridworld,10,10,100,1000,100,30,30,10000,8739,4,1000,1,80,80,95,42.242105263157896,80,356.62782761105336,0.0,133.5979966125451,nan,0.0865350419189781,0.0,nan,0.0009707920253276825,0.0014881659299135208,0.0009605421219021082,0.00095970812253654,0.0009555828291922808,0.0009707920253276825,0.0014881659299135208,0.0009605421219021082,0.00095970812253654,0.0009555828291922808,0.0013004580978304148,nan,0.002586791990324855,0.0013156249187886715,0.002228083088994026,0.0011697921436280012,0.003165542148053646,0.0017084169667214155,0.00284512504003942,0.0017154589295387268,0.0023413330782204866,0.0016732090152800083,0.003588541876524687,490.34962666616775,1,75,nan,70,78,80,41,35,57,58,58,58,41,35,nan,VI skipped: 3^80 too large
gridworld,10,10,100,1000,100,31,31,10000,9114,4,1000,1,71,71,55,40.654545454545456,71,360.8815056774765,0.0,132.40742212254554,nan,0.08320079208351672,0.0,nan,0.0005542919971048832,0.0010668339673429728,0.0005509580951184034,0.0005437501240521669,0.0005439158994704485,0.0005542919971048832,0.0010668339673429728,0.0005509580951184034,0.0005437501240521669,0.0005439158994704485,0.0011612919624894857,nan,0.002189834136515856,0.0009362499695271254,0.0018327499274164438,0.0009743331465870142,0.0019755421672016382,0.0011893750634044409,0.002207875018939376,0.0012603749055415392,0.0018286670092493296,0.001401584129780531,0.002345417160540819,493.40019979095086,1,69,nan,63,57,71,37,33,42,48,45,48,37,33,nan,VI skipped: 3^71 too large
gridworld,10,10,100,1000,100,32,32,10000,9500,4,1000,1,72,72,105,39.161904761904765,72,365.0935465495568,0.0,136.27941019739956,nan,0.07271999982185662,0.0,nan,0.0009958748705685139,0.001469374867156148,0.0009830419439822435,0.000981791876256466,0.0009765420109033585,0.0009958748705685139,0.001469374867156148,0.0009830419439822435,0.000981791876256466,0.0009765420109033585,0.0011820001527667046,nan,0.0025478750467300415,0.0010990831069648266,0.002061542123556137,0.0010549169965088367,0.0025441660545766354,0.0015522500034421682,0.0025797500275075436,0.0015955411363393068,0.0021408749744296074,0.0015157500747591257,0.002918791025876999,501.4803775406908,1,66,nan,68,63,72,36,28,50,51,52,51,36,28,nan,VI skipped: 3^72 too large
gridworld,10,10,100,1000,100,33,33,10000,6946,4,1000,1,83,83,25,47.8,83,365.56776873138733,0.0,134.80230525275692,nan,0.0837790840305388,0.0,nan,0.0003211670555174351,0.0008217499125748873,0.0003103329800069332,0.0003078749869018793,0.0003060828894376755,0.0003211670555174351,0.0008217499125748873,0.0003103329800069332,0.0003078749869018793,0.0003060828894376755,0.0012818328104913235,nan,0.0024880000855773687,0.0010959170758724213,0.0019825829658657312,0.0008832078892737627,0.0014612090308219194,0.0011583329178392887,0.002039874903857708,0.0012771252077072859,0.0016703750006854534,0.0012555411085486412,0.0017570829950273037,500.47904233285226,1,80,nan,75,70,83,36,30,44,47,49,48,36,30,nan,VI skipped: 3^83 too large
gridworld,10,10,100,1000,100,34,34,10000,8537,4,1000,1,85,85,121,42.36363636363637,85,364.1407664818689,0.0,137.65333804953843,nan,0.08102670894004405,0.0,nan,0.0012340410612523556,0.0017335829325020313,0.0012311250902712345,0.0012234998866915703,0.0012205000966787338,0.0012340410612523556,0.0017335829325020313,0.0012311250902712345,0.0012234998866915703,0.0012205000966787338,0.0015200830530375242,nan,0.0029211658984422684,0.001370375044643879,0.002631833078339696,0.0014014579355716705,0.003980415873229504,0.002002833178266883,0.003321167081594467,0.0020739168394356966,0.002787834033370018,0.0020096248481422663,0.004437832860276103,501.91930545819923,1,82,nan,74,76,85,45,36,62,63,65,63,45,36,nan,VI skipped: 3^85 too large
gridworld,10,10,100,1000,100,35,35,10000,7686,4,1000,1,94,94,144,52.416666666666664,94,365.5511564766057,0.0,136.93919008225203,nan,0.11331650009378791,0.0,nan,0.001737833023071289,0.002210542093962431,0.0017254168633371592,0.0016982080414891243,0.0016945840325206518,0.001737833023071289,0.002210542093962431,0.0017254168633371592,0.0016982080414891243,0.0016945840325206518,0.0017503330018371344,nan,0.0035292080137878656,0.0014702498447149992,0.0031107079703360796,0.0012853748630732298,0.004718957934528589,0.002383749932050705,0.003677958156913519,0.002389749977737665,0.003215000033378601,0.0018999581225216389,0.005269584013149142,502.6553810010664,1,90,nan,84,77,94,38,36,66,63,67,65,38,36,nan,VI skipped: 3^94 too large
gridworld,10,10,100,1000,100,36,36,10000,8358,4,1000,1,90,90,72,49.666666666666664,90,364.66267149848863,0.0,134.82022600690834,nan,0.09887170791625977,0.0,nan,0.000845541013404727,0.0013706670142710209,0.0008311669807881117,0.0008374578319489956,0.000836916035041213,0.000845541013404727,0.0013706670142710209,0.0008311669807881117,0.0008374578319489956,0.000836916035041213,0.0015161661431193352,nan,0.003238291945308447,0.0013157499488443136,0.0024664169177412987,0.0012330408208072186,0.002760959090664983,0.001907791942358017,0.0031621670350432396,0.00194312515668571,0.0026007089763879776,0.001775084063410759,0.003182958113029599,499.62000083201565,1,88,nan,89,78,90,44,34,64,65,66,65,44,34,nan,VI skipped: 3^90 too large
gridworld,10,10,100,1000,100,37,37,10000,9402,4,1000,1,80,80,80,46.625,80,367.1204929978121,0.0,136.0267258360982,nan,0.09109808295033872,0.0,nan,0.0008954999502748251,0.0013882920611649752,0.0008870421443134546,0.0008901669643819332,0.0008815841283649206,0.0008954999502748251,0.0013882920611649752,0.0008870421443134546,0.0008901669643819332,0.0008815841283649206,0.0013011249247938395,nan,0.0025204590056091547,0.0011092079803347588,0.0021662910003215075,0.0010224590077996254,0.002434832975268364,0.001520874910056591,0.0026705830823630095,0.0016187909059226513,0.0021925419569015503,0.0014705839566886425,0.0027846249286085367,503.272291416768,1,76,nan,70,66,80,37,30,52,56,56,56,37,30,nan,VI skipped: 3^80 too large
gridworld,10,10,100,1000,100,38,38,10000,9028,4,1000,1,76,76,56,46.07142857142857,76,368.013031483395,0.0,136.37081495602615,nan,0.08275258308276534,0.0,nan,0.0006402500439435244,0.0011373329907655716,0.0006321251858025789,0.0006289579905569553,0.0006254168692976236,0.0006402500439435244,0.0011373329907655716,0.0006321251858025789,0.0006289579905569553,0.0006254168692976236,0.001273290952667594,nan,0.0021369170863181353,0.00122804194688797,0.0019973749294877052,0.000986292026937008,0.0016861248295754194,0.0013270408380776644,0.0021427080500870943,0.0013387920334935188,0.001742666121572256,0.0014139160048216581,0.001975000137463212,504.4951168340631,1,76,nan,61,75,76,36,25,45,45,46,45,36,25,nan,VI skipped: 3^76 too large
gridworld,10,10,100,1000,100,39,39,10000,7498,4,1000,1,65,65,56,37.410714285714285,65,373.5588602540083,0.0,136.094566448126,nan,0.06909104203805327,0.0,nan,0.0005217911675572395,0.0010006669908761978,0.0005158749409019947,0.0005114160012453794,0.0005082921124994755,0.0005217911675572395,0.0010006669908761978,0.0005158749409019947,0.0005114160012453794,0.0005082921124994755,0.001093124970793724,nan,0.0021972921676933765,0.0008692080155014992,0.0016897919122129679,0.0007964579854160547,0.0015665830578655005,0.001227084081619978,0.001941499998793006,0.0012474998366087675,0.0015699579380452633,0.001145541900768876,0.0018375839572399855,509.74807916604914,1,64,nan,63,52,65,30,25,43,42,44,42,30,25,nan,VI skipped: 3^65 too large
gridworld,10,10,100,1000,100,40,40,10000,8933,4,1000,1,83,83,42,45.857142857142854,83,377.003574811155,0.0,138.85265708435327,nan,0.08913537510670722,0.0,nan,0.0004937078338116407,0.0009978748857975006,0.0004876670427620411,0.0004819580353796482,0.0004846251104027033,0.0004937078338116407,0.0009978748857975006,0.0004876670427620411,0.0004819580353796482,0.0004846251104027033,0.0013437920715659857,nan,0.002802749862894416,0.001147459028288722,0.002116834046319127,0.0010160829406231642,0.0018602919299155474,0.0015030421782284975,0.002491207793354988,0.0015440830029547215,0.0020131669007241726,0.0014387078117579222,0.002194541972130537,515.9751393750776,1,80,nan,81,70,83,39,31,54,55,56,55,39,31,nan,VI skipped: 3^83 too large
gridworld,10,10,100,1000,100,41,41,10000,7404,4,1000,1,92,92,45,50.13333333333333,92,376.02464046282694,0.0,137.85594137501903,nan,0.08700604201294482,0.0,nan,0.0005618748255074024,0.001111416844651103,0.0005537921097129583,0.0005552091170102358,0.0005513331852853298,0.0005618748255074024,0.001111416844651103,0.0005537921097129583,0.0005552091170102358,0.0005513331852853298,0.0015730839222669601,nan,0.0027848330792039633,0.0014411669690161943,0.0024296659976243973,0.001187958987429738,0.0024651249404996634,0.0017692919354885817,0.002972082933411002,0.0019208330195397139,0.0024115419946610928,0.0017081669066101313,0.0028946250677108765,514.0019348328933,1,92,nan,78,86,92,44,38,61,63,67,63,44,38,nan,VI skipped: 3^92 too large
gridworld,10,10,100,1000,100,42,42,10000,8829,4,1000,1,81,81,66,42.31818181818182,81,375.7730908920057,0.0,139.54527477058582,nan,0.09328162483870983,0.0,nan,0.0006937498692423105,0.0011991250794380903,0.0006917500868439674,0.0006868750788271427,0.0006888750940561295,0.0006937498692423105,0.0011991250794380903,0.0006917500868439674,0.0006868750788271427,0.0006888750940561295,0.001391249941661954,nan,0.002696417039260268,0.001320582814514637,0.002190832979977131,0.0010190000757575035,0.0024955840781331062,0.0017209590878337622,0.0027060420252382755,0.0017083750572055578,0.002221417147666216,0.0014536671806126833,0.002860749838873744,515.4451651249547,1,80,nan,75,78,81,37,33,59,57,59,57,37,33,nan,VI skipped: 3^81 too large
gridworld,10,10,100,1000,100,43,43,10000,9406,4,1000,1,67,67,56,40.767857142857146,67,376.25817998475395,0.0,139.85234375623986,nan,0.07671329216100276,0.0,nan,0.0005668338853865862,0.0010625410359352827,0.0005546659231185913,0.0005543341394513845,0.0005546668544411659,0.0005668338853865862,0.0010625410359352827,0.0005546659231185913,0.0005543341394513845,0.0005546668544411659,0.0010613750200718641,nan,0.0018260409124195576,0.0009074169211089611,0.0017434589099138975,0.0009254589676856995,0.0015356659423559904,0.0011542909778654575,0.00181095814332366,0.0011905001010745764,0.0015850411728024483,0.0013346660416573286,0.0018272500019520521,516.213004749734,1,62,nan,52,54,67,35,27,40,39,42,42,35,27,nan,VI skipped: 3^67 too large
gridworld,10,10,100,1000,100,44,44,10000,8924,4,1000,1,78,78,79,42.607594936708864,78,376.8527919095941,0.0,141.0186500439886,nan,0.08910958305932581,0.0,nan,0.0008186670020222664,0.0013004171196371317,0.0008076669182628393,0.0008062091656029224,0.0008057921659201384,0.0008186670020222664,0.0013004171196371317,0.0008076669182628393,0.0008062091656029224,0.0008057921659201384,0.0012652911245822906,nan,0.002471625106409192,0.001166250091046095,0.0022160839289426804,0.0010101250372827053,0.0026287080254405737,0.001589207910001278,0.002666875021532178,0.0016392502002418041,0.0022046659141778946,0.001461625099182129,0.0030363339465111494,517.9945060000755,1,71,nan,66,66,78,35,32,51,53,53,53,35,32,nan,VI skipped: 3^78 too large
gridworld,10,10,100,1000,100,45,45,10000,9404,4,1000,1,81,81,77,49.506493506493506,81,377.19750717654824,0.0,139.98759870626964,nan,0.08983512502163649,0.0,nan,0.00092691695317626,0.0014316667802631855,0.000909958966076374,0.000912124989554286,0.0009130421094596386,0.00092691695317626,0.0014316667802631855,0.000909958966076374,0.000912124989554286,0.0009130421094596386,0.0013553330209106207,nan,0.0025307079777121544,0.0011946249287575483,0.0022337499540299177,0.0007877501193434,0.0021266669500619173,0.001694625010713935,0.002529165940359235,0.0016763329040259123,0.0021191658452153206,0.0011266670189797878,0.002452166983857751,517.3083144999109,1,78,nan,69,70,81,28,26,57,52,57,53,28,26,nan,VI skipped: 3^81 too large
gridworld,10,10,100,1000,100,46,46,10000,8086,4,1000,1,89,89,112,50.19642857142857,89,377.6583434531931,0.0,138.47330035176128,nan,0.08842408400960267,0.0,nan,0.0013118330389261246,0.0018205838277935982,0.0013072500005364418,0.0012965418864041567,0.001298125134781003,0.0013118330389261246,0.0018205838277935982,0.0013072500005364418,0.0012965418864041567,0.001298125134781003,0.0016489159315824509,nan,0.003051582956686616,0.0014310418628156185,0.0027562498580664396,0.0011642498429864645,0.0035658751148730516,0.0020131669007241726,0.0034662499092519283,0.002170583000406623,0.002879499923437834,0.0016823750920593739,0.0039902920834720135,516.2643587919883,1,88,nan,77,78,89,37,32,61,64,66,64,37,32,nan,VI skipped: 3^89 too large
gridworld,10,10,100,1000,100,47,47,10000,7130,4,1000,1,82,82,30,45.93333333333333,82,382.4634283389896,0.0,140.23664290527813,nan,0.074090417008847,0.0,nan,0.0003647089470177889,0.0008680419996380806,0.00035520782694220543,0.00034962501376867294,0.0003501249011605978,0.0003647089470177889,0.0008680419996380806,0.00035520782694220543,0.00034962501376867294,0.0003501249011605978,0.0012829999905079603,nan,0.0023019169457256794,0.0011529580224305391,0.002044708002358675,0.0010300830472260714,0.0017074160277843475,0.001373582985252142,0.002291542012244463,0.001393625047057867,0.0018313750624656677,0.0014638339634984732,0.002050667069852352,522.8013285421766,1,78,nan,68,72,82,41,33,51,52,52,52,41,33,nan,VI skipped: 3^82 too large
gridworld,10,10,100,1000,100,48,48,10000,9499,4,1000,1,106,106,228,52.31140350877193,106,373.6217500392813,0.0,138.18795968662016,nan,0.13778608315624297,0.0,nan,0.0027125419583171606,0.00324504217132926,0.0027096669655293226,0.0026961250696331263,0.0027052077930420637,0.0027125419583171606,0.00324504217132926,0.0027096669655293226,0.0026961250696331263,0.0027052077930420637,0.002309666946530342,nan,0.004920083098113537,0.0019518330227583647,0.004282041918486357,0.0024467920884490013,0.009377083042636514,0.003378499997779727,0.00535016693174839,0.0033255000598728657,0.004657290875911713,0.003628999926149845,0.010279875015839934,512.0279862498865,1,104,nan,99,90,106,60,46,79,77,79,77,60,46,nan,VI skipped: 3^106 too large
gridworld,10,10,100,1000,100,49,49,10000,9498,4,1000,1,86,86,36,46.611111111111114,86,373.950839422876,0.0,137.89902808191255,nan,0.09673104085959494,0.0,nan,0.0004375828430056572,0.0009384581353515387,0.0004210839979350567,0.0004195829387754202,0.0004232909996062517,0.0004375828430056572,0.0009384581353515387,0.0004210839979350567,0.0004195829387754202,0.0004232909996062517,0.001391707919538021,nan,0.002605041954666376,0.001380791887640953,0.0021491660736501217,0.0011609168723225594,0.0019178749062120914,0.001668333075940609,0.0027786248829215765,0.0017053750343620777,0.0022648749873042107,0.001668417127802968,0.0022799160797148943,511.97745766607113,1,84,nan,76,86,86,46,34,61,62,63,63,46,34,nan,VI skipped: 3^86 too large
gridworld,10,10,100,1000,100,50,50,10000,8840,4,1000,1,95,95,120,56.8,95,373.2931188624352,0.0,138.45693957456388,nan,0.10168945789337158,0.0,nan,0.0015745419077575207,0.002103083999827504,0.0015703749377280474,0.0015779579989612103,0.0015778751112520695,0.0015745419077575207,0.002103083999827504,0.0015703749377280474,0.0015779579989612103,0.0015778751112520695,0.0017090418841689825,nan,0.003878124989569187,0.0015612079296261072,0.0030292500741779804,0.0013292499352246523,0.003843249985948205,0.002068124944344163,0.0036940830759704113,0.0022180001251399517,0.0030957499984651804,0.0019742920994758606,0.004303416935727,511.90073529211804,1,89,nan,94,83,95,41,32,59,65,64,65,41,32,nan,VI skipped: 3^95 too large
gridworld,10,10,100,1000,100,51,51,10000,8440,4,1000,1,68,68,36,37.833333333333336,68,373.1041362748947,0.0,140.41375208366662,nan,0.07578583294525743,0.0,nan,0.0003571249544620514,0.0008477079682052135,0.0003496671561151743,0.0003481251187622547,0.0003467078786343336,0.0003571249544620514,0.0008477079682052135,0.0003496671561151743,0.0003481251187622547,0.0003467078786343336,0.0011282500345259905,nan,0.001963625196367502,0.0009824580047279596,0.0016795000992715359,0.0008489168249070644,0.0015594169963151217,0.0011428750585764647,0.0018577920272946358,0.001218500081449747,0.001537000061944127,0.0012318340595811605,0.0018668752163648605,513.6180206248537,1,68,nan,58,61,68,34,30,42,42,45,43,34,30,nan,VI skipped: 3^68 too large
gridworld,10,10,100,1000,100,52,52,10000,7687,4,1000,1,88,88,36,45.638888888888886,88,375.2252311988268,0.0,138.55267048999667,nan,0.08509866590611637,0.0,nan,0.00041912496089935303,0.0009320410899817944,0.00041079195216298103,0.0004081251099705696,0.00041262502782046795,0.00041912496089935303,0.0009320410899817944,0.00041079195216298103,0.0004081251099705696,0.00041262502782046795,0.0014317920431494713,nan,0.002676042029634118,0.001384875038638711,0.0022152920719236135,0.0012771671172231436,0.002320833969861269,0.001597624970600009,0.0026183337904512882,0.0015858749393373728,0.002099083038046956,0.0018290409352630377,0.0027567080687731504,513.8943785843439,1,86,nan,78,86,88,50,41,58,58,58,58,50,41,nan,VI skipped: 3^88 too large
gridworld,10,10,100,1000,100,53,53,10000,8066,4,1000,1,84,84,56,46.125,84,374.2341154587921,0.0,138.77162535535172,nan,0.07963700010441244,0.0,nan,0.0006476249545812607,0.0011437090579420328,0.0006343340501189232,0.0006326669827103615,0.0006325000431388617,0.0006476249545812607,0.0011437090579420328,0.0006343340501189232,0.0006326669827103615,0.0006325000431388617,0.001396792009472847,nan,0.002681958954781294,0.0012240838259458542,0.0022256658412516117,0.001138624968007207,0.002295583952218294,0.0017582089640200138,0.002970708068460226,0.0017907090950757265,0.002379459096118808,0.0016152078751474619,0.0027107088826596737,513.1188757920172,1,82,nan,75,73,84,42,33,61,63,63,62,42,33,nan,VI skipped: 3^84 too large
gridworld,10,10,100,1000,100,54,54,10000,7512,4,1000,1,77,77,12,46.0,77,376.60746305109933,0.0,137.87355950125493,nan,0.06993537489324808,0.0,nan,0.00018141698092222214,0.0006804999429732561,0.00016924994997680187,0.0001670829951763153,0.0001669169869273901,0.00018141698092222214,0.0006804999429732561,0.00016924994997680187,0.0001670829951763153,0.0001669169869273901,0.0012119170278310776,nan,0.0010577079374343157,0.0010056670289486647,0.0011585000902414322,4.683295264840126e-05,9.633321315050125e-05,0.0003507079090923071,8.720788173377514e-05,0.0004186248406767845,6.704195402562618e-05,6.700004450976849e-05,0.00011320807971060276,514.562420417089,0,76,nan,38,65,62,2,2,13,2,16,2,2,2,nan,VI skipped: 3^77 too large
gridworld,10,10,100,1000,100,55,55,10000,8548,4,1000,1,96,96,154,54.22077922077922,96,380.9936354686506,0.0,138.3535315056797,nan,0.09857750008814037,0.0,nan,0.0019303339067846537,0.0024685829412192106,0.0019282500725239515,0.0019291248172521591,0.0019174169283360243,0.0019303339067846537,0.0024685829412192106,0.0019282500725239515,0.0019291248172521591,0.0019174169283360243,0.0016982920933514833,nan,0.00349770812317729,0.0015852090436965227,0.0031414590775966644,0.0012940829619765282,0.004938583821058273,0.0021843749564141035,0.0037615830078721046,0.002273750025779009,0.0031712090130895376,0.0018681669607758522,0.00544645800255239,519.4994133338332,1,89,nan,84,85,96,39,36,64,67,67,67,39,36,nan,VI skipped: 3^96 too large
gridworld,10,10,100,1000,100,56,56,10000,9406,4,1000,1,70,70,50,38.6,70,380.9203107780777,0.0,139.77558197872713,nan,0.07838716683909297,0.0,nan,0.00048687495291233063,0.0009763750713318586,0.0004777500871568918,0.000477916793897748,0.00047737499698996544,0.00048687495291233063,0.0009763750713318586,0.0004777500871568918,0.000477916793897748,0.00047737499698996544,0.0011315420269966125,nan,0.002094082999974489,0.0011160420253872871,0.0017752922140061855,0.001031791791319847,0.0017776249442249537,0.001283082878217101,0.0022179579827934504,0.0012702920939773321,0.0018002078868448734,0.0014898341614753008,0.0021027501206845045,520.8017345003318,1,68,nan,61,69,70,40,30,46,49,46,49,40,30,nan,VI skipped: 3^70 too large
gridworld,10,10,100,1000,100,57,57,10000,9218,4,1000,1,75,75,81,45.111111111111114,75,381.22352941706777,0.0,141.27482862700708,nan,0.08113029110245407,0.0,nan,0.0008852500468492508,0.001389708137139678,0.0008737081661820412,0.0008762499783188105,0.0008738748729228973,0.0008852500468492508,0.001389708137139678,0.0008737081661820412,0.0008762499783188105,0.0008738748729228973,0.0012856251560151577,nan,0.0023090001195669174,0.001156957820057869,0.0020903330296278,0.0009662918746471405,0.0019887080416083336,0.0013713750522583723,0.0025130407884716988,0.0015472499653697014,0.0020885001868009567,0.0014017920475453138,0.0023167079780250788,522.6118019579444,1,73,nan,63,67,75,34,25,45,51,51,51,34,25,nan,VI skipped: 3^75 too large
gridworld,10,10,100,1000,100,58,58,10000,8358,4,1000,1,86,86,64,47.375,86,380.69647909142077,0.0,140.78898298041895,nan,0.09285741695202887,0.0,nan,0.0007419581525027752,0.0012580000329762697,0.0007392920088022947,0.0007328330539166927,0.0007317499257624149,0.0007419581525027752,0.0012580000329762697,0.0007392920088022947,0.0007328330539166927,0.0007317499257624149,0.0014315000735223293,nan,0.0027148749213665724,0.001432041171938181,0.0023137079551815987,0.0011978750117123127,0.002546750009059906,0.001723292050883174,0.0029077078215777874,0.001732375007122755,0.0023680420126765966,0.0017296250443905592,0.0029533328488469124,521.6135380410124,1,83,nan,75,85,86,44,34,59,61,60,61,44,34,nan,VI skipped: 3^86 too large
gridworld,10,10,100,1000,100,59,59,10000,8926,4,1000,1,91,91,96,50.333333333333336,91,380.36699750530533,0.0,139.79649279965088,nan,0.1070760409347713,0.0,nan,0.001126917079091072,0.0016443750355392694,0.001121958950534463,0.001119790831580758,0.0011152089573442936,0.001126917079091072,0.0016443750355392694,0.001121958950534463,0.001119790831580758,0.0011152089573442936,0.0015811671037226915,nan,0.003224459011107683,0.001576666021719575,0.002695875009521842,0.001748042181134224,0.0037845000624656677,0.0019692920614033937,0.003257292089983821,0.0019811252132058144,0.0026980829425156116,0.002547666896134615,0.004277167143300176,520.315029042773,1,87,nan,84,88,91,58,38,61,62,62,62,58,38,nan,VI skipped: 3^91 too large
gridworld,10,10,100,1000,100,60,60,10000,7411,4,1000,1,83,83,40,43.5,83,380.82213422865607,0.0,141.41098923468962,nan,0.07656841701827943,0.0,nan,0.00045599997974932194,0.0009462500456720591,0.00043995887972414494,0.0004383751656860113,0.0004371670074760914,0.00045599997974932194,0.0009462500456720591,0.00043995887972414494,0.0004383751656860113,0.0004371670074760914,0.0012928328942507505,nan,0.0024259579367935658,0.0013046669773757458,0.002073500072583556,0.0010700409766286612,0.0019511659629642963,0.001503166975453496,0.002505500102415681,0.0015155000146478415,0.0020342920906841755,0.0015265000984072685,0.002308333059772849,522.339104124112,1,78,nan,71,81,83,42,34,55,56,56,56,42,34,nan,VI skipped: 3^83 too large
gridworld,10,10,100,1000,100,61,61,10000,6941,4,1000,1,75,75,7,45.42857142857143,75,381.84157441626303,0.0,142.846421926748,nan,0.06609862484037876,0.0,nan,0.00011804187670350075,0.0006091669201850891,0.0001093749888241291,0.00010775006376206875,0.0001080420333892107,0.00011804187670350075,0.0006091669201850891,0.0001093749888241291,0.00010775006376206875,0.0001080420333892107,0.0010283750016242266,nan,0.0017015831544995308,0.000938457902520895,0.001373667037114501,0.0005644161719828844,0.0009792919736355543,0.0009741669055074453,0.00143279111944139,0.0010381671600043774,0.0011012500617653131,0.0008477082010358572,0.0012377500534057617,524.7730346240569,1,65,nan,63,61,75,30,26,38,39,41,39,30,26,nan,VI skipped: 3^75 too large
gridworld,10,10,100,1000,100,62,62,10000,7683,4,1000,1,72,72,32,39.75,72,383.2248584344052,0.0,141.10717819305137,nan,0.07110283290967345,0.0,nan,0.0003404170274734497,0.0008343339432030916,0.0003292500041425228,0.00032954104244709015,0.000331041868776083,0.0003404170274734497,0.0008343339432030916,0.0003292500041425228,0.00032954104244709015,0.000331041868776083,0.0011310409754514694,nan,0.0021099159494042397,0.0009549160022288561,0.0017618329729884863,0.0011158750858157873,0.0015129160601645708,0.0012746250722557306,0.002068457892164588,0.0012775000650435686,0.0016723328735679388,0.0016061670612543821,0.0018284579273313284,524.4287063342053,1,69,nan,63,60,72,45,30,47,47,48,47,45,30,nan,VI skipped: 3^72 too large
gridworld,10,10,100,1000,100,63,63,10000,8645,4,1000,1,82,82,40,47.475,82,388.11979037872516,0.0,140.36263269232586,nan,0.09184137498959899,0.0,nan,0.0004844998475164175,0.000982208177447319,0.0004766250494867563,0.00047516683116555214,0.0004749998915940523,0.0004844998475164175,0.000982208177447319,0.0004766250494867563,0.00047516683116555214,0.0004749998915940523,0.001190833980217576,nan,0.002413875190541148,0.0010931671131402254,0.0020478328224271536,0.0008397500496357679,0.0016618340741842985,0.0013228340540081263,0.0023671251256018877,0.0013040411286056042,0.001910374965518713,0.0012056250125169754,0.0019622500985860825,528.6019025000278,1,72,nan,71,68,82,33,29,48,53,48,53,33,29,nan,VI skipped: 3^82 too large
gridworld,10,10,100,1000,100,64,64,10000,9214,4,1000,1,84,84,80,49.2,84,375.0511511738878,0.0,139.51994744548574,nan,0.09847787511534989,0.0,nan,0.0009449159260839224,0.0014612500090152025,0.0009405829478055239,0.0009393750224262476,0.0009387501049786806,0.0009449159260839224,0.0014612500090152025,0.0009405829478055239,0.0009393750224262476,0.0009387501049786806,0.00135087501257658,nan,0.0020290000829845667,0.0012131249532103539,0.0022307911422103643,0.001273375004529953,0.002265040995553136,0.0016712502110749483,0.002691791858524084,0.0017479578964412212,0.0022592919413000345,0.0018277079798281193,0.0025774159003049135,514.7043935430702,1,77,nan,55,71,80,45,27,56,55,59,56,45,27,nan,VI skipped: 3^84 too large
gridworld,10,10,100,1000,100,65,65,10000,7696,4,1000,1,86,86,39,45.17948717948718,86,376.44104173523374,0.0,139.65852800593711,nan,0.08225795882754028,0.0,nan,0.0004516670014709234,0.0009426670148968697,0.0004377500154078007,0.0004427500534802675,0.0004354999400675297,0.0004516670014709234,0.0009426670148968697,0.0004377500154078007,0.0004427500534802675,0.0004354999400675297,0.001367832999676466,nan,0.0025667499285191298,0.0011639159638434649,0.00215300009585917,0.0011004589032381773,0.002083958825096488,0.0014518338721245527,0.0026074578054249287,0.0016119161155074835,0.0021099159494042397,0.0015742089599370956,0.0024653340224176645,516.2119772920851,1,83,nan,75,72,86,43,36,53,58,58,58,43,36,nan,VI skipped: 3^86 too large
gridworld,10,10,100,1000,100,66,66,10000,9211,4,1000,1,82,82,172,44.94767441860465,82,374.81305838911794,0.0,138.85073021962307,nan,0.0912483751308173,0.0,nan,0.0018022910226136446,0.0023212910164147615,0.0017911659087985754,0.0017991249915212393,0.0017892911564558744,0.0018022910226136446,0.0023212910164147615,0.0017911659087985754,0.0017991249915212393,0.0017892911564558744,0.0015400408301502466,nan,0.0030839580576866865,0.0015097090508788824,0.0026823750231415033,0.0013090840075165033,0.004284499911591411,0.0021344171836972237,0.003365249838680029,0.0021061659790575504,0.002844915958121419,0.0018879999406635761,0.004769541788846254,513.8044887089636,1,79,nan,74,80,82,39,32,61,59,61,59,39,32,nan,VI skipped: 3^82 too large
gridworld,10,10,100,1000,100,67,67,10000,9308,4,1000,1,96,96,208,48.40384615384615,96,374.6487057108898,0.0,139.2087590508163,nan,0.11463983403518796,0.0,nan,0.0023057919461280107,0.0028209590818732977,0.002292750170454383,0.0022845419589430094,0.002294291043654084,0.0023057919461280107,0.0028209590818732977,0.002292750170454383,0.0022845419589430094,0.002294291043654084,0.0019513340666890144,nan,0.0040022500324994326,0.0018273747991770506,0.0035061249509453773,0.0020019160583615303,0.007268458837643266,0.0024627919774502516,0.004180792020633817,0.0026310421526432037,0.0035825411323457956,0.002910542069002986,0.007983667077496648,514.038035542937,1,95,nan,88,91,96,54,42,65,67,70,67,54,42,nan,VI skipped: 3^96 too large
gridworld,10,10,100,1000,100,68,68,10000,8927,4,1000,1,90,90,104,53.875,90,376.0198485800065,0.0,138.5438505320344,nan,0.10382591700181365,0.0,nan,0.001310999970883131,0.001836832845583558,0.0012910000514239073,0.0012931250967085361,0.0012841250281780958,0.001310999970883131,0.001836832845583558,0.0012910000514239073,0.0012931250967085361,0.0012841250281780958,0.0015349159948527813,nan,0.0033505000174045563,0.0013438751921057701,0.002697291085496545,0.0012220419012010098,0.00329783302731812,0.0019100001081824303,0.003056167159229517,0.001892708009108901,0.0025921668857336044,0.001769541995599866,0.0037351250648498535,514.7101957490668,1,83,nan,86,75,90,40,32,59,58,59,59,40,32,nan,VI skipped: 3^90 too large
gridworld,10,10,100,1000,100,69,69,10000,8265,4,1000,1,89,89,54,48.55555555555556,89,375.8431397897657,0.0,140.31841095234267,nan,0.09356170799583197,0.0,nan,0.0006400421261787415,0.0011494169011712074,0.0006299158558249474,0.000627417117357254,0.0006318751256912947,0.0006400421261787415,0.0011494169011712074,0.0006299158558249474,0.000627417117357254,0.0006318751256912947,0.0013710830826312304,nan,0.002882458968088031,0.001335666049271822,0.002362291794270277,0.0010214580688625574,0.0025530830025672913,0.0017353750299662352,0.002898750128224492,0.001769250025972724,0.00234233308583498,0.0014653748366981745,0.0029219589196145535,516.2891010839958,1,81,nan,81,81,89,38,36,60,61,62,61,38,36,nan,VI skipped: 3^89 too large
gridworld,10,10,100,1000,100,70,70,10000,8549,4,1000,1,75,75,35,38.65714285714286,75,377.7274908646941,0.0,141.1610241269227,nan,0.06868333392776549,0.0,nan,0.0003590842243283987,0.0008483750279992819,0.0003478340804576874,0.00034645781852304935,0.0003450419753789902,0.0003590842243283987,0.0008483750279992819,0.0003478340804576874,0.00034645781852304935,0.0003450419753789902,0.0003166249953210354,nan,0.0019985411781817675,0.00015525007620453835,0.0017978751566261053,0.00033437483943998814,0.0007102091331034899,0.00026104203425347805,0.0005976669490337372,3.7084100767970085e-05,0.0004749998915940523,0.00047791702672839165,0.000836583087220788,518.9723957502283,0,18,nan,59,9,73,13,13,9,13,1,13,13,13,nan,VI skipped: 3^75 too large
gridworld,10,10,100,1000,100,71,71,10000,7887,4,1000,1,78,78,56,42.07142857142857,78,381.9347973195836,0.0,138.08294909377582,nan,0.08022662508301437,0.0,nan,0.0005978748667985201,0.001100167166441679,0.0005866249557584524,0.0005809168796986341,0.0005841669626533985,0.0005978748667985201,0.001100167166441679,0.0005866249557584524,0.0005809168796986341,0.0005841669626533985,0.0012462090235203505,nan,0.0024384160060435534,0.001150249969214201,0.00205258303321898,0.0010407089721411467,0.002210875041782856,0.001533667091280222,0.0025138750206679106,0.0015482918825000525,0.002048082882538438,0.0015266670379787683,0.0025993341114372015,520.1288564158604,1,74,nan,69,70,78,39,33,53,53,53,53,39,33,nan,VI skipped: 3^78 too large
gridworld,10,10,100,1000,100,72,72,10000,9317,4,1000,1,90,90,112,45.94642857142857,90,374.08816195861436,0.0,137.72839993122034,nan,0.09612908284179866,0.0,nan,0.0011957089882344007,0.0017362500075250864,0.0012080410961061716,0.0012023751623928547,0.0012014159001410007,0.0011957089882344007,0.0017362500075250864,0.0012080410961061716,0.0012023751623928547,0.0012014159001410007,0.0016277499962598085,nan,0.0030888328328728676,0.0014989159535616636,0.002709208056330681,0.0015131249092519283,0.0041272498201578856,0.0019259578548371792,0.0033535000402480364,0.0018989169038832188,0.002799833891913295,0.002197875175625086,0.004646874964237213,511.9576811681036,1,90,nan,79,85,90,49,39,59,63,59,63,49,39,nan,VI skipped: 3^90 too large
gridworld,10,10,100,1000,100,73,73,10000,8742,4,1000,1,77,77,48,42.416666666666664,77,375.9743872224353,0.0,138.41258875327185,nan,0.08079087501391768,0.0,nan,0.0005204589106142521,0.001034292159602046,0.0005122080910950899,0.0005070420447736979,0.000503916060552001,0.0005204589106142521,0.001034292159602046,0.0005122080910950899,0.0005070420447736979,0.000503916060552001,0.0012170840054750443,nan,0.0023040419910103083,0.0011949578765779734,0.0019849580712616444,0.0009176249150186777,0.0017741250339895487,0.0014825831167399883,0.0023168339394032955,0.0014632500242441893,0.0019209999591112137,0.0013287500478327274,0.002106374828144908,514.4962807078846,1,72,nan,66,73,77,35,29,52,50,52,51,35,29,nan,VI skipped: 3^77 too large
gridworld,10,10,100,1000,100,74,74,10000,7507,4,1000,1,90,90,47,47.851063829787236,90,374.65771253523417,0.0,139.39181589568034,nan,0.11452858382835984,0.0,nan,0.000558250118046999,0.0010797078721225262,0.0005489590112119913,0.0005473331548273563,0.0005520000122487545,0.000558250118046999,0.0010797078721225262,0.0005489590112119913,0.0005473331548273563,0.0005520000122487545,0.0014701250474900007,nan,0.002949249930679798,0.0012858749832957983,0.0023402089718729258,0.0011519170366227627,0.0028003330808132887,0.001629082951694727,0.0026974170468747616,0.0016337919514626265,0.0022972500883042812,0.0016820828896015882,0.00329166604205966,514.1979961667676,1,88,nan,84,79,90,44,44,57,58,58,61,44,44,nan,VI skipped: 3^90 too large
gridworld,10,10,100,1000,100,75,75,10000,9498,4,1000,1,78,78,84,47.916666666666664,78,375.28154489560984,0.0,139.78570219385438,nan,0.08516904106363654,0.0,nan,0.000980834010988474,0.0014692919794470072,0.000976666109636426,0.0009756670333445072,0.0009702499955892563,0.000980834010988474,0.0014692919794470072,0.000976666109636426,0.0009756670333445072,0.0009702499955892563,0.0013147920835763216,nan,0.002410958055406809,0.0011219168081879616,0.002184542128816247,0.0007767919450998306,0.0021032500080764294,0.0015890831127762794,0.00251241703517735,0.0016020839102566242,0.001995750004425645,0.0011362088844180107,0.002447166945785284,515.1856968330685,1,75,nan,65,65,78,27,25,51,50,52,48,27,25,nan,VI skipped: 3^78 too large
gridworld,10,10,100,1000,100,76,76,10000,9304,4,1000,1,82,82,170,41.90588235294118,82,375.5735443083104,0.0,138.57433120254427,nan,0.08882375014945865,0.0,nan,0.0016591250896453857,0.0021666251122951508,0.0016567499842494726,0.001653500134125352,0.0016654999926686287,0.0016591250896453857,0.0021666251122951508,0.0016567499842494726,0.001653500134125352,0.0016654999926686287,0.0014995408710092306,nan,0.003355958964675665,0.0015282081440091133,0.002668458968400955,0.0014211249072104692,0.004528375109657645,0.0022310419008135796,0.003507917048409581,0.0021885838359594345,0.0029644998721778393,0.002074833959341049,0.005029499996453524,514.2866030831356,1,78,nan,81,82,82,43,34,64,62,64,62,43,34,nan,VI skipped: 3^82 too large
gridworld,10,10,100,1000,100,77,77,10000,7974,4,1000,1,88,88,36,42.083333333333336,88,376.013341749087,0.0,139.22820228966884,nan,0.09544637519866228,0.0,nan,0.000393665861338377,0.0009147499222308397,0.000383750069886446,0.00038233306258916855,0.00037970789708197117,0.000393665861338377,0.0009147499222308397,0.000383750069886446,0.00038233306258916855,0.00037970789708197117,0.0014249170199036598,nan,0.0026760839391499758,0.0013911251444369555,0.002182750031352043,0.0012069579679518938,0.0023555420339107513,0.001701749861240387,0.0030117910355329514,0.0018638749606907368,0.0024667498655617237,0.0017730840481817722,0.0028308751061558723,515.3694032090716,1,88,nan,79,88,88,48,42,63,68,68,68,48,42,nan,VI skipped: 3^88 too large
gridworld,10,10,100,1000,100,78,78,10000,7223,4,1000,1,78,78,40,40.75,78,377.2745064373594,0.0,139.91644241381437,nan,0.08283725008368492,0.0,nan,0.0004229580517858267,0.0009420420974493027,0.0004091670271009207,0.0004176660440862179,0.0004103328101336956,0.0004229580517858267,0.0009420420974493027,0.0004091670271009207,0.0004176660440862179,0.0004103328101336956,0.0012883751187473536,nan,0.0025274588260799646,0.00123420893214643,0.001965167000889778,0.0011901669204235077,0.0017858750652521849,0.0015215419698506594,0.0025183751713484526,0.001539750024676323,0.002031874842941761,0.0017223749309778214,0.0021343750413507223,517.302952916827,1,77,nan,73,76,78,46,31,54,55,55,55,46,31,nan,VI skipped: 3^78 too large
gridworld,10,10,100,1000,100,79,79,10000,5703,4,1000,1,68,68,12,37.25,68,382.68488670978695,0.0,138.6669496090617,nan,0.056244792183861136,0.0,nan,0.00014700018800795078,0.0006695410702377558,0.0001406657975167036,0.00013800011947751045,0.0001404997892677784,0.00014700018800795078,0.0006695410702377558,0.0001406657975167036,0.00013800011947751045,0.0001404997892677784,0.001024666940793395,nan,0.001551290974020958,0.0010352078825235367,0.001266332808881998,0.000571416923776269,0.0011224171612411737,0.0011406659614294767,0.0016736250836402178,0.0011572090443223715,0.0012876659166067839,0.0008620838634669781,0.0013943328522145748,521.4277365838643,1,64,nan,56,66,68,30,28,44,45,45,45,30,28,nan,VI skipped: 3^68 too large
gridworld,10,10,100,1000,100,80,80,10000,8838,4,1000,1,87,87,54,45.666666666666664,87,374.84755570744164,0.0,140.3702236742247,nan,0.08734495798125863,0.0,nan,0.00062029086984694,0.0011235419660806656,0.0006035419646650553,0.0005963752046227455,0.0005934999790042639,0.00062029086984694,0.0011235419660806656,0.0006035419646650553,0.0005963752046227455,0.0005934999790042639,0.001373667037114501,nan,0.002527124946936965,0.0014197500422596931,0.002314792014658451,0.00122187496162951,0.002853584010154009,0.0017899998929351568,0.002848166972398758,0.001628583064302802,0.00234250002540648,0.001739625120535493,0.0033134999684989452,515.3396844998933,1,80,nan,70,85,87,45,41,62,60,57,61,45,41,nan,VI skipped: 3^87 too large
gridworld,10,10,100,1000,100,81,81,10000,7144,4,1000,1,65,65,7,34.857142857142854,65,375.75828873808496,0.0,139.65538635780104,nan,0.0649981249589473,0.0,nan,0.00010145897977054119,0.0006172079592943192,9.200000204145908e-05,0.0014270420651882887,9.054201655089855e-05,0.00010145897977054119,0.0006172079592943192,9.200000204145908e-05,0.0014270420651882887,9.054201655089855e-05,0.0013227909803390503,nan,0.0015002088621258736,0.0008319159969687462,0.0011637918651103973,0.0005692499689757824,0.0010654169600456953,0.0009636247996240854,0.0013336250558495522,0.0009047079365700483,0.0010219588875770569,0.0008568749763071537,0.0013345831539481878,515.4981953748502,1,63,nan,56,54,65,31,29,38,37,36,37,31,29,nan,VI skipped: 3^65 too large
gridworld,10,10,100,1000,100,82,82,10000,8738,4,1000,1,83,83,48,48.833333333333336,83,375.9895113189705,0.0,139.57613734249026,nan,0.09494145796634257,0.0,nan,0.0006107499357312918,0.001099791144952178,0.0005896249786019325,0.0005900829564779997,0.0005875830538570881,0.0006107499357312918,0.001099791144952178,0.0005896249786019325,0.0005900829564779997,0.0005875830538570881,0.0011071250773966312,nan,0.0026144159492105246,0.00017754198051989079,0.002132417168468237,0.00034833396784961224,0.0008445838466286659,0.00018866709433495998,0.000613790936768055,3.891694359481335e-05,0.0004967919085174799,0.0005007078871130943,0.0009959579911082983,515.6798297909554,0,65,nan,74,10,82,13,13,6,13,1,13,13,13,nan,VI skipped: 3^83 too large
gridworld,10,10,100,1000,100,83,83,10000,7036,4,1000,1,95,95,9,47.666666666666664,95,375.3882306253072,0.0,140.18462205608375,nan,0.07506754202768207,0.0,nan,0.00015483400784432888,0.0006712090689688921,0.00014120806008577347,0.0001402499619871378,0.00013883295468986034,0.00015483400784432888,0.0006712090689688921,0.00014120806008577347,0.0001402499619871378,0.00013883295468986034,0.0014920830726623535,nan,0.0023930829484015703,0.0013436670415103436,0.001788166118785739,0.0008786250837147236,0.0017602909356355667,0.0015402501448988914,0.002260040957480669,0.00160670792683959,0.0017216249834746122,0.0013404579367488623,0.002192458137869835,515.6739484579302,1,93,nan,86,86,95,46,44,59,60,62,60,46,44,nan,VI skipped: 3^95 too large
gridworld,10,10,100,1000,100,84,84,10000,9021,4,1000,1,68,68,21,35.61904761904762,68,375.78016870841384,0.0,139.7148941613268,nan,0.06527187488973141,0.0,nan,0.00021779094822704792,0.0007068749982863665,0.00020770798437297344,0.000206290977075696,0.0002062499988824129,0.00021779094822704792,0.0007068749982863665,0.00020770798437297344,0.000206290977075696,0.0002062499988824129,0.0010566660203039646,nan,0.0020255418494343758,0.0010287920013070107,0.001617165980860591,0.0008534998632967472,0.001294249901548028,0.0012925828341394663,0.0020754579454660416,0.001283625140786171,0.0016613330226391554,0.0012171249836683273,0.0015769579913467169,515.5835651669186,1,65,nan,61,65,68,35,29,49,48,49,48,35,29,nan,VI skipped: 3^68 too large
gridworld,10,10,100,1000,100,85,85,10000,8928,4,1000,1,77,77,48,40.25,77,376.17396874702536,0.0,139.79592725005932,nan,0.09063245798461139,0.0,nan,0.0004936670884490013,0.0009998339228332043,0.00048379204235970974,0.0004810839891433716,0.00048608286306262016,0.0004936670884490013,0.0009998339228332043,0.00048379204235970974,0.0004810839891433716,0.00048608286306262016,0.0012506658677011728,nan,0.002403167076408863,0.0012315839994698763,0.0020089580211788416,0.0011195000261068344,0.0021092500537633896,0.0016023339703679085,0.0025796249974519014,0.0015862910076975822,0.0020950420293956995,0.0016177918296307325,0.0024864589795470238,516.0909610828385,1,73,nan,68,74,77,42,34,55,55,55,55,42,34,nan,VI skipped: 3^77 too large
gridworld,10,10,100,1000,100,86,86,10000,8646,4,1000,1,82,82,40,44.75,82,377.9853262519464,0.0,139.64264002325945,nan,0.08870920911431313,0.0,nan,0.000461542047560215,0.0009731659665703773,0.0004543750546872616,0.0004499999340623617,0.00044962484389543533,0.000461542047560215,0.0009731659665703773,0.0004543750546872616,0.0004499999340623617,0.00044962484389543533,0.001343333162367344,nan,0.002602832857519388,0.0012902920134365559,0.0020557090174406767,0.0011814169120043516,0.0017914578784257174,0.0015130829997360706,0.0025483749341219664,0.0015773340128362179,0.0020622501615434885,0.0016822079196572304,0.0021193751599639654,517.7464850421529,1,81,nan,76,80,82,46,31,55,57,58,57,46,31,nan,VI skipped: 3^82 too large
gridworld,10,10,100,1000,100,87,87,10000,7498,4,1000,1,77,77,64,40.8125,77,382.4038898793515,0.0,138.90404979209416,nan,0.0659826670307666,0.0,nan,0.0006424998864531517,0.0011379588395357132,0.0006304581183940172,0.0006381249986588955,0.0006307079456746578,0.0006424998864531517,0.0011379588395357132,0.0006304581183940172,0.0006381249986588955,0.0006307079456746578,0.001293624984100461,nan,0.0027714581228792667,0.0012767501175403595,0.0020997498650103807,0.0010087499395012856,0.002265250077471137,0.0015279999934136868,0.0024480829015374184,0.0015827089082449675,0.001993415877223015,0.0014575838577002287,0.0026142499409615993,521.4055220421869,1,74,nan,76,75,77,36,31,51,50,53,50,36,31,nan,VI skipped: 3^77 too large
gridworld,10,10,100,1000,100,88,88,10000,6558,4,1000,1,59,59,4,34.5,59,373.35123856854625,0.0,138.49359047575854,nan,0.054821165977045894,0.0,nan,7.654190994799137e-05,0.0005662499461323023,6.700004450976849e-05,6.512482650578022e-05,6.441702134907246e-05,7.654190994799137e-05,0.0005662499461323023,6.700004450976849e-05,6.512482650578022e-05,6.441702134907246e-05,0.001937375171110034,nan,0.0012855830136686563,0.0008237920701503754,0.0010590001475065947,0.0005350410938262939,0.0007882909849286079,0.0006633750163018703,0.0010452910792082548,0.0007312500383704901,0.0007970831356942654,0.000803499948233366,0.0009914999827742577,511.91605816595256,1,56,nan,48,53,59,29,22,26,29,29,29,29,22,nan,VI skipped: 3^59 too large
gridworld,10,10,100,1000,100,89,89,10000,7986,4,1000,1,82,82,8,45.0,82,373.95127208018675,0.0,137.95647343387827,nan,0.07040924998000264,0.0,nan,0.0001317090354859829,0.0006656250916421413,0.0001230000052601099,0.00012450013309717178,0.00012108404189348221,0.0001317090354859829,0.0006656250916421413,0.0001230000052601099,0.00012450013309717178,0.00012108404189348221,0.0012862090952694416,nan,0.002065124921500683,0.00109083391726017,0.0015396659728139639,0.0007527919951826334,0.0012821659911423922,0.0010399161837995052,0.001442542066797614,0.001119332853704691,0.0011099998373538256,0.00114100007340312,0.0015925420448184013,511.9992816669401,1,81,nan,76,70,82,40,33,40,39,44,39,40,33,nan,VI skipped: 3^82 too large
gridworld,10,10,100,1000,100,90,90,10000,9026,4,1000,1,75,75,28,41.392857142857146,75,373.2549962052144,0.0,138.89170874026604,nan,0.07902012509293854,0.0,nan,0.0003142920322716236,0.0008297918830066919,0.00030687497928738594,0.0003040002193301916,0.00030420790426433086,0.0003142920322716236,0.0008297918830066919,0.00030687497928738594,0.0003040002193301916,0.00030420790426433086,0.0012434169184416533,nan,0.0023997079115360975,0.0010402500629425049,0.0018584579229354858,0.0008924589492380619,0.0014615419786423445,0.0014113748911768198,0.002346334047615528,0.001426124945282936,0.0018843328580260277,0.0012663749512284994,0.001769790891557932,512.2517194580287,1,75,nan,71,64,75,35,29,52,53,53,53,35,29,nan,VI skipped: 3^75 too large
gridworld,10,10,100,1000,100,91,91,10000,9406,4,1000,1,75,75,14,45.5,75,373.9988092093263,0.0,139.43433786579408,nan,0.08510333416052163,0.0,nan,0.00019558286294341087,0.0007200001273304224,0.00018370803445577621,0.00018162489868700504,0.00018120789900422096,0.00019558286294341087,0.0007200001273304224,0.00018370803445577621,0.00018162489868700504,0.00018120789900422096,0.0011466669384390116,nan,0.0022136669140309095,0.0011820420622825623,0.0017690830864012241,0.0007519158534705639,0.0011014998890459538,0.0009825830347836018,0.0017284590285271406,0.001100124791264534,0.0014088749885559082,0.0010784580372273922,0.001349541125819087,513.5403066249564,1,71,nan,67,75,75,31,26,37,40,42,41,31,26,nan,VI skipped: 3^75 too large
gridworld,10,10,100,1000,100,92,92,10000,9016,4,1000,1,87,87,120,49.68333333333333,87,374.0363122182898,0.0,138.57674353779294,nan,0.09034662507474422,0.0,nan,0.0013917919714003801,0.0019447910599410534,0.0013927919790148735,0.0013944171369075775,0.0013880000915378332,0.0013917919714003801,0.0019447910599410534,0.0013927919790148735,0.0013944171369075775,0.0013880000915378332,0.001613499829545617,nan,0.0029359159525483847,0.0015375420916825533,0.0027065419126302004,0.0010371669195592403,0.003550417022779584,0.0018359168898314238,0.0031410420779138803,0.0017154999077320099,0.0026700838934630156,0.001509374938905239,0.003970665857195854,512.7466325410642,1,86,nan,73,83,87,33,31,55,58,52,59,33,31,nan,VI skipped: 3^87 too large
gridworld,10,10,100,1000,100,93,93,10000,9497,4,1000,1,67,67,42,41.595238095238095,67,373.9174868303817,0.0,138.857386254007,nan,0.07408212497830391,0.0,nan,0.000447707949206233,0.0009642499499022961,0.0004322498571127653,0.00042966590262949467,0.0004308749921619892,0.000447707949206233,0.0009642499499022961,0.0004322498571127653,0.00042966590262949467,0.0004308749921619892,0.0011196669656783342,nan,0.0021435830276459455,0.0008966671302914619,0.0017039170488715172,0.0007812920957803726,0.001412124838680029,0.0011202909518033266,0.0019946671091020107,0.0011642088647931814,0.0016126669943332672,0.0011147498153150082,0.00168374995701015,512.8736899590585,1,66,nan,62,54,67,30,26,40,44,42,44,30,26,nan,VI skipped: 3^67 too large
gridworld,10,10,100,1000,100,94,94,10000,9023,4,1000,1,70,70,91,40.46153846153846,70,374.5515202630777,0.0,137.26048789732158,nan,0.06762054096907377,0.0,nan,0.0008937919046729803,0.0012219168711453676,0.0008950000628829002,0.0008917080704122782,0.0008889581076800823,0.0008937919046729803,0.0012219168711453676,0.0008950000628829002,0.0008917080704122782,0.0008889581076800823,7.812492549419403e-05,nan,0.0016945409588515759,0.00037729088217020035,0.0017604997847229242,3.987504169344902e-05,0.00010145781561732292,4.483293741941452e-05,6.316602230072021e-05,4.3250154703855515e-05,5.2582938224077225e-05,5.274987779557705e-05,0.00011004204861819744,511.89509583381005,0,3,nan,45,21,62,1,1,1,1,1,1,1,1,nan,VI skipped: 3^70 too large
gridworld,10,10,100,1000,100,95,95,10000,9406,4,1000,1,85,85,28,54.67857142857143,85,372.6597373210825,0.0,135.67051916918717,nan,0.08037704089656472,0.0,nan,0.0004057500045746565,0.0009027500636875629,0.0003910411614924669,0.00038820900954306126,0.00038612494245171547,0.0004057500045746565,0.0009027500636875629,0.0003910411614924669,0.00038820900954306126,0.00038612494245171547,0.0013719580601900816,nan,0.002574167214334011,0.0011227920185774565,0.0021074588876217604,0.0007844169158488512,0.0013615831267088652,0.0011691658291965723,0.00212824996560812,0.0011605420149862766,0.0018851249478757381,0.0011200420558452606,0.0016154579352587461,508.43666154216044,1,83,nan,76,69,85,31,26,43,48,43,53,31,26,nan,VI skipped: 3^85 too large
gridworld,10,10,100,1000,100,96,96,10000,9304,4,1000,1,81,81,150,40.36666666666667,81,270.80044051632285,0.0,97.70625839452259,nan,0.06581075000576675,0.0,nan,0.0014162920415401459,0.0019509168341755867,0.0014122501015663147,0.0016155419871211052,0.0014058330561965704,0.0014162920415401459,0.0019509168341755867,0.0014122501015663147,0.0016155419871211052,0.0014058330561965704,0.0015047499909996986,nan,0.0032887908164411783,0.0015163752250373363,0.002594792051240802,0.001422917004674673,0.004620332969352603,0.002073541982099414,0.0034423749893903732,0.0020607500337064266,0.0028823339380323887,0.002083792118355632,0.005144750000908971,368.61941791698337,1,78,nan,80,81,81,44,37,61,62,61,62,44,37,nan,VI skipped: 3^81 too large
gridworld,10,10,100,1000,100,97,97,10000,8558,4,1000,1,87,87,24,47.333333333333336,87,269.60113704926334,0.0,95.06049459520727,nan,0.06331062503159046,0.0,nan,0.0003102498594671488,0.0008392920717597008,0.0002948329783976078,0.0002922920975834131,0.00029245810583233833,0.0003102498594671488,0.0008392920717597008,0.0002948329783976078,0.0002922920975834131,0.00029245810583233833,0.0014366668183356524,nan,0.002569250063970685,0.001382916932925582,0.0021257088519632816,0.0012433340307325125,0.002241249894723296,0.0015801670961081982,0.002558459062129259,0.001478708116337657,0.0020774160511791706,0.0017804161179810762,0.0027116669807583094,364.7539556659758,1,87,nan,76,86,87,50,46,58,58,55,59,50,46,nan,VI skipped: 3^87 too large
gridworld,10,10,100,1000,100,98,98,10000,8658,4,1000,1,78,78,14,47.785714285714285,78,268.9983339214232,0.0,97.09872219944373,nan,0.046747458167374134,0.0,nan,0.00020066602155566216,0.0005681249313056469,0.00019104196690022945,0.00019008410163223743,0.00018925010226666927,0.00020066602155566216,0.0005681249313056469,0.00019104196690022945,0.00019008410163223743,0.00018925010226666927,0.0012350420001894236,nan,0.0025246248114854097,0.0011167090851813555,0.001847791951149702,0.0007610830944031477,0.00115099991671741,0.0011218341533094645,0.0020039998926222324,0.001188791124150157,0.0015957080759108067,0.0010852089617401361,0.001420958200469613,366.1657190830447,1,76,nan,76,70,78,31,27,42,46,45,46,31,27,nan,VI skipped: 3^78 too large
gridworld,10,10,100,1000,100,99,99,10000,7979,4,1000,1,73,73,9,40.666666666666664,73,267.96750086406246,0.0,96.64103982690722,nan,0.04278362519107759,0.0,nan,0.00012916699051856995,0.000496583990752697,0.00012070802040398121,0.00011983397416770458,0.00011974992230534554,0.00012916699051856995,0.000496583990752697,0.00012070802040398121,0.00011983397416770458,0.00011974992230534554,0.0011017920915037394,nan,0.0016800418961793184,0.0009975829161703587,0.0013495408929884434,0.0005890838801860809,0.0011753749568015337,0.0010914579033851624,0.0015958338044583797,0.0011307080276310444,0.0012195419985800982,0.0008963330183178186,0.0014712081756442785,364.6699414169416,1,69,nan,61,64,73,31,30,42,43,44,43,31,30,nan,VI skipped: 3^73 too large
puddleworld,10,10,100,1000,100,0,100,10000,9217,4,1000,1,72,72,32,45.875,72,376.273834126303,0.0,140.1082289936021,nan,0.08037087507545948,0.0,nan,0.0024791660252958536,0.01101020909845829,0.0012903751339763403,0.0012984161730855703,0.0013200000394135714,0.0024791660252958536,0.01101020909845829,0.0012903751339763403,0.0012984161730855703,0.0013200000394135714,0.02141866716556251,nan,0.0028195001650601625,0.00105058285407722,0.001800083089619875,0.000886416994035244,0.0020957498345524073,0.0011520830448716879,0.0016369589138776064,0.0020682078320533037,0.0027279171627014875,0.002263499889522791,0.0029155840165913105,516.5494940839708,1,69,nan,65,61,72,34,24,41,36,44,37,34,24,nan,VI skipped: 3^72 too large
puddleworld,10,10,100,1000,100,1,101,10000,7605,4,1000,1,72,72,20,43.4,72,378.57235691393726,0.0,140.49755706009455,nan,0.07332612504251301,0.0,nan,0.0005049579776823521,0.0013840000610798597,0.00046387501060962677,0.0004562500398606062,0.0004522500094026327,0.0005049579776823521,0.0013840000610798597,0.00046387501060962677,0.0004562500398606062,0.0004522500094026327,0.002015500096604228,nan,0.003557541873306036,0.0016333339735865593,0.0025741250719875097,0.0010469581466168165,0.001992792123928666,0.0014318330213427544,0.002540834015235305,0.0014149588532745838,0.0020534589421004057,0.0012729170266538858,0.0019535000901669264,519.1783805838786,1,67,nan,63,66,72,29,29,38,43,41,47,29,29,nan,VI skipped: 3^72 too large
puddleworld,10,10,100,1000,100,2,102,10000,9403,4,1000,1,76,76,50,44.9,76,378.81528687221,0.0,139.14992709481157,nan,0.08118733391165733,0.0,nan,0.0007128750439733267,0.0013382500037550926,0.0010305000469088554,0.0006803341675549746,0.0006775418296456337,0.0007128750439733267,0.0013382500037550926,0.0010305000469088554,0.0006803341675549746,0.0006775418296456337,0.001476125093176961,nan,0.0030211249832063913,0.0013109580613672733,0.002258499851450324,0.0010043750517070293,0.001847042003646493,0.0016037910245358944,0.0023591250646859407,0.001581875141710043,0.0018494168762117624,0.0013530408032238483,0.001970415934920311,518.0809451248497,1,69,nan,72,63,76,35,26,51,48,52,48,35,26,nan,VI skipped: 3^76 too large
puddleworld,10,10,100,1000,100,3,103,10000,9499,4,1000,1,84,84,100,49.3,84,383.67411462124437,0.0,138.22090364107862,nan,0.09561504190787673,0.0,nan,0.0011852500028908253,0.0026495419442653656,0.0011766250245273113,0.0011620000004768372,0.0011828751303255558,0.0011852500028908253,0.0026495419442653656,0.0011766250245273113,0.0011620000004768372,0.0011828751303255558,0.0015699169598519802,nan,0.0031678329687565565,0.0012706671841442585,0.002521082991734147,0.000973499845713377,0.002844959031790495,0.0018045830074697733,0.0029837919864803553,0.0018512089736759663,0.002525667194277048,0.0014113751240074635,0.0031577078625559807,522.0321172077674,1,83,nan,72,70,84,32,28,56,57,58,58,32,28,nan,VI skipped: 3^84 too large
puddleworld,10,10,100,1000,100,4,104,10000,9307,4,1000,1,78,78,42,49.88095238095238,78,376.47476206324063,0.0,139.4855201386381,nan,0.08787454199045897,0.0,nan,0.0005499159451574087,0.0010745418258011341,0.0005272920243442059,0.0005276661831885576,0.0005230000242590904,0.0005499159451574087,0.0010745418258011341,0.0005272920243442059,0.0005276661831885576,0.0005230000242590904,0.0012305828277021646,nan,0.0025410831440240145,0.0010559579823166132,0.001986999996006489,0.0008630841039121151,0.0013837500009685755,0.001302958931773901,0.002290415810421109,0.0013749999925494194,0.0018600418698042631,0.0012468339409679174,0.0016228330787271261,516.0775554999709,1,72,nan,73,64,78,33,23,46,50,49,50,33,23,nan,VI skipped: 3^78 too large
puddleworld,10,10,100,1000,100,5,105,10000,8357,4,1000,1,61,61,32,37.875,61,376.1533446132671,0.0,138.06226358097047,nan,0.07626408291980624,0.0,nan,0.00031724991276860237,0.0008590840734541416,0.0003139171749353409,0.0003080409951508045,0.00030479091219604015,0.00031724991276860237,0.0008590840734541416,0.0003139171749353409,0.0003080409951508045,0.00030479091219604015,0.0009576252195984125,nan,0.0018740419764071703,0.0007741670124232769,0.0015305420383810997,0.0005684578791260719,0.0009833329822868109,0.001181707950308919,0.0017115829978138208,0.0011462920811027288,0.0013909591361880302,0.0008140001446008682,0.0011718340683728456,514.3142956248485,1,56,nan,55,47,61,22,19,42,38,41,38,22,19,nan,VI skipped: 3^61 too large
puddleworld,10,10,100,1000,100,6,106,10000,5317,4,1000,1,79,79,6,51.0,79,375.7952240384184,0.0,139.95407184422947,nan,0.07590229203924537,0.0,nan,0.00012391596101224422,0.000647042179480195,0.00011024996638298035,0.00010858383029699326,0.00010829116217792034,0.00012391596101224422,0.000647042179480195,0.00011024996638298035,0.00010858383029699326,0.00010829116217792034,0.001262499950826168,nan,0.0017854580655694008,0.0010190000757575035,0.0014159169513732195,0.0005007090512663126,0.001012041000649333,0.0008992908988147974,0.001064084004610777,0.0009035409893840551,0.000855583930388093,0.000760124996304512,0.0012677079066634178,515.8440494567621,1,79,nan,66,66,79,27,27,35,29,36,31,27,27,nan,VI skipped: 3^79 too large
puddleworld,10,10,100,1000,100,7,107,10000,8264,4,1000,1,86,86,50,52.6,86,376.6168133185711,0.0,140.96485508838668,nan,0.08504720800556242,0.0,nan,0.000649208202958107,0.0011854579206556082,0.0009937500581145287,0.000645000021904707,0.0006372081115841866,0.000649208202958107,0.0011854579206556082,0.0009937500581145287,0.000645000021904707,0.0006372081115841866,0.0014393331948667765,nan,0.0028842920437455177,0.0011782501824200153,0.002243791939690709,0.0008831250015646219,0.002026708098128438,0.0016589160077273846,0.002617917023599148,0.001637415960431099,0.002124333055689931,0.0012626668903976679,0.0023671670351177454,517.700518167112,1,83,nan,81,71,86,33,30,58,56,58,56,33,30,nan,VI skipped: 3^86 too large
puddleworld,10,10,100,1000,100,8,108,10000,9402,4,1000,1,74,74,24,44.0,74,375.69666719809175,0.0,139.87857287819497,nan,0.07930016680620611,0.0,nan,0.0002922080457210541,0.0008203750476241112,0.0002799578942358494,0.00027883402071893215,0.00027900002896785736,0.0002922080457210541,0.0008203750476241112,0.0002799578942358494,0.00027883402071893215,0.00027900002896785736,0.0011716249864548445,nan,0.0020874589681625366,0.0010238748509436846,0.0018057089764624834,0.0009025000035762787,0.0012844998855143785,0.0013468752149492502,0.002231209073215723,0.0013524580281227827,0.0017859998624771833,0.0012686671689152718,0.0015422909054905176,515.6806855828036,1,71,nan,62,64,74,36,27,50,51,51,51,36,27,nan,VI skipped: 3^74 too large
puddleworld,10,10,100,1000,100,9,109,10000,7890,4,1000,1,81,81,77,43.72727272727273,81,374.5650438400917,0.0,137.43741435627453,nan,0.10071420902386308,0.0,nan,0.0008249999955296516,0.0013216249644756317,0.0008015409111976624,0.000802875030785799,0.0007947918493300676,0.0008249999955296516,0.0013216249644756317,0.0008015409111976624,0.000802875030785799,0.0007947918493300676,0.0014274588320404291,nan,0.0027006249874830246,0.0011529580224305391,0.0022424578201025724,0.0010714591480791569,0.0026253750547766685,0.0016474160365760326,0.0028716251254081726,0.0017605838365852833,0.0024067088961601257,0.0015191659331321716,0.0030104999896138906,512.1396573742386,1,81,nan,74,67,81,38,32,55,59,60,60,38,32,nan,VI skipped: 3^81 too large
puddleworld,10,10,100,1000,100,10,110,10000,9311,4,1000,1,71,71,64,40.375,71,373.7231625812128,0.0,137.8967766414862,nan,0.0782881248742342,0.0,nan,0.00063699996098876,0.001184707973152399,0.0006301659159362316,0.0006282499525696039,0.000626124907284975,0.00063699996098876,0.001184707973152399,0.0006301659159362316,0.0006282499525696039,0.000626124907284975,0.001190084032714367,nan,0.0021427078172564507,0.001138624968007207,0.0018879580311477184,0.0011349590495228767,0.0018149169627577066,0.0013087079860270023,0.002180832903832197,0.0014410000294446945,0.0018235419411212206,0.0016288328915834427,0.002095291158184409,511.7279901660513,1,69,nan,60,68,71,42,26,45,46,50,47,42,26,nan,VI skipped: 3^71 too large
puddleworld,10,10,100,1000,100,11,111,10000,8556,4,1000,1,94,94,42,45.26190476190476,94,375.2825091872364,0.0,137.8720403756015,nan,0.0971600420307368,0.0,nan,0.00048249983228743076,0.001011500135064125,0.0004696671385318041,0.0004690841306000948,0.0004681251011788845,0.00048249983228743076,0.001011500135064125,0.0004696671385318041,0.0004690841306000948,0.0004681251011788845,0.0015583750791847706,nan,0.0031850000377744436,0.001476583071053028,0.0024546668864786625,0.0013390418607741594,0.0028380420990288258,0.001979290973395109,0.0030062920413911343,0.0021175420843064785,0.002335041994228959,0.001917666057124734,0.0033766247797757387,513.2885327090044,1,91,nan,90,88,94,50,45,68,64,74,61,50,45,nan,VI skipped: 3^94 too large
puddleworld,10,10,100,1000,100,12,112,10000,7219,4,1000,1,65,65,8,43.5,65,374.06233873940073,0.0,138.4551699871663,nan,0.06428145803511143,0.0,nan,0.00012850016355514526,0.0006285000126808882,0.00011587492190301418,0.00011350004933774471,0.00011625001206994057,0.00012850016355514526,0.0006285000126808882,0.00011587492190301418,0.00011350004933774471,0.00011625001206994057,0.0009782500565052032,nan,0.0014875410124659538,0.0008570828940719366,0.0011922500561922789,0.0003788329195231199,0.0007648330647498369,0.0007961669471114874,0.0011369581334292889,0.0007579168304800987,0.0008711251430213451,0.0005666660144925117,0.0009516659192740917,512.5991022509988,1,61,nan,55,55,65,20,20,31,31,30,31,20,20,nan,VI skipped: 3^65 too large
puddleworld,10,10,100,1000,100,13,113,10000,9498,4,1000,1,88,88,48,50.458333333333336,88,376.74775456706993,0.0,138.73343933559954,nan,0.09864637511782348,0.0,nan,0.0005930420011281967,0.0012368329335004091,0.0005813329480588436,0.0005787909030914307,0.0005785829853266478,0.0005930420011281967,0.0012368329335004091,0.0005813329480588436,0.0005787909030914307,0.0005785829853266478,0.0014050421305000782,nan,0.002617041114717722,0.001275832997635007,0.002306584035977721,0.0010762079618871212,0.0023006671108305454,0.0017356669995933771,0.002957541961222887,0.001794541021808982,0.0023989591281861067,0.0014971659984439611,0.002563625108450651,515.613833499141,1,82,nan,74,77,88,39,33,59,63,63,63,39,33,nan,VI skipped: 3^88 too large
puddleworld,10,10,100,1000,100,14,114,10000,9123,4,1000,1,93,93,45,46.4,93,375.84954575030133,0.0,139.73864754708484,nan,0.08962541702203453,0.0,nan,0.0005446251016110182,0.0010923340450972319,0.0005229578819125891,0.0005200000014156103,0.0005231660325080156,0.0005446251016110182,0.0010923340450972319,0.0005229578819125891,0.0005200000014156103,0.0005231660325080156,0.0014606660697609186,nan,0.003098082961514592,0.0015032498631626368,0.002497625071555376,0.0017538750544190407,0.0025296250823885202,0.0019607078284025192,0.0032747918739914894,0.0020264999475330114,0.002656415803357959,0.002479374874383211,0.0029491251334547997,515.7180277078878,1,83,nan,85,88,93,64,38,67,69,70,69,64,38,nan,VI skipped: 3^93 too large
puddleworld,10,10,100,1000,100,15,115,10000,9499,4,1000,1,88,88,132,49.5,88,381.5583790349774,0.0,136.38738479674794,nan,0.10305312485434115,0.0,nan,0.0015425831079483032,0.002089542103931308,0.0015133749693632126,0.0015197079628705978,0.0015127079095691442,0.0015425831079483032,0.002089542103931308,0.0015133749693632126,0.0015197079628705978,0.0015127079095691442,0.0010488748084753752,nan,0.0035577500239014626,6.991601549088955e-05,0.002801625058054924,0.00013970793224871159,0.0005141671281307936,4.908395931124687e-05,0.00023887492716312408,4.554190672934055e-05,0.0001990830060094595,0.00020291609689593315,0.0005541669670492411,518.075141957961,0,54,nan,87,3,88,4,4,1,4,1,4,4,4,nan,VI skipped: 3^88 too large
puddleworld,10,10,100,1000,100,16,116,10000,8074,4,1000,1,77,77,64,44.25,77,374.74533394607715,0.0,138.25715642003343,nan,0.08834700006991625,0.0,nan,0.0007249999325722456,0.001207082998007536,0.0006937079597264528,0.0006902501918375492,0.0006907079368829727,0.0007249999325722456,0.001207082998007536,0.0006937079597264528,0.0006902501918375492,0.0006907079368829727,0.0012319590896368027,nan,0.002754500135779381,0.001312041888013482,0.002094208961352706,0.0013099589850753546,0.001962041947990656,0.0015210420824587345,0.0025310420896857977,0.0015528751537203789,0.0020684159826487303,0.0018818750977516174,0.002279542153701186,513.1239410839044,1,70,nan,76,77,77,47,27,50,52,52,52,47,27,nan,VI skipped: 3^77 too large
puddleworld,10,10,100,1000,100,17,117,10000,9306,4,1000,1,89,89,112,48.785714285714285,89,374.16739766066894,0.0,138.65098475152627,nan,0.11390116601251066,0.0,nan,0.0012836658861488104,0.001797292148694396,0.0012652920559048653,0.0012733330950140953,0.0012692911550402641,0.0012836658861488104,0.001797292148694396,0.0012652920559048653,0.0012733330950140953,0.0012692911550402641,0.0016342918388545513,nan,0.0032628749031573534,0.0013582499232143164,0.002756000030785799,0.0014118331018835306,0.003903999924659729,0.002146416809409857,0.003464624984189868,0.0020845001563429832,0.002887625014409423,0.0020524580031633377,0.00436950009316206,512.9776763750706,1,86,nan,82,74,89,45,35,64,64,63,64,45,35,nan,VI skipped: 3^89 too large
puddleworld,10,10,100,1000,100,18,118,10000,7594,4,1000,1,77,77,20,40.1,77,375.3539723530412,0.0,138.7180660814047,nan,0.08062791591510177,0.0,nan,0.0002679589670151472,0.0007454168517142534,0.00022333301603794098,0.0002222089096903801,0.00022187503054738045,0.0002679589670151472,0.0007454168517142534,0.00022333301603794098,0.0002222089096903801,0.00022187503054738045,0.0012207089457660913,nan,0.0024423748254776,0.0010317920241504908,0.001855083042755723,0.0011957499664276838,0.0015194579027593136,0.001243417151272297,0.002229166915640235,0.0011664580088108778,0.0016496670432388783,0.0017394998576492071,0.0018713751342147589,514.178261958994,1,75,nan,73,65,77,49,33,46,51,44,47,49,33,nan,VI skipped: 3^77 too large
puddleworld,10,10,100,1000,100,19,119,10000,9400,4,1000,1,83,83,66,43.90909090909091,83,374.7057624363806,0.0,137.8253435571678,nan,0.08689074986614287,0.0,nan,0.0007246250752359629,0.0012547920923680067,0.0007181249093264341,0.0007082081865519285,0.0007068340200930834,0.0007246250752359629,0.0012547920923680067,0.0007181249093264341,0.0007082081865519285,0.0007068340200930834,0.0014057920780032873,nan,0.0025787909980863333,0.0013635829091072083,0.0022329590283334255,0.0011683329939842224,0.00265895901247859,0.0017994169611483812,0.00290683307684958,0.0017828329000622034,0.0024011661298573017,0.0016578331124037504,0.003048792015761137,512.6540577081032,1,80,nan,71,81,83,42,35,61,60,61,61,42,35,nan,VI skipped: 3^83 too large
puddleworld,10,10,100,1000,100,20,120,10000,8266,4,1000,1,84,84,44,49.59090909090909,84,374.41476122220047,0.0,138.56868658587337,nan,0.08344879210926592,0.0,nan,0.0005585828330367804,0.0010918329935520887,0.0005443750414997339,0.0005419580265879631,0.0005380411166697741,0.0005585828330367804,0.0010918329935520887,0.0005443750414997339,0.0005419580265879631,0.0005380411166697741,0.001330625033006072,nan,0.002455333014950156,0.0013237500097602606,0.0021719159558415413,0.0008895001374185085,0.0018464999739080667,0.0015056661795824766,0.002489333041012287,0.0015335420612245798,0.0020957498345524073,0.001275333110243082,0.002166499849408865,513.0976349590346,1,78,nan,70,80,84,34,30,53,54,55,56,34,30,nan,VI skipped: 3^84 too large
puddleworld,10,10,100,1000,100,21,121,10000,8726,4,1000,1,68,68,30,35.56666666666667,68,377.0498721685726,0.0,142.68040124932304,nan,0.06909833382815123,0.0,nan,0.0002872918266803026,0.0007934998720884323,0.0002781669609248638,0.00027675018645823,0.00028058304451406,0.0002872918266803026,0.0007934998720884323,0.0002781669609248638,0.00027675018645823,0.00028058304451406,0.0011029578745365143,nan,0.0022337499540299177,0.0010347079951316118,0.0016772078815847635,0.0008553338702768087,0.0014888748992234468,0.0010720000136643648,0.0020033749751746655,0.001292875036597252,0.0016079589258879423,0.0012235839385539293,0.0017931661568582058,519.8235393741634,1,66,nan,66,64,68,34,30,39,45,48,45,34,30,nan,VI skipped: 3^68 too large
puddleworld,10,10,100,1000,100,22,122,10000,8369,4,1000,1,75,75,84,45.666666666666664,75,375.444565406302,0.0,137.73746229382232,nan,0.08819650020450354,0.0,nan,0.0009473329409956932,0.0014777500182390213,0.0009370830375701189,0.0009400839917361736,0.0009397920221090317,0.0009473329409956932,0.0014777500182390213,0.0009370830375701189,0.0009400839917361736,0.0009397920221090317,0.001324250129982829,nan,0.0024245830718427896,0.0011314579751342535,0.00212387484498322,0.0008101670537143946,0.0020836659241467714,0.0013680420815944672,0.0023677919525653124,0.0014502089470624924,0.0018685420509427786,0.0011607920750975609,0.0023935420904308558,513.3022380010225,1,73,nan,65,65,75,28,25,44,45,47,45,28,25,nan,VI skipped: 3^75 too large
puddleworld,10,10,100,1000,100,23,123,10000,9400,4,1000,1,73,73,44,43.93181818181818,73,382.5527473082766,0.0,140.5205935521517,nan,0.07938762498088181,0.0,nan,0.0005034590139985085,0.001013625180348754,0.0004813750274479389,0.0004841249901801348,0.00047762482427060604,0.0005034590139985085,0.001013625180348754,0.0004813750274479389,0.0004841249901801348,0.00047762482427060604,0.0011617920827120543,nan,0.002477167174220085,0.000970957800745964,0.0018554169218987226,0.0006815840024501085,0.0015121251344680786,0.001339999958872795,0.002209374913945794,0.0013333330862224102,0.0017852501478046179,0.0009559169411659241,0.0017737089656293392,523.1792779171374,1,69,nan,72,60,73,26,26,48,49,49,49,26,26,nan,VI skipped: 3^73 too large
puddleworld,10,10,100,1000,100,24,124,10000,9310,4,1000,1,85,85,36,41.166666666666664,85,376.24296240648255,0.0,139.2090315767564,nan,0.09362295805476606,0.0,nan,0.0004006249364465475,0.0009252920281141996,0.0003821668215095997,0.0003821661230176687,0.00038329209201037884,0.0004006249364465475,0.0009252920281141996,0.0003821668215095997,0.0003821661230176687,0.00038329209201037884,0.0013859998434782028,nan,0.002663292223587632,0.001297249924391508,0.0021359589882194996,0.001172166084870696,0.002224333118647337,0.0017286248039454222,0.0028917088638991117,0.0017325000371783972,0.0023522910196334124,0.0016619579400867224,0.0025828329380601645,515.577182207955,1,83,nan,78,81,85,46,39,63,65,64,65,46,39,nan,VI skipped: 3^85 too large
puddleworld,10,10,100,1000,100,25,125,10000,9024,4,1000,1,52,52,24,31.833333333333332,52,376.4186734915711,0.0,139.68771386845037,nan,0.05856887507252395,0.0,nan,0.00021883402951061726,0.0007300418801605701,0.00020541693083941936,0.00020675011910498142,0.00020333402790129185,0.00021883402951061726,0.0007300418801605701,0.00020541693083941936,0.00020675011910498142,0.00020333402790129185,0.0015108338557183743,nan,0.0014476659707725048,0.0006835001986473799,0.0012446669861674309,0.0006125830113887787,0.0007743751630187035,0.0007762499153614044,0.0013388751540333033,0.0008147498592734337,0.001074833096936345,0.0008802919182926416,0.0009322911500930786,516.183305791812,1,50,nan,44,43,52,25,17,29,31,31,31,25,17,nan,VI skipped: 3^52 too large
puddleworld,10,10,100,1000,100,26,126,10000,8929,4,1000,1,67,67,18,37.0,67,377.5448878821917,0.0,139.9611595084425,nan,0.07661212491802871,0.0,nan,0.0002016248181462288,0.0006962921470403671,0.0001888331025838852,0.00018766708672046661,0.00019575003534555435,0.0002016248181462288,0.0006962921470403671,0.0001888331025838852,0.00018766708672046661,0.00019575003534555435,0.0010308329947292805,nan,0.001989124808460474,0.0008728329557925463,0.0015914589166641235,0.0007635829970240593,0.0011639578733593225,0.0011235419660806656,0.0018247498665004969,0.0011176248081028461,0.0014625422190874815,0.0010954579338431358,0.0014194590039551258,517.6042812089436,1,64,nan,61,56,67,32,27,43,43,43,43,32,27,nan,VI skipped: 3^67 too large
puddleworld,10,10,100,1000,100,27,127,10000,7397,4,1000,1,78,78,18,42.333333333333336,78,377.6588310855441,0.0,139.6865033893846,nan,0.07040383317507803,0.0,nan,0.00022066710516810417,0.00074562500230968,0.00021008308976888657,0.0002097089309245348,0.0002068749163299799,0.00022066710516810417,0.00074562500230968,0.00021008308976888657,0.0002097089309245348,0.0002068749163299799,0.0012545830104500055,nan,0.0022330419160425663,0.001020458061248064,0.0018467919435352087,0.0008970419876277447,0.0014519591350108385,0.001246166881173849,0.0021631671115756035,0.0013035419397056103,0.0017222501337528229,0.001292250119149685,0.0017202079761773348,517.4401825838722,1,78,nan,68,65,78,37,32,47,50,50,50,37,32,nan,VI skipped: 3^78 too large
puddleworld,10,10,100,1000,100,28,128,10000,8448,4,1000,1,76,76,42,45.11904761904762,76,377.5745172081515,0.0,140.75759292766452,nan,0.07060708315111697,0.0,nan,0.0004783750046044588,0.0009937079157680273,0.00046854116953909397,0.00047104107216000557,0.000468249898403883,0.0004783750046044588,0.0009937079157680273,0.00046854116953909397,0.00047104107216000557,0.000468249898403883,0.0009604999795556068,nan,0.0016781250014901161,0.0012275420594960451,0.0017399170901626348,3.433297388255596e-05,7.24999699741602e-05,0.00020825001411139965,5.591590888798237e-05,0.00022987485863268375,4.587508738040924e-05,4.554190672934055e-05,7.958291098475456e-05,518.4172906668391,0,57,nan,49,76,69,1,1,7,1,8,1,1,1,nan,VI skipped: 3^76 too large
puddleworld,10,10,100,1000,100,29,129,10000,8639,4,1000,1,75,75,65,40.8,75,379.3511009127833,0.0,139.07172128581442,nan,0.06913462490774691,0.0,nan,0.0006436251569539309,0.005572084104642272,0.0006367920432239771,0.0006330828182399273,0.0006368339527398348,0.0006436251569539309,0.005572084104642272,0.0006367920432239771,0.0006330828182399273,0.0006368339527398348,0.0012125829234719276,nan,0.002179624978452921,0.0011683751363307238,0.0020089999306946993,0.0011225000489503145,0.0021329589653760195,0.0015044170431792736,0.00238091591745615,0.001484458800405264,0.001955334097146988,0.0016105840913951397,0.0024756670463830233,518.5271016668994,1,70,nan,61,69,75,41,30,51,50,51,50,41,30,nan,VI skipped: 3^75 too large
puddleworld,10,10,100,1000,100,30,130,10000,7887,4,1000,1,78,78,24,45.0,78,378.68379335920326,0.0,140.56418674369343,nan,0.08869870798662305,0.0,nan,0.0003061250317841768,0.0008748751133680344,0.0002893330529332161,0.00028845900669693947,0.00029000011272728443,0.0003061250317841768,0.0008748751133680344,0.0002893330529332161,0.00028845900669693947,0.00029000011272728443,0.0012732918839901686,nan,0.002284082816913724,0.0011052920017391443,0.0019432920962572098,0.0011450829915702343,0.001378500135615468,0.0015309159643948078,0.0023634580429643393,0.0014844590332359076,0.001878625014796853,0.0015993339475244284,0.0016362080350518227,519.3648326662369,1,75,nan,67,68,78,45,28,55,53,55,53,45,28,nan,VI skipped: 3^78 too large
puddleworld,10,10,100,1000,100,31,131,10000,7799,4,1000,1,67,67,15,37.86666666666667,67,383.45999361155555,0.0,138.096846366534,nan,0.07420124998316169,0.0,nan,0.00018004211597144604,0.0006832501385360956,0.0001709158532321453,0.0001646250020712614,0.0001646250020712614,0.00018004211597144604,0.0006832501385360956,0.0001709158532321453,0.0001646250020712614,0.0001646250020712614,0.0010707080364227295,nan,0.0016051670536398888,0.0008543750736862421,0.0012427910696715117,0.0005901248659938574,0.0011225419584661722,0.0010434170253574848,0.001336958957836032,0.001023709075525403,0.0010260420385748148,0.0008954168297350407,0.00136591587215662,521.6501930002123,1,67,nan,59,55,67,31,27,40,36,40,36,31,27,nan,VI skipped: 3^67 too large
puddleworld,10,10,100,1000,100,32,132,10000,8917,4,1000,2,67,67,20,33.75,67,376.7140594969969,514.43797658314,138.67729279841296,nan,0.06717716692946851,0.0,nan,0.00019862502813339233,0.0007028330583125353,0.00019245781004428864,0.00018745800480246544,0.00018645799718797207,0.00019862502813339233,0.0007028330583125353,0.00019245781004428864,0.00018745800480246544,0.00018645799718797207,0.0010441248305141926,nan,0.0021112500689923763,0.0009369580075144768,0.0015801661647856236,0.0009622080251574516,0.0013570829760283232,0.0012792909983545542,0.002087624976411462,0.0012886249460279942,0.0016650829929858446,0.001376542029902339,0.0016493750736117363,515.4823044987861,1,65,nan,65,60,67,40,31,49,49,50,49,40,31,nan,VI skipped: 3^67 too large
puddleworld,10,10,100,1000,100,33,133,10000,9218,4,1000,1,75,75,30,42.666666666666664,75,376.91065884637646,0.0,140.06743167643435,nan,0.08061762503348291,0.0,nan,0.0003414158709347248,0.0008637499995529652,0.00033183395862579346,0.00033066608011722565,0.00032970798201859,0.0003414158709347248,0.0008637499995529652,0.00033183395862579346,0.00033066608011722565,0.00032970798201859,0.0012294161133468151,nan,0.0022062920033931732,0.0010830829851329327,0.0018323329277336597,0.0007762499153614044,0.0015373330097645521,0.0011898749507963657,0.002114166971296072,0.0014512499328702688,0.0017350418493151665,0.0011099588591605425,0.001858582952991128,517.0841304159258,1,75,nan,66,68,75,31,31,44,48,54,49,31,31,nan,VI skipped: 3^75 too large
puddleworld,10,10,100,1000,100,34,134,10000,8657,4,1000,1,78,78,39,45.84615384615385,78,376.51122906361707,0.0,139.7305857706815,nan,0.0910799999255687,0.0,nan,0.00047395890578627586,0.0009825830347836018,0.0004589578602463007,0.00045920792035758495,0.00045808381401002407,0.00047395890578627586,0.0009825830347836018,0.0004589578602463007,0.00045920792035758495,0.00045808381401002407,0.0012883329764008522,nan,0.002594208111986518,0.0010566660203039646,0.0019805000629276037,0.0007751248776912689,0.001646582968533039,0.0013778749853372574,0.002271750010550022,0.001444124849513173,0.001835542032495141,0.0012355828657746315,0.002013874938711524,516.3604834580328,1,77,nan,76,65,78,30,29,49,50,52,50,30,29,nan,VI skipped: 3^78 too large
puddleworld,10,10,100,1000,100,35,135,10000,8645,4,1000,1,76,76,35,39.0,76,375.97675346862525,0.0,140.44597373879515,nan,0.0906154999975115,0.0,nan,0.00037591694854199886,0.0008895827922970057,0.0003550827968865633,0.0003525828942656517,0.00034825014881789684,0.00037591694854199886,0.0008895827922970057,0.0003550827968865633,0.0003525828942656517,0.00034825014881789684,0.0004175831563770771,nan,0.0016630410682410002,0.001043875003233552,0.0015847908798605204,3.558304160833359e-05,7.212511263787746e-05,0.0002632909454405308,5.6582968682050705e-05,0.00036495900712907314,4.587508738040924e-05,4.5625027269124985e-05,7.662479765713215e-05,516.5264587078709,0,23,nan,48,64,63,1,1,9,1,13,1,1,1,nan,VI skipped: 3^76 too large
puddleworld,10,10,100,1000,100,36,136,10000,8924,4,1000,1,85,85,225,46.46666666666667,85,375.94257998187095,0.0,139.26394892227836,nan,0.08644525008276105,0.0,nan,0.0030335839837789536,0.0029659171123057604,0.0024331670720130205,0.0024144998751580715,0.0024140840396285057,0.0030335839837789536,0.0029659171123057604,0.0024331670720130205,0.0024144998751580715,0.0024140840396285057,0.0017366248648613691,nan,0.0033670421689748764,0.0016324170865118504,0.003139832988381386,0.0016902920324355364,0.0064633749425411224,0.0022550830617547035,0.0037204159889370203,0.002258624881505966,0.0032500841189175844,0.0024775411002337933,0.0065695419907569885,515.3548312911298,1,82,nan,73,80,85,45,35,58,59,59,59,45,35,nan,VI skipped: 3^85 too large
puddleworld,10,10,100,1000,100,37,137,10000,7988,4,1000,1,92,92,44,50.59090909090909,92,377.807134588249,0.0,141.35283376229927,nan,0.09489975008182228,0.0,nan,0.0005562908481806517,0.0010691662319004536,0.0005435841158032417,0.0005500828847289085,0.0005371661391109228,0.0005562908481806517,0.0010691662319004536,0.0005435841158032417,0.0005500828847289085,0.0005371661391109228,0.0013960408978164196,nan,0.002824166091158986,0.001313582994043827,0.002380667021498084,0.0011768338736146688,0.0021295829210430384,0.0017253749538213015,0.0027390001341700554,0.0017500841058790684,0.0022265829611569643,0.0017106248997151852,0.002527249976992607,519.287482582964,1,82,nan,81,80,92,45,34,60,59,62,59,45,34,nan,VI skipped: 3^92 too large
puddleworld,10,10,100,1000,100,38,138,10000,9030,4,1000,1,95,95,80,52.375,95,377.83892678981647,0.0,139.68278755480424,nan,0.11346383299678564,0.0,nan,0.0009765001013875008,0.001510667148977518,0.0009705838747322559,0.0009641251526772976,0.0009660408832132816,0.0009765001013875008,0.001510667148977518,0.0009705838747322559,0.0009641251526772976,0.0009660408832132816,0.0016342091839760542,nan,0.003040208015590906,0.0014572080690413713,0.0027606249786913395,0.0015699160285294056,0.0034988331608474255,0.0021590411197394133,0.0035314999986439943,0.0021568748634308577,0.002939915983006358,0.0022791658993810415,0.0039954588282853365,517.6780776251107,1,90,nan,80,83,95,53,38,68,69,69,69,53,38,nan,VI skipped: 3^95 too large
puddleworld,10,10,100,1000,100,39,139,10000,8926,4,1000,1,65,65,49,35.857142857142854,65,384.7602611531038,0.0,140.64576417347416,nan,0.06086212513037026,0.0,nan,0.00045404117554426193,0.0009587090462446213,0.000447999918833375,0.0004421249032020569,0.0004405418876558542,0.00045404117554426193,0.0009587090462446213,0.000447999918833375,0.0004421249032020569,0.0004405418876558542,0.0010246671736240387,nan,0.0019279588013887405,0.0010420000180602074,0.001621374860405922,0.0007160420063883066,0.001272750087082386,0.0012602501083165407,0.0021385829895734787,0.001325499964877963,0.0017316669691354036,0.0010280001442879438,0.0015029581263661385,525.4914951659739,1,62,nan,57,65,65,28,22,46,48,49,48,28,22,nan,VI skipped: 3^65 too large
puddleworld,10,10,100,1000,100,40,140,10000,9498,4,1000,1,87,87,200,40.09,87,378.4136280771345,0.0,138.9778964316938,nan,0.09405054082162678,0.0,nan,0.0018540830351412296,0.0023841250222176313,0.0018514578696340322,0.001843458041548729,0.0018390000332146883,0.0018540830351412296,0.0023841250222176313,0.0018514578696340322,0.001843458041548729,0.0018390000332146883,0.001760208047926426,nan,0.0036157499998807907,0.0016787920612841845,0.003110709134489298,0.0019490409176796675,0.007377457804977894,0.0025357080157846212,0.004179582931101322,0.002479416085407138,0.0035770409740507603,0.002863124944269657,0.00814179191365838,517.5472292089835,1,85,nan,81,84,87,54,48,67,68,66,68,54,48,nan,VI skipped: 3^87 too large
puddleworld,10,10,100,1000,100,41,141,10000,8840,4,1000,1,84,84,102,41.53921568627451,84,378.37618603673764,0.0,138.8093422933016,nan,0.0907702911645174,0.0,nan,0.001031041145324707,0.0015576251316815615,0.0010144170373678207,0.0010135408956557512,0.0010151250753551722,0.001031041145324707,0.0015576251316815615,0.0010144170373678207,0.0010135408956557512,0.0010151250753551722,0.0014835000038146973,nan,0.002878333907574415,0.001287457998842001,0.0024525830522179604,0.001383041962981224,0.0038570421747863293,0.001774208853021264,0.002940290840342641,0.001827874919399619,0.0024409161414951086,0.0019846248906105757,0.004372624913230538,517.3172016669996,1,82,nan,76,73,84,47,42,57,58,59,58,47,42,nan,VI skipped: 3^84 too large
puddleworld,10,10,100,1000,100,42,142,10000,8834,4,1000,1,74,74,60,39.61666666666667,74,377.39103227783926,0.0,141.3102741157636,nan,0.07683612499386072,0.0,nan,0.0005947910249233246,0.0011353751178830862,0.0005866668652743101,0.0005797911435365677,0.0005810828879475594,0.0005947910249233246,0.0011353751178830862,0.0005866668652743101,0.0005797911435365677,0.0005810828879475594,0.001127749914303422,nan,0.002268166048452258,0.0012174590956419706,0.0019669169560074806,0.0009631661232560873,0.0018282919190824032,0.001485459040850401,0.0023979998659342527,0.0015158329624682665,0.00196229200810194,0.001401041867211461,0.0021266660187393427,518.8074967090506,1,65,nan,64,73,74,36,27,51,51,53,51,36,27,nan,VI skipped: 3^74 too large
puddleworld,10,10,100,1000,100,43,143,10000,8648,4,1000,1,69,69,8,36.75,69,377.73060609633103,0.0,139.17831899109297,nan,0.06726804189383984,0.0,nan,0.00011179200373589993,0.0006104579661041498,0.00010225013829767704,0.00010041706264019012,0.00010083313100039959,0.00011179200373589993,0.0006104579661041498,0.00010225013829767704,0.00010041706264019012,0.00010083313100039959,0.0010880001354962587,nan,0.001722583081573248,0.0009817909449338913,0.0012545830104500055,0.0007654170040041208,0.001100500114262104,0.0010486668907105923,0.0016109999269247055,0.0011029159650206566,0.0012252908200025558,0.0011473328340798616,0.0013688751496374607,516.9961121249944,1,69,nan,64,64,69,41,29,41,44,44,44,41,29,nan,VI skipped: 3^69 too large
puddleworld,10,10,100,1000,100,44,144,10000,8355,4,1000,1,86,86,160,46.2,86,378.41853973735124,0.0,139.64257690124214,nan,0.0967717079911381,0.0,nan,0.0017186249606311321,0.0028828750364482403,0.0016965421382337809,0.001709542004391551,0.0016986250411719084,0.0017186249606311321,0.0028828750364482403,0.0016965421382337809,0.001709542004391551,0.0016986250411719084,0.001552291912958026,nan,0.003161582862958312,0.0014138331171125174,0.002825333969667554,0.0012673339806497097,0.0043936248403042555,0.002256666077300906,0.003515917109325528,0.002239333000034094,0.002989583881571889,0.0018403329886496067,0.004878167062997818,518.2081197081134,1,80,nan,76,75,86,38,33,65,62,65,62,38,33,nan,VI skipped: 3^86 too large
puddleworld,10,10,100,1000,100,45,145,10000,8755,4,1000,1,89,89,88,47.59090909090909,89,379.5234126651194,0.0,139.71295263525099,nan,0.10321958409622312,0.0,nan,0.0009933749679476023,0.0015292922034859657,0.00098408292979002,0.0009840000420808792,0.0009813748765736818,0.0009933749679476023,0.0015292922034859657,0.00098408292979002,0.0009840000420808792,0.0009813748765736818,0.001558041898533702,nan,0.002990666078403592,0.001368040917441249,0.0025500410702079535,0.0014506250154227018,0.003574082860723138,0.0020536668598651886,0.0033241671044379473,0.0020264589693397284,0.002749999985098839,0.0021069999784231186,0.004049082985147834,519.3813752499409,1,87,nan,80,79,89,50,38,66,66,66,66,50,38,nan,VI skipped: 3^89 too large
puddleworld,10,10,100,1000,100,46,146,10000,8739,4,1000,1,89,89,160,51.5625,89,384.92629740270786,0.0,138.29650225769728,nan,0.10460466705262661,0.0,nan,0.0018960831221193075,0.0024177092127501965,0.0019024580251425505,0.0018940840382128954,0.001886041834950447,0.0018960831221193075,0.0024177092127501965,0.0019024580251425505,0.0018940840382128954,0.001886041834950447,0.0017084579449146986,nan,0.0033401669934391975,0.001555166905745864,0.002957249991595745,0.001183750107884407,0.004494624910876155,0.002075458876788616,0.0036039999686181545,0.0022287911269813776,0.0030538751743733883,0.0017416251357644796,0.0050113750621676445,523.3789601239841,1,88,nan,79,82,89,35,33,58,62,63,62,35,33,nan,VI skipped: 3^89 too large
puddleworld,10,10,100,1000,100,47,147,10000,8350,4,1000,1,79,79,110,42.736363636363635,79,374.6262200975325,0.0,139.65767654799856,nan,0.09617108292877674,0.0,nan,0.0011306670494377613,0.0016748751513659954,0.0011151661165058613,0.0011204159818589687,0.0011096249800175428,0.0011306670494377613,0.0016748751513659954,0.0011151661165058613,0.0011204159818589687,0.0011096249800175428,0.001436874968931079,nan,0.0029323340859264135,0.0011996668763458729,0.0024105419870465994,0.001080542104318738,0.003350958926603198,0.0017748328391462564,0.00306854210793972,0.001894666813313961,0.002613874850794673,0.0015995828434824944,0.003834584029391408,514.4201411660761,1,77,nan,75,66,79,35,33,53,57,57,58,35,33,nan,VI skipped: 3^79 too large
puddleworld,10,10,100,1000,100,48,148,10000,8639,4,1000,1,78,78,63,46.507936507936506,78,374.51581148896366,0.0,138.65872236853465,nan,0.08029045886360109,0.0,nan,0.0007448329124599695,0.0012477911077439785,0.0007377499714493752,0.0007273750379681587,0.0007277920376509428,0.0007448329124599695,0.0012477911077439785,0.0007377499714493752,0.0007273750379681587,0.0007277920376509428,0.0013537080958485603,nan,0.0023226249031722546,0.001245624851435423,0.0021105408668518066,0.001130040967836976,0.0017679999582469463,0.0014239998999983072,0.0024804999120533466,0.0014097499661147594,0.0019817498978227377,0.001638541929423809,0.0020424160175025463,513.2857820009813,1,76,nan,64,73,78,41,24,47,51,48,50,41,24,nan,VI skipped: 3^78 too large
puddleworld,10,10,100,1000,100,49,149,10000,7416,4,1000,1,78,78,4,46.0,78,375.4339158376679,0.0,138.0351685078349,nan,0.07164474995806813,0.0,nan,9.658397175371647e-05,0.0006125420331954956,8.108397014439106e-05,7.950002327561378e-05,7.958407513797283e-05,9.658397175371647e-05,0.0006125420331954956,8.108397014439106e-05,7.950002327561378e-05,7.958407513797283e-05,0.00026491587050259113,nan,0.0014555410016328096,0.00018033292144536972,0.0012996671721339226,0.00040470785461366177,0.000798374880105257,9.066704660654068e-05,0.000801833113655448,3.520888276398182e-05,0.0006052921526134014,0.0006066660862416029,0.0009870829526335,513.5535140421707,0,15,nan,54,11,73,22,22,3,22,1,22,22,22,nan,VI skipped: 3^78 too large
puddleworld,10,10,100,1000,100,50,150,10000,7215,4,1000,1,103,103,56,55.17857142857143,103,375.5462138284929,0.0,138.976476786891,nan,0.10516637493856251,0.0,nan,0.0007412910927087069,0.0071772499941289425,0.0007322498131543398,0.0007372079417109489,0.0007360831368714571,0.0007412910927087069,0.0071772499941289425,0.0007322498131543398,0.0007372079417109489,0.0007360831368714571,0.0009937500581145287,nan,0.0022591669112443924,0.00021737487986683846,0.0022713751532137394,3.77078540623188e-05,9.483308531343937e-05,4.324992187321186e-05,6.154202856123447e-05,4.116608761250973e-05,4.991702735424042e-05,4.975008778274059e-05,0.00010266690514981747,514.6499508752022,0,56,nan,61,12,83,1,1,1,1,1,1,1,1,nan,VI skipped: 3^103 too large
puddleworld,10,10,100,1000,100,51,151,10000,7614,4,1000,1,70,70,18,41.94444444444444,70,374.8674667463638,0.0,140.48581766569987,nan,0.07347895810380578,0.0,nan,0.000218207947909832,0.0007357499562203884,0.00020999996922910213,0.0002079589758068323,0.00021337508223950863,0.000218207947909832,0.0007357499562203884,0.00020999996922910213,0.0002079589758068323,0.00021337508223950863,0.0002842091489583254,nan,0.0014267920050770044,0.0003593750298023224,0.0015162909403443336,0.0003253340255469084,0.0005823750980198383,6.812484934926033e-05,0.000574083998799324,3.750016912817955e-05,0.0004545419942587614,0.0004628750029951334,0.000702874967828393,515.4398079582024,0,16,nan,43,22,64,13,13,2,13,1,13,13,13,nan,VI skipped: 3^70 too large
puddleworld,10,10,100,1000,100,52,152,10000,8652,4,1000,1,66,66,42,35.11904761904762,66,375.72472575167194,0.0,138.72730686329305,nan,0.0638162090908736,0.0,nan,0.0003869167994707823,0.0008895839564502239,0.00037179188802838326,0.0003694170154631138,0.0003707089927047491,0.0003869167994707823,0.0008895839564502239,0.00037179188802838326,0.0003694170154631138,0.0003707089927047491,0.0010742919985204935,nan,0.0020632499363273382,0.0010777090210467577,0.0016685409937053919,0.0009255828335881233,0.0014801658689975739,0.0011678750161081553,0.0019324999302625656,0.001284583006054163,0.0015644999220967293,0.0013092081062495708,0.0017586671747267246,514.5427283740137,1,64,nan,60,66,66,36,27,42,43,47,43,36,27,nan,VI skipped: 3^66 too large
puddleworld,10,10,100,1000,100,53,153,10000,9121,4,1000,1,95,95,121,48.51239669421488,95,377.9146441635676,0.0,140.27279345993884,nan,0.09922637487761676,0.0,nan,0.0013726670295000076,0.001902374904602766,0.0013752919621765614,0.0013586250133812428,0.0013637919910252094,0.0013726670295000076,0.001902374904602766,0.0013752919621765614,0.0013586250133812428,0.0013637919910252094,0.0017822498921304941,nan,0.0038314589764922857,0.0017846659757196903,0.003042791970074177,0.0014675839338451624,0.005308541003614664,0.002290541073307395,0.003851375076919794,0.002472334075719118,0.003242375096306205,0.002156500006094575,0.005942874820902944,518.3385897090193,1,92,nan,93,95,95,45,44,65,68,71,68,45,44,nan,VI skipped: 3^95 too large
puddleworld,10,10,100,1000,100,54,154,10000,9114,4,1000,1,74,74,50,43.6,74,382.88112767762505,0.0,139.0747471805662,nan,0.08697087480686605,0.0,nan,0.0005474158097058535,0.0010930830612778664,0.0005360839422792196,0.0005352920852601528,0.0005384169053286314,0.0005474158097058535,0.0010930830612778664,0.0005360839422792196,0.0005352920852601528,0.0005384169053286314,0.0011885419953614473,nan,0.0021809579338878393,0.001032667001709342,0.0019269168842583895,0.0007441251073032618,0.0016662499401718378,0.0012113749980926514,0.002000083914026618,0.0013097920455038548,0.0016230421606451273,0.0010684998705983162,0.0019786248449236155,522.0695979588199,1,69,nan,62,62,74,28,27,42,43,46,43,28,27,nan,VI skipped: 3^74 too large
puddleworld,10,10,100,1000,100,55,155,10000,9023,4,1000,1,82,82,105,45.857142857142854,82,377.5647915042937,0.0,140.06794620747678,nan,0.09692516620270908,0.0,nan,0.0011620421428233385,0.0016806249041110277,0.0011514171492308378,0.0011532080825418234,0.0011473328340798616,0.0011620421428233385,0.0016806249041110277,0.0011514171492308378,0.0011532080825418234,0.0011473328340798616,0.00145212491042912,nan,0.002909083152189851,0.001250667031854391,0.0024168752133846283,0.0011152499355375767,0.002990500070154667,0.001927125034853816,0.0031387500930577517,0.0018722079694271088,0.0026122499257326126,0.0015921250451356173,0.003380041103810072,517.7694807499647,1,79,nan,76,70,82,37,30,61,61,60,61,37,30,nan,VI skipped: 3^82 too large
puddleworld,10,10,100,1000,100,56,156,10000,7036,4,1000,1,79,79,56,42.107142857142854,79,378.4756087367423,0.0,139.19025233504362,nan,0.07513029198162258,0.0,nan,0.0005893749184906483,0.001195874996483326,0.0005805420223623514,0.0005891670007258654,0.0005771249998360872,0.0005893749184906483,0.001195874996483326,0.0005805420223623514,0.0005891670007258654,0.0005771249998360872,0.0013580839149653912,nan,0.0024481250438839197,0.0011525419540703297,0.002119916956871748,0.0009544999338686466,0.0022644998971372843,0.0016665419097989798,0.002590209012851119,0.001667124917730689,0.0021103338804095984,0.0013872920535504818,0.0026530420873314142,517.772340292111,1,78,nan,68,68,79,35,33,56,54,57,54,35,33,nan,VI skipped: 3^79 too large
puddleworld,10,10,100,1000,100,57,157,10000,9310,4,1000,1,72,72,32,38.46875,72,378.66622923128307,0.0,139.79087650217116,nan,0.07145420904271305,0.0,nan,0.00033216713927686214,0.0008394171018153429,0.00032220780849456787,0.0003222909290343523,0.00032370793633162975,0.00033216713927686214,0.0008394171018153429,0.00032220780849456787,0.0003222909290343523,0.00032370793633162975,0.0010912918951362371,nan,0.002027125097811222,0.0010052500292658806,0.001778207952156663,0.001058707945048809,0.0015408750623464584,0.0013786659110337496,0.0021958330180495977,0.0013342499732971191,0.0017674998380243778,0.0015100000891834497,0.0018401248380541801,518.5541969989426,1,66,nan,60,62,72,42,30,51,50,50,50,42,30,nan,VI skipped: 3^72 too large
puddleworld,10,10,100,1000,100,58,158,10000,9406,4,1000,1,71,71,40,39.425,71,380.3283070928883,0.0,139.59967429959215,nan,0.08686412498354912,0.0,nan,0.00040962500497698784,0.0009360001422464848,0.00039808289147913456,0.0003970828838646412,0.0003996670711785555,0.00040962500497698784,0.0009360001422464848,0.00039808289147913456,0.0003970828838646412,0.0003996670711785555,0.0011019580997526646,nan,0.0022348330821841955,0.0009409589692950249,0.0017996660899370909,0.0009270831942558289,0.001511292066425085,0.0014163341838866472,0.0022936249151825905,0.001391999889165163,0.001848667161539197,0.0013245830778032541,0.001786333043128252,520.0411824581679,1,65,nan,65,57,71,36,27,51,51,51,51,36,27,nan,VI skipped: 3^71 too large
puddleworld,10,10,100,1000,100,59,159,10000,8739,4,1000,1,81,81,72,44.56944444444444,81,377.75658208481036,0.0,140.72633447358385,nan,0.08937704190611839,0.0,nan,0.0007897501345723867,0.0032568329479545355,0.0007818329613655806,0.00077654211781919,0.0007784999907016754,0.0007897501345723867,0.0032568329479545355,0.0007818329613655806,0.00077654211781919,0.0007784999907016754,0.0010572080500423908,nan,0.0022571671288460493,0.0002846249844878912,0.0020113331265747547,0.00015012500807642937,0.0004172499757260084,0.0001349160447716713,0.00025575002655386925,4.0874816477298737e-05,0.00020954199135303497,0.00020887493155896664,0.0004719998687505722,518.592256042175,0,60,nan,62,16,74,5,5,4,5,1,5,5,5,nan,VI skipped: 3^81 too large
puddleworld,10,10,100,1000,100,60,160,10000,8632,4,1000,1,78,78,55,44.74545454545454,78,379.65897220466286,0.0,141.503591919085,nan,0.09124858304858208,0.0,nan,0.0006115417927503586,0.0011459169909358025,0.0006025840993970633,0.0006127920933067799,0.0006047498900443316,0.0006115417927503586,0.0011459169909358025,0.0006025840993970633,0.0006127920933067799,0.0006047498900443316,0.0013239579275250435,nan,0.0024195839650928974,0.0011912079062312841,0.0021021671127527952,0.0008383749518543482,0.0021022080909460783,0.001467083115130663,0.002412125002592802,0.0014750838745385408,0.0019754169043153524,0.0012340000830590725,0.0024654578883200884,521.2840003739111,1,76,nan,67,70,78,31,31,49,50,50,50,31,31,nan,VI skipped: 3^78 too large
puddleworld,10,10,100,1000,100,61,161,10000,8542,4,1000,1,83,83,44,45.95454545454545,83,380.69106404832564,0.0,140.45298169902526,nan,0.08616320812143385,0.0,nan,0.0005099999252706766,0.0010606669820845127,0.0005006249994039536,0.0005020829848945141,0.0004979579243808985,0.0005099999252706766,0.0010606669820845127,0.0005006249994039536,0.0005020829848945141,0.0004979579243808985,0.0013628329616039991,nan,0.0028034159913659096,0.0011729998514056206,0.0021494589745998383,0.0010260839480906725,0.002204792108386755,0.0015669169370085,0.0026282919570803642,0.0015110420063138008,0.002277249936014414,0.001466082874685526,0.0026236248668283224,521.2613682912197,1,80,nan,80,71,83,39,37,55,57,54,61,39,37,nan,VI skipped: 3^83 too large
puddleworld,10,10,100,1000,100,62,162,10000,7494,4,1000,1,64,64,10,37.7,64,385.5901633501053,0.0,140.78609625366516,nan,0.054994541918858886,0.0,nan,0.00013266690075397491,0.002340208040550351,0.0001230000052601099,0.00012216717004776,0.0001218749675899744,0.00013266690075397491,0.002340208040550351,0.0001230000052601099,0.00012216717004776,0.0001218749675899744,0.0010074579622596502,nan,0.0014376670587807894,0.0008534169755876064,0.0011750420089811087,0.0005453750491142273,0.0008945830632001162,0.0009786670561879873,0.0011726249940693378,0.001008541788905859,0.0011244579218328,0.000820209039375186,0.0011107500176876783,526.4506852922495,1,63,nan,53,55,64,29,23,38,32,40,40,29,23,nan,VI skipped: 3^64 too large
puddleworld,10,10,100,1000,100,63,163,10000,8737,4,1000,1,80,80,30,43.03333333333333,80,374.89621390984394,0.0,138.28949216613546,nan,0.08003587485291064,0.0,nan,0.0003532920964062214,0.0008726669475436211,0.00033466704189777374,0.00033333292230963707,0.0003310828469693661,0.0003532920964062214,0.0008726669475436211,0.00033466704189777374,0.00033333292230963707,0.0003310828469693661,0.0012921660672873259,nan,0.002312874887138605,0.001114875078201294,0.0019453340210020542,0.0008001669775694609,0.001657332992181182,0.0014524590224027634,0.002283666981384158,0.0014580001588910818,0.001826500054448843,0.0011406249832361937,0.001968999858945608,513.2922248330433,1,78,nan,69,70,80,32,32,54,52,55,52,32,32,nan,VI skipped: 3^80 too large
puddleworld,10,10,100,1000,100,64,164,10000,9034,4,1000,1,83,83,77,42.57142857142857,83,375.8889265512116,0.0,140.10637477133423,nan,0.09634087490849197,0.0,nan,0.0008032920304685831,0.0013286250177770853,0.0007984170224517584,0.0007954169996082783,0.0007982498500496149,0.0008032920304685831,0.0013286250177770853,0.0007984170224517584,0.0007954169996082783,0.0007982498500496149,0.0014500839170068502,nan,0.0028726249001920223,0.0013875828590244055,0.002317124977707863,0.0011358328629285097,0.002960790880024433,0.001803667051717639,0.0029851251747459173,0.0018152908887714148,0.0024557500146329403,0.0016282079741358757,0.0033900418784469366,516.1284735840745,1,82,nan,78,81,83,40,36,60,61,61,61,40,36,nan,VI skipped: 3^83 too large
puddleworld,10,10,100,1000,100,65,165,10000,9114,4,1000,1,81,81,84,46.0,81,375.53130644815974,0.0,137.6342926241923,nan,0.10851387516595423,0.0,nan,0.0009328748565167189,0.0021450419444590807,0.0009304580744355917,0.0009165841620415449,0.0009151671547442675,0.0009328748565167189,0.0021450419444590807,0.0009304580744355917,0.0009165841620415449,0.0009151671547442675,0.0014183749444782734,nan,0.0026400419883430004,0.0012204998638480902,0.002268749987706542,0.0010895829182118177,0.0027269581332802773,0.0015189170371741056,0.002316083060577512,0.0016151668969541788,0.002074166899546981,0.0015559578314423561,0.003146084025502205,513.3099315001164,1,80,nan,71,71,81,38,35,50,47,54,51,38,35,nan,VI skipped: 3^81 too large
puddleworld,10,10,100,1000,100,66,166,10000,8454,4,1000,1,71,71,64,38.984375,71,375.6064219013788,0.0,137.62353117903695,nan,0.07993841706775129,0.0,nan,0.0006200000643730164,0.0011454999912530184,0.0006120000034570694,0.0006156668532639742,0.0006124160718172789,0.0006200000643730164,0.0011454999912530184,0.0006120000034570694,0.0006156668532639742,0.0006124160718172789,0.0012280410155653954,nan,0.0025034158024936914,0.0010586671996861696,0.0018986249342560768,0.0009220829233527184,0.0019439589232206345,0.0014582080766558647,0.0024073750246316195,0.0014659999869763851,0.001974458107724786,0.0013257500249892473,0.002256375038996339,513.3395310000051,1,71,nan,70,63,71,34,28,50,51,51,51,34,28,nan,VI skipped: 3^71 too large
puddleworld,10,10,100,1000,100,67,167,10000,9402,4,1000,1,76,76,55,41.654545454545456,76,374.5442786370404,0.0,139.83564366865903,nan,0.06886579189449549,0.0,nan,0.0005805420223623514,0.0011210418306291103,0.0005659579765051603,0.0005665409844368696,0.0005638750735670328,0.0005805420223623514,0.0011210418306291103,0.0005659579765051603,0.0005665409844368696,0.0005638750735670328,0.0012273751199245453,nan,0.0023162919096648693,0.0011173749808222055,0.0020215418189764023,0.0009711671154946089,0.002051000017672777,0.001474000047892332,0.002559457905590534,0.0015887499321252108,0.002094374969601631,0.001413417048752308,0.0024101671297103167,514.4791123329196,1,71,nan,65,67,76,36,31,50,54,55,54,36,31,nan,VI skipped: 3^76 too large
puddleworld,10,10,100,1000,100,68,168,10000,9406,4,1000,1,79,79,24,48.333333333333336,79,377.48473849892616,0.0,141.48760749399662,nan,0.07840204215608537,0.0,nan,0.0003211251460015774,0.0008532500360161066,0.00030912505462765694,0.0003111250698566437,0.000306334113702178,0.0003211251460015774,0.0008532500360161066,0.00030912505462765694,0.0003111250698566437,0.000306334113702178,0.0012707500718533993,nan,0.002335999859496951,0.0011055839713662863,0.001956416992470622,0.0009026250336319208,0.001138332998380065,0.001319207949563861,0.002265874994918704,0.001410583034157753,0.0018204578664153814,0.0012999169994145632,0.0013702081050723791,519.0760939999018,1,76,nan,69,68,79,36,23,48,51,52,51,36,23,nan,VI skipped: 3^79 too large
puddleworld,10,10,100,1000,100,69,169,10000,9497,4,1000,1,76,76,45,45.28888888888889,76,377.5790113257244,0.0,140.25154645880684,nan,0.08854125021025538,0.0,nan,0.0005230000242590904,0.001065417192876339,0.000513250008225441,0.0005150828510522842,0.0005094159860163927,0.0005230000242590904,0.001065417192876339,0.000513250008225441,0.0005150828510522842,0.0005094159860163927,0.0012509999796748161,nan,0.0023543748538941145,0.0012432918883860111,0.0019362499006092548,0.0008872910402715206,0.0016068341210484505,0.0013848328962922096,0.0021279999054968357,0.0013622089754790068,0.0017735420260578394,0.0012632498983293772,0.0018731248565018177,517.9466808750294,1,74,nan,68,76,76,34,27,49,46,49,48,34,27,nan,VI skipped: 3^76 too large
puddleworld,10,10,100,1000,100,70,170,10000,9498,4,1000,1,69,69,8,33.0,69,383.6336162800435,0.0,140.22795963240787,nan,0.0654811670538038,0.0,nan,0.00010925019159913063,0.0010400828905403614,9.700004011392593e-05,9.587500244379044e-05,9.558303281664848e-05,0.00010925019159913063,0.0010400828905403614,9.700004011392593e-05,9.587500244379044e-05,9.558303281664848e-05,0.001072749961167574,nan,0.0016352920792996883,0.0010114999022334814,0.001247874926775694,0.0007929170969873667,0.0013119170907884836,0.0010644160211086273,0.0014833330642431974,0.001076707849279046,0.0011334579903632402,0.0012245001271367073,0.001671625068411231,523.9478931250051,1,68,nan,61,66,69,43,35,42,41,43,41,43,35,nan,VI skipped: 3^69 too large
puddleworld,10,10,100,1000,100,71,171,10000,7885,4,1000,1,85,85,49,43.0,85,377.41054825717583,0.0,137.78480780357495,nan,0.08444987493567169,0.0,nan,0.0005370420403778553,0.0010475001763552427,0.0005246249493211508,0.0005258750170469284,0.0005235408898442984,0.0005370420403778553,0.0010475001763552427,0.0005246249493211508,0.0005258750170469284,0.0005235408898442984,0.0014237088616937399,nan,0.0028365410398691893,0.0012432080693542957,0.002202583011239767,0.0012339581735432148,0.002523415954783559,0.001731000142171979,0.0028644169215112925,0.0017917919903993607,0.0023282081820070744,0.0017829169519245625,0.002965291030704975,515.313287707977,1,84,nan,81,76,85,47,39,61,62,64,62,47,39,nan,VI skipped: 3^85 too large
puddleworld,10,10,100,1000,100,72,172,10000,8549,4,1000,1,87,87,40,51.225,87,376.85222951346077,0.0,139.5667956804391,nan,0.09573945892043412,0.0,nan,0.0005073749925941229,0.00104608410038054,0.0004982079844921827,0.0004972920287400484,0.0004984159022569656,0.0005073749925941229,0.00104608410038054,0.0004982079844921827,0.0004972920287400484,0.0004984159022569656,0.0013980839867144823,nan,0.00264224992133677,0.0011781251523643732,0.002201500115916133,0.0009355831425637007,0.0018260001670569181,0.0014920420944690704,0.002389708999544382,0.0015527911018580198,0.002033917000517249,0.0013252501375973225,0.002156791975721717,516.5443084160797,1,84,nan,77,73,87,36,31,54,53,57,56,36,31,nan,VI skipped: 3^87 too large
puddleworld,10,10,100,1000,100,73,173,10000,8084,4,1000,1,81,81,32,43.875,81,377.8825161836576,0.0,136.93883628491312,nan,0.08060295903123915,0.0,nan,0.0003730000462383032,0.0008767079561948776,0.00036120787262916565,0.0003597079776227474,0.0003588330000638962,0.0003730000462383032,0.0008767079561948776,0.00036120787262916565,0.0003597079776227474,0.0003588330000638962,0.0008850838057696819,nan,0.001954249804839492,0.0011288749519735575,0.001780875027179718,5.88330440223217e-05,0.00012341700494289398,0.00031095906160771847,9.966688230633736e-05,0.0002751660067588091,8.512497879564762e-05,8.266582153737545e-05,0.00013766600750386715,514.9162678751163,0,53,nan,58,71,72,2,2,11,2,10,2,2,2,nan,VI skipped: 3^81 too large
puddleworld,10,10,100,1000,100,74,174,10000,8843,4,1000,1,85,85,60,47.36666666666667,85,378.1559308306314,0.0,139.87988353706896,nan,0.09131391695700586,0.0,nan,0.0007102079689502716,0.0012452499940991402,0.0007036658935248852,0.0006939158774912357,0.0006928748916834593,0.0007102079689502716,0.0012452499940991402,0.0007036658935248852,0.0006939158774912357,0.0006928748916834593,0.00140616693533957,nan,0.002641957951709628,0.0012019590940326452,0.0022574160248041153,0.0011080419644713402,0.0022361669689416885,0.0016536249313503504,0.002734416862949729,0.001680999994277954,0.0022295829840004444,0.0015911669470369816,0.002577875042334199,518.1602907930501,1,82,nan,74,72,85,41,31,57,58,59,58,41,31,nan,VI skipped: 3^85 too large
puddleworld,10,10,100,1000,100,75,175,10000,8550,4,1000,1,73,73,25,42.8,73,377.75695858872496,0.0,141.19643525709398,nan,0.08010204206220806,0.0,nan,0.0002901249099522829,0.0007950419094413519,0.0002804580144584179,0.0002793748863041401,0.0002819579094648361,0.0002901249099522829,0.0007950419094413519,0.0002804580144584179,0.0002793748863041401,0.0002819579094648361,0.001111457822844386,nan,0.002404165919870138,0.0010188331361860037,0.0017714588902890682,0.0008267499506473541,0.0015229589771479368,0.0013975840993225574,0.001837416086345911,0.0013774579856544733,0.0016915409360080957,0.0011646249331533909,0.0018595419824123383,519.0582385829184,1,68,nan,72,64,73,33,33,52,42,52,48,33,33,nan,VI skipped: 3^73 too large
puddleworld,10,10,100,1000,100,76,176,10000,8553,4,1000,1,95,95,35,46.628571428571426,95,378.31488729198463,0.0,139.79353270493448,nan,0.09571987483650446,0.0,nan,0.00042258319444954395,0.0011095840018242598,0.00041304202750325203,0.00041016703471541405,0.0004069588612765074,0.00042258319444954395,0.0011095840018242598,0.00041304202750325203,0.00041016703471541405,0.0004069588612765074,0.0015042920131236315,nan,0.0028106251265853643,0.0013388749212026596,0.002394125098362565,0.0011534160003066063,0.0023620000574737787,0.0018780839163810015,0.002980541903525591,0.0018385830335319042,0.00241062487475574,0.0016613330226391554,0.002806750126183033,518.2371713749599,1,90,nan,82,83,95,45,41,67,66,67,66,45,41,nan,VI skipped: 3^95 too large
puddleworld,10,10,100,1000,100,77,177,10000,7990,4,1000,1,78,78,54,42.5,78,379.0692245613318,0.0,139.0354647883214,nan,0.0794649999588728,0.0,nan,0.0005946250166743994,0.0011251249816268682,0.000573375029489398,0.000571124954149127,0.0005744588561356068,0.0005946250166743994,0.0011251249816268682,0.000573375029489398,0.000571124954149127,0.0005744588561356068,0.001296540955081582,nan,0.0024539169389754534,0.0011115830857306719,0.0020577090326696634,0.0011772080324590206,0.002237583976238966,0.0015162499621510506,0.0024976658169180155,0.001470167189836502,0.0020427079871296883,0.0017089578323066235,0.0026635408867150545,518.2152754168492,1,76,nan,69,67,78,44,34,52,53,51,53,44,34,nan,VI skipped: 3^78 too large
puddleworld,10,10,100,1000,100,78,178,10000,8649,4,1000,1,77,77,72,41.888888888888886,77,385.64605152234435,0.0,140.52664158819243,nan,0.07618370815180242,0.0,nan,0.0007388750091195107,0.0012842922005802393,0.0007320418953895569,0.0007309168577194214,0.0007321247830986977,0.0007388750091195107,0.0012842922005802393,0.0007320418953895569,0.0007309168577194214,0.0007321247830986977,0.001139290863648057,nan,0.0025701250415295362,0.0011346670798957348,0.002122000092640519,0.0009525001514703035,0.0021396251395344734,0.001660417066887021,0.002748583909124136,0.0017357498873025179,0.0022445418871939182,0.0013830829411745071,0.002477708039805293,526.2813547921833,1,65,nan,70,66,77,34,28,55,56,58,56,34,28,nan,VI skipped: 3^77 too large
puddleworld,10,10,100,1000,100,79,179,10000,8747,4,1000,1,85,85,118,48.00847457627118,85,374.3791110829916,0.0,138.37292682705447,nan,0.09228841704316437,0.0,nan,0.0013665829319506884,0.0018851670902222395,0.0013542920351028442,0.0013630830217152834,0.0013606669381260872,0.0013665829319506884,0.0018851670902222395,0.0013542920351028442,0.0013630830217152834,0.0013606669381260872,0.0015702079981565475,nan,0.0031842091120779514,0.0013809578958898783,0.0025755830574780703,0.0010819588787853718,0.003276499919593334,0.001884707948192954,0.003112250007688999,0.001928958110511303,0.0026122501585632563,0.0015575829893350601,0.003667500102892518,512.8868460829835,1,85,nan,81,77,85,35,30,58,59,60,59,35,30,nan,VI skipped: 3^85 too large
puddleworld,10,10,100,1000,100,80,180,10000,7785,4,1000,1,107,107,112,47.401785714285715,107,375.59179387940094,0.0,139.1073087111581,nan,0.11085795913822949,0.0,nan,0.001224125036969781,0.001766042085364461,0.001221291022375226,0.0012213748414069414,0.001212832983583212,0.001224125036969781,0.001766042085364461,0.001221291022375226,0.0012213748414069414,0.001212832983583212,0.0019710410851985216,nan,0.00410691718570888,0.001903875032439828,0.00335329188965261,0.001974833197891712,0.006720916833728552,0.002770249964669347,0.004647084046155214,0.002890791976824403,0.0038702499587088823,0.0028852499090135098,0.007499875035136938,514.8680997088086,1,105,nan,101,104,107,62,56,82,84,87,84,62,56,nan,VI skipped: 3^107 too large
puddleworld,10,10,100,1000,100,81,181,10000,9121,4,1000,1,73,73,25,43.8,73,373.9596159684006,0.0,140.39120775833726,nan,0.0785399170126766,0.0,nan,0.0002997918054461479,0.0008109160698950291,0.0002884159330278635,0.0002859160304069519,0.0002848338335752487,0.0002997918054461479,0.0008109160698950291,0.0002884159330278635,0.0002859160304069519,0.0002848338335752487,0.001061541959643364,nan,0.002426417078822851,0.00100762490183115,0.0017850829754024744,0.0007777910213917494,0.0012079582083970308,0.001325041987001896,0.0020661670714616776,0.001352792140096426,0.0017263749614357948,0.0011025830172002316,0.001450665993615985,514.453490416985,1,64,nan,72,63,73,31,25,49,47,51,49,31,25,nan,VI skipped: 3^73 too large
puddleworld,10,10,100,1000,100,82,182,10000,9117,4,1000,1,74,74,100,41.15,74,376.32154838670976,0.0,139.99531601415947,nan,0.07964183390140533,0.0,nan,0.0009935828857123852,0.0015048328787088394,0.0009827089961618185,0.0009900408331304789,0.000978332944214344,0.0009935828857123852,0.0015048328787088394,0.0009827089961618185,0.0009900408331304789,0.000978332944214344,0.001313582994043827,nan,0.002503999974578619,0.0012391249183565378,0.0021292080637067556,0.000998249975964427,0.002601624932140112,0.0015687078703194857,0.0024421249981969595,0.0015960410237312317,0.002109709195792675,0.0014496671501547098,0.0029819170013070107,516.4313789170701,1,73,nan,66,71,74,34,29,50,48,51,50,34,29,nan,VI skipped: 3^74 too large
puddleworld,10,10,100,1000,100,83,183,10000,9404,4,1000,1,82,82,125,44.32,82,374.95631284522824,0.0,140.27992033795454,nan,0.09556637494824827,0.0,nan,0.0013110828585922718,0.0018420000560581684,0.0013124169781804085,0.0013034578878432512,0.0013122078962624073,0.0013110828585922718,0.0018420000560581684,0.0013124169781804085,0.0013034578878432512,0.0013122078962624073,0.0014959159307181835,nan,0.00292037520557642,0.0012942079920321703,0.002480250084772706,0.0013249579351395369,0.0036345000844448805,0.0019124168902635574,0.0030653751455247402,0.0018970409873872995,0.0025554168969392776,0.0019090420100837946,0.004094249801710248,515.3748622501735,1,81,nan,75,72,82,43,35,59,58,59,58,43,35,nan,VI skipped: 3^82 too large
puddleworld,10,10,100,1000,100,84,184,10000,8739,4,1000,1,89,89,64,44.375,89,377.45150315458886,0.0,140.13393375789747,nan,0.09514829213730991,0.0,nan,0.0006967501249164343,0.0013490000274032354,0.0006846671458333731,0.0006808750331401825,0.0006787911988794804,0.0006967501249164343,0.0013490000274032354,0.0006846671458333731,0.0006808750331401825,0.0006787911988794804,0.0014742081984877586,nan,0.0027508751954883337,0.0014233749825507402,0.002416290808469057,0.0013834589626640081,0.0031817909330129623,0.0018312090542167425,0.0030879999976605177,0.0018175418954342604,0.002523000119253993,0.001984749920666218,0.0036578751169145107,517.7179828749504,1,85,nan,76,85,89,50,42,62,64,62,64,50,42,nan,VI skipped: 3^89 too large
puddleworld,10,10,100,1000,100,85,185,10000,8935,4,1000,1,57,57,24,36.75,57,380.04730258416384,0.0,142.43778072297573,nan,0.05176845798268914,0.0,nan,0.00024520885199308395,0.0007650000043213367,0.00023495801724493504,0.00023270794190466404,0.0002330418210476637,0.00024520885199308395,0.0007650000043213367,0.00023495801724493504,0.00023270794190466404,0.0002330418210476637,0.0008915408980101347,nan,0.0018140829633921385,0.0008637087885290384,0.0013672090135514736,0.0006101247854530811,0.0008140408899635077,0.0008349590934813023,0.0014312078710645437,0.0008723749779164791,0.0011463328264653683,0.0008857499342411757,0.000998999923467636,522.5558787090704,1,54,nan,55,54,57,25,18,31,33,33,33,25,18,nan,VI skipped: 3^57 too large
puddleworld,10,10,100,1000,100,86,186,10000,6367,4,1000,1,75,75,9,40.0,75,383.3025388547685,0.0,139.2899546304252,nan,0.07080824999138713,0.0,nan,0.0001275420654565096,0.0006648330017924309,0.00011916598305106163,0.00011687516234815121,0.00011712498962879181,0.0001275420654565096,0.0006648330017924309,0.00011916598305106163,0.00011687516234815121,0.00011712498962879181,0.0012120830360800028,nan,0.0018214168958365917,0.0010762091260403395,0.001383625203743577,0.0006395000964403152,0.0012457920238375664,0.0011568751651793718,0.001443166984245181,0.0011604588944464922,0.0012341251131147146,0.0009695831686258316,0.0015403339639306068,522.6836512919981,1,74,nan,67,70,75,34,32,45,39,46,44,34,32,nan,VI skipped: 3^75 too large
puddleworld,10,10,100,1000,100,87,187,10000,7219,4,1000,1,73,73,14,42.357142857142854,73,379.1956226916518,0.0,139.90108324983157,nan,0.07471791701391339,0.0,nan,0.00018179207108914852,0.0007172089535742998,0.0001777089200913906,0.00017199991270899773,0.00017083296552300453,0.00018179207108914852,0.0007172089535742998,0.0001777089200913906,0.00017199991270899773,0.00017083296552300453,0.001152500044554472,nan,0.0016417501028627157,0.0009568328969180584,0.0013583339750766754,0.0006120419129729271,0.0012326249852776527,0.0009392080828547478,0.001448167022317648,0.00094933295622468,0.001125832786783576,0.000929499976336956,0.001520165940746665,519.1911402922124,1,72,nan,60,62,73,32,30,36,39,37,39,32,30,nan,VI skipped: 3^73 too large
puddleworld,10,10,100,1000,100,88,188,10000,9221,4,1000,1,85,85,120,44.06666666666667,85,381.2242601197213,0.0,139.5372895936016,nan,0.09159191604703665,0.0,nan,0.0012625420931726694,0.0018264581449329853,0.001258583040907979,0.0012539578601717949,0.0012527499347925186,0.0012625420931726694,0.0018264581449329853,0.001258583040907979,0.0012539578601717949,0.0012527499347925186,0.00156812509521842,nan,0.0029039159417152405,0.001369791803881526,0.002605917165055871,0.0013899169862270355,0.0037245419807732105,0.0021075839176774025,0.003078207839280367,0.002073250012472272,0.00257712509483099,0.002020792104303837,0.004176000133156776,520.8968073339202,1,85,nan,74,76,85,45,34,65,58,65,58,45,34,nan,VI skipped: 3^85 too large
puddleworld,10,10,100,1000,100,89,189,10000,8173,4,1000,1,87,87,72,50.333333333333336,87,380.08315166505054,0.0,140.51856956304982,nan,0.0981650841422379,0.0,nan,0.0008682920597493649,0.0014103748835623264,0.0008578749839216471,0.0008515000808984041,0.0008542498107999563,0.0008682920597493649,0.0014103748835623264,0.0008578749839216471,0.0008515000808984041,0.0008542498107999563,0.0013961249496787786,nan,0.0027279171627014875,0.0012611669953912497,0.0023760830517858267,0.0011208751238882542,0.002933083102107048,0.0016692089848220348,0.0028556250035762787,0.001706042094156146,0.002352457959204912,0.0016127079725265503,0.0033945830073207617,520.7363254590891,1,80,nan,75,75,87,40,37,56,59,58,59,40,37,nan,VI skipped: 3^87 too large
puddleworld,10,10,100,1000,100,90,190,10000,7984,4,1000,1,74,74,33,42.72727272727273,74,380.2613509623334,0.0,139.9507982057985,nan,0.06617737491615117,0.0,nan,0.00037929206155240536,0.0009237921331077814,0.000358375022187829,0.0003571249544620514,0.0003559580072760582,0.00037929206155240536,0.0009237921331077814,0.000358375022187829,0.0003571249544620514,0.0003559580072760582,0.0011877499055117369,nan,0.0020917500369250774,0.0010542909149080515,0.0018215000163763762,0.000705749960616231,0.0014581659343093634,0.0012811659835278988,0.0021609580144286156,0.0013213751371949911,0.0017417080234736204,0.0010051669087260962,0.001741624902933836,520.3033205838874,1,72,nan,62,66,74,28,28,47,49,49,49,28,28,nan,VI skipped: 3^74 too large
puddleworld,10,10,100,1000,100,91,191,10000,8085,4,1000,1,81,81,36,43.666666666666664,81,380.4232129496522,0.0,140.88455851655453,nan,0.07988062500953674,0.0,nan,0.00041324994526803493,0.0009467499330639839,0.0004023329820483923,0.00040166708640754223,0.0004073751624673605,0.00041324994526803493,0.0009467499330639839,0.0004023329820483923,0.00040166708640754223,0.0004073751624673605,0.00017266604118049145,nan,0.0014342500362545252,0.0010966670233756304,0.0015636661555618048,8.591683581471443e-05,0.0001846251543611288,0.00023400015197694302,0.0001460830681025982,0.00022570788860321045,0.00011762510985136032,0.00011754198931157589,0.0002127089537680149,521.4009135840461,0,9,nan,42,68,63,3,3,8,3,8,3,3,3,nan,VI skipped: 3^81 too large
puddleworld,10,10,100,1000,100,92,192,10000,7871,4,1000,1,79,79,28,44.464285714285715,79,382.12333927094005,0.0,141.28604216384701,nan,0.06826629186980426,0.0,nan,0.00033412501215934753,0.0007696670945733786,0.0003247500862926245,0.0003224171232432127,0.0003215000033378601,0.00033412501215934753,0.0007696670945733786,0.0003247500862926245,0.0003224171232432127,0.0003215000033378601,0.0012813750654459,nan,0.0026094589848071337,0.0011968750040978193,0.0019337909761816263,0.0009288329165428877,0.0015737500507384539,0.0013335419353097677,0.0020385419484227896,0.0013432498089969158,0.0016381670720875263,0.0013320839498192072,0.0018857498653233051,523.5037367918994,1,78,nan,78,75,79,37,31,49,46,50,46,37,31,nan,VI skipped: 3^79 too large
puddleworld,10,10,100,1000,100,93,193,10000,8071,4,1000,1,91,91,110,56.41818181818182,91,381.7351042071823,0.0,139.26737175905146,nan,0.10370216588489711,0.0,nan,0.0014238751027733088,0.0017678330186754465,0.001417041989043355,0.0014179171994328499,0.0014247919898480177,0.0014238751027733088,0.0017678330186754465,0.001417041989043355,0.0014179171994328499,0.0014247919898480177,0.0015245410613715649,nan,0.00338925002142787,0.001384790986776352,0.002772125182673335,0.000969375018030405,0.003346875077113509,0.0018282500095665455,0.0029557088855654,0.0018322919495403767,0.0025241251569241285,0.0014048749580979347,0.0037658337969332933,521.148698833771,1,82,nan,86,76,91,31,31,55,55,56,56,31,31,nan,VI skipped: 3^91 too large
puddleworld,10,10,100,1000,100,94,194,10000,8355,4,1000,1,96,96,70,56.58571428571429,96,381.61776065151207,0.0,138.86429064627737,nan,0.0946742920204997,0.0,nan,0.0009447499178349972,0.0012635409366339445,0.0009279581718146801,0.0009248328860849142,0.0009294580668210983,0.0009447499178349972,0.0012635409366339445,0.0009279581718146801,0.0009248328860849142,0.0009294580668210983,0.0016135000623762608,nan,0.0030529999639838934,0.0014933331403881311,0.0026173749938607216,0.0009983750060200691,0.002655999967828393,0.0017107080202549696,0.0028929580003023148,0.0020171250216662884,0.0025197919458150864,0.0014215002302080393,0.0030165419448167086,520.614046000177,1,93,nan,84,89,96,36,32,58,60,70,64,36,32,nan,VI skipped: 3^96 too large
puddleworld,10,10,100,1000,100,95,195,10000,7429,4,1000,1,79,79,36,46.833333333333336,79,309.957569708582,0.0,112.32070671371184,nan,0.06399612501263618,0.0,nan,0.0004397500306367874,0.000756208086386323,0.0004267499316483736,0.00042587495408952236,0.0004287920892238617,0.0004397500306367874,0.000756208086386323,0.0004267499316483736,0.00042587495408952236,0.0004287920892238617,0.0013221250846982002,nan,0.0022674999199807644,0.0011015411000698805,0.0019907921086996794,0.0008992080111056566,0.0016526251565665007,0.0013172919861972332,0.0019894579891115427,0.001332166837528348,0.0016125841066241264,0.0012912920210510492,0.0019832078833132982,422.3680923329666,1,79,nan,66,68,79,35,30,47,44,48,44,35,30,nan,VI skipped: 3^79 too large
puddleworld,10,10,100,1000,100,96,196,10000,9499,4,1000,1,64,64,44,40.20454545454545,64,307.86223358358257,0.0,113.82459325902164,nan,0.04321208316832781,0.0,nan,0.0004526250995695591,0.001456625061109662,0.00043879193253815174,0.00043779192492365837,0.0004366668872535229,0.0004526250995695591,0.001456625061109662,0.00043879193253815174,0.00043779192492365837,0.0004366668872535229,0.0009304170962423086,nan,0.002121041063219309,0.000838541891425848,0.0015947911888360977,0.000540875131264329,0.0011545829474925995,0.0010975420009344816,0.0018243750091642141,0.0011149579659104347,0.0014896669890731573,0.0007776250131428242,0.0013877497985959053,421.7529468340799,1,56,nan,63,52,64,21,21,40,40,41,41,21,21,nan,VI skipped: 3^64 too large
puddleworld,10,10,100,1000,100,97,197,10000,9498,4,1000,1,68,68,35,36.114285714285714,68,307.2449762369506,0.0,110.78938292223029,nan,0.04789929185062647,0.0,nan,0.0003375830128788948,0.0006421669386327267,0.00032970914617180824,0.00032291701063513756,0.00032141595147550106,0.0003375830128788948,0.0006421669386327267,0.00032970914617180824,0.00032291701063513756,0.00032141595147550106,0.0010931659489870071,nan,0.0020300420001149178,0.0009610408451408148,0.0016700830310583115,0.0009469578508287668,0.0013022918719798326,0.0012785829603672028,0.0021122500766068697,0.0013172500766813755,0.0017150829080492258,0.0013593330513685942,0.001557874958962202,418.1061310840305,1,66,nan,60,60,68,38,25,47,48,49,48,38,25,nan,VI skipped: 3^68 too large
puddleworld,10,10,100,1000,100,98,198,10000,7594,4,1000,1,76,76,35,44.8,76,305.488968845224,0.0,111.65220005740412,nan,0.0460207499563694,0.0,nan,0.00040691718459129333,0.0009518750011920929,0.0003969580866396427,0.00039716693572700024,0.00039395783096551895,0.00040691718459129333,0.0009518750011920929,0.0003969580866396427,0.00039716693572700024,0.00039395783096551895,0.0012462500017136335,nan,0.0022704158909618855,0.0010961669031530619,0.0019179580267518759,0.0007057921029627323,0.0014596669934689999,0.0013407499063760042,0.0022607501596212387,0.0012102089822292328,0.0018176669254899025,0.0010046660900115967,0.0017493749037384987,417.21228354098275,1,74,nan,66,67,76,27,27,48,50,44,50,27,27,nan,VI skipped: 3^76 too large
puddleworld,10,10,100,1000,100,99,199,10000,8644,4,1000,1,84,84,48,45.666666666666664,84,304.1105063788127,0.0,110.42409089580178,nan,0.052903875010088086,0.0,nan,0.0005525420419871807,0.0008804169483482838,0.0005451659671962261,0.0005405000410974026,0.0005394159816205502,0.0005525420419871807,0.0008804169483482838,0.0005451659671962261,0.0005405000410974026,0.0005394159816205502,5.5167125537991524e-05,nan,0.0021970421075820923,0.0012547499500215054,0.001953958999365568,6.22081570327282e-05,0.0001455000601708889,4.35409601777792e-05,0.00010699988342821598,0.0002923340070992708,8.491706103086472e-05,8.479109965264797e-05,0.00016150018200278282,414.6019870408345,0,2,nan,62,76,75,2,2,1,2,10,2,2,2,nan,VI skipped: 3^84 too large
rockworld,10,10,100,1000,100,0,200,20000,11063,4,1000,1,124,124,96,69.33333333333333,124,807.0788317904808,0.0,244.8460400828626,nan,0.19302795780822635,0.0,nan,0.021414415910840034,0.016578332986682653,0.004806417040526867,0.0035299579612910748,0.003510749898850918,0.021414415910840034,0.016578332986682653,0.004806417040526867,0.0035299579612910748,0.003510749898850918,0.02197025017812848,nan,0.010507707949727774,0.003996832994744182,0.005202332977205515,0.002392624970525503,0.011164374882355332,0.003409125143662095,0.004974874900653958,0.0031381668522953987,0.0036658330354839563,0.0025450000539422035,0.006981000071391463,1052.2977671658155,1,122,nan,114,106,124,56,50,84,80,85,85,56,50,nan,VI skipped: 3^124 too large
rockworld,10,10,100,1000,100,1,201,20000,17281,4,1000,1,86,86,40,49.7,86,815.4635959242005,0.0,272.593646902591,nan,0.12242716597393155,0.0,nan,0.0005099580157548189,0.007019333075731993,0.0004902919754385948,0.00048758299089968204,0.00048645888455212116,0.0005099580157548189,0.007019333075731993,0.0004902919754385948,0.00048758299089968204,0.00048645888455212116,0.0014094579964876175,nan,0.0023791249841451645,0.0012246249243617058,0.0021579167805612087,0.0009207080584019423,0.0018964589107781649,0.0014052079059183598,0.002198499860242009,0.0014165830798447132,0.0018827910535037518,0.0013208328746259212,0.002198917092755437,1088.219703250099,1,84,nan,69,76,86,36,32,51,49,52,52,36,32,nan,VI skipped: 3^86 too large
rockworld,10,10,100,1000,100,2,202,20000,12341,4,1000,1,124,124,146,53.465753424657535,124,819.3504033263307,0.0,208.01804053247906,nan,0.1618233749177307,0.0,nan,0.0018369578756392002,0.006834666943177581,0.0018218329641968012,0.001822250196710229,0.0018168750684708357,0.0018369578756392002,0.006834666943177581,0.0018218329641968012,0.001822250196710229,0.0018168750684708357,0.002822041977196932,nan,0.005381125025451183,0.002303167013451457,0.0044195840600878,0.002987458137795329,0.010494541842490435,0.003623333992436528,0.005836499854922295,0.0038189999759197235,0.004833749961107969,0.004487583180889487,0.011311749927699566,1027.6210114159621,1,122,nan,120,116,124,83,63,94,93,100,90,83,63,nan,VI skipped: 3^124 too large
rockworld,10,10,100,1000,100,3,203,20000,9796,4,1000,1,185,185,308,75.47727272727273,185,801.4451321277302,0.0,192.16204163362272,nan,0.2232047498691827,0.0,nan,0.005342415999621153,0.017803041962906718,0.005626332946121693,0.005300207994878292,0.005618040915578604,0.005342415999621153,0.017803041962906718,0.005626332946121693,0.005300207994878292,0.005618040915578604,0.005868250038474798,nan,0.011070457985624671,0.004865624941885471,0.010566500015556812,0.006264541065320373,0.04803370777517557,0.008220250019803643,0.013937999960035086,0.008177707903087139,0.012526291189715266,0.009391333907842636,0.046301665948703885,994.0786986260209,1,185,nan,160,177,185,109,103,143,145,144,145,109,103,nan,VI skipped: 3^185 too large
rockworld,10,10,100,1000,100,4,204,20000,17582,4,1000,1,98,98,42,45.642857142857146,98,807.8627388458699,0.0,277.40482640475966,nan,0.12482595816254616,0.0,nan,0.0005148330237716436,0.00732554099522531,0.000486292177811265,0.00047574983909726143,0.00047545903362333775,0.0005148330237716436,0.00732554099522531,0.000486292177811265,0.00047574983909726143,0.00047545903362333775,0.0016573749016970396,nan,0.0030804998241364956,0.0015193328727036715,0.0025512080173939466,0.001641749870032072,0.0029964169953018427,0.0020848328713327646,0.003433292033150792,0.0020946671720594168,0.002762790769338608,0.002327165799215436,0.003455125028267503,1085.441521666944,1,95,nan,87,92,98,62,46,74,74,75,74,62,46,nan,VI skipped: 3^98 too large
rockworld,10,10,100,1000,100,5,205,20000,16605,4,1000,1,81,81,63,46.857142857142854,81,806.6262242966332,0.0,274.3105965030845,nan,0.11001670779660344,0.0,nan,0.0007317499257624149,0.005071874940767884,0.0007144161500036716,0.0008169591892510653,0.0010197919327765703,0.0007317499257624149,0.005071874940767884,0.0007144161500036716,0.0008169591892510653,0.0010197919327765703,0.0012683749664574862,nan,0.002558249980211258,0.0011616251431405544,0.0021776671055704355,0.0009056250564754009,0.0020086250733584166,0.0016427920199930668,0.0025696661323308945,0.0015842081047594547,0.002094082999974489,0.0012966659851372242,0.002280042041093111,1081.0879144170322,1,73,nan,71,69,81,33,27,56,54,55,54,33,27,nan,VI skipped: 3^81 too large
rockworld,10,10,100,1000,100,6,206,20000,13324,4,1000,1,235,235,236,87.91525423728814,235,809.7364925786387,0.0,234.31490834476426,nan,0.2909299579914659,0.0,nan,0.004704916151240468,0.013128750026226044,0.004721707897260785,0.0046790000051259995,0.004671416012570262,0.004704916151240468,0.013128750026226044,0.004721707897260785,0.0046790000051259995,0.004671416012570262,0.006450916873291135,nan,0.015472832834348083,0.006151291076093912,0.013129540951922536,0.008445207960903645,0.05248824995942414,0.010310916928574443,0.016741333063691854,0.010283875046297908,0.014651917153969407,0.012366625014692545,0.056998959043994546,1044.6183450829703,1,233,nan,234,227,235,149,139,185,179,189,178,149,139,nan,VI skipped: 3^235 too large
rockworld,10,10,100,1000,100,7,207,20000,14131,4,1000,1,107,107,441,66.27891156462584,107,804.7530527377967,0.0,224.80243274196982,nan,0.18452900019474328,0.0,nan,0.006544040981680155,0.016968624899163842,0.006526416167616844,0.00651812506839633,0.006505666067823768,0.006544040981680155,0.016968624899163842,0.006526416167616844,0.00651812506839633,0.006505666067823768,0.002856707898899913,nan,0.006745500024408102,0.00264541688375175,0.005997875006869435,0.0019475000444799662,0.011549500050023198,0.004325749818235636,0.006698082899674773,0.004534499952569604,0.006096499972045422,0.003019917057827115,0.012613832950592041,1029.8788914168254,1,100,nan,104,94,107,34,33,72,70,75,70,34,33,nan,VI skipped: 3^107 too large
rockworld,10,10,100,1000,100,8,208,20000,15001,4,1000,1,107,107,99,54.09090909090909,107,806.4841364889871,0.0,250.22039495198987,nan,0.14885408384725451,0.0,nan,0.0012570829130709171,0.010543084004893899,0.001253542024642229,0.00124345812946558,0.0012485829647630453,0.0012570829130709171,0.010543084004893899,0.001253542024642229,0.00124345812946558,0.0012485829647630453,0.0015030419453978539,nan,0.0038175838999450207,0.0002674579154700041,0.0032682500313967466,0.0004432080313563347,0.0015888749621808529,0.0002836659550666809,0.0009124591015279293,5.8625126257538795e-05,0.0006791660562157631,0.0007144580595195293,0.0018378749955445528,1056.897144916933,0,81,nan,97,14,107,14,14,8,14,1,14,14,14,nan,VI skipped: 3^107 too large
rockworld,10,10,100,1000,100,9,209,20000,12452,4,1000,1,233,233,968,84.59710743801652,233,825.7123735945206,0.0,203.47277887677774,nan,0.49797262507490814,0.0,nan,0.018916792003437877,0.027171666966751218,0.018862124998122454,0.018704083049669862,0.01869933307170868,0.018916792003437877,0.027171666966751218,0.018862124998122454,0.018704083049669862,0.01869933307170868,0.013928374974057078,nan,0.03675204096361995,0.013440207811072469,0.03511433280073106,0.02252745907753706,0.2247770840767771,0.03018587501719594,0.04951866692863405,0.029540708987042308,0.04751333291642368,0.03364270809106529,0.2328964590560645,1030.6123477080837,1,232,nan,228,225,233,147,139,213,207,214,208,147,139,nan,VI skipped: 3^233 too large
rockworld,10,10,100,1000,100,10,210,20000,12946,4,1000,1,95,95,40,50.3,95,814.2330896724015,0.0,274.4335805554874,nan,0.10828204196877778,0.0,nan,0.000524209113791585,0.009378582937642932,0.0005108749028295279,0.0005050408653914928,0.0005054580979049206,0.000524209113791585,0.009378582937642932,0.0005108749028295279,0.0005050408653914928,0.0005054580979049206,0.0015652920119464397,nan,0.0032865419052541256,0.001389040844514966,0.002456165850162506,0.001137708080932498,0.002532209036871791,0.0017880829982459545,0.002755125053226948,0.001735915895551443,0.0022294579539448023,0.0016417501028627157,0.002987500047311187,1088.8251704990398,1,91,nan,94,84,95,43,41,62,59,61,59,43,41,nan,VI skipped: 3^95 too large
rockworld,10,10,100,1000,100,11,211,20000,12174,4,1000,1,102,102,380,50.81578947368421,102,807.9319522408769,0.0,208.21107641421258,nan,0.14491183310747147,0.0,nan,0.004433749942108989,0.010375791927799582,0.004402582999318838,0.004395833937451243,0.004383833147585392,0.004433749942108989,0.010375791927799582,0.004402582999318838,0.004395833937451243,0.004383833147585392,0.0027665002271533012,nan,0.0054207921493798494,0.002471707994118333,0.00508266594260931,0.00273266714066267,0.013409625040367246,0.004040207946673036,0.006624958012253046,0.0040231249295175076,0.0059145421255379915,0.00408220780082047,0.014140457846224308,1016.4046482911799,1,95,nan,93,98,102,54,43,78,79,79,79,54,43,nan,VI skipped: 3^102 too large
rockworld,10,10,100,1000,100,12,212,20000,11316,4,1000,1,137,137,51,57.450980392156865,137,808.5550240087323,0.0,189.7789789987728,nan,0.14918633294291794,0.0,nan,0.0007431660778820515,0.005426333053037524,0.0007272500079125166,0.0007156671490520239,0.0007174159400165081,0.0007431660778820515,0.005426333053037524,0.0007272500079125166,0.0007156671490520239,0.0007174159400165081,0.0024338329676538706,nan,0.004557542037218809,0.0022995418403297663,0.003798082936555147,0.002356459153816104,0.005634624976664782,0.003227708861231804,0.005286875180900097,0.003195457858964801,0.004275500075891614,0.0033879580441862345,0.006405875086784363,998.5475992909633,1,137,nan,122,133,137,84,65,107,107,108,107,84,65,nan,VI skipped: 3^137 too large
rockworld,10,10,100,1000,100,13,213,20000,14163,4,1000,1,113,113,84,60.607142857142854,113,809.4896302374545,0.0,240.30875457753427,nan,0.15040837484411895,0.0,nan,0.0012215839233249426,0.005411917110905051,0.0012029591016471386,0.0011989590711891651,0.0012021670117974281,0.0012215839233249426,0.005411917110905051,0.0012029591016471386,0.0011989590711891651,0.0012021670117974281,0.0020741671323776245,nan,0.004045374924317002,0.0018331247847527266,0.003326500067487359,0.0015680829528719187,0.0049297078512609005,0.002526083029806614,0.004293750040233135,0.002505083102732897,0.0033369578886777163,0.002242832910269499,0.00553104211576283,1050.0125293750316,1,113,nan,104,104,113,52,47,80,83,80,78,52,47,nan,VI skipped: 3^113 too large
rockworld,10,10,100,1000,100,14,214,20000,11226,4,1000,1,110,110,40,51.8,110,808.5804687810596,0.0,211.9638619706966,nan,0.12684758403338492,0.0,nan,0.0005297919269651175,0.003156667109578848,0.0005198749713599682,0.0005157911218702793,0.0005150830838829279,0.0005297919269651175,0.003156667109578848,0.0005198749713599682,0.0005157911218702793,0.0005150830838829279,0.0018664579838514328,nan,0.003601917065680027,0.0016649591270834208,0.002906499896198511,0.0016857918817549944,0.003559042001143098,0.0023399998899549246,0.0037690000608563423,0.002299665939062834,0.003055458888411522,0.0024554580450057983,0.004160458920523524,1020.7174032500479,1,109,nan,101,100,110,63,53,80,79,80,79,63,53,nan,VI skipped: 3^110 too large
rockworld,10,10,100,1000,100,15,215,20000,14250,4,1000,1,103,103,32,45.5625,103,817.71597424848,0.0,278.40514293522574,nan,0.14172041695564985,0.0,nan,0.0003945000935345888,0.00700516696088016,0.00037895794957876205,0.0003737499937415123,0.0003725830465555191,0.0003945000935345888,0.00700516696088016,0.00037895794957876205,0.0003737499937415123,0.0003725830465555191,0.0017251658719033003,nan,0.0032227090559899807,0.0016334161628037691,0.002606333000585437,0.0017641251906752586,0.0031220000237226486,0.0019384589977562428,0.0031792500521987677,0.0019580000080168247,0.002536583924666047,0.0025379578582942486,0.003684750059619546,1096.3099336251616,1,103,nan,93,101,103,69,54,70,70,72,70,69,54,nan,VI skipped: 3^103 too large
rockworld,10,10,100,1000,100,16,216,20000,14167,4,1000,1,96,96,52,44.63461538461539,96,811.5433534486219,0.0,252.32991767232306,nan,0.1314876249525696,0.0,nan,0.0005855830386281013,0.007186332950368524,0.0005742500070482492,0.000571040902286768,0.0005704578943550587,0.0005855830386281013,0.007186332950368524,0.0005742500070482492,0.000571040902286768,0.0005704578943550587,0.0016567918937653303,nan,0.003131625009700656,0.0014995839446783066,0.0025412500835955143,0.0015110000967979431,0.0032696668058633804,0.0019637499935925007,0.0031316669192165136,0.001971250167116523,0.0025339589919894934,0.002165250014513731,0.003776540979743004,1064.052957457956,1,96,nan,87,90,96,56,46,68,66,69,66,56,46,nan,VI skipped: 3^96 too large
rockworld,10,10,100,1000,100,17,217,20000,14347,4,1000,1,108,108,310,57.248387096774195,108,804.5755764674395,0.0,237.8436905813869,nan,0.16218066704459488,0.0,nan,0.004017499973997474,0.009008000139147043,0.0040124161168932915,0.004016041988506913,0.003997750114649534,0.004017499973997474,0.009008000139147043,0.0040124161168932915,0.004016041988506913,0.003997750114649534,0.0027309171855449677,nan,0.005385583033785224,0.002423000056296587,0.005182333057746291,0.002720833057537675,0.01143970899283886,0.004068917129188776,0.006588582880795002,0.004156165989115834,0.005837582983076572,0.004122874932363629,0.012503624893724918,1042.6902515420225,1,106,nan,94,97,108,56,43,79,80,82,80,56,43,nan,VI skipped: 3^108 too large
rockworld,10,10,100,1000,100,18,218,20000,13871,4,1000,1,112,112,176,58.56818181818182,112,823.3296079616994,0.0,238.6758605495561,nan,0.1746062501333654,0.0,nan,0.002368084155023098,0.008175834082067013,0.0023419579956680536,0.0023586659226566553,0.0023608750198036432,0.002368084155023098,0.008175834082067013,0.0023419579956680536,0.0023586659226566553,0.0023608750198036432,0.002262500114738941,nan,0.004529041005298495,0.0019457500893622637,0.0040401669684797525,0.0021654998417943716,0.008286957861855626,0.0031590829603374004,0.004853500053286552,0.0030612910632044077,0.003943749936297536,0.003151250071823597,0.009066957980394363,1062.2605009579565,1,110,nan,100,98,112,59,48,84,78,83,75,59,48,nan,VI skipped: 3^112 too large
rockworld,10,10,100,1000,100,19,219,20000,13111,4,1000,1,138,138,70,58.15714285714286,138,808.6440166053362,0.0,217.0383094572462,nan,0.16579133295454085,0.0,nan,0.0009833748918026686,0.0060340422205626965,0.0009674590546637774,0.0009777909144759178,0.0009676660411059856,0.0009833748918026686,0.0060340422205626965,0.0009674590546637774,0.0009777909144759178,0.0009676660411059856,0.0025020840112119913,nan,0.005067209014669061,0.002149916021153331,0.004051209194585681,0.0025688749738037586,0.007760707987472415,0.0034742921125143766,0.0056600000243633986,0.00349883409217,0.004632042022421956,0.003745000110939145,0.008848791010677814,1025.9211986251175,1,137,nan,130,122,138,86,74,108,108,111,108,86,74,nan,VI skipped: 3^138 too large
rockworld,10,10,100,1000,100,20,220,20000,14459,4,1000,1,113,113,132,54.984848484848484,113,810.5259769882541,0.0,243.05163966491818,nan,0.15257387491874397,0.0,nan,0.0019560419023036957,0.007631500018760562,0.0020195830147713423,0.001683417009189725,0.0016756248660385609,0.0019560419023036957,0.007631500018760562,0.0020195830147713423,0.001683417009189725,0.0016756248660385609,0.0022174171172082424,nan,0.004244874930009246,0.001902958145365119,0.0037565839011222124,0.002221333794295788,0.007720415946096182,0.0028216249775141478,0.004805875010788441,0.0028838340658694506,0.004048750037327409,0.003183250082656741,0.008480125106871128,1053.8169715411495,1,113,nan,100,100,113,66,55,81,84,84,84,66,55,nan,VI skipped: 3^113 too large
rockworld,10,10,100,1000,100,21,221,20000,15377,4,1000,1,99,99,51,54.254901960784316,99,812.8116204123944,0.0,253.3855409938842,nan,0.1573000408243388,0.0,nan,0.0006953340489417315,0.005391834070906043,0.0006735839415341616,0.0006691250018775463,0.0006727499421685934,0.0006953340489417315,0.005391834070906043,0.0006735839415341616,0.0006691250018775463,0.0006727499421685934,0.0017220000736415386,nan,0.0034167091362178326,0.0014248329680413008,0.0026678750291466713,0.001227041007950902,0.0026667919009923935,0.0019394999835640192,0.0031207918655127287,0.0018829170148819685,0.0026039578951895237,0.0017604168970137835,0.0030775831546634436,1066.3989271251485,1,99,nan,94,84,99,45,37,66,65,65,67,45,37,nan,VI skipped: 3^99 too large
rockworld,10,10,100,1000,100,22,222,20000,12163,4,1000,1,142,142,3832,71.35673277661796,142,811.4038063783664,0.0,214.40648137708195,nan,0.5914310000371188,0.0,nan,0.06178283295594156,0.06958016706630588,0.06205779197625816,0.06228141696192324,0.06178358290344477,0.06178283295594156,0.06958016706630588,0.06205779197625816,0.06228141696192324,0.06178358290344477,0.022562666097655892,nan,0.04763616598211229,0.017746292054653168,0.05103891692124307,0.025267666904255748,0.25060479203239083,0.04112487495876849,0.06760133313946426,0.04178629210218787,0.06632683286443353,0.04116829112172127,0.2663921248167753,1027.8214682091493,1,138,nan,128,128,142,70,64,112,113,114,113,70,64,nan,VI skipped: 3^142 too large
rockworld,10,10,100,1000,100,23,223,20000,11103,4,1000,1,119,119,2126,64.94308560677328,119,814.6039723043796,0.0,214.5228616821114,nan,0.31431179214268923,0.0,nan,0.031146041117608547,0.03543054196052253,0.03085879096761346,0.030757166910916567,0.03080479195341468,0.031146041117608547,0.03543054196052253,0.03085879096761346,0.030757166910916567,0.03080479195341468,0.008780540898442268,nan,0.028490625089034438,0.007969708181917667,0.02187525015324354,0.010371417040005326,0.0992531250230968,0.016884541837498546,0.02825700002722442,0.017302875174209476,0.0272170000243932,0.016278000082820654,0.09379575005732477,1030.0657797500025,1,112,nan,108,106,119,56,49,92,94,95,94,56,49,nan,VI skipped: 3^119 too large
rockworld,10,10,100,1000,100,24,224,20000,14540,4,1000,1,110,110,70,55.385714285714286,110,808.8661437139381,0.0,262.1281842633616,nan,0.1822486249729991,0.0,nan,0.0009530829265713692,0.0071919579058885574,0.0009248331189155579,0.0009274592157453299,0.0009262498933821917,0.0009530829265713692,0.0071919579058885574,0.0009248331189155579,0.0009274592157453299,0.0009262498933821917,0.0019923329818993807,nan,0.003848042106255889,0.0017387080006301403,0.003163082990795374,0.0017289579845964909,0.0044845829252153635,0.0020061670802533627,0.0029831670690327883,0.0020957081578671932,0.002802375005558133,0.00251924991607666,0.005116333020851016,1071.2354525837582,1,110,nan,102,100,110,59,49,63,58,67,66,59,49,nan,VI skipped: 3^110 too large
rockworld,10,10,100,1000,100,25,225,20000,15469,4,1000,1,105,105,45,51.577777777777776,105,803.89205384464,0.0,252.96430862369016,nan,0.14957220782525837,0.0,nan,0.0005867499858140945,0.005128583172336221,0.0005704588256776333,0.0005700001493096352,0.0005714588332921267,0.0005867499858140945,0.005128583172336221,0.0005704588256776333,0.0005700001493096352,0.0005714588332921267,0.0017891661264002323,nan,0.00369637506082654,0.001750666880980134,0.002802290953695774,0.0014334579464048147,0.0035762919578701258,0.002206415869295597,0.0038252081722021103,0.00230654189363122,0.0030253329314291477,0.002065249951556325,0.004174625035375357,1057.0555212919135,1,103,nan,102,104,105,53,51,75,80,80,78,53,51,nan,VI skipped: 3^105 too large
rockworld,10,10,100,1000,100,26,226,20000,15362,4,1000,1,157,157,12,54.083333333333336,157,809.4561008247547,0.0,256.53949757874943,nan,0.17407566588371992,0.0,nan,0.00022062496282160282,0.0058800410479307175,0.00020804116502404213,0.00020495918579399586,0.00020562508143484592,0.00022062496282160282,0.0058800410479307175,0.00020804116502404213,0.00020495918579399586,0.00020562508143484592,0.002667332999408245,nan,0.005144916009157896,0.0023914999328553677,0.003849250031635165,0.002705333987250924,0.005147167015820742,0.0032493749167770147,0.005144333001226187,0.002884125104174018,0.004065957851707935,0.0038770418614149094,0.006252874853089452,1066.2356285410933,1,157,nan,149,147,157,108,108,117,114,106,114,108,108,nan,VI skipped: 3^157 too large
rockworld,10,10,100,1000,100,27,227,20000,12831,4,1000,1,119,119,370,54.597297297297295,119,821.2912805425003,0.0,243.7185179120861,nan,0.1819563340395689,0.0,nan,0.004669375019147992,0.01289345882833004,0.004678916884586215,0.004662458086386323,0.004653125070035458,0.004669375019147992,0.01289345882833004,0.004678916884586215,0.004662458086386323,0.004653125070035458,0.0031817080453038216,nan,0.007305125007405877,0.0030950838699936867,0.006356042111292481,0.00341879203915596,0.020391291938722134,0.005505916895344853,0.008363374974578619,0.005422124871984124,0.006892249919474125,0.0050878748297691345,0.022003915859386325,1065.34106708318,1,116,nan,116,116,119,63,60,100,93,100,86,63,60,nan,VI skipped: 3^119 too large
rockworld,10,10,100,1000,100,28,228,20000,14413,4,1000,1,147,147,505,76.32277227722773,147,808.6713012866676,0.0,260.66019283398055,nan,0.2590954590123147,0.0,nan,0.008659667102620006,0.015156916109845042,0.008674916112795472,0.008698041783645749,0.008655125042423606,0.008659667102620006,0.015156916109845042,0.008674916112795472,0.008698041783645749,0.008655125042423606,0.0047030828427523375,nan,0.010220249881967902,0.004167041974142194,0.009983666008338332,0.005058499984443188,0.03364391694776714,0.0076940408907830715,0.012745042098686099,0.007661624811589718,0.011642792029306293,0.007583375088870525,0.03369183302856982,1069.8211866251659,1,145,nan,132,131,147,74,59,114,114,115,114,74,59,nan,VI skipped: 3^147 too large
rockworld,10,10,100,1000,100,29,229,20000,9317,4,1000,1,141,141,94,55.02127659574468,141,804.5249768337235,0.0,194.320872514043,nan,0.14267329196445644,0.0,nan,0.001263708109036088,0.006081125000491738,0.001249333843588829,0.0015694580506533384,0.0012538749724626541,0.001263708109036088,0.006081125000491738,0.001249333843588829,0.0015694580506533384,0.0012538749724626541,0.00303583312779665,nan,0.005472874967381358,0.002598915947601199,0.004482791060581803,0.002742332872003317,0.010307749966159463,0.0040950418915599585,0.006825499935075641,0.0039747911505401134,0.0056519159115850925,0.004006791859865189,0.0115106669254601,999.0762900421396,1,141,nan,132,140,141,85,81,119,121,118,121,85,81,nan,VI skipped: 3^141 too large
rockworld,10,10,100,1000,100,30,230,20000,12227,4,1000,1,87,87,58,51.689655172413794,87,810.7529864246026,0.0,226.20972288656048,nan,0.1274204170331359,0.0,nan,0.0007325829938054085,0.00498570897616446,0.0007255831733345985,0.0007210411131381989,0.0007211670745164156,0.0007325829938054085,0.00498570897616446,0.0007255831733345985,0.0007210411131381989,0.0007211670745164156,0.0014776659663766623,nan,0.0024910420179367065,0.0014059999957680702,0.0023570419289171696,0.0008646249771118164,0.002259250031784177,0.0014277920126914978,0.002353167161345482,0.0014590420760214329,0.0019893329590559006,0.0012275420594960451,0.0026163330767303705,1037.12924058293,1,84,nan,69,83,87,31,31,48,49,50,51,31,31,nan,VI skipped: 3^87 too large
rockworld,10,10,100,1000,100,31,231,20000,11976,4,1000,1,152,152,103,66.66990291262135,152,811.4310626999941,0.0,234.98022207594477,nan,0.22329608304426074,0.0,nan,0.0016481250058859587,0.007073458982631564,0.0016019169706851244,0.0016102921217679977,0.001617291010916233,0.0016481250058859587,0.007073458982631564,0.0016019169706851244,0.0016102921217679977,0.001617291010916233,0.0003795830998569727,nan,0.003907917067408562,0.002541125053539872,0.00396991684101522,4.4416869059205055e-05,0.00017191702499985695,0.0005706669762730598,7.149996235966682e-05,0.0008665840141475201,5.8833975344896317e-05,5.870801396667957e-05,0.0001724578905850649,1046.6744618760422,0,18,nan,92,136,121,1,1,16,1,25,1,1,1,nan,VI skipped: 3^152 too large
rockworld,10,10,100,1000,100,32,232,20000,16625,4,1000,1,105,105,442,53.7737556561086,105,806.4997527243104,0.0,261.71620416804217,nan,0.16755016706883907,0.0,nan,0.0053928750567138195,0.012340541929006577,0.005385749973356724,0.005361916963011026,0.00535674998536706,0.0053928750567138195,0.012340541929006577,0.005385749973356724,0.005361916963011026,0.00535674998536706,0.0029947920702397823,nan,0.006763750221580267,0.002873667050153017,0.005901082884520292,0.00341345788910985,0.016635959036648273,0.004768582992255688,0.0073642919305711985,0.004922125022858381,0.0066637909039855,0.005176665959879756,0.018034750130027533,1068.5278940831777,1,105,nan,103,102,105,60,48,81,78,84,78,60,48,nan,VI skipped: 3^105 too large
rockworld,10,10,100,1000,100,33,233,20000,13569,4,1000,1,214,214,742,70.222371967655,214,809.1103106818628,0.0,224.54036454320885,nan,0.5275684171356261,0.0,nan,0.01163629093207419,0.01599866710603237,0.011633208021521568,0.011552917072549462,0.011580124963074923,0.01163629093207419,0.01599866710603237,0.011633208021521568,0.011552917072549462,0.011580124963074923,0.010371083160862327,nan,0.027412082999944687,0.010188499931246042,0.024550375062972307,0.01644991710782051,0.15198891703039408,0.02088691690005362,0.03069091704674065,0.02071533282287419,0.02894762484356761,0.025101542007178068,0.15975162503309548,1034.8075072509237,1,213,nan,206,213,214,143,136,189,165,189,165,143,136,nan,VI skipped: 3^214 too large
rockworld,10,10,100,1000,100,34,234,20000,16266,4,1000,1,120,120,368,58.15489130434783,120,808.2964266873896,0.0,249.33978844969533,nan,0.21960820793174207,0.0,nan,0.004899708786979318,0.012263040989637375,0.004854416940361261,0.004838250111788511,0.004806915996596217,0.004899708786979318,0.012263040989637375,0.004854416940361261,0.004838250111788511,0.004806915996596217,0.0031453340779989958,nan,0.0069603328593075275,0.0028321249410510063,0.006383792031556368,0.0037617089692503214,0.020339207956567407,0.005100582959130406,0.008597000036388636,0.005064583849161863,0.0074138338677585125,0.0055027499329298735,0.021798042114824057,1058.0053700839635,1,115,nan,111,106,120,70,61,93,95,94,95,70,61,nan,VI skipped: 3^120 too large
rockworld,10,10,100,1000,100,35,235,20000,17837,4,1000,1,36,36,8,23.375,36,808.8581559131853,0.0,286.9331719602924,nan,0.029708791989833117,0.0,nan,8.66251066327095e-05,0.006547000026330352,0.0003487919457256794,0.0003339999821037054,0.0004911669529974461,8.66251066327095e-05,0.006547000026330352,0.0003487919457256794,0.0003339999821037054,0.0004911669529974461,0.000510707963258028,nan,0.0005224999040365219,0.0004487079568207264,0.0006254580803215504,0.00031329202465713024,0.0004492918960750103,0.0004649579059332609,0.0006776670925319195,0.00047750002704560757,0.000519084045663476,0.0004715421237051487,0.0005465000867843628,1095.8488809999544,1,31,nan,19,29,35,17,12,18,19,19,19,17,12,nan,VI skipped: 3^36 too large
rockworld,10,10,100,1000,100,36,236,20000,8065,4,1000,1,153,153,30,63.46666666666667,153,819.5314832390286,0.0,198.08784059877507,nan,0.13562408299185336,0.0,nan,0.0005018748342990875,0.004778958857059479,0.0004885001108050346,0.00048229191452264786,0.0004837499000132084,0.0005018748342990875,0.004778958857059479,0.0004885001108050346,0.00048229191452264786,0.0004837499000132084,0.0025369999930262566,nan,0.005043916869908571,0.002277832943946123,0.003946083132177591,0.0023821659851819277,0.00565729197114706,0.003018041141331196,0.005070375045761466,0.0030992908868938684,0.004084042040631175,0.003424583002924919,0.0066135001834481955,1017.8162727078889,1,150,nan,142,139,153,91,85,106,108,111,109,91,85,nan,VI skipped: 3^153 too large
rockworld,10,10,100,1000,100,37,237,20000,13208,4,1000,1,219,219,1145,73.53886462882096,219,810.89667304256,0.0,219.75036939233541,nan,0.42357654101215303,0.0,nan,0.018820625031366944,0.027620292035862803,0.018839417025446892,0.018604041077196598,0.018638667184859514,0.018820625031366944,0.027620292035862803,0.018839417025446892,0.018604041077196598,0.018638667184859514,0.014392375014722347,nan,0.03693941584788263,0.013452374842017889,0.036227290984243155,0.023882958106696606,0.24107745778746903,0.030696916161105037,0.05201495811343193,0.030906167114153504,0.050099083222448826,0.03722791699692607,0.2544657501857728,1032.0499219999183,1,219,nan,210,208,219,144,138,196,195,198,195,144,138,nan,VI skipped: 3^219 too large
rockworld,10,10,100,1000,100,38,238,20000,12621,4,1000,1,163,163,1019,60.71540726202159,163,804.7236187416129,0.0,214.19775157654658,nan,0.3084309168625623,0.0,nan,0.014250666834414005,0.019912624964490533,0.014325583819299936,0.014292958891019225,0.014185916865244508,0.014250666834414005,0.019912624964490533,0.014325583819299936,0.014292958891019225,0.014185916865244508,0.008193249814212322,nan,0.02071820804849267,0.007526957895606756,0.01946087507531047,0.013469291152432561,0.11202450003474951,0.01595341577194631,0.02748954202979803,0.015872290823608637,0.026126750046387315,0.020513208117336035,0.11797837517224252,1019.7577187088318,1,162,nan,160,152,163,112,94,140,143,140,143,112,94,nan,VI skipped: 3^163 too large
rockworld,10,10,100,1000,100,39,239,20000,13619,4,1000,1,114,114,112,54.410714285714285,114,813.4550327025354,0.0,242.58280084677972,nan,0.16903683403506875,0.0,nan,0.0014385830145329237,0.006231334060430527,0.0014227088540792465,0.0014162089210003614,0.0014133329968899488,0.0014385830145329237,0.006231334060430527,0.0014227088540792465,0.0014162089210003614,0.0014133329968899488,0.0021639580372720957,nan,0.004328249953687191,0.0020106248557567596,0.00362333282828331,0.0018968340009450912,0.006589750060811639,0.002697625197470188,0.004552957834675908,0.0027154579292982817,0.003774999873712659,0.002726708073168993,0.007345541846007109,1056.2779794579837,1,114,nan,105,109,114,59,53,80,82,82,82,59,53,nan,VI skipped: 3^114 too large
rockworld,10,10,100,1000,100,40,240,20000,17871,4,1000,1,67,67,24,42.416666666666664,67,833.7355512771755,0.0,299.18306212034076,nan,0.05989820812828839,0.0,nan,0.00028016697615385056,0.007660957984626293,0.00027445796877145767,0.0002778340131044388,0.00027204188518226147,0.00028016697615385056,0.007660957984626293,0.00027445796877145767,0.0002778340131044388,0.00027204188518226147,0.0009952911641448736,nan,0.0019310000352561474,0.0009747908916324377,0.0016065419185906649,0.000757165951654315,0.0010682919528335333,0.000987707870081067,0.0016395419370383024,0.0009928338695317507,0.0013122919481247663,0.0010822080075740814,0.0012802500277757645,1133.0150277500506,1,62,nan,59,62,67,31,23,37,38,38,38,31,23,nan,VI skipped: 3^67 too large
rockworld,10,10,100,1000,100,41,241,20000,17862,4,1000,1,124,124,38,49.6578947368421,124,841.5708752847277,0.0,281.2827671475243,nan,0.17555783316493034,0.0,nan,0.0004890831187367439,0.005348291015252471,0.00048454105854034424,0.00047966698184609413,0.00047962507233023643,0.0004890831187367439,0.005348291015252471,0.00048454105854034424,0.00047966698184609413,0.00047962507233023643,0.00208091689273715,nan,0.004088874906301498,0.0018821670673787594,0.003245249856263399,0.0022128750570118427,0.004363917047157884,0.0029349580872803926,0.004715542076155543,0.002920249942690134,0.00392866600304842,0.0031702080741524696,0.005090458085760474,1123.087005041074,1,122,nan,115,115,124,83,64,101,100,103,103,83,64,nan,VI skipped: 3^124 too large
rockworld,10,10,100,1000,100,42,242,20000,14797,4,1000,1,230,230,156,68.82051282051282,230,829.112230569357,0.0,229.86667829472572,nan,0.2940007080323994,0.0,nan,0.002502916846424341,0.009272292023524642,0.0024843751452863216,0.002495124936103821,0.0024882499128580093,0.002502916846424341,0.009272292023524642,0.0024843751452863216,0.002495124936103821,0.0024882499128580093,0.0052842500153928995,nan,0.011962417047470808,0.004910249961540103,0.01006912486627698,0.007559250108897686,0.04173920792527497,0.009227874921634793,0.015398208051919937,0.00916808401234448,0.013252791948616505,0.011155457934364676,0.04559966712258756,1059.4909942918457,1,226,nan,221,219,230,171,152,206,205,208,205,171,152,nan,VI skipped: 3^230 too large
rockworld,10,10,100,1000,100,43,243,20000,10758,4,1000,1,158,158,5027,65.4440023871096,158,829.2283740378916,0.0,214.86082680290565,nan,0.9249388328753412,0.0,nan,0.07420762511901557,0.07832895801402628,0.07328970893286169,0.0732480410952121,0.07314083399251103,0.07420762511901557,0.07832895801402628,0.07328970893286169,0.0732480410952121,0.07314083399251103,0.02812233311124146,nan,0.07459687488153577,0.02707570791244507,0.07711425004526973,0.053973875008523464,0.5584642919711769,0.06096899998374283,0.10253999987617135,0.0631170419510454,0.10614454210735857,0.0875519160181284,0.5354021249804646,1047.360903916182,1,157,nan,151,147,158,108,95,124,128,128,133,108,95,nan,VI skipped: 3^158 too large
rockworld,10,10,100,1000,100,44,244,20000,11773,4,1000,1,126,126,31,52.096774193548384,126,830.0936549510807,0.0,203.51703495229594,nan,0.13591545796953142,0.0,nan,0.00046670809388160706,0.005428999895229936,0.00042466609738767147,0.00041108299046754837,0.00041320803575217724,0.00046670809388160706,0.005428999895229936,0.00042466609738767147,0.00041108299046754837,0.00041320803575217724,0.002034332836046815,nan,0.004094542004168034,0.001929959049448371,0.003263000166043639,0.0020770831033587456,0.004141374956816435,0.0028816668782383204,0.004739083116874099,0.002853207988664508,0.003820582991465926,0.0029774170834571123,0.004889416974037886,1033.8007187079638,1,118,nan,116,117,126,79,67,101,102,102,102,79,67,nan,VI skipped: 3^126 too large
rockworld,10,10,100,1000,100,45,245,20000,14052,4,1000,1,206,206,206,68.77184466019418,206,835.9450144383591,0.0,248.46842557447962,nan,0.35627466696314514,0.0,nan,0.003320000134408474,0.009244540939107537,0.003272874979302287,0.0032703750766813755,0.0032478750217705965,0.003320000134408474,0.009244540939107537,0.003272874979302287,0.0032703750766813755,0.0032478750217705965,0.00021829199977219105,nan,0.011062707984820008,0.0002412910107523203,0.009451209101825953,0.0014860001392662525,0.023291666992008686,0.0010276250541210175,0.0025282911956310272,0.00011641695164144039,0.002226040931418538,0.0022185409907251596,0.010466624982655048,1084.8725835827645,0,7,nan,190,9,197,30,72,20,30,2,30,30,30,nan,VI skipped: 3^206 too large
rockworld,10,10,100,1000,100,46,246,20000,12149,4,1000,1,162,162,198,58.14141414141414,162,833.1302305907011,0.0,205.65084392111748,nan,0.1794747079256922,0.0,nan,0.0027208749670535326,0.004910999909043312,0.002693665912374854,0.0027067498303949833,0.0027029579505324364,0.0027208749670535326,0.004910999909043312,0.002693665912374854,0.0027067498303949833,0.0027029579505324364,0.0035710828378796577,nan,0.007868916960433125,0.0033160001039505005,0.006778917042538524,0.0045489168260246515,0.023912000004202127,0.005786374909803271,0.00953862490132451,0.0057042918633669615,0.0072377079632133245,0.006602375069633126,0.025734959170222282,1039.1026245001704,1,160,nan,153,153,162,108,96,137,135,137,119,108,96,nan,VI skipped: 3^162 too large
rockworld,10,10,100,1000,100,47,247,20000,15851,4,1000,1,160,160,504,67.9186507936508,160,836.5496389116161,0.0,250.10245101107284,nan,0.33371045789681375,0.0,nan,0.007827624911442399,0.01667612511664629,0.007837624987587333,0.00779512501321733,0.00784408301115036,0.007827624911442399,0.01667612511664629,0.007837624987587333,0.00779512501321733,0.00784408301115036,0.005205375142395496,nan,0.012279999908059835,0.005053665954619646,0.011103332974016666,0.006630250019952655,0.05018433299846947,0.008743875194340944,0.01414033304899931,0.008514916058629751,0.013315374962985516,0.0098878750577569,0.053047458874061704,1087.2615369169507,1,160,nan,154,159,160,95,86,129,124,127,128,95,86,nan,VI skipped: 3^160 too large
rockworld,10,10,100,1000,100,48,248,20000,10533,4,1000,1,229,229,377,75.0212201591512,229,808.5235132882372,0.0,213.299309335649,nan,0.3304147080052644,0.0,nan,0.0065193751361221075,0.013142999960109591,0.0064935830887407064,0.006450750166550279,0.006484291981905699,0.0065193751361221075,0.013142999960109591,0.0064935830887407064,0.006450750166550279,0.006484291981905699,0.007707040989771485,nan,0.018311750143766403,0.007296375231817365,0.0167541669216007,0.012048832839354873,0.09036891697905958,0.01507949992083013,0.025436041178181767,0.014945665840059519,0.02338075009174645,0.01817341591231525,0.0951518751680851,1022.5631268748548,1,227,nan,219,222,229,164,146,211,211,211,211,164,146,nan,VI skipped: 3^229 too large
rockworld,10,10,100,1000,100,49,249,20000,12054,4,1000,1,55,55,6,30.0,55,809.1209462606348,0.0,215.2146690543741,nan,0.09111433289945126,0.0,nan,9.050010703504086e-05,0.006903333123773336,7.562502287328243e-05,7.433304563164711e-05,7.325015030801296e-05,9.050010703504086e-05,0.006903333123773336,7.562502287328243e-05,7.433304563164711e-05,7.325015030801296e-05,0.0008834998589009047,nan,0.0012215001042932272,0.000645084073767066,0.0009812088683247566,0.00045879092067480087,0.0009444158058613539,0.0009194582235068083,0.0009338748641312122,0.00089599983766675,0.0007671250496059656,0.0006889170035719872,0.0011780420318245888,1024.4521379580256,1,55,nan,46,42,55,25,26,36,26,36,28,25,26,nan,VI skipped: 3^55 too large
rockworld,10,10,100,1000,100,50,250,20000,12047,4,1000,1,105,105,242,56.36363636363637,105,811.2366534543689,0.0,205.79307818505913,nan,0.14413770800456405,0.0,nan,0.0031013330444693565,0.005824499996379018,0.003107749857008457,0.0030906249303370714,0.003101249923929572,0.0031013330444693565,0.005824499996379018,0.003107749857008457,0.0030906249303370714,0.003101249923929572,0.002163875149562955,nan,0.00478070811368525,0.002153499983251095,0.0042833329644054174,0.0020632080268114805,0.009114749962463975,0.003177667036652565,0.005260625155642629,0.003181624924764037,0.004561500158160925,0.00306637492030859,0.00998620898462832,1017.260311458027,1,97,nan,96,99,105,50,43,74,75,75,75,50,43,nan,VI skipped: 3^105 too large
rockworld,10,10,100,1000,100,51,251,20000,9673,4,1000,1,97,97,231,45.15584415584416,97,809.5938486102968,0.0,193.79777264222503,nan,0.10429170913994312,0.0,nan,0.002706333063542843,0.007496332982555032,0.0023802081122994423,0.0023735829163342714,0.002371374983340502,0.002706333063542843,0.007496332982555032,0.0023802081122994423,0.0023735829163342714,0.002371374983340502,0.0020173329394310713,nan,0.0038566249422729015,0.001976541941985488,0.0037118748296052217,0.0021938751451671124,0.008830958977341652,0.0025655829813331366,0.004505624994635582,0.00266100000590086,0.004074374912306666,0.00320741580799222,0.009829833172261715,1003.5754991238937,1,94,nan,81,95,97,57,54,65,69,68,72,57,54,nan,VI skipped: 3^97 too large
rockworld,10,10,100,1000,100,52,252,20000,13191,4,1000,1,164,164,452,62.42256637168141,164,809.442581510637,0.0,205.83317907713354,nan,0.27722495794296265,0.0,nan,0.006439624819904566,0.010041791945695877,0.006413582945242524,0.0064515420235693455,0.006437249947339296,0.006439624819904566,0.010041791945695877,0.006413582945242524,0.0064515420235693455,0.006437249947339296,0.005148165859282017,nan,0.012177457800135016,0.004678333876654506,0.010963207809254527,0.007720958907157183,0.04826245806179941,0.009119207970798016,0.015318040968850255,0.008956708014011383,0.013960749842226505,0.011481292080134153,0.051477208035066724,1015.812911957968,1,163,nan,159,151,164,115,91,140,140,139,140,115,91,nan,VI skipped: 3^164 too large
rockworld,10,10,100,1000,100,53,253,20000,10526,4,1000,1,182,182,791,69.8331226295828,182,823.2613395953085,0.0,205.96392010943964,nan,0.27293054200708866,0.0,nan,0.012260999996215105,0.016945208190008998,0.012278249952942133,0.012327291071414948,0.012260541785508394,0.012260999996215105,0.016945208190008998,0.012278249952942133,0.012327291071414948,0.012260541785508394,0.008427832974120975,nan,0.020477292127907276,0.007897375151515007,0.019680500030517578,0.012934541096910834,0.11156195914372802,0.015458208974450827,0.02607008279301226,0.015934166964143515,0.024932665983214974,0.019993291003629565,0.11907883291132748,1030.0084667080082,1,180,nan,173,172,182,119,111,145,146,150,148,119,111,nan,VI skipped: 3^182 too large
rockworld,10,10,100,1000,100,54,254,20000,11952,4,1000,1,166,166,1470,74.51360544217687,166,812.6705625003669,0.0,232.27991976845078,nan,0.424073375063017,0.0,nan,0.025014915969222784,0.030188333010300994,0.024764542002230883,0.024869542103260756,0.02480508293956518,0.025014915969222784,0.030188333010300994,0.024764542002230883,0.024869542103260756,0.02480508293956518,0.010644250083714724,nan,0.026927459053695202,0.010441458085551858,0.027283624978736043,0.016324875177815557,0.14483524998649955,0.021258791908621788,0.03656758391298354,0.021635749842971563,0.035207915818318725,0.0250707920640707,0.15153666702099144,1046.1011252508033,1,161,nan,154,160,166,99,85,137,139,140,139,99,85,nan,VI skipped: 3^166 too large
rockworld,10,10,100,1000,100,55,255,20000,16711,4,1000,1,40,40,6,30.0,40,820.0672872043215,0.0,288.66954004438594,nan,0.04833454196341336,0.0,nan,8.9708948507905e-05,0.004585624905303121,7.216585800051689e-05,7.066596299409866e-05,7.295794785022736e-05,8.9708948507905e-05,0.004585624905303121,7.216585800051689e-05,7.066596299409866e-05,7.295794785022736e-05,0.00040787504985928535,nan,0.0007759579457342625,0.0004960829392075539,0.0007142079994082451,0.00017204205505549908,0.00023258407600224018,0.0004677919205278158,0.0006266671698540449,0.00045729102566838264,0.000470499973744154,0.00025841593742370605,0.000280959066003561,1108.8026870838366,1,25,nan,29,32,40,9,6,18,17,18,17,9,6,nan,VI skipped: 3^40 too large
rockworld,10,10,100,1000,100,56,256,20000,10947,4,1000,1,154,154,87,52.298850574712645,154,801.4731810365338,0.0,194.85856438288465,nan,0.16822037496604025,0.0,nan,0.0011119169648736715,0.005627874983474612,0.0010926250834017992,0.0010834999848157167,0.0010850001126527786,0.0011119169648736715,0.005627874983474612,0.0010926250834017992,0.0010834999848157167,0.0010850001126527786,0.0028457078151404858,nan,0.006175665883347392,0.00276524992659688,0.004813874838873744,0.003249207977205515,0.01087724999524653,0.004463542019948363,0.007421125192195177,0.004417624790221453,0.006137832999229431,0.0047610418405383825,0.012175292009487748,996.5903132080566,1,151,nan,150,152,154,103,85,132,133,133,133,103,85,nan,VI skipped: 3^154 too large
rockworld,10,10,100,1000,100,57,257,20000,11581,4,1000,1,161,161,186,67.3763440860215,161,803.2746389184613,0.0,219.91886903252453,nan,0.2543593749869615,0.0,nan,0.002903332933783531,0.008291250094771385,0.0028912078123539686,0.0029023331589996815,0.0028756249230355024,0.002903332933783531,0.008291250094771385,0.0028912078123539686,0.0029023331589996815,0.0028756249230355024,0.001318375114351511,nan,0.0062417080625891685,0.0016668750904500484,0.005563667044043541,0.0007019999902695417,0.00652633304707706,0.000723124947398901,0.0011870409362018108,0.0006291659083217382,0.0010337918065488338,0.0010299161076545715,0.004425124963745475,1023.5117903747596,0,59,nan,124,78,137,17,27,17,17,15,17,17,17,nan,VI skipped: 3^161 too large
rockworld,10,10,100,1000,100,58,258,20000,14619,4,1000,1,171,171,224,62.5625,171,805.6539884083904,0.0,242.7995791172143,nan,0.2620828340295702,0.0,nan,0.003201249986886978,0.004643291002139449,0.00316241686232388,0.0031596249900758266,0.0031990408897399902,0.003201249986886978,0.004643291002139449,0.00316241686232388,0.0031596249900758266,0.0031990408897399902,0.004150541964918375,nan,0.009133166866376996,0.004024416906759143,0.007909582927823067,0.005063124932348728,0.027169667184352875,0.006669124821200967,0.010447209002450109,0.007141124922782183,0.0096237079706043,0.007602750090882182,0.03227733401581645,1048.8780852078926,1,171,nan,163,167,171,108,105,138,131,148,138,108,105,nan,VI skipped: 3^171 too large
rockworld,10,10,100,1000,100,59,259,20000,10921,4,1000,2,164,164,726,62.08953168044077,164,798.2438172344118,1049.3983045839705,221.55894016707316,nan,0.3044155000243336,0.0,nan,0.010272667044773698,0.011575875105336308,0.010315791936591268,0.010328209027647972,0.01035350002348423,0.010272667044773698,0.011575875105336308,0.010315791936591268,0.010328209027647972,0.01035350002348423,0.0067199168261140585,nan,0.016640041954815388,0.006270167184993625,0.015270458068698645,0.00953020784072578,0.07888291706331074,0.012713584117591381,0.02046499983407557,0.012990416958928108,0.01912891585379839,0.014471333008259535,0.08313187514431775,1020.4867557922844,1,162,nan,161,155,164,102,93,141,135,145,135,102,93,nan,VI skipped: 3^164 too large
rockworld,10,10,100,1000,100,60,260,20000,12830,4,1000,1,132,132,44,61.68181818181818,132,805.5241071654018,0.0,216.4400230254978,nan,0.1482105830218643,0.0,nan,0.0006795001681894064,0.0062092498410493135,0.0006626248359680176,0.0006702090613543987,0.0006624159868806601,0.0006795001681894064,0.0062092498410493135,0.0006626248359680176,0.0006702090613543987,0.0006624159868806601,0.0022836250718683004,nan,0.004770541097968817,0.0021739581134170294,0.0035702090244740248,0.0019544579554349184,0.0052440420258790255,0.002634625183418393,0.004477082984521985,0.0024170419201254845,0.0035880841314792633,0.0027966659981757402,0.006036250153556466,1022.1730786659755,1,130,nan,130,129,132,71,70,89,92,83,92,71,70,nan,VI skipped: 3^132 too large
rockworld,10,10,100,1000,100,61,261,20000,12320,4,1000,1,242,242,43,70.0,242,818.2013304631691,0.0,212.59973159665242,nan,0.2399218340869993,0.0,nan,0.0007743749301880598,0.007623499957844615,0.0007597499061375856,0.0007589999586343765,0.0007537500932812691,0.0007743749301880598,0.007623499957844615,0.0007597499061375856,0.0007589999586343765,0.0007537500932812691,0.0029884169343858957,nan,0.005630458006635308,0.0017343340441584587,0.005243666935712099,0.0012311248574405909,0.006883583031594753,0.000914999982342124,0.002181792166084051,0.0012485419865697622,0.0017392910085618496,0.0017479581292718649,0.005026249913498759,1031.096716958098,0,160,nan,140,97,178,41,63,28,41,40,41,41,41,nan,VI skipped: 3^242 too large
rockworld,10,10,100,1000,100,62,262,20000,11295,4,1000,1,127,127,187,58.35294117647059,127,809.3229385423474,0.0,208.51181774726138,nan,0.18990566697902977,0.0,nan,0.002546750009059906,0.011606749845668674,0.0025305000599473715,0.0025221658870577812,0.002524541923776269,0.002546750009059906,0.011606749845668674,0.0025305000599473715,0.0025221658870577812,0.002524541923776269,0.002704791957512498,nan,0.005931542022153735,0.0024470000062137842,0.004985332954674959,0.002814624924212694,0.012563166907057166,0.004211584106087685,0.00696766609326005,0.004231832921504974,0.005995084065943956,0.004171583103016019,0.013823374873027205,1018.1347769589629,1,125,nan,122,116,127,70,63,100,101,102,101,70,63,nan,VI skipped: 3^127 too large
rockworld,10,10,100,1000,100,63,263,20000,10342,4,1000,1,52,52,12,35.166666666666664,52,810.3688662913628,0.0,214.62267545145005,nan,0.08886645897291601,0.0,nan,0.00014179199934005737,0.007373125059530139,0.0001284580212086439,0.0001279998105019331,0.00012691691517829895,0.00014179199934005737,0.007373125059530139,0.0001284580212086439,0.0001279998105019331,0.00012691691517829895,0.0008044589776545763,nan,0.0010898748878389597,0.0006455841939896345,0.0009599160403013229,0.00041850004345178604,0.0007023329380899668,0.0006562080234289169,0.0007843750063329935,0.0007220830302685499,0.0007150000892579556,0.0006342499982565641,0.0008725000079721212,1025.1051689579617,1,50,nan,40,41,52,22,18,25,21,28,25,22,18,nan,VI skipped: 3^52 too large
rockworld,10,10,100,1000,100,64,264,20000,10815,4,1000,1,165,165,211,64.93364928909952,165,807.3813108699396,0.0,207.69169180467725,nan,0.21669199992902577,0.0,nan,0.0031301251146942377,0.008460792014375329,0.0031247080769389868,0.003103499999269843,0.003106290940195322,0.0031301251146942377,0.008460792014375329,0.0031247080769389868,0.003103499999269843,0.003106290940195322,0.0038326249923557043,nan,0.00853174994699657,0.0034344580490142107,0.007293958216905594,0.004611500073224306,0.02600141684524715,0.005989625118672848,0.010150959016755223,0.00535554182715714,0.008801000192761421,0.006729499902576208,0.027631500037387013,1015.4432732081041,1,162,nan,158,150,165,103,101,133,136,121,136,103,101,nan,VI skipped: 3^165 too large
rockworld,10,10,100,1000,100,65,265,20000,12454,4,1000,1,135,135,2912,63.652472527472526,135,815.312748196302,0.0,212.99367246078327,nan,0.4515238329768181,0.0,nan,0.041695165913552046,0.04276191699318588,0.041589624946936965,0.04151529190130532,0.041501833125948906,0.041695165913552046,0.04276191699318588,0.041589624946936965,0.04151529190130532,0.041501833125948906,0.013206332921981812,nan,0.03458770806901157,0.012321958085522056,0.03484258311800659,0.02017008396796882,0.1794968331232667,0.025796208065003157,0.04589625005610287,0.02794120809994638,0.04489854094572365,0.03152979211881757,0.18975958321243525,1029.7293770418037,1,130,nan,128,122,135,78,64,104,111,113,111,78,64,nan,VI skipped: 3^135 too large
rockworld,10,10,100,1000,100,66,266,20000,13109,4,1000,1,84,84,80,47.55,84,816.7666391371749,0.0,233.41768002137542,nan,0.1256520829629153,0.0,nan,0.0009441669099032879,0.0020814999006688595,0.0009163750801235437,0.000909958966076374,0.0009152919519692659,0.0009441669099032879,0.0020814999006688595,0.0009163750801235437,0.000909958966076374,0.0009152919519692659,0.0014668749645352364,nan,0.0028362080920487642,0.001221582992002368,0.0023614170495420694,0.0009819997940212488,0.0027143750339746475,0.0018921669106930494,0.0030731670558452606,0.00185254099778831,0.0025201658718287945,0.0013930841814726591,0.0031182910315692425,1050.3484820828307,1,81,nan,76,70,84,34,32,62,62,62,62,34,32,nan,VI skipped: 3^84 too large
rockworld,10,10,100,1000,100,67,267,20000,15562,4,1000,1,119,119,189,66.92592592592592,119,815.1883690378163,0.0,243.10509411944076,nan,0.17477987497113645,0.0,nan,0.0028837500140070915,0.004022957989946008,0.0028581249061971903,0.002856665989384055,0.0028547500260174274,0.0028837500140070915,0.004022957989946008,0.0028581249061971903,0.002856665989384055,0.0028547500260174274,0.002550457837060094,nan,0.005104083102196455,0.0022595420014113188,0.004575582919642329,0.0019029169343411922,0.008293666876852512,0.003551082918420434,0.005960874957963824,0.0036120000295341015,0.005111708072945476,0.0027723750099539757,0.009062874829396605,1058.5505368341692,1,118,nan,107,108,119,49,43,89,91,92,91,49,43,nan,VI skipped: 3^119 too large
rockworld,10,10,100,1000,100,68,268,20000,11579,4,1000,1,53,53,20,35.1,53,828.1394594558515,0.0,218.53299875138327,nan,0.08651233301497996,0.0,nan,0.0002053340431302786,0.0012949160300195217,0.0001949588768184185,0.00019195908680558205,0.00019100005738437176,0.0002053340431302786,0.0012949160300195217,0.0001949588768184185,0.00019195908680558205,0.00019100005738437176,0.000847166869789362,nan,0.001368833938613534,0.000827625161036849,0.001273707952350378,0.00047149998135864735,0.000675249844789505,0.0007310828659683466,0.0013543330132961273,0.0008221659809350967,0.0010751248337328434,0.0006709170993417501,0.0008129170164465904,1046.7773623329122,1,51,nan,41,51,53,19,15,27,31,31,31,19,15,nan,VI skipped: 3^53 too large
rockworld,10,10,100,1000,100,69,269,20000,14707,4,1000,1,178,178,828,77.18961352657004,178,824.2440177549142,0.0,254.36461761430837,nan,0.29380320804193616,0.0,nan,0.01422804081812501,0.015396666014567018,0.014141959138214588,0.01420445810072124,0.014188749948516488,0.01422804081812501,0.015396666014567018,0.014141959138214588,0.01420445810072124,0.014188749948516488,0.007995167048648,nan,0.020471167052164674,0.00754774990491569,0.019136750139296055,0.011254000011831522,0.09428237495012581,0.015898041892796755,0.026374334003776312,0.01561387488618493,0.023550249869003892,0.017198208021000028,0.09973466605879366,1079.3722592080012,1,173,nan,174,167,178,104,92,153,151,152,143,104,92,nan,VI skipped: 3^178 too large
rockworld,10,10,100,1000,100,70,270,20000,16526,4,1000,1,78,78,20,42.2,78,829.4735039277002,0.0,285.23674251232296,nan,0.10452799987979233,0.0,nan,0.0002539579290896654,0.0014083751011639833,0.00023612496443092823,0.00023624999448657036,0.00023179198615252972,0.0002539579290896654,0.0014083751011639833,0.00023612496443092823,0.00023624999448657036,0.00023179198615252972,0.0012302917893975973,nan,0.002584333997219801,0.0011020000092685223,0.0018788750749081373,0.0009654590394347906,0.0012965411879122257,0.0013730409555137157,0.0021407920867204666,0.0014351659920066595,0.0017157499678432941,0.0013780000153928995,0.0015701251104474068,1114.8418832910247,1,74,nan,77,69,78,39,28,51,49,54,49,39,28,nan,VI skipped: 3^78 too large
rockworld,10,10,100,1000,100,71,271,20000,12505,4,1000,1,105,105,792,58.46969696969697,105,963.0238899223041,0.0,260.1922477085609,nan,0.35862241708673537,0.0,nan,0.010357624851167202,0.0114694160874933,0.010320625035092235,0.010270958999171853,0.010327541967853904,0.010357624851167202,0.0114694160874933,0.010320625035092235,0.010270958999171853,0.010327541967853904,0.004110291134566069,nan,0.009150667116045952,0.0036907088942825794,0.0086968750692904,0.004011082928627729,0.02461058320477605,0.0062764170579612255,0.01042599999345839,0.006482125027105212,0.00960412505082786,0.006183458026498556,0.02638299996033311,1223.7763593751006,1,104,nan,99,94,105,48,40,72,75,76,75,48,40,nan,VI skipped: 3^105 too large
rockworld,10,10,100,1000,100,72,272,20000,14441,4,1000,1,103,103,37,55.486486486486484,103,978.8320050113834,0.0,311.91898567276075,nan,0.19963112496770918,0.0,nan,0.0005203750915825367,0.0016602498944848776,0.0005092080682516098,0.00050783297047019,0.0005133340600878,0.0005203750915825367,0.0016602498944848776,0.0005092080682516098,0.00050783297047019,0.0005133340600878,0.00037104194052517414,nan,0.002057124860584736,0.0014079587999731302,0.0021277081687003374,3.945804201066494e-05,8.091703057289124e-05,0.00013008387759327888,5.833315663039684e-05,0.0006108749657869339,5.195802077651024e-05,4.737498238682747e-05,8.60830768942833e-05,1290.9685036670417,0,20,nan,58,85,82,1,1,4,1,21,1,1,1,nan,VI skipped: 3^103 too large
rockworld,10,10,100,1000,100,73,273,20000,14816,4,1000,1,122,122,202,57.48514851485149,122,989.7277924432419,0.0,286.5961962104775,nan,0.24226874997839332,0.0,nan,0.002626416040584445,0.00380379194393754,0.00263608293607831,0.0026210411451756954,0.0026369579136371613,0.002626416040584445,0.00380379194393754,0.00263608293607831,0.0026210411451756954,0.0026369579136371613,0.00267999991774559,nan,0.0055509579833596945,0.0026194159872829914,0.004904542118310928,0.002760500181466341,0.012120249914005399,0.004317999817430973,0.006621917011216283,0.004302291199564934,0.0057146670296788216,0.00409775017760694,0.013235792052000761,1276.661324209068,1,121,nan,112,122,122,68,59,101,95,101,95,68,59,nan,VI skipped: 3^122 too large
rockworld,10,10,100,1000,100,74,274,20000,10708,4,1000,1,129,129,452,55.676991150442475,129,988.3020852280315,0.0,270.2324789823033,nan,0.23646270902827382,0.0,nan,0.00567524996586144,0.006859292043372989,0.005680083064362407,0.00568645796738565,0.005671458085998893,0.00567524996586144,0.006859292043372989,0.005680083064362407,0.00568645796738565,0.005671458085998893,0.0038336669094860554,nan,0.008543042000383139,0.003423500107601285,0.007736250059679151,0.004255209118127823,0.030326667008921504,0.006270499899983406,0.010352583136409521,0.006276707863435149,0.009513458935543895,0.0064181669149547815,0.032456125132739544,1258.9486011669505,1,129,nan,123,117,129,71,70,103,104,104,104,71,70,nan,VI skipped: 3^129 too large
rockworld,10,10,100,1000,100,75,275,20000,14250,4,1000,1,114,114,340,61.161764705882355,114,994.5669386913069,0.0,295.53880467195995,nan,0.23889112519100308,0.0,nan,0.004703041864559054,0.005890666972845793,0.0047008751425892115,0.004696833901107311,0.004663625033572316,0.004703041864559054,0.005890666972845793,0.0047008751425892115,0.004696833901107311,0.004663625033572316,0.00286333286203444,nan,0.006369084119796753,0.002741709118708968,0.005650750128552318,0.002479666844010353,0.01334445783868432,0.004437790950760245,0.007471499964594841,0.0045787920244038105,0.0065864999778568745,0.0036394591443240643,0.01432566693983972,1290.460533916019,1,112,nan,109,110,114,50,45,89,91,93,91,50,45,nan,VI skipped: 3^114 too large
rockworld,10,10,100,1000,100,76,276,20000,15208,4,1000,1,110,110,446,52.181614349775785,110,1008.6659747543745,0.0,304.9445128799416,nan,0.2560466250870377,0.0,nan,0.005207333946600556,0.00632520904764533,0.005182208959013224,0.005184500012546778,0.0051988339982926846,0.005207333946600556,0.00632520904764533,0.005182208959013224,0.005184500012546778,0.0051988339982926846,0.003207458881661296,nan,0.006912499899044633,0.002911082934588194,0.006442290963605046,0.003660209011286497,0.019030625000596046,0.005459666019305587,0.008454292081296444,0.0057145829778164625,0.007520666811615229,0.005703417118638754,0.020797292003408074,1314.0072244990151,1,108,nan,102,100,110,62,51,86,84,91,82,62,51,nan,VI skipped: 3^110 too large
rockworld,10,10,100,1000,100,77,277,20000,12888,4,1000,1,178,178,3600,78.21666666666667,178,1007.5381465074606,0.0,268.20913299988024,nan,0.8812513328157365,0.0,nan,0.06240237504243851,0.063755749957636,0.06262491596862674,0.06222983309999108,0.06262329104356468,0.06240237504243851,0.063755749957636,0.06262491596862674,0.06222983309999108,0.06262329104356468,0.02388566709123552,nan,0.06519316602498293,0.023617041995748878,0.06639499985612929,0.03824783302843571,0.4179962081834674,0.04918049997650087,0.08589791599661112,0.049337083008140326,0.08426858391612768,0.05817108298651874,0.436103249900043,1278.49013229087,1,176,nan,170,176,178,102,91,148,148,149,148,102,91,nan,VI skipped: 3^178 too large
rockworld,10,10,100,1000,100,78,278,20000,13865,4,1000,1,104,104,292,56.52054794520548,104,1035.1027357825078,0.0,295.566829335643,nan,0.21663933317176998,0.0,nan,0.0037041669711470604,0.004881750093773007,0.0036841249093413353,0.003691083053126931,0.0036808750592172146,0.0037041669711470604,0.004881750093773007,0.0036841249093413353,0.003691083053126931,0.0036808750592172146,0.0023445419501513243,nan,0.005033750087022781,0.002237207954749465,0.004554083105176687,0.002047999994829297,0.009937666123732924,0.003290667198598385,0.005289916880428791,0.0033747500274330378,0.004651125054806471,0.003032541135326028,0.01077900012023747,1330.9767029581126,1,99,nan,95,98,104,46,41,72,71,75,71,46,41,nan,VI skipped: 3^104 too large
rockworld,10,10,100,1000,100,79,279,20000,12641,4,1000,1,187,187,202,66.89603960396039,187,1036.5629208807368,0.0,297.19709287723526,nan,0.3719784577842802,0.0,nan,0.003057416994124651,0.004264499992132187,0.0030599578749388456,0.003070291131734848,0.003049124963581562,0.003057416994124651,0.004264499992132187,0.0030599578749388456,0.003070291131734848,0.003049124963581562,0.004588541109114885,nan,0.010098791914060712,0.0041924589313566685,0.008667042013257742,0.0055105420760810375,0.033418582985177636,0.007399375084787607,0.012405749876052141,0.007384041091427207,0.01066883304156363,0.008158541982993484,0.036170167149975896,1334.3099817079492,1,187,nan,179,176,187,118,117,155,157,157,155,118,117,nan,VI skipped: 3^187 too large
rockworld,10,10,100,1000,100,80,280,20000,13580,4,1000,1,114,114,349,54.902578796561606,114,1037.9460653753486,0.0,287.20408506621607,nan,0.1973226668778807,0.0,nan,0.004317583050578833,0.005469792056828737,0.0043011249508708715,0.004299583146348596,0.004309250041842461,0.004317583050578833,0.005469792056828737,0.0043011249508708715,0.004299583146348596,0.004309250041842461,0.0028618331998586655,nan,0.005951083032414317,0.002636832883581519,0.005707459058612585,0.0030872500501573086,0.014609333127737045,0.004435333888977766,0.0075864160899072886,0.004660374950617552,0.006748999934643507,0.004537208005785942,0.01583550008945167,1325.4645117078908,1,110,nan,101,105,114,61,48,87,91,92,91,61,48,nan,VI skipped: 3^114 too large
rockworld,10,10,100,1000,100,81,281,20000,12743,4,1000,1,89,89,102,52.794117647058826,89,1042.7827111408114,0.0,332.1201564441435,nan,0.17617804184556007,0.0,nan,0.0012578340247273445,0.002371500013396144,0.001255124807357788,0.0012422918807715178,0.0012509999796748161,0.0012578340247273445,0.002371500013396144,0.001255124807357788,0.0012422918807715178,0.0012509999796748161,0.0015982501208782196,nan,0.003019707975909114,0.0014065420255064964,0.0026796250604093075,0.0010431248228996992,0.003385624848306179,0.0018657920882105827,0.0030152499675750732,0.0018521251622587442,0.002461459022015333,0.0015120829921215773,0.0038213750813156366,1375.122539083939,1,86,nan,77,78,89,34,33,57,57,57,56,34,33,nan,VI skipped: 3^89 too large
rockworld,10,10,100,1000,100,82,282,20000,14135,4,1000,1,84,84,65,43.96923076923077,84,1037.4231972368434,0.0,289.79150819336064,nan,0.11728920810855925,0.0,nan,0.0007015001028776169,0.0018185421358793974,0.0006842080038040876,0.0006837500259280205,0.0006831670179963112,0.0007015001028776169,0.0018185421358793974,0.0006842080038040876,0.0006837500259280205,0.0006831670179963112,0.0014495409559458494,nan,0.0027668329421430826,0.001272417139261961,0.0022684580180794,0.0011857501231133938,0.002714665839448571,0.0016858340241014957,0.002801707945764065,0.0018016251269727945,0.002274957951158285,0.0016973749734461308,0.003131791017949581,1327.3687883340754,1,83,nan,76,75,84,43,36,57,58,62,58,43,36,nan,VI skipped: 3^84 too large
rockworld,10,10,100,1000,100,83,283,20000,15477,4,1000,1,113,113,218,53.05045871559633,113,1039.1131814457476,0.0,311.72268719621934,nan,0.2075648750178516,0.0,nan,0.002610041992738843,0.0037777910474687815,0.002609791001304984,0.002616290934383869,0.0026072498876601458,0.002610041992738843,0.0037777910474687815,0.002609791001304984,0.002616290934383869,0.0026072498876601458,0.0024254999589174986,nan,0.005431375000625849,0.0022375830449163914,0.004483666969463229,0.0024792500771582127,0.010646667098626494,0.003648624988272786,0.005516666918992996,0.003592332825064659,0.004760457901284099,0.003628541948273778,0.011592458002269268,1351.1300102500245,1,112,nan,111,105,113,62,51,89,82,89,82,62,51,nan,VI skipped: 3^113 too large
rockworld,10,10,100,1000,100,84,284,20000,14232,4,1000,1,103,103,29,51.93103448275862,103,1053.0497457131278,0.0,308.90831946162507,nan,0.1471746249590069,0.0,nan,0.00040120817720890045,0.0015010000206530094,0.00038304179906845093,0.0003807919565588236,0.0003783339634537697,0.00040120817720890045,0.0015010000206530094,0.00038304179906845093,0.0003807919565588236,0.0003783339634537697,0.0016573751345276833,nan,0.0033672500867396593,0.0014982919674366713,0.0026326661463826895,0.0013151250313967466,0.0024337919894605875,0.002169666811823845,0.003550875000655651,0.002107416046783328,0.002836042083799839,0.0018760000821202993,0.002864832989871502,1362.1432518328074,1,98,nan,97,92,103,51,43,78,78,77,78,51,43,nan,VI skipped: 3^103 too large
rockworld,10,10,100,1000,100,85,285,20000,12061,4,1000,1,152,152,282,70.05319148936171,152,1040.0477368421853,0.0,288.85649546491913,nan,0.3397331670857966,0.0,nan,0.004517457913607359,0.005679124966263771,0.004507666919380426,0.004491833969950676,0.004504792159423232,0.004517457913607359,0.005679124966263771,0.004507666919380426,0.004491833969950676,0.004504792159423232,0.003897041082382202,nan,0.008042750181630254,0.0037825419567525387,0.007574832998216152,0.004520250018686056,0.02248333301395178,0.005937624955549836,0.009700458031147718,0.005902834003791213,0.008483167039230466,0.006748666055500507,0.024210874922573566,1329.3950439158361,1,151,nan,135,151,152,90,69,116,115,117,114,90,69,nan,VI skipped: 3^152 too large
rockworld,10,10,100,1000,100,86,286,20000,9860,4,1000,1,187,187,204,71.06862745098039,187,1041.6405366295949,0.0,246.82813956798054,nan,0.324678375152871,0.0,nan,0.0033049997873604298,0.004507208010181785,0.0032963750418275595,0.0033092910889536142,0.003295457921922207,0.0033049997873604298,0.004507208010181785,0.0032963750418275595,0.0033092910889536142,0.003295457921922207,0.00458083301782608,nan,0.010707999812439084,0.004499832866713405,0.008885249961167574,0.005552042042836547,0.03163583320565522,0.0075414590537548065,0.01205000001937151,0.0074305001180619,0.010487916879355907,0.008200207957997918,0.03425070783123374,1288.9699317079503,1,184,nan,186,185,187,117,109,156,150,156,150,117,109,nan,VI skipped: 3^187 too large
rockworld,10,10,100,1000,100,87,287,20000,17861,4,1000,1,112,112,305,55.42295081967213,112,1036.517336368328,0.0,355.8546241901349,nan,0.1901989581529051,0.0,nan,0.003847624873742461,0.005004458129405975,0.0038554579950869083,0.0038351661060005426,0.0038646250031888485,0.003847624873742461,0.005004458129405975,0.0038554579950869083,0.0038351661060005426,0.0038646250031888485,0.0026953748892992735,nan,0.005457333056256175,0.0024583330377936363,0.005087583092972636,0.0024822920095175505,0.013445083051919937,0.0038615830708295107,0.00583233404904604,0.004185124998912215,0.0055966670624911785,0.003652124898508191,0.014435167191550136,1392.666733918013,1,112,nan,100,105,112,54,50,82,76,91,83,54,50,nan,VI skipped: 3^112 too large
rockworld,10,10,100,1000,100,88,288,20000,13015,4,1000,1,97,97,64,49.78125,97,1037.802576953778,0.0,280.07307258294895,nan,0.1607847078703344,0.0,nan,0.0007732498925179243,0.0018612497951835394,0.0007529580034315586,0.0007506669498980045,0.0007461670320481062,0.0007732498925179243,0.0018612497951835394,0.0007529580034315586,0.0007506669498980045,0.0007461670320481062,0.0015526670031249523,nan,0.0030802919063717127,0.0014157090336084366,0.0026530418545007706,0.001508709043264389,0.0034032089170068502,0.0020402499940246344,0.0034340419806540012,0.0020987079478800297,0.0027971661183983088,0.002142207929864526,0.0038429161068052053,1318.0787775828503,1,89,nan,84,84,97,54,42,69,71,71,71,54,42,nan,VI skipped: 3^97 too large
rockworld,10,10,100,1000,100,89,289,20000,13579,4,1000,1,125,125,1302,64.4247311827957,125,1040.2025157138705,0.0,291.6439440215472,nan,0.36827024980448186,0.0,nan,0.01857266598381102,0.01977812498807907,0.018654000014066696,0.01867445814423263,0.01867349981330335,0.01857266598381102,0.01977812498807907,0.018654000014066696,0.01867445814423263,0.01867349981330335,0.00751533405855298,nan,0.01644095778465271,0.006860333029180765,0.016780582955107093,0.00779116596095264,0.06343308417126536,0.015088082989677787,0.023197583155706525,0.014906459022313356,0.022266332991421223,0.012651124969124794,0.06818599998950958,1332.6329331251327,1,122,nan,114,117,125,57,54,103,101,103,101,57,54,nan,VI skipped: 3^125 too large
rockworld,10,10,100,1000,100,90,290,20000,11972,4,1000,1,82,82,52,42.03846153846154,82,1033.9101827393752,0.0,258.93203513813205,nan,0.14361395803280175,0.0,nan,0.0005575411487370729,0.001623000018298626,0.0005428330041468143,0.0005473748315125704,0.0005399999208748341,0.0005575411487370729,0.001623000018298626,0.0005428330041468143,0.0005473748315125704,0.0005399999208748341,0.0013322921004146338,nan,0.0027864170260727406,0.0013303749728947878,0.0021315421909093857,0.0010572911705821753,0.0021767080761492252,0.0017041659448295832,0.002690959023311734,0.0016827080398797989,0.0021748750004917383,0.0015190830454230309,0.002522166119888425,1293.019606375834,1,78,nan,79,81,82,40,33,60,58,60,58,40,33,nan,VI skipped: 3^82 too large
rockworld,10,10,100,1000,100,91,291,20000,16330,4,1000,1,139,139,390,66.57948717948717,139,1037.7765515351202,0.0,334.89414283889346,nan,0.31743429182097316,0.0,nan,0.005846916930750012,0.007013290887698531,0.0058318329975008965,0.0058318329975008965,0.005820375168696046,0.005846916930750012,0.007013290887698531,0.0058318329975008965,0.0058318329975008965,0.005820375168696046,0.003946749959141016,nan,0.00870704185217619,0.0036491667851805687,0.008046458009630442,0.004404124803841114,0.026470291893929243,0.006791583029553294,0.010947667062282562,0.007057250011712313,0.009837541962042451,0.006803374970331788,0.028680500108748674,1373.1634187912568,1,138,nan,131,130,139,75,66,110,110,115,109,75,66,nan,VI skipped: 3^139 too large
rockworld,10,10,100,1000,100,92,292,20000,13193,4,1000,1,231,231,2831,81.96291063228541,231,1039.319772748975,0.0,276.1521314564161,nan,0.9610401659738272,0.0,nan,0.05152491689659655,0.052641708170995116,0.05114062479697168,0.051008166978135705,0.05130250006914139,0.05152491689659655,0.052641708170995116,0.05114062479697168,0.051008166978135705,0.05130250006914139,0.031164332991465926,nan,0.08462212514132261,0.029703916050493717,0.08709408389404416,0.054842415964230895,0.6650524998549372,0.0708937500603497,0.12046262505464256,0.07039408409036696,0.11820474988780916,0.08486962504684925,0.6967344591394067,1318.9283305408899,1,229,nan,218,220,231,145,142,203,203,207,203,145,142,nan,VI skipped: 3^231 too large
rockworld,10,10,100,1000,100,93,293,20000,13012,4,1000,1,203,203,356,68.02247191011236,203,1052.3151939448435,0.0,271.6949916793965,nan,0.37152216699905694,0.0,nan,0.005517292069271207,0.006762624951079488,0.005469499854370952,0.005469917086884379,0.0054766659159213305,0.005517292069271207,0.006762624951079488,0.005469499854370952,0.005469917086884379,0.0054766659159213305,0.006304791895672679,nan,0.014579250011593103,0.0061369158793240786,0.013358291005715728,0.008920666994526982,0.06445083301514387,0.011399499839171767,0.019144791876897216,0.011374625144526362,0.0173848329577595,0.01342033315449953,0.06864758301526308,1324.6842065840028,1,201,nan,192,201,203,135,125,175,175,176,175,135,125,nan,VI skipped: 3^203 too large
rockworld,10,10,100,1000,100,94,294,20000,10467,4,1000,1,183,183,1025,68.83707317073171,183,1028.023869451601,0.0,285.32829008996487,nan,0.4026197080966085,0.0,nan,0.015807957854121923,0.016426665941253304,0.015846583992242813,0.015837457962334156,0.015877958852797747,0.015807957854121923,0.016426665941253304,0.015846583992242813,0.015837457962334156,0.015877958852797747,0.00974054099060595,nan,0.025955667020753026,0.009081624913960695,0.02388104097917676,0.014892417006194592,0.148049124982208,0.019844209076836705,0.032969958847388625,0.019809417193755507,0.03140470897778869,0.02325504203327,0.15634700004011393,1314.391437875107,1,181,nan,176,171,183,114,111,154,154,155,154,114,111,nan,VI skipped: 3^183 too large
rockworld,10,10,100,1000,100,95,295,20000,12535,4,1000,1,148,148,202,67.74752475247524,148,878.2248167069629,0.0,246.843944872031,nan,0.2765397080220282,0.0,nan,0.003117250045761466,0.0037362079601734877,0.0030751668382436037,0.003075249958783388,0.0030926659237593412,0.003117250045761466,0.0037362079601734877,0.0030751668382436037,0.003075249958783388,0.0030926659237593412,0.0025942500215023756,nan,0.006900707958266139,0.00027637486346066,0.005881124874576926,0.0012484579347074032,0.0072488749865442514,0.00040312507189810276,0.002132333116605878,0.00018262513913214207,0.0018341660033911467,0.0018417078536003828,0.007820540806278586,1125.4120859589893,0,117,nan,137,12,144,30,30,9,30,4,30,30,30,nan,VI skipped: 3^148 too large
rockworld,10,10,100,1000,100,96,296,20000,11584,4,1000,1,120,120,336,65.68452380952381,120,874.96048918413,0.0,219.61179594439454,nan,0.16763383289799094,0.0,nan,0.0049721249379217625,0.005595624912530184,0.0049692499451339245,0.004971958929672837,0.004953667055815458,0.0049721249379217625,0.005595624912530184,0.0049692499451339245,0.004971958929672837,0.004953667055815458,0.0031159159261733294,nan,0.006791624939069152,0.003003249876201153,0.006129374960437417,0.003111874917522073,0.015819957945495844,0.004090041853487492,0.007677166955545545,0.004641041159629822,0.006793417036533356,0.004563249880447984,0.017030582996085286,1094.8645148330834,1,117,nan,112,116,120,60,51,77,89,89,89,60,51,nan,VI skipped: 3^120 too large
rockworld,10,10,100,1000,100,97,297,20000,12436,4,1000,1,185,185,195,73.98461538461538,185,864.9049654260743,0.0,217.25623175059445,nan,0.15405816701240838,0.0,nan,0.003241624915972352,0.003922292031347752,0.0032477909699082375,0.0032550839241594076,0.003255999879911542,0.003241624915972352,0.003922292031347752,0.0032477909699082375,0.0032550839241594076,0.003255999879911542,0.0011162080336362123,nan,0.003995833918452263,0.0004660841077566147,0.005143250105902553,0.0002460000105202198,0.004585125017911196,6.866594776511192e-05,0.00041624996811151505,6.612506695091724e-05,0.00035975011996924877,0.00035845814272761345,0.0015605001244693995,1082.3630776251666,0,45,nan,72,19,113,5,16,1,5,1,5,5,5,nan,VI skipped: 3^185 too large
rockworld,10,10,100,1000,100,98,298,20000,11674,4,1000,1,102,102,132,51.68181818181818,102,868.4159359501209,0.0,203.03044178453274,nan,0.09933200012892485,0.0,nan,0.0015853329095989466,0.002138375071808696,0.0015676668845117092,0.0015747079160064459,0.0015849580522626638,0.0015853329095989466,0.002138375071808696,0.0015676668845117092,0.0015747079160064459,0.0015849580522626638,0.0019342079758644104,nan,0.0037460001185536385,0.0016731671057641506,0.003329792059957981,0.0016806251369416714,0.005147832911461592,0.002543166046962142,0.004255749983713031,0.0026193750090897083,0.0035519590601325035,0.0024348748847842216,0.005670625017955899,1071.6013300828636,1,100,nan,90,89,102,51,39,74,75,77,75,51,39,nan,VI skipped: 3^102 too large
rockworld,10,10,100,1000,100,99,299,20000,9689,4,1000,1,100,100,174,48.741379310344826,100,835.6294432946015,0.0,198.8047225852497,nan,0.07305979216471314,0.0,nan,0.0019206248689442873,0.0025372919626533985,0.0019237080123275518,0.0019262090791016817,0.0019211249891668558,0.0019206248689442873,0.0025372919626533985,0.0019237080123275518,0.0019262090791016817,0.0019211249891668558,0.001971916062757373,nan,0.0043559998739510775,0.0020042499527335167,0.0035477501805871725,0.0019374580588191748,0.006881291978061199,0.0028111671563237906,0.004811957944184542,0.002898333128541708,0.004077000077813864,0.002797124907374382,0.007570749847218394,1034.5721625830047,1,96,nan,96,100,100,54,44,75,79,79,79,54,44,nan,VI skipped: 3^100 too large
taxiworld,10,10,100,1000,100,0,300,30000,10088,6,1000,1,187,187,132,93.6969696969697,187,1392.5355172124691,0.0,291.10549502260983,nan,0.37345212511718273,0.0,nan,0.003071374958381057,0.005555500043556094,0.0028275831136852503,0.0027946671470999718,0.0027798330411314964,0.003071374958381057,0.005555500043556094,0.0028275831136852503,0.0027946671470999718,0.0027798330411314964,0.005740083986893296,nan,0.009112500119954348,0.0038076250348240137,0.0073202920611947775,0.0037011250387877226,0.01766720786690712,0.005442207911983132,0.009322332916781306,0.005720250075682998,0.007991167018190026,0.005368875106796622,0.019294916884973645,1684.1458399170078,1,184,nan,181,177,187,94,86,134,138,143,140,94,86,86,VI skipped: 3^187 too large
taxiworld,10,10,100,1000,100,1,301,30000,9687,6,1000,1,179,179,468,97.28205128205128,179,1393.057460239157,0.0,266.2248799088411,nan,0.5213515418581665,0.0,nan,0.010193458991125226,0.011316041927784681,0.010327833006158471,0.010286874836310744,0.010258666006848216,0.010193458991125226,0.011316041927784681,0.010327833006158471,0.010286874836310744,0.010258666006848216,0.006153458030894399,nan,0.013176165986806154,0.005512832896783948,0.012963790912181139,0.005962708964943886,0.044854334089905024,0.008604458067566156,0.01375795784406364,0.008462874917313457,0.01285512512549758,0.008826290955767035,0.047388667007908225,1660.0747560418677,1,179,nan,159,167,179,81,76,122,116,121,118,81,76,76,VI skipped: 3^179 too large
taxiworld,10,10,100,1000,100,2,302,30000,9118,6,1000,1,135,135,288,82.09722222222223,135,1389.076442946447,0.0,269.2734639591072,nan,0.26996083417907357,0.0,nan,0.005457458086311817,0.006405458087101579,0.005491791991516948,0.005391000071540475,0.005355708999559283,0.005457458086311817,0.006405458087101579,0.005491791991516948,0.005391000071540475,0.005355708999559283,0.003244291990995407,nan,0.007049124920740724,0.003024499863386154,0.006443749880418181,0.0027932908851653337,0.014204457867890596,0.004143542144447565,0.006753833033144474,0.004230791935697198,0.005945916986092925,0.004117207834497094,0.015294708078727126,1658.744921458885,1,126,nan,123,123,135,58,48,85,84,88,84,58,48,48,VI skipped: 3^135 too large
taxiworld,10,10,100,1000,100,3,303,30000,15670,6,1000,1,128,128,244,71.44262295081967,128,1379.2236005482264,0.0,413.30568530387245,nan,0.22119145886972547,0.0,nan,0.003966124961152673,0.004914708901196718,0.003972667036578059,0.003909667022526264,0.003940584138035774,0.003966124961152673,0.004914708901196718,0.003972667036578059,0.003909667022526264,0.003940584138035774,0.002770791994407773,nan,0.005972041981294751,0.0027547499630600214,0.005288792075589299,0.0022932500578463078,0.012248166836798191,0.003566166153177619,0.005868499865755439,0.0035290829837322235,0.005119957961142063,0.0033535000402480364,0.013151958119124174,1792.853729874827,1,125,nan,118,127,128,55,50,85,84,85,84,55,50,50,VI skipped: 3^128 too large
taxiworld,10,10,100,1000,100,4,304,30000,15951,6,1000,1,108,108,297,64.77777777777777,108,1381.993813291192,0.0,394.11262573697604,nan,0.25241658417508006,0.0,nan,0.004367250017821789,0.005332582863047719,0.004352083895355463,0.004348250105977058,0.0043663750402629375,0.004367250017821789,0.005332582863047719,0.004352083895355463,0.004348250105977058,0.0043663750402629375,0.0025093748699873686,nan,0.005876499926671386,0.002202040981501341,0.005023290868848562,0.0021327498834580183,0.009180624969303608,0.0035385829396545887,0.0056557918433099985,0.0035409589763730764,0.005042333854362369,0.0032078749500215054,0.010008750017732382,1776.4568233331665,1,99,nan,105,91,108,45,36,71,71,72,71,45,36,36,VI skipped: 3^108 too large
taxiworld,10,10,100,1000,100,5,305,30000,11786,6,1000,1,198,198,140,94.70714285714286,198,1396.3016148402821,0.0,307.3593652464915,nan,0.3224956248886883,0.0,nan,0.0030420839320868254,0.004019083920866251,0.0030399581883102655,0.003022375050932169,0.0030324170365929604,0.0030420839320868254,0.004019083920866251,0.0030399581883102655,0.003022375050932169,0.0030324170365929604,0.004287332994863391,nan,0.009390041930601,0.0039186670910567045,0.007719374960288405,0.004315291065722704,0.021273749880492687,0.005259541096165776,0.00921491696499288,0.005265125073492527,0.008332167053595185,0.006269082892686129,0.023012708174064755,1704.1219469581265,1,198,nan,190,188,198,109,96,131,136,133,146,109,96,96,VI skipped: 3^198 too large
taxiworld,10,10,100,1000,100,6,306,30000,8468,6,1000,1,156,156,1562,73.38796414852753,156,1397.073256507283,0.0,291.85743308789097,nan,0.5160347078926861,0.0,nan,0.025749499909579754,0.026704207994043827,0.025718083139508963,0.025825500022619963,0.025734833208844066,0.025749499909579754,0.026704207994043827,0.025718083139508963,0.025825500022619963,0.025734833208844066,0.01049679215066135,nan,0.02623650012537837,0.010480500059202313,0.02622254192829132,0.014680041931569576,0.1299198749475181,0.020222249906510115,0.0326388340909034,0.02000366593711078,0.031436583027243614,0.023447582963854074,0.1363350828178227,1690.1247131670825,1,153,nan,147,155,156,87,76,119,117,119,117,87,76,76,VI skipped: 3^156 too large
taxiworld,10,10,100,1000,100,7,307,30000,9404,6,1000,1,122,122,280,68.84285714285714,122,1386.675199408317,0.0,261.7713235579431,nan,0.2191690830513835,0.0,nan,0.004357333993539214,0.005336500005796552,0.004340583924204111,0.004333874909207225,0.004314458929002285,0.004357333993539214,0.005336500005796552,0.004340583924204111,0.004333874909207225,0.004314458929002285,0.0029519579838961363,nan,0.006562749855220318,0.0027804579585790634,0.005750665906816721,0.0025807081256061792,0.01267804205417633,0.004290624987334013,0.0067700829822570086,0.004313542041927576,0.006060208892449737,0.0038279169239103794,0.013819166924804449,1648.77711387421,1,119,nan,117,115,122,54,48,86,84,88,86,54,48,48,VI skipped: 3^122 too large
taxiworld,10,10,100,1000,100,8,308,30000,14228,6,1000,1,105,105,148,62.608108108108105,105,781.2343131299131,0.0,210.35349780810066,nan,0.13726166682317853,0.0,nan,0.0021263749804347754,0.0030259171035140753,0.002108708955347538,0.0020974581129848957,0.002090750029310584,0.0021263749804347754,0.0030259171035140753,0.002108708955347538,0.0020974581129848957,0.002090750029310584,0.0020414579194039106,nan,0.003990707919001579,0.001770708942785859,0.0035685840994119644,0.0015179580077528954,0.005693500163033605,0.002314999932423234,0.0037177910562604666,0.0024312499444931746,0.0032142919953912497,0.0022542080841958523,0.0064254580065608025,991.7858335000928,1,103,nan,92,92,105,44,40,64,63,65,63,44,40,40,VI skipped: 3^105 too large
taxiworld,10,10,100,1000,100,9,309,30000,13762,6,1000,1,119,119,95,65.73684210526316,119,778.8137734248303,0.0,222.32451009843498,nan,0.14187383302487433,0.0,nan,0.0014801248908042908,0.002373958006501198,0.001465542009100318,0.0014500420074909925,0.001438500126823783,0.0014801248908042908,0.002373958006501198,0.001465542009100318,0.0014500420074909925,0.001438500126823783,0.0022485838271677494,nan,0.004543457878753543,0.002136083086952567,0.003716957988217473,0.001780458027496934,0.005469458177685738,0.0024057908449321985,0.003931374987587333,0.002421833109110594,0.003296291921287775,0.002540291054174304,0.006082083098590374,1001.3381136669777,1,119,nan,111,116,119,56,47,73,72,74,73,56,47,47,VI skipped: 3^119 too large
taxiworld,10,10,100,1000,100,10,310,30000,13685,6,1000,2,159,159,325,91.32307692307693,159,870.2755536376499,1751.7633728748187,220.71317364950664,nan,0.23481716704554856,0.0,nan,0.006938833044841886,0.007954832864925265,0.006679957965388894,0.00659599993377924,0.006626124959439039,0.006938833044841886,0.007954832864925265,0.006679957965388894,0.00659599993377924,0.006626124959439039,0.005390082951635122,nan,0.01027091615833342,0.004434042144566774,0.008884833892807364,0.004002915928140283,0.022889041807502508,0.005460874876007438,0.008838041918352246,0.005283707985654473,0.008060833206400275,0.006046874914318323,0.024652374908328056,1091.395901916083,1,159,nan,155,157,159,71,66,93,93,90,95,71,66,65,VI skipped: 3^159 too large
taxiworld,10,10,100,1000,100,11,311,30000,11998,6,1000,1,141,141,616,74.18181818181819,141,1394.1906080569606,0.0,351.5622973048594,nan,0.3584531669039279,0.0,nan,0.01021183398552239,0.011097458191215992,0.010124624939635396,0.010103416163474321,0.010045666946098208,0.01021183398552239,0.011097458191215992,0.010124624939635396,0.010103416163474321,0.010045666946098208,0.005218582926318049,nan,0.01175366691313684,0.004797666100785136,0.011230667121708393,0.005349790910258889,0.0394100840203464,0.007957709021866322,0.0131844999268651,0.00850641611032188,0.012232958106324077,0.008397167082875967,0.042150082997977734,1746.3633194989525,1,140,nan,132,131,141,67,63,95,98,103,98,67,63,63,VI skipped: 3^141 too large
taxiworld,10,10,100,1000,100,12,312,30000,10353,6,1000,1,221,221,3,138.66666666666666,221,1401.9782906565815,0.0,303.1091506849043,nan,0.36689375014975667,0.0,nan,0.00019145896658301353,0.0012242088560014963,0.00016795913688838482,0.00016491697169840336,0.00016004196368157864,0.00019145896658301353,0.0012242088560014963,0.00016795913688838482,0.00016491697169840336,0.00016004196368157864,0.0006678749341517687,nan,0.0007098750211298466,0.0031797909177839756,0.0027225001249462366,5.408306606113911e-05,0.00022549997083842754,0.0018691250588744879,9.924988262355328e-05,0.0017946669831871986,7.408298552036285e-05,7.41251278668642e-05,0.00011687516234815121,1705.4758417920675,0,38,nan,23,202,146,2,5,70,2,69,2,2,2,1,VI skipped: 3^221 too large
taxiworld,10,10,100,1000,100,13,313,30000,10359,6,1000,1,219,219,1050,113.04761904761905,219,1401.1798357882071,0.0,312.1432827147655,nan,0.6977886671666056,0.0,nan,0.02632266702130437,0.027513999957591295,0.02619224996306002,0.0261527500115335,0.02679495792835951,0.02632266702130437,0.027513999957591295,0.02619224996306002,0.0261527500115335,0.02679495792835951,0.01343420916236937,nan,0.032660750206559896,0.012350416975095868,0.033309416845440865,0.017168832942843437,0.1591213340871036,0.023059957893565297,0.040818332927301526,0.02348033315502107,0.03977083298377693,0.026524124899879098,0.16442237491719425,1714.806995375082,1,218,nan,200,206,219,112,106,158,165,163,169,112,106,103,VI skipped: 3^219 too large
taxiworld,10,10,100,1000,100,14,314,30000,10146,6,1000,1,179,179,63,88.95238095238095,179,1394.6073188276496,0.0,329.68776063853875,nan,0.3495990838855505,0.0,nan,0.0013608750887215137,0.00234729191288352,0.0013141250237822533,0.0013167920988053083,0.0013107499107718468,0.0013608750887215137,0.00234729191288352,0.0013141250237822533,0.0013167920988053083,0.0013107499107718468,0.002134499838575721,nan,0.0051762498915195465,0.001793291186913848,0.004622000036761165,0.0009354578796774149,0.003783165942877531,0.0003440410364419222,0.0016265420708805323,0.0009011670481413603,0.0013205830473452806,0.00132929184474051,0.0038939581718295813,1724.6899598343298,0,113,nan,127,98,152,30,32,10,30,28,30,30,30,1,VI skipped: 3^179 too large
taxiworld,10,10,100,1000,100,15,315,30000,8843,6,1000,1,153,153,177,87.10169491525424,153,1385.1603446442168,0.0,262.1306284540333,nan,0.28957279212772846,0.0,nan,0.003526708111166954,0.0045099579729139805,0.003499333979561925,0.003546083113178611,0.003506958018988371,0.003526708111166954,0.0045099579729139805,0.003499333979561925,0.003546083113178611,0.003506958018988371,0.003380000125616789,nan,0.007106250151991844,0.0030075418762862682,0.006093458971008658,0.0027804579585790634,0.012623541988432407,0.004287416115403175,0.007270875154063106,0.004424459068104625,0.00627308408729732,0.004108208930119872,0.013778041116893291,1647.6886152920779,1,152,nan,143,140,153,69,58,103,106,107,106,69,58,58,VI skipped: 3^153 too large
taxiworld,10,10,100,1000,100,16,316,30000,18417,6,1000,1,71,71,42,44.142857142857146,71,1385.31872568978,0.0,433.9264880330302,nan,0.14726754208095372,0.0,nan,0.00047574983909726143,0.0013332089874893427,0.0004543340764939785,0.00045066699385643005,0.0004620831459760666,0.00047574983909726143,0.0013332089874893427,0.0004543340764939785,0.00045066699385643005,0.0004620831459760666,0.001101084053516388,nan,0.002256833016872406,0.0011257498990744352,0.001796166179701686,0.0007612921763211489,0.0013573749456554651,0.0010118749924004078,0.0019076250027865171,0.0010461248457431793,0.0015504159964621067,0.0010784580372273922,0.0015962501056492329,1819.4204547919799,1,65,nan,65,69,71,29,24,36,42,38,42,29,24,23,VI skipped: 3^71 too large
taxiworld,10,10,100,1000,100,17,317,30000,13681,6,1000,1,209,209,245,124.42040816326531,209,1400.7465759033803,0.0,380.92405584687367,nan,0.42447125003673136,0.0,nan,0.0069359170738607645,0.007870667148381472,0.006835749838501215,0.006818667054176331,0.00683004199527204,0.0069359170738607645,0.007870667148381472,0.006835749838501215,0.006818667054176331,0.00683004199527204,0.00548875005915761,nan,0.012669957941398025,0.003478707978501916,0.01103337504900992,0.004627499962225556,0.02843708312138915,0.006290666991844773,0.010584749979898334,0.006111165974289179,0.009361124830320477,0.006702332990244031,0.03032995807006955,1782.2886949169915,1,205,nan,202,134,209,87,77,122,122,121,122,87,77,77,VI skipped: 3^209 too large
taxiworld,10,10,100,1000,100,18,318,30000,8468,6,1000,1,109,109,12,69.16666666666667,109,916.1311925104819,0.0,155.00731953512877,nan,0.09088354208506644,0.0,nan,0.00025420798920094967,0.0011869999580085278,0.00023200013674795628,0.0002282080240547657,0.00022758310660719872,0.00025420798920094967,0.0011869999580085278,0.00023200013674795628,0.0002282080240547657,0.00022758310660719872,0.0016569998115301132,nan,0.003272291971370578,0.0017057920340448618,0.0025983748491853476,0.0010036658495664597,0.0015607911627739668,0.001433291006833315,0.0023062920663505793,0.0014586660545319319,0.0019262498244643211,0.0014231251552700996,0.0019052501302212477,1071.2603612921666,1,101,nan,98,108,109,41,36,54,53,56,56,41,36,36,VI skipped: 3^109 too large
taxiworld,10,10,100,1000,100,19,319,30000,15281,6,1000,1,99,99,36,63.5,99,880.1390055015218,0.0,265.6237050909549,nan,0.12200008309446275,0.0,nan,0.0005685000214725733,0.0014613340608775616,0.0005467911250889301,0.0005426669958978891,0.0005375829059630632,0.0005685000214725733,0.0014613340608775616,0.0005467911250889301,0.0005426669958978891,0.0005375829059630632,0.001665834104642272,nan,0.0030822919216006994,0.0011082920245826244,0.0024850419722497463,0.0009043749887496233,0.0018267908599227667,0.0015304170083254576,0.002436333801597357,0.0015105409547686577,0.0019608340226113796,0.001284583006054163,0.0021412079222500324,1145.917569084093,1,99,nan,90,68,99,35,31,55,54,55,54,35,31,31,VI skipped: 3^99 too large
taxiworld,10,10,100,1000,100,20,320,30000,10356,6,1000,1,170,170,475,83.36421052631579,170,1385.2674388715532,0.0,291.3823029738851,nan,0.38125054095871747,0.0,nan,0.009302041959017515,0.010666917078197002,0.009136209031566978,0.009107541060075164,0.009105958044528961,0.009302041959017515,0.010666917078197002,0.009136209031566978,0.009107541060075164,0.009105958044528961,0.0067353330086916685,nan,0.01796245900914073,0.005337416892871261,0.01711258292198181,0.009296624921262264,0.06248795799911022,0.008880333043634892,0.018384374910965562,0.008939083898440003,0.017375624971464276,0.012950124917551875,0.0660120421089232,1677.3579060009215,1,170,nan,160,164,170,92,86,124,123,126,123,92,86,85,VI skipped: 3^170 too large
taxiworld,10,10,100,1000,100,21,321,30000,11757,6,1000,1,171,171,1312,86.1859756097561,171,1387.084200099809,0.0,316.8931921040639,nan,0.6924735410138965,0.0,nan,0.024990584002807736,0.025880874833092093,0.025194334099069238,0.024836875032633543,0.02484883414581418,0.024990584002807736,0.025880874833092093,0.025194334099069238,0.024836875032633543,0.02484883414581418,0.010572875151410699,nan,0.025867665885016322,0.00996054196730256,0.02649175003170967,0.013379500014707446,0.12451454089023173,0.01902804197743535,0.032356249867007136,0.02003620914183557,0.030770332785323262,0.0208597918972373,0.13067649980075657,1705.3245675000362,1,166,nan,157,158,171,85,80,125,127,132,127,85,80,79,VI skipped: 3^171 too large
taxiworld,10,10,100,1000,100,22,322,30000,9213,6,1000,1,95,95,20,61.2,95,1383.0479238172993,0.0,239.81533216615207,nan,0.14584158291108906,0.0,nan,0.00036174990236759186,0.0012616249732673168,0.0003392919898033142,0.0003269161097705364,0.0003260001540184021,0.00036174990236759186,0.0012616249732673168,0.0003392919898033142,0.0003269161097705364,0.0003260001540184021,0.0014333331491798162,nan,0.0029018339700996876,0.0012437920086085796,0.002277499996125698,0.0009830838534981012,0.0014397918712347746,0.0013695829547941685,0.0022244579158723354,0.0013756249099969864,0.0017793748993426561,0.001415332779288292,0.001726832939311862,1623.0386806260794,1,87,nan,87,79,95,40,30,51,51,52,51,40,30,30,VI skipped: 3^95 too large
taxiworld,10,10,100,1000,100,23,323,30000,7991,6,1000,1,82,82,27,44.44444444444444,82,1378.4395174891688,0.0,237.7197902505286,nan,0.1252372080925852,0.0,nan,0.00033245794475078583,0.0012042499147355556,0.0003164168447256088,0.0003169160336256027,0.00031916704028844833,0.00033245794475078583,0.0012042499147355556,0.0003164168447256088,0.0003169160336256027,0.00031916704028844833,0.0012802090495824814,nan,0.0025817921850830317,0.001103583024814725,0.002006000140681863,0.001046665944159031,0.0017447501886636019,0.0014309592079371214,0.0024170828983187675,0.0014673750847578049,0.0019542500376701355,0.001491874922066927,0.0020944999996572733,1616.3141300419811,1,78,nan,77,69,82,42,35,53,55,55,55,42,35,35,VI skipped: 3^82 too large
taxiworld,10,10,100,1000,100,24,324,30000,11115,6,1000,1,214,214,96,109.875,214,1387.6518577099778,0.0,310.0868029270787,nan,0.4032782919239253,0.0,nan,0.0024594999849796295,0.003478416008874774,0.002438124967738986,0.002443874953314662,0.002440541982650757,0.0024594999849796295,0.003478416008874774,0.002438124967738986,0.002443874953314662,0.002440541982650757,0.004234625026583672,nan,0.009296417003497481,0.003876500064507127,0.00746729108504951,0.003935042070224881,0.01698920805938542,0.0055031669326126575,0.0087952078320086,0.005265166983008385,0.007201917003840208,0.005680042086169124,0.018618332920596004,1698.264387791045,1,211,nan,204,201,214,111,100,151,143,147,141,111,100,99,VI skipped: 3^214 too large
taxiworld,10,10,100,1000,100,25,325,30000,11693,6,1000,1,222,222,155,121.61290322580645,222,1391.3120830394328,0.0,321.4027631173376,nan,0.36632762500084937,0.0,nan,0.004364458145573735,0.005404083989560604,0.004318292019888759,0.0043434579856693745,0.004328624811023474,0.004364458145573735,0.005404083989560604,0.004318292019888759,0.0043434579856693745,0.004328624811023474,0.004979667020961642,nan,0.011337584117427468,0.004654834046959877,0.009530333103612065,0.004345749970525503,0.024985125055536628,0.006469500018283725,0.01071812491863966,0.006482917116954923,0.009553124895319343,0.006514208158478141,0.027087958063930273,1713.2476837490685,1,220,nan,213,209,222,100,99,147,145,148,148,100,99,95,VI skipped: 3^222 too large
taxiworld,10,10,100,1000,100,26,326,30000,12151,6,1000,1,221,221,60,117.63333333333334,221,1397.488050127402,0.0,335.71211033081636,nan,0.33413208299316466,0.0,nan,0.0016547078266739845,0.0026891659945249557,0.0016308750491589308,0.0016263341531157494,0.0016232088673859835,0.0016547078266739845,0.0026891659945249557,0.0016308750491589308,0.0016263341531157494,0.0016232088673859835,0.0007059169001877308,nan,0.0062429169192910194,0.0013571251183748245,0.005496082827448845,0.0012058750726282597,0.0048738750629127026,5.3666066378355026e-05,0.0021278338972479105,0.00018095807172358036,0.0017344169318675995,0.0017425420228391886,0.005336791975423694,1733.5855062077753,0,35,nan,150,74,177,38,38,1,38,5,38,38,38,1,VI skipped: 3^221 too large
taxiworld,10,10,100,1000,100,27,327,30000,12070,6,1000,1,206,206,19,115.26315789473684,206,1391.1155102457851,0.0,360.8182201627642,nan,0.23755333409644663,0.0,nan,0.0005817909259349108,0.0015814579091966152,0.0005552079528570175,0.0005553748924285173,0.0005527499597519636,0.0005817909259349108,0.0015814579091966152,0.0005552079528570175,0.0005553748924285173,0.0005527499597519636,0.0034100839402526617,nan,0.00705916597507894,0.0028404160402715206,0.005247917026281357,0.0025368749629706144,0.005386584205552936,0.0036530829966068268,0.005887832958251238,0.0035442078951746225,0.0044189998880028725,0.003610959043726325,0.006329125026240945,1752.2377774589695,1,200,nan,194,173,206,97,88,129,125,128,120,97,88,88,VI skipped: 3^206 too large
taxiworld,10,10,100,1000,100,28,328,30000,9676,6,1000,1,149,149,1976,81.84817813765183,149,769.5891906281468,0.0,138.43739295355044,nan,0.2952047078870237,0.0,nan,0.036453082924708724,0.037087207892909646,0.03649049997329712,0.03677749983035028,0.03651366685517132,0.036453082924708724,0.037087207892909646,0.03649049997329712,0.03677749983035028,0.03651366685517132,0.011502749985083938,nan,0.028861042112112045,0.01107720797881484,0.028845584020018578,0.013291541021317244,0.12577766692265868,0.018908916041254997,0.03221004200167954,0.020149333169683814,0.03166320803575218,0.02043279097415507,0.13199354195967317,909.0674124581274,1,148,nan,140,146,149,68,61,103,104,110,105,68,61,61,VI skipped: 3^149 too large
taxiworld,10,10,100,1000,100,29,329,30000,11116,6,1000,1,213,213,1296,102.76388888888889,213,766.7626067898236,0.0,164.20838310359977,nan,0.35654333396814764,0.0,nan,0.03012879192829132,0.030713791027665138,0.02982779103331268,0.02981354109942913,0.02963025006465614,0.03012879192829132,0.030713791027665138,0.02982779103331268,0.02981354109942913,0.02963025006465614,0.014337292173877358,nan,0.039273584028705955,0.013544084038585424,0.03764337510801852,0.01983904209919274,0.20135825010947883,0.026054374873638153,0.04536420805379748,0.026429083896800876,0.04360733297653496,0.030291625065729022,0.2092210000846535,932.2568883742206,1,209,nan,210,200,213,113,104,158,161,162,161,113,104,100,VI skipped: 3^213 too large
taxiworld,10,10,100,1000,100,30,330,30000,11976,6,1000,1,223,223,30,148.4,223,1404.4305048594251,0.0,342.17961911065504,nan,0.3298630421049893,0.0,nan,0.0013772910460829735,0.0025599999353289604,0.0011075828224420547,0.0010922080837190151,0.001092167105525732,0.0013772910460829735,0.0025599999353289604,0.0011075828224420547,0.0010922080837190151,0.001092167105525732,0.004691833863034844,nan,0.008386415895074606,0.0036456671077758074,0.006189708132296801,0.0020164998713880777,0.005735042039304972,0.0034360422287136316,0.00561874988488853,0.003427417017519474,0.004474333021789789,0.0028664160054177046,0.006475124973803759,1747.016443667002,1,213,nan,208,209,223,71,69,113,112,115,112,71,69,69,VI skipped: 3^223 too large
taxiworld,10,10,100,1000,100,31,331,30000,9011,6,1000,1,168,168,115,96.87826086956522,168,1401.1003685221076,0.0,256.573991042329,nan,0.2813300418201834,0.0,nan,0.0026864998508244753,0.0036557919811457396,0.0026166250463575125,0.0026376249734312296,0.0026376668829470873,0.0026864998508244753,0.0036557919811457396,0.0026166250463575125,0.0026376249734312296,0.0026376668829470873,0.003364790929481387,nan,0.006880166009068489,0.0031001248862594366,0.005853791022673249,0.002717541065067053,0.011905916035175323,0.003367125056684017,0.005312207853421569,0.0033891659695655107,0.00450866692699492,0.003958584042266011,0.013187874807044864,1658.0502986251377,1,168,nan,154,159,168,77,77,91,87,93,88,77,77,72,VI skipped: 3^168 too large
taxiworld,10,10,100,1000,100,32,332,30000,11011,6,1000,1,189,189,495,88.98181818181818,189,1408.0448240509722,0.0,306.1258498746902,nan,0.3282742078881711,0.0,nan,0.009795624995604157,0.010823165997862816,0.009878915967419744,0.009779209038242698,0.009793667122721672,0.009795624995604157,0.010823165997862816,0.009878915967419744,0.009779209038242698,0.009793667122721672,0.006957583129405975,nan,0.016063791932538152,0.0067500409204512835,0.015175291104242206,0.00783945806324482,0.06413908395916224,0.01103945798240602,0.019127249950543046,0.011483000125735998,0.017575375037267804,0.012027209158986807,0.06803791597485542,1714.834463499952,1,187,nan,177,186,189,97,95,136,142,143,142,97,95,95,VI skipped: 3^189 too large
taxiworld,10,10,100,1000,100,33,333,30000,10538,6,1000,1,173,173,798,85.82957393483709,173,1385.2812970357481,0.0,285.82439590780996,nan,0.9516916668508202,0.0,nan,0.015360666904598475,0.016319333110004663,0.015372416004538536,0.015361750032752752,0.015118792187422514,0.015360666904598475,0.016319333110004663,0.015372416004538536,0.015361750032752752,0.015118792187422514,0.007521042134612799,nan,0.018367750104516745,0.007114833919331431,0.017863916931673884,0.009978875052183867,0.07747437502257526,0.01244399999268353,0.02074129180982709,0.012611000100150704,0.020232583861798048,0.015727999852970243,0.08258112496696413,1672.479083708953,1,170,nan,164,165,173,96,89,120,120,122,123,96,89,88,VI skipped: 3^173 too large
taxiworld,10,10,100,1000,100,34,334,30000,10913,6,1000,1,199,199,420,98.71190476190476,199,1393.5168839786202,0.0,293.07708862423897,nan,0.4674285410437733,0.0,nan,0.00944695807993412,0.010477000148966908,0.009520875057205558,0.009435458108782768,0.009564208099618554,0.00944695807993412,0.010477000148966908,0.009520875057205558,0.009435458108782768,0.009564208099618554,0.006622624816372991,nan,0.015452791005373001,0.006092082941904664,0.014280207920819521,0.0075722502078861,0.054935666965320706,0.010720208054408431,0.018197624944150448,0.010691291186958551,0.01656079082749784,0.011470833094790578,0.058261208003386855,1687.3690447090194,1,198,nan,189,187,199,105,92,151,152,152,152,105,92,92,VI skipped: 3^199 too large
taxiworld,10,10,100,1000,100,35,335,30000,16606,6,1000,1,109,109,110,74.77272727272727,109,1377.620982281398,0.0,439.19594322843477,nan,0.2554590420331806,0.0,nan,0.00191099988296628,0.0028079168405383825,0.0018867910839617252,0.00189866591244936,0.0018643748480826616,0.00191099988296628,0.0028079168405383825,0.0018867910839617252,0.00189866591244936,0.0018643748480826616,0.0019720830023288727,nan,0.0042033749632537365,0.0012642911169677973,0.0034652501344680786,0.0011082501150667667,0.0031822919845581055,0.001642292132601142,0.00298183411359787,0.001901417039334774,0.0025109159760177135,0.001643375027924776,0.0035770421382039785,1817.1241519998293,1,104,nan,103,67,109,34,27,47,53,55,53,34,27,26,VI skipped: 3^109 too large
taxiworld,10,10,100,1000,100,36,336,30000,12631,6,1000,2,127,127,360,73.88333333333334,127,865.1088750127237,1768.2661059168167,216.19938039779663,nan,0.19941058312542737,0.0,nan,0.005950624821707606,0.006816708017140627,0.005956541048362851,0.005882749799638987,0.005976417101919651,0.005950624821707606,0.006816708017140627,0.005956541048362851,0.005882749799638987,0.005976417101919651,0.003418416017666459,nan,0.007526749977841973,0.0031332499347627163,0.0070050000213086605,0.00343683292157948,0.016770750051364303,0.004448499996215105,0.007956125074997544,0.004734999965876341,0.007147083058953285,0.005227415822446346,0.018233583075925708,1081.6476430832408,1,125,nan,118,113,127,60,48,76,84,81,84,60,48,48,VI skipped: 3^127 too large
taxiworld,10,10,100,1000,100,37,337,30000,11595,6,1000,1,191,191,240,91.12916666666666,191,1387.0167584093288,0.0,319.4851221567951,nan,0.41009049979038537,0.0,nan,0.004993207985535264,0.006032667122781277,0.005013125017285347,0.0050200000405311584,0.00498679094016552,0.004993207985535264,0.006032667122781277,0.005013125017285347,0.0050200000405311584,0.00498679094016552,0.0012896251864731312,nan,0.00933995796367526,0.00263858400285244,0.009039332857355475,0.001580874901264906,0.012364000082015991,0.0006662500090897083,0.0026803340297192335,0.0004996659699827433,0.0023557499516755342,0.0023733749985694885,0.011403458192944527,1707.0126052910928,0,47,nan,152,101,175,30,35,12,30,9,30,30,30,1,VI skipped: 3^191 too large
taxiworld,10,10,100,1000,100,38,338,30000,13089,6,1000,1,193,193,948,99.68776371308017,193,909.5347616742365,0.0,219.0889612918254,nan,0.38568079215474427,0.0,nan,0.02114249998703599,0.022317250026389956,0.02111795893870294,0.02114783297292888,0.021235167048871517,0.02114249998703599,0.022317250026389956,0.02111795893870294,0.02114783297292888,0.021235167048871517,0.009563458850607276,nan,0.024029958061873913,0.00886758416891098,0.023710417095571756,0.01225458295084536,0.11167879099957645,0.016309916973114014,0.027079457882791758,0.016219000099226832,0.026602249825373292,0.018616332905367017,0.11700595798902214,1129.581968208775,1,191,nan,181,180,193,99,87,142,137,142,142,99,87,85,VI skipped: 3^193 too large
taxiworld,10,10,100,1000,100,39,339,30000,8555,6,1000,1,223,223,9,151.66666666666666,223,909.6891211548354,0.0,186.48410707572475,nan,0.21790408319793642,0.0,nan,0.00040220795199275017,0.0014170838985592127,0.00038033281452953815,0.0003772501368075609,0.00037575000897049904,0.00040220795199275017,0.0014170838985592127,0.00038033281452953815,0.0003772501368075609,0.00037575000897049904,0.0032702081371098757,nan,0.006054457975551486,0.0005842500831931829,0.005005500046536326,0.0008308750111609697,0.0016190418973565102,7.445807568728924e-05,0.0015217498876154423,0.0002837078645825386,0.0011805000249296427,0.0011803340166807175,0.0019523329101502895,1096.4240552920382,0,196,nan,171,35,205,33,33,2,33,10,33,33,33,1,VI skipped: 3^223 too large
taxiworld,10,10,100,1000,100,40,340,30000,9879,6,1000,1,142,142,232,75.82758620689656,142,1385.0508051379584,0.0,276.30486933211796,nan,0.2730998748447746,0.0,nan,0.00436074985191226,0.0061369589529931545,0.004028915893286467,0.003981292014941573,0.003980166045948863,0.00436074985191226,0.0061369589529931545,0.004028915893286467,0.003981292014941573,0.003980166045948863,0.004250084049999714,nan,0.007411415921524167,0.0031303749419748783,0.00636404100805521,0.0029855000320822,0.015343416947871447,0.0046870841179043055,0.007484500063583255,0.004516208078712225,0.006573917111381888,0.004483874887228012,0.016518000047653913,1661.751541791018,1,140,nan,135,132,142,66,59,98,97,97,97,66,59,59,VI skipped: 3^142 too large
taxiworld,10,10,100,1000,100,41,341,30000,10829,6,1000,1,203,203,402,100.61194029850746,203,1392.5513742477633,0.0,297.9167334290687,nan,0.4828861670102924,0.0,nan,0.009073334047570825,0.010135333985090256,0.009125584037974477,0.009184957947582006,0.00905116694048047,0.009073334047570825,0.010135333985090256,0.009125584037974477,0.009184957947582006,0.00905116694048047,0.006361874984577298,nan,0.02120587509125471,0.006390083814039826,0.020089790923520923,0.010491375112906098,0.07404404180124402,0.010152125032618642,0.020649125101044774,0.009721165988594294,0.019213125109672546,0.01420104200951755,0.0767954159528017,1691.314269584138,1,192,nan,195,201,203,104,99,144,141,141,141,104,99,96,VI skipped: 3^203 too large
taxiworld,10,10,100,1000,100,42,342,30000,15391,6,1000,1,99,99,189,57.19047619047619,99,1367.6226774842944,0.0,387.27674142294563,nan,0.162215624935925,0.0,nan,0.002519583096727729,0.0034022920299321413,0.002494458109140396,0.0024865828454494476,0.002495124936103821,0.002519583096727729,0.0034022920299321413,0.002494458109140396,0.0024865828454494476,0.002495124936103821,0.0021278751082718372,nan,0.00403541699051857,0.0019009590614587069,0.0036095830146223307,0.0017711250111460686,0.00604416592977941,0.0025927501264959574,0.004231916973367333,0.002670584013685584,0.003668416989967227,0.002605833113193512,0.006599042098969221,1755.1302539987955,1,98,nan,88,93,99,48,36,68,68,70,68,48,36,36,VI skipped: 3^99 too large
taxiworld,10,10,100,1000,100,43,343,30000,11034,6,1000,1,195,195,182,96.22527472527473,195,1384.5429693227634,0.0,318.4769408595748,nan,0.35245587513782084,0.0,nan,0.0040121248457580805,0.005013082874938846,0.004000749904662371,0.003948916913941503,0.003960583126172423,0.0040121248457580805,0.005013082874938846,0.004000749904662371,0.003948916913941503,0.003960583126172423,0.004592000041157007,nan,0.010084625100716949,0.0043132498394697905,0.008729708148166537,0.004466957878321409,0.02565937489271164,0.006865584058687091,0.011035875184461474,0.006855041021481156,0.00953254196792841,0.006447790889069438,0.02747154189273715,1703.5350597079378,1,192,nan,184,186,195,99,94,153,147,156,147,99,94,94,VI skipped: 3^195 too large
taxiworld,10,10,100,1000,100,44,344,30000,11880,6,1000,1,179,179,1026,94.81384015594541,179,1386.2929045064375,0.0,317.48437874321826,nan,0.5952747080009431,0.0,nan,0.02192587498575449,0.02282699989154935,0.021819957997649908,0.021840708097442985,0.02173708309419453,0.02192587498575449,0.02282699989154935,0.021819957997649908,0.021840708097442985,0.02173708309419453,0.009437832981348038,nan,0.023183166980743408,0.008726625004783273,0.02288241684436798,0.010869332822039723,0.10141891683451831,0.015497416025027633,0.025902458000928164,0.015735709108412266,0.024832791881635785,0.016456542070955038,0.1063621249049902,1704.9203390418552,1,177,nan,168,168,179,85,79,130,127,132,127,85,79,78,VI skipped: 3^179 too large
taxiworld,10,10,100,1000,100,45,345,30000,9312,6,1000,1,197,197,34,116.44117647058823,197,1406.4080791070592,0.0,260.17076210374944,nan,0.3390891661401838,0.0,nan,0.0009964581113308668,0.0019809589721262455,0.000957458047196269,0.0009786668233573437,0.0009636669419705868,0.0009964581113308668,0.0019809589721262455,0.000957458047196269,0.0009786668233573437,0.0009636669419705868,0.003270084038376808,nan,0.0069303750060498714,0.003134374972432852,0.005265709012746811,0.0020787501707673073,0.00601274985820055,0.0031262910924851894,0.004428542219102383,0.003103333991020918,0.003908874932676554,0.002980791963636875,0.0068699580151587725,1666.9842545411084,1,188,nan,187,188,197,76,75,107,91,108,101,76,75,75,VI skipped: 3^197 too large
taxiworld,10,10,100,1000,100,46,346,30000,10745,6,1000,1,219,219,276,114.40217391304348,219,1398.8055252889171,0.0,310.7277752473019,nan,0.4002993330359459,0.0,nan,0.007132499944418669,0.008145625004544854,0.0071477501187473536,0.007119165966287255,0.007108165882527828,0.007132499944418669,0.008145625004544854,0.0071477501187473536,0.007119165966287255,0.007108165882527828,0.006213416811078787,nan,0.014292167034000158,0.0056162080727517605,0.012838833965361118,0.005893708905205131,0.040873332880437374,0.009600749937817454,0.01620087493211031,0.009232667041942477,0.014676584163680673,0.008797750109806657,0.0437219999730587,1710.1810373330954,1,215,nan,207,201,219,99,94,164,165,160,167,99,94,94,VI skipped: 3^219 too large
taxiworld,10,10,100,1000,100,47,347,30000,9977,6,1000,1,186,186,324,93.68518518518519,186,1385.5098608962726,0.0,284.64277050993405,nan,0.5987767910119146,0.0,nan,0.006787291960790753,0.0077463339548558,0.006779999937862158,0.006750999949872494,0.006697749951854348,0.006787291960790753,0.0077463339548558,0.006779999937862158,0.006750999949872494,0.006697749951854348,0.005149833159521222,nan,0.0126032920088619,0.004948165966197848,0.010922708781436086,0.005909166065976024,0.03885187488049269,0.0073096249252557755,0.012126500019803643,0.007312250090762973,0.010849625105038285,0.008909374941140413,0.04156054207123816,1670.9744541249238,1,182,nan,184,175,186,100,92,123,122,123,122,100,92,90,VI skipped: 3^186 too large
taxiworld,10,10,100,1000,100,48,348,30000,8938,6,1000,1,204,204,197,128.6802030456853,204,757.1561229615472,0.0,132.57755949045531,nan,0.1683610409963876,0.0,nan,0.005773250013589859,0.006858957931399345,0.005771041847765446,0.0057924590073525906,0.005810375092551112,0.005773250013589859,0.006858957931399345,0.005771041847765446,0.0057924590073525906,0.005810375092551112,0.0050287090707570314,nan,0.008554665837436914,0.0045999588910490274,0.009658874943852425,0.0034789580386132,0.020680666901171207,0.005056583089753985,0.007842249935492873,0.0051698749884963036,0.006887875031679869,0.005126457894220948,0.022277750074863434,890.0545920829754,1,204,nan,150,190,204,72,71,105,98,108,98,72,71,71,VI skipped: 3^204 too large
taxiworld,10,10,100,1000,100,49,349,30000,9017,6,1000,1,161,161,240,80.0,161,745.0078324167989,0.0,150.9740324311424,nan,0.1898146669846028,0.0,nan,0.00443995906971395,0.005390416830778122,0.004400166915729642,0.004387875087559223,0.004362541018053889,0.00443995906971395,0.005390416830778122,0.004400166915729642,0.004387875087559223,0.004362541018053889,0.0038620419800281525,nan,0.00824799994006753,0.003575666109099984,0.007524291053414345,0.003826084081083536,0.022620500065386295,0.005443291971459985,0.009024374885484576,0.00532579212449491,0.007881041849032044,0.005568916909396648,0.024228125112131238,896.3162236658391,1,157,nan,146,150,161,81,76,116,115,115,115,81,76,76,VI skipped: 3^161 too large
taxiworld,10,10,100,1000,100,50,350,30000,13125,6,1000,1,158,158,420,79.94047619047619,158,1395.2368423636071,0.0,349.1486696039792,nan,0.5216786251403391,0.0,nan,0.008231499930843711,0.009057665942236781,0.007644209079444408,0.007597209187224507,0.007669541984796524,0.008231499930843711,0.009057665942236781,0.007644209079444408,0.007597209187224507,0.007669541984796524,0.005835083080455661,nan,0.01158900000154972,0.004569040844216943,0.01017912500537932,0.00502412486821413,0.035777416080236435,0.008016999810934067,0.012902540853247046,0.007804499939084053,0.01180229103192687,0.007699749898165464,0.038364707957953215,1745.1325154579245,1,157,nan,148,146,158,77,79,120,119,118,119,77,79,74,VI skipped: 3^158 too large
taxiworld,10,10,100,1000,100,51,351,30000,9597,6,1000,1,101,101,72,65.91666666666667,101,1389.291890959721,0.0,259.35448263795115,nan,0.16122120898216963,0.0,nan,0.0011007077991962433,0.0020343330688774586,0.001078957924619317,0.0010776659473776817,0.0010772920213639736,0.0011007077991962433,0.0020343330688774586,0.001078957924619317,0.0010776659473776817,0.0010772920213639736,0.0017204161267727613,nan,0.003477291902527213,0.0015287501737475395,0.002821375150233507,0.0011632919777184725,0.002865874907001853,0.0015601660124957561,0.0025044591166079044,0.0015381660778075457,0.002051332965493202,0.0016654590144753456,0.0032699161674827337,1648.8487703751307,1,97,nan,94,90,101,41,35,52,51,52,51,41,35,34,VI skipped: 3^101 too large
taxiworld,10,10,100,1000,100,52,352,30000,14821,6,1000,1,141,141,492,73.5060975609756,141,1393.601885942975,0.0,380.98157018772326,nan,0.38490333408117294,0.0,nan,0.008025499992072582,0.00893458304926753,0.007999750087037683,0.007943792035803199,0.007948375074192882,0.008025499992072582,0.00893458304926753,0.007999750087037683,0.007943792035803199,0.007948375074192882,0.004489082843065262,nan,0.010777291841804981,0.004130834015086293,0.009572709212079644,0.0050580420065671206,0.03100620792247355,0.007571457885205746,0.01199129200540483,0.007499541854485869,0.011002791812643409,0.007849415997043252,0.03335579205304384,1775.1789217919577,1,137,nan,138,127,141,74,61,106,104,106,104,74,61,61,VI skipped: 3^141 too large
taxiworld,10,10,100,1000,100,53,353,30000,14431,6,1000,1,93,93,36,55.55555555555556,93,1387.8519866622519,0.0,415.05257165362127,nan,0.14072379190474749,0.0,nan,0.0005178330466151237,0.001397708896547556,0.0004909159615635872,0.00048474990762770176,0.00048574991524219513,0.0005178330466151237,0.001397708896547556,0.0004909159615635872,0.00048474990762770176,0.00048574991524219513,0.0014800410717725754,nan,0.002901083091273904,0.0014797078911215067,0.0023673749528825283,0.0010358330328017473,0.0019284579902887344,0.0015298749785870314,0.002512166043743491,0.0015574591234326363,0.0020280000753700733,0.0015029171481728554,0.002267541131004691,1803.07947129081,1,87,nan,83,90,93,40,33,54,55,56,55,40,33,33,VI skipped: 3^93 too large
taxiworld,10,10,100,1000,100,54,354,30000,14705,6,1000,1,129,129,366,71.0792349726776,129,1396.653510099044,0.0,387.5006521192845,nan,0.32695441716350615,0.0,nan,0.005829083034768701,0.006765250116586685,0.0058341671247035265,0.0058444158639758825,0.0058475828263908625,0.005829083034768701,0.006765250116586685,0.0058341671247035265,0.0058444158639758825,0.0058475828263908625,0.00331154209561646,nan,0.007698958041146398,0.0030123749747872353,0.00674083293415606,0.003373625222593546,0.020142708905041218,0.004289875039830804,0.00772091606631875,0.004488709149882197,0.006881333887577057,0.0050791248213499784,0.02175162499770522,1784.6261769589037,1,124,nan,125,115,129,64,62,79,87,84,87,64,62,55,VI skipped: 3^129 too large
taxiworld,10,10,100,1000,100,55,355,30000,14801,6,1000,1,122,122,120,69.76666666666667,122,1389.9581327806227,0.0,409.43274366739206,nan,0.23305883281864226,0.0,nan,0.001889833016321063,0.0028609579894691706,0.001915832981467247,0.0019154581241309643,0.001918666996061802,0.001889833016321063,0.0028609579894691706,0.001915832981467247,0.0019154581241309643,0.001918666996061802,0.0007278751581907272,nan,0.003188458038493991,0.00160920899361372,0.0035500419326126575,0.00024720910005271435,0.0009882920421659946,0.0005534999072551727,0.0004276670515537262,0.0003682919777929783,0.00035662506707012653,0.00036270800046622753,0.001106875017285347,1799.6594447919633,0,35,nan,74,84,106,7,7,15,7,10,7,7,7,1,VI skipped: 3^122 too large
taxiworld,10,10,100,1000,100,56,356,30000,10655,6,1000,1,202,202,4,150.75,202,1427.2705055738334,0.0,329.96176682482474,nan,0.2901202919892967,0.0,nan,0.00022125011309981346,0.0012243331875652075,0.0002046672161668539,0.00019975006580352783,0.0002030839677900076,0.00022125011309981346,0.0012243331875652075,0.0002046672161668539,0.00019975006580352783,0.0002030839677900076,0.003256208961829543,nan,0.005240041995421052,0.0030191249679774046,0.0037690419703722,0.0009781250264495611,0.0019576249178498983,0.0018259580247104168,0.00230775005184114,0.0017392500303685665,0.001891542226076126,0.0014837079215794802,0.0024136670399457216,1757.5628895000555,1,199,nan,184,192,202,51,49,68,60,67,66,51,49,49,VI skipped: 3^202 too large
taxiworld,10,10,100,1000,100,57,357,30000,12465,6,1000,1,167,167,406,86.85714285714286,167,1393.1860610379372,0.0,345.91806299309246,nan,0.6371428749989718,0.0,nan,0.008013500133529305,0.008938374929130077,0.00791179109364748,0.007934459019452333,0.007903291145339608,0.008013500133529305,0.008938374929130077,0.00791179109364748,0.007934459019452333,0.007903291145339608,0.005227125016972423,nan,0.011516042053699493,0.004630582872778177,0.010833041043952107,0.005550833186134696,0.03673783293925226,0.007545500062406063,0.012530333129689097,0.007430459139868617,0.011310582980513573,0.008308582939207554,0.0390943749807775,1739.9676737079863,1,167,nan,153,151,167,85,74,116,116,116,116,85,74,74,VI skipped: 3^167 too large
taxiworld,10,10,100,1000,100,58,358,30000,9409,6,1000,1,211,211,75,131.56,211,790.8807569574565,0.0,144.78599285823293,nan,0.18070333288051188,0.0,nan,0.0022968328557908535,0.003295375034213066,0.002282958012074232,0.002276542130857706,0.0022794161923229694,0.0022968328557908535,0.003295375034213066,0.002282958012074232,0.002276542130857706,0.0022794161923229694,0.003967999946326017,nan,0.005715166917070746,0.003689040895551443,0.006802584044635296,0.0026234169490635395,0.010687083005905151,0.003970874939113855,0.00658883317373693,0.0038836251478642225,0.005409083096310496,0.003718875115737319,0.01174170896410942,935.938831665786,1,207,nan,134,200,211,80,77,118,117,118,117,80,77,75,VI skipped: 3^211 too large
taxiworld,10,10,100,1000,100,59,359,30000,11130,6,1000,1,203,203,69,97.3913043478261,203,741.7077162989881,0.0,169.9231834677048,nan,0.1749430000782013,0.0,nan,0.001556792063638568,0.002655416028574109,0.0015591660048812628,0.001553292153403163,0.0015479158610105515,0.001556792063638568,0.002655416028574109,0.0015591660048812628,0.001553292153403163,0.0015479158610105515,0.0001352920662611723,nan,0.004114416893571615,0.002819166984409094,0.004770167171955109,0.00027379090897738934,0.001107916934415698,8.69168434292078e-05,0.00048570800572633743,0.0011919578537344933,0.0003827088512480259,0.0003845829050987959,0.0012122089974582195,911.8401013319381,0,5,nan,97,154,150,8,8,2,8,35,8,8,8,1,VI skipped: 3^203 too large
taxiworld,10,10,100,1000,100,60,360,30000,13757,6,1000,1,146,146,310,86.0516129032258,146,1388.6825567027554,0.0,360.52578701102175,nan,0.386353624984622,0.0,nan,0.006272832863032818,0.007510374998673797,0.006102458806708455,0.005995000014081597,0.005980833200737834,0.006272832863032818,0.007510374998673797,0.006102458806708455,0.005995000014081597,0.005980833200737834,0.004784999880939722,nan,0.008673874894157052,0.0035712921526283026,0.007518166908994317,0.0032220419961959124,0.018161249812692404,0.004937124904245138,0.007717957952991128,0.004816207801923156,0.0067945001646876335,0.004751167027279735,0.01922874990850687,1749.7427083330695,1,146,nan,137,134,146,62,53,94,89,94,89,62,53,53,VI skipped: 3^146 too large
taxiworld,10,10,100,1000,100,61,361,30000,10467,6,1000,1,217,217,40,128.95,217,1391.1459001970943,0.0,320.0723422248848,nan,0.3880658750422299,0.0,nan,0.0012340410612523556,0.0022610831074416637,0.0012092499528080225,0.0012223331723362207,0.0012278750073164701,0.0012340410612523556,0.0022610831074416637,0.0012092499528080225,0.0012223331723362207,0.0012278750073164701,0.0038774169515818357,nan,0.008184583159163594,0.00367162493057549,0.006330541102215648,0.002693665912374854,0.00802604085765779,0.0037944589275866747,0.0062660828698426485,0.003835707902908325,0.005027082981541753,0.003834832925349474,0.009057249873876572,1711.688068416901,1,209,nan,206,204,217,91,83,120,120,124,120,91,83,83,VI skipped: 3^217 too large
taxiworld,10,10,100,1000,100,62,362,30000,9588,6,1000,1,149,149,99,88.79797979797979,149,1391.8772901266348,0.0,247.12695208052173,nan,0.22219591704197228,0.0,nan,0.0020469999872148037,0.0029683338943868876,0.0020264170598238707,0.002005374990403652,0.0020151250064373016,0.0020469999872148037,0.0029683338943868876,0.0020264170598238707,0.002005374990403652,0.0020151250064373016,0.0028867500368505716,nan,0.0057634590193629265,0.002536499872803688,0.004868749994784594,0.002253792015835643,0.0074819999281316996,0.0031289169564843178,0.00497870915569365,0.0030518330167979,0.004102250095456839,0.0031909591052681208,0.0082244579680264,1639.3011494171806,1,147,nan,135,133,149,68,55,88,88,91,88,68,55,55,VI skipped: 3^149 too large
taxiworld,10,10,100,1000,100,63,363,30000,8935,6,1000,1,207,207,21,131.52380952380952,207,1410.5315792686306,0.0,270.3931241200771,nan,0.35723212477751076,0.0,nan,0.0007263750303536654,0.00170616596005857,0.000722832977771759,0.0007020828779786825,0.0006984579376876354,0.0007263750303536654,0.00170616596005857,0.000722832977771759,0.0007020828779786825,0.0006984579376876354,0.0004188339225947857,nan,0.0033030409831553698,0.0022624998819082975,0.00470033404417336,0.0002584999892860651,0.0006254999898374081,0.000319416169077158,0.0004563331604003906,0.0001345409546047449,0.0003602909855544567,0.00036225002259016037,0.0007173328194767237,1681.3095005839132,0,21,nan,89,133,179,9,9,10,9,4,9,9,9,1,VI skipped: 3^207 too large
taxiworld,10,10,100,1000,100,64,364,30000,13726,6,1000,1,101,101,36,71.66666666666667,101,1377.4105591322295,0.0,428.7685282975435,nan,0.165091082919389,0.0,nan,0.0006345000583678484,0.0017440828960388899,0.0006297910585999489,0.0006430000066757202,0.0006308751180768013,0.0006345000583678484,0.0017440828960388899,0.0006297910585999489,0.0006430000066757202,0.0006308751180768013,0.0017703750636428595,nan,0.0029659578576684,0.0011297499295324087,0.0025799169670790434,0.0009704588446766138,0.0019455419387668371,0.0013722081203013659,0.0022053748834878206,0.001283333171159029,0.001800208119675517,0.0014221249148249626,0.002262792084366083,1806.3792725829408,1,95,nan,84,67,101,37,32,48,48,46,49,37,32,25,VI skipped: 3^101 too large
taxiworld,10,10,100,1000,100,65,365,30000,9791,6,1000,1,207,207,427,105.42388758782201,207,1393.3339908192866,0.0,282.86552436626516,nan,0.4412273329216987,0.0,nan,0.0101972920820117,0.011304958956316113,0.010209040949121118,0.010203916113823652,0.010116917081177235,0.0101972920820117,0.011304958956316113,0.010209040949121118,0.010203916113823652,0.010116917081177235,0.007263584062457085,nan,0.015795167069882154,0.006817332934588194,0.0157927090767771,0.008645999943837523,0.06030808296054602,0.011474375147372484,0.019091250142082572,0.011683291057124734,0.018287499900907278,0.013153084088116884,0.06354249990545213,1676.9745479172561,1,205,nan,182,196,207,111,95,149,149,152,157,111,95,92,VI skipped: 3^207 too large
taxiworld,10,10,100,1000,100,66,366,30000,11862,6,1000,1,207,207,92,122.16304347826087,207,1400.677008707542,0.0,360.2173304299358,nan,0.32041041692718863,0.0,nan,0.002611416857689619,0.003596459049731493,0.002595790894702077,0.002572250086814165,0.002589707961305976,0.002611416857689619,0.003596459049731493,0.002595790894702077,0.002572250086814165,0.002589707961305976,0.004192291991785169,nan,0.008674833923578262,0.004018916981294751,0.007236917037516832,0.002967584179714322,0.012722667073830962,0.004564708098769188,0.00758429104462266,0.0044499170035123825,0.006310625001788139,0.0043029580265283585,0.013977125054225326,1761.3230096669868,1,206,nan,192,205,207,84,78,124,124,123,124,84,78,78,VI skipped: 3^207 too large
taxiworld,10,10,100,1000,100,67,367,30000,13021,6,1000,1,191,191,62,107.69354838709677,191,1400.8698090310208,0.0,359.74976724456064,nan,0.3203152499627322,0.0,nan,0.001559667056426406,0.002544583985581994,0.001551083056256175,0.0015190828125923872,0.001531417015939951,0.001559667056426406,0.002544583985581994,0.001551083056256175,0.0015190828125923872,0.001531417015939951,0.0034349579364061356,nan,0.00735345808789134,0.0033440410625189543,0.005803875159472227,0.0027100001461803913,0.009185417089611292,0.0037925420328974724,0.006171124987304211,0.0036606250796467066,0.00502866692841053,0.003914958098903298,0.010217332979664207,1761.024266623892,1,185,nan,182,187,191,88,79,116,114,114,114,88,79,79,VI skipped: 3^191 too large
taxiworld,10,10,100,1000,100,68,368,30000,9602,6,1000,1,120,120,84,67.76190476190476,120,777.3030429054052,0.0,144.72577686514705,nan,0.09949225001037121,0.0,nan,0.0013254170771688223,0.002215875079855323,0.0012969160452485085,0.0012887499760836363,0.001292875036597252,0.0013254170771688223,0.002215875079855323,0.0012969160452485085,0.0012887499760836363,0.001292875036597252,0.0021885838359594345,nan,0.004597125109285116,0.00188729097135365,0.003568874904885888,0.0017207497730851173,0.005358832888305187,0.0023621669970452785,0.004268290940672159,0.0022929999977350235,0.0034006249625235796,0.0024124998599290848,0.005986458854749799,922.183254292002,1,120,nan,117,107,120,55,51,73,81,72,78,55,51,48,VI skipped: 3^120 too large
taxiworld,10,10,100,1000,100,69,369,30000,8460,6,1000,1,187,187,72,106.25,187,768.5265928325243,0.0,134.6766760717146,nan,0.1219539160374552,0.0,nan,0.0018041250295937061,0.002796042012050748,0.0017771250568330288,0.0017837078776210546,0.0017803339287638664,0.0018041250295937061,0.002796042012050748,0.0017771250568330288,0.0017837078776210546,0.0017803339287638664,0.003493832889944315,nan,0.005929999984800816,0.003389707999303937,0.0058334581553936005,0.0026279159355908632,0.010178374825045466,0.0033315829932689667,0.005604624981060624,0.0030442080460488796,0.004671083064749837,0.0038645409513264894,0.011890332913026214,903.4077015407383,1,186,nan,144,187,187,83,82,100,101,91,101,83,82,79,VI skipped: 3^187 too large
taxiworld,10,10,100,1000,100,70,370,30000,10917,6,1000,1,229,229,12,135.66666666666666,229,1412.4002989334986,0.0,299.9284339987207,nan,0.34483008412644267,0.0,nan,0.0007391248364001513,0.0018838748801499605,0.0004516660701483488,0.00044470885768532753,0.00043491716496646404,0.0007391248364001513,0.0018838748801499605,0.0004516660701483488,0.00044470885768532753,0.00043491716496646404,0.001338625093922019,nan,0.0030070419888943434,0.0021842499263584614,0.004131500143557787,0.0002460000105202198,0.0008977081160992384,5.537504330277443e-05,0.0004562910180538893,0.0009010001085698605,0.00034379190765321255,0.0003447909839451313,0.0006334998179227114,1712.7014376248699,0,32,nan,78,132,165,9,14,1,9,32,9,9,9,1,VI skipped: 3^229 too large
taxiworld,10,10,100,1000,100,71,371,30000,11387,6,1000,1,190,190,24,91.0,190,1386.1579998745583,0.0,290.90115548088215,nan,0.3346051659900695,0.0,nan,0.0005727089010179043,0.0015647499822080135,0.0005681670736521482,0.0005559169221669436,0.0005465419963002205,0.0005727089010179043,0.0015647499822080135,0.0005681670736521482,0.0005559169221669436,0.0005465419963002205,0.003450916148722172,nan,0.006475250003859401,0.003016083035618067,0.0049775829538702965,0.0027103330940008163,0.006525167031213641,0.00360691687092185,0.005986707983538508,0.0035244999453425407,0.004731208086013794,0.003902583150193095,0.0076387501321733,1677.4622593747918,1,190,nan,177,181,190,102,97,124,125,124,125,102,97,97,VI skipped: 3^190 too large
taxiworld,10,10,100,1000,100,72,372,30000,9879,6,1000,1,191,191,9,143.88888888888889,191,1443.0189402869437,0.0,278.3347237412818,nan,0.29037958290427923,0.0,nan,0.00037370878271758556,0.0014614169485867023,0.00035624997690320015,0.0003549591638147831,0.00035095796920359135,0.00037370878271758556,0.0014614169485867023,0.00035624997690320015,0.0003549591638147831,0.00035095796920359135,0.0011114999651908875,nan,0.004887541988864541,0.0008438751101493835,0.004679542034864426,0.0001411670818924904,0.000267416937276721,0.00018791691400110722,0.0002456249203532934,6.995792500674725e-05,0.00019370787777006626,0.00019449996761977673,0.00030191591940820217,1721.668928124709,0,63,nan,141,51,190,5,5,6,5,2,5,5,5,1,VI skipped: 3^191 too large
taxiworld,10,10,100,1000,100,73,373,30000,17091,6,1000,1,92,92,49,55.83673469387755,92,1370.140326127177,0.0,428.83463065326214,nan,0.176455165958032,0.0,nan,0.0006683750543743372,0.0015594169963151217,0.000651167007163167,0.0006442090962082148,0.000647042179480195,0.0006683750543743372,0.0015594169963151217,0.000651167007163167,0.0006442090962082148,0.000647042179480195,0.0015321250539273024,nan,0.0030964999459683895,0.0013139999937266111,0.0024609158281236887,0.001036875182762742,0.0022387912031263113,0.001476750010624528,0.0023534998763352633,0.0014756249729543924,0.0019918750040233135,0.001491999952122569,0.002611291129142046,1799.1876654999796,1,88,nan,86,78,92,38,33,50,49,50,51,38,33,33,VI skipped: 3^92 too large
taxiworld,10,10,100,1000,100,74,374,30000,14352,6,1000,1,171,171,490,98.11020408163266,171,1387.5810399451293,0.0,361.8791061008815,nan,0.42159145791083574,0.0,nan,0.010622665984556079,0.011634709080681205,0.010574250016361475,0.01058629178442061,0.010538458824157715,0.010622665984556079,0.011634709080681205,0.010574250016361475,0.01058629178442061,0.010538458824157715,0.005938541842624545,nan,0.013569707982242107,0.005770874908193946,0.012793292058631778,0.005418999819085002,0.03907533292658627,0.009251541923731565,0.015487249940633774,0.009392583044245839,0.014358499785885215,0.00837237504310906,0.04138958314433694,1750.1480311660562,1,170,nan,160,168,171,72,65,121,123,122,123,72,65,65,VI skipped: 3^171 too large
taxiworld,10,10,100,1000,100,75,375,30000,12812,6,1000,1,159,159,320,83.771875,159,1391.27399408794,0.0,344.33593680826016,nan,0.35180058400146663,0.0,nan,0.006044416921213269,0.007056209025904536,0.006040917010977864,0.006009249947965145,0.005998375127092004,0.006044416921213269,0.007056209025904536,0.006040917010977864,0.006009249947965145,0.005998375127092004,0.0016330410726368427,nan,0.010056915925815701,0.0003349580802023411,0.008930416079238057,0.002008541952818632,0.013557292055338621,0.001168208895251155,0.0034079579636454582,0.00013625016435980797,0.0030392080079764128,0.0030501659493893385,0.014550625113770366,1736.077040291857,0,55,nan,150,11,157,35,35,19,35,2,35,35,35,1,VI skipped: 3^159 too large
taxiworld,10,10,100,1000,100,76,376,30000,9318,6,1000,1,93,93,42,64.54761904761905,93,1393.5926394946873,0.0,241.79073195066303,nan,0.1344087498728186,0.0,nan,0.0006549169775098562,0.0015525419730693102,0.0006457918789237738,0.0006331661716103554,0.0006340418476611376,0.0006549169775098562,0.0015525419730693102,0.0006457918789237738,0.0006331661716103554,0.0006340418476611376,0.0015927499625831842,nan,0.00222633290104568,0.0014718750026077032,0.0024794999044388533,0.0007397921290248632,0.001677291002124548,0.0013669589534401894,0.002138459123671055,0.0013701252173632383,0.0017443329561501741,0.0010545419063419104,0.0019487920217216015,1635.5495239999145,1,90,nan,62,86,93,27,26,46,45,47,45,27,26,26,VI skipped: 3^93 too large
taxiworld,10,10,100,1000,100,77,377,30000,9474,6,1000,1,182,182,25,84.32,182,1385.5688107481692,0.0,312.3586022767704,nan,0.41243825014680624,0.0,nan,0.0005506670568138361,0.0015308340080082417,0.0005334590096026659,0.0005800421349704266,0.0005456670187413692,0.0005506670568138361,0.0015308340080082417,0.0005334590096026659,0.0005800421349704266,0.0005456670187413692,0.003180375089868903,nan,0.006096458062529564,0.00294758309610188,0.004690750036388636,0.002538166008889675,0.006556999869644642,0.0034229590091854334,0.0056104580871760845,0.0033289999701082706,0.004424208076670766,0.003638667054474354,0.007582999998703599,1698.4051655409858,1,181,nan,168,180,182,97,100,120,119,120,119,97,100,97,VI skipped: 3^182 too large
taxiworld,10,10,100,1000,100,78,378,30000,15333,6,1000,1,128,128,150,80.99333333333334,128,785.3223605316598,0.0,220.58338061627,nan,0.18126062490046024,0.0,nan,0.0027844998985528946,0.003685415955260396,0.0027577911969274282,0.0027451668865978718,0.002729916013777256,0.0027844998985528946,0.003685415955260396,0.0027577911969274282,0.0027451668865978718,0.002729916013777256,0.0024002499412745237,nan,0.005514209158718586,0.0023416660260409117,0.004396083066239953,0.0017064171843230724,0.006847500102594495,0.0025452079717069864,0.0042284170631319284,0.002710249973461032,0.003547291038557887,0.002464666962623596,0.007474124897271395,1006.159754042048,1,120,nan,126,122,128,49,43,71,71,77,71,49,43,42,VI skipped: 3^128 too large
taxiworld,10,10,100,1000,100,79,379,30000,15960,6,1000,1,117,117,218,67.76605504587155,117,759.0046716970392,0.0,225.98375033517368,nan,0.14631729200482368,0.0,nan,0.0033692079596221447,0.004260958172380924,0.003347707912325859,0.0033562080934643745,0.0033475831151008606,0.0033692079596221447,0.004260958172380924,0.003347707912325859,0.0033562080934643745,0.0033475831151008606,0.0025088340044021606,nan,0.005451833130791783,0.002351375063881278,0.0046796249225735664,0.002036833204329014,0.008954500081017613,0.0030189589597284794,0.004845208954066038,0.003051582956686616,0.004181416006758809,0.0029587908647954464,0.0097592081874609,985.2193790839519,1,114,nan,111,111,117,50,43,73,71,75,71,50,43,43,VI skipped: 3^117 too large
taxiworld,10,10,100,1000,100,80,380,30000,13800,6,1000,1,157,157,2190,89.30228310502284,157,1385.0742738789413,0.0,369.323609754676,nan,0.5233371672220528,0.0,nan,0.04401179193519056,0.045411541825160384,0.0441127500962466,0.04386616591364145,0.04360470804385841,0.04401179193519056,0.045411541825160384,0.0441127500962466,0.04386616591364145,0.04360470804385841,0.01516158296726644,nan,0.03694645804353058,0.01382320816628635,0.036417792085558176,0.014913917053490877,0.15211725002154708,0.02539829188026488,0.0444687909912318,0.026896457886323333,0.04334379103966057,0.02367145800963044,0.15764529211446643,1755.8420356668066,1,154,nan,150,151,157,64,61,110,117,117,117,64,61,61,VI skipped: 3^157 too large
taxiworld,10,10,100,1000,100,81,381,30000,10726,6,1000,1,137,137,294,76.69047619047619,137,1386.1341738721821,0.0,283.69578324002214,nan,0.2961635838728398,0.0,nan,0.005090832943096757,0.006039416883140802,0.005016083130612969,0.00500008394010365,0.0050054588355124,0.005090832943096757,0.006039416883140802,0.005016083130612969,0.00500008394010365,0.0050054588355124,0.0034177079796791077,nan,0.007596417097374797,0.0031211671885102987,0.00664208410307765,0.003146125003695488,0.018610334023833275,0.004575291881337762,0.007446290925145149,0.0047742079477757215,0.006524875061586499,0.0047211251221597195,0.020113416947424412,1670.2610362088308,1,134,nan,131,125,137,64,64,90,90,95,89,64,64,57,VI skipped: 3^137 too large
taxiworld,10,10,100,1000,100,82,382,30000,14825,6,1000,1,116,116,81,73.35802469135803,116,1380.2115749449003,0.0,406.5473246173933,nan,0.18794370791874826,0.0,nan,0.0013669999316334724,0.00232512503862381,0.0013529169373214245,0.0013556659687310457,0.0013566671404987574,0.0013669999316334724,0.00232512503862381,0.0013529169373214245,0.0013556659687310457,0.0013566671404987574,0.0020869169384241104,nan,0.004069500137120485,0.0013984160032123327,0.003412000136449933,0.0013461250346153975,0.0040564159862697124,0.0019694578368216753,0.002923208987340331,0.0020584999583661556,0.0024188749957829714,0.0019172918982803822,0.0045704590156674385,1786.9969590411056,1,113,nan,106,79,116,45,41,63,57,67,57,45,41,40,VI skipped: 3^116 too large
taxiworld,10,10,100,1000,100,83,383,30000,10264,6,1000,1,139,139,195,73.24102564102564,139,1388.0538118360564,0.0,278.2932452009991,nan,0.24265270913019776,0.0,nan,0.003206042107194662,0.004159250063821673,0.0031828749924898148,0.0032105001155287027,0.003175749909132719,0.003206042107194662,0.004159250063821673,0.0031828749924898148,0.0032105001155287027,0.003175749909132719,0.0028174580074846745,nan,0.006682666018605232,0.002809792058542371,0.005582916084676981,0.002759415889158845,0.013192499987781048,0.004512125160545111,0.007220875006169081,0.004558916902169585,0.006253666942939162,0.004159500123932958,0.014403499895706773,1666.69519137498,1,128,nan,134,131,139,68,60,105,103,107,103,68,60,60,VI skipped: 3^139 too large
taxiworld,10,10,100,1000,100,84,384,30000,10443,6,1000,1,174,174,296,93.16891891891892,174,1384.6692309256177,0.0,273.03361885785125,nan,0.4760370838921517,0.0,nan,0.006151417037472129,0.007179083069786429,0.006135249976068735,0.0061150831170380116,0.006106958957388997,0.006151417037472129,0.007179083069786429,0.006135249976068735,0.0061150831170380116,0.006106958957388997,0.0016277919057756662,nan,0.009913499932736158,0.0008367500267922878,0.009206207934767008,0.001070207916200161,0.0074684168212115765,0.001051916042342782,0.0017949999310076237,0.00018441700376570225,0.001605458091944456,0.0015992089174687862,0.00792558304965496,1658.2754066260532,0,55,nan,155,30,168,19,19,18,19,3,19,19,19,1,VI skipped: 3^174 too large
taxiworld,10,10,100,1000,100,85,385,30000,13085,6,1000,1,198,198,136,116.5220588235294,198,1398.6061248236801,0.0,359.1763778429013,nan,0.3058103749062866,0.0,nan,0.0035892920568585396,0.004573832964524627,0.003561584046110511,0.003579291980713606,0.00354862492531538,0.0035892920568585396,0.004573832964524627,0.003561584046110511,0.003579291980713606,0.00354862492531538,0.004143750062212348,nan,0.009062916971743107,0.004093624884262681,0.007681333925575018,0.0031658338848501444,0.016442457912489772,0.004722458077594638,0.007821958977729082,0.004589959047734737,0.006676875054836273,0.004633625037968159,0.0178272919729352,1758.2146593749058,1,195,nan,188,198,198,81,77,119,118,117,118,81,77,77,VI skipped: 3^198 too large
taxiworld,10,10,100,1000,100,86,386,30000,10066,6,1000,1,206,206,621,102.01449275362319,206,1386.976769037079,0.0,299.05715996422805,nan,0.7463005420286208,0.0,nan,0.014325167052447796,0.015274292090907693,0.014211707981303334,0.014097124803811312,0.014069166965782642,0.014325167052447796,0.015274292090907693,0.014211707981303334,0.014097124803811312,0.014069166965782642,0.008413833798840642,nan,0.021222583018243313,0.008311290992423892,0.020130624994635582,0.01074749999679625,0.08550566714257002,0.014288957929238677,0.02346858405508101,0.014554583933204412,0.021942625055089593,0.016625584103167057,0.0966007080860436,1687.233075041091,1,199,nan,198,196,206,108,106,147,145,151,145,108,106,102,VI skipped: 3^206 too large
taxiworld,10,10,100,1000,100,87,387,30000,12737,6,1000,1,195,195,1640,88.5780487804878,195,1388.8933859698009,0.0,333.16934440936893,nan,0.6941542921122164,0.0,nan,0.0323912079911679,0.033298624912276864,0.03244700003415346,0.03232474997639656,0.03232300002127886,0.0323912079911679,0.033298624912276864,0.03244700003415346,0.03232474997639656,0.03232300002127886,0.014516249997541308,nan,0.03864345885813236,0.013583000050857663,0.03882450005039573,0.02253833319991827,0.21189966704696417,0.028017082950100303,0.04919962491840124,0.028721542097628117,0.047873583156615496,0.03410333301872015,0.22112720902077854,1723.7497708329465,1,192,nan,184,180,195,113,105,158,159,161,159,113,105,104,VI skipped: 3^195 too large
taxiworld,10,10,100,1000,100,88,388,30000,12346,6,1000,1,155,155,4356,84.68686868686869,155,760.6636319700629,0.0,169.36580864642747,nan,0.4306560419499874,0.0,nan,0.08173449989408255,0.08296458283439279,0.08139908406883478,0.08161691715940833,0.08146579191088676,0.08173449989408255,0.08296458283439279,0.08139908406883478,0.08161691715940833,0.08146579191088676,0.024465082911774516,nan,0.062108707847073674,0.022526416927576065,0.06542504183016717,0.033515541814267635,0.3169527498539537,0.04564024996943772,0.07977295806631446,0.04801799985580146,0.07851670798845589,0.0534876249730587,0.33074825000949204,932.2229454170447,1,153,nan,143,142,155,79,64,110,116,116,116,79,64,64,VI skipped: 3^155 too large
taxiworld,10,10,100,1000,100,89,389,30000,9214,6,1000,1,98,98,42,56.904761904761905,98,760.5687646919396,0.0,129.7515497377608,nan,0.07569200010038912,0.0,nan,0.0006168750114738941,0.0015199999324977398,0.0005745419766753912,0.0005685000214725733,0.0005792919546365738,0.0006168750114738941,0.0015199999324977398,0.0005745419766753912,0.0005685000214725733,0.0005792919546365738,0.0016492919530719519,nan,0.002738917013630271,0.0014288329984992743,0.002537416061386466,0.0010529581923037767,0.0023525420110672712,0.0016772078815847635,0.0029357089661061764,0.0017902920953929424,0.0023787501268088818,0.0014979999978095293,0.002732791006565094,890.4309919991065,1,97,nan,78,87,98,40,37,60,64,65,64,40,37,37,VI skipped: 3^98 too large
taxiworld,10,10,100,1000,100,90,390,30000,8178,6,1000,1,112,112,48,66.5,112,1392.4666681743693,0.0,258.15958126075566,nan,0.14891954185441136,0.0,nan,0.0010235421359539032,0.0019388750661164522,0.0007839170284569263,0.0007711669895797968,0.0007713751401752234,0.0010235421359539032,0.0019388750661164522,0.0007839170284569263,0.0007711669895797968,0.0007713751401752234,0.0027348750736564398,nan,0.0038880829233676195,0.0017768330872058868,0.0029871249571442604,0.0015737919602543116,0.0028644578997045755,0.001857125200331211,0.003062749980017543,0.001872749999165535,0.002477959031239152,0.0022271249908953905,0.003197832964360714,1650.8196344992612,1,111,nan,106,103,112,58,38,64,65,66,65,58,38,38,VI skipped: 3^112 too large
taxiworld,10,10,100,1000,100,91,391,30000,11595,6,1000,1,198,198,85,95.54117647058824,198,1389.8805308504961,0.0,322.7937105058227,nan,0.4361841669306159,0.0,nan,0.0018805831205099821,0.002915708115324378,0.0018822080455720425,0.0019094168674200773,0.0018842080608010292,0.0018805831205099821,0.002915708115324378,0.0018822080455720425,0.0019094168674200773,0.0018842080608010292,0.0038707091007381678,nan,0.007977416040375829,0.003401125082746148,0.00652933306992054,0.0033415418583899736,0.014551166910678148,0.005139125045388937,0.007973541039973497,0.0050694579258561134,0.006744875106960535,0.004797500092536211,0.015935749979689717,1713.2173188750166,1,198,nan,185,181,198,100,98,149,138,149,142,100,98,98,VI skipped: 3^198 too large
taxiworld,10,10,100,1000,100,92,392,30000,9221,6,1000,1,166,166,1410,91.81063829787234,166,1387.3102997848764,0.0,277.8772172546014,nan,0.5293202078901231,0.0,nan,0.02941991714760661,0.030073708156123757,0.029214249923825264,0.028669832972809672,0.029140332946553826,0.02941991714760661,0.030073708156123757,0.029214249923825264,0.028669832972809672,0.029140332946553826,0.010456708027049899,nan,0.026505208108574152,0.010213208850473166,0.02634362503886223,0.010672500124201179,0.11026833299547434,0.019078833051025867,0.03202004195190966,0.01897066691890359,0.03081458294764161,0.016385124996304512,0.1145459171384573,1666.3624661248177,1,160,nan,156,161,166,67,67,127,126,127,126,67,67,67,VI skipped: 3^166 too large
taxiworld,10,10,100,1000,100,93,393,30000,12079,6,1000,1,159,159,5328,84.42623873873873,159,1393.5740100615658,0.0,323.2330344270449,nan,1.2360616668593138,0.0,nan,0.10076579195447266,0.10204487503506243,0.10038299998268485,0.10002874978818,0.10033991700038314,0.10076579195447266,0.10204487503506243,0.10038299998268485,0.10002874978818,0.10033991700038314,0.031113540986552835,nan,0.07974170800298452,0.02926600002683699,0.08394529204815626,0.037402458023279905,0.42870958312414587,0.06500220810994506,0.10872908402234316,0.06555708381347358,0.107625582953915,0.05992766609415412,0.44701775000430644,1720.3283016667701,1,158,nan,149,147,159,69,67,123,126,124,126,69,67,67,VI skipped: 3^159 too large
taxiworld,10,10,100,1000,100,94,394,30000,13216,6,1000,1,161,161,354,84.20621468926554,161,1401.617572543677,0.0,348.72012683562934,nan,0.36467662500217557,0.0,nan,0.006698582787066698,0.007680542068555951,0.00661466596648097,0.006635375088080764,0.006648540962487459,0.006698582787066698,0.007680542068555951,0.00661466596648097,0.006635375088080764,0.006648540962487459,0.004479082999750972,nan,0.010083624860271811,0.004137249896302819,0.009154041996225715,0.004531332990154624,0.029504084028303623,0.006278374930843711,0.009645167039707303,0.006790250074118376,0.008920124964788556,0.006712290924042463,0.03172858292236924,1750.890862207627,1,158,nan,151,149,161,79,75,110,102,116,105,79,75,74,VI skipped: 3^161 too large
taxiworld,10,10,100,1000,100,95,395,30000,11509,6,1000,1,150,150,1440,81.56666666666666,150,1393.7287632310763,0.0,321.76570028765127,nan,0.49443166702985764,0.0,nan,0.02614741586148739,0.027084833942353725,0.026169750140979886,0.025911707896739244,0.02620874997228384,0.02614741586148739,0.027084833942353725,0.026169750140979886,0.025911707896739244,0.02620874997228384,0.009225290967151523,nan,0.022370208986103535,0.008765917038545012,0.02260512486100197,0.011030999943614006,0.0978432078845799,0.015729834092780948,0.02670220797881484,0.015685084043070674,0.025704416912049055,0.01700024981983006,0.10275050019845366,1716.561943126144,1,148,nan,139,142,150,73,65,109,110,108,110,73,65,62,VI skipped: 3^150 too large
taxiworld,10,10,100,1000,100,96,396,30000,14046,6,1000,1,111,111,49,77.40816326530613,111,1382.0303033469245,0.0,417.2520185331814,nan,0.1826222080271691,0.0,nan,0.000904708169400692,0.0018320002127438784,0.0008903751149773598,0.0008938750252127647,0.000891166040673852,0.000904708169400692,0.0018320002127438784,0.0008903751149773598,0.0008938750252127647,0.000891166040673852,0.0016797080170363188,nan,0.003546249819919467,0.0011677499860525131,0.0029873328749090433,0.0010345838963985443,0.0021700840443372726,0.0015888330526649952,0.0023742499761283398,0.0016322920564562082,0.0020986669696867466,0.0014806247781962156,0.00249683391302824,1799.503979583038,1,95,nan,98,68,111,37,29,53,49,55,53,37,29,29,VI skipped: 3^111 too large
taxiworld,10,10,100,1000,100,97,397,30000,14471,6,1000,1,118,118,144,65.59722222222223,118,1380.40138478484,0.0,409.69360207556747,nan,0.20652749994769692,0.0,nan,0.002147083869203925,0.0030539578292518854,0.002126332838088274,0.0021295419428497553,0.0021346251014620066,0.002147083869203925,0.0030539578292518854,0.002126332838088274,0.0021295419428497553,0.0021346251014620066,0.002324832836166024,nan,0.0046423329040408134,0.0021165418438613415,0.004123583901673555,0.0021012919023633003,0.008046834031119943,0.0024965410120785236,0.004085958003997803,0.002498666988685727,0.003495875047519803,0.0030177088920027018,0.00890795886516571,1790.372564959107,1,115,nan,105,108,118,59,56,68,68,69,69,59,56,52,VI skipped: 3^118 too large
taxiworld,10,10,100,1000,100,98,398,30000,11592,6,1000,1,156,156,972,83.22222222222223,156,775.0707806884311,0.0,160.2791372037027,nan,0.22493537492118776,0.0,nan,0.01812895806506276,0.019275416852906346,0.01818645792081952,0.018179584061726928,0.018183249980211258,0.01812895806506276,0.019275416852906346,0.01818645792081952,0.018179584061726928,0.018183249980211258,0.0077619170770049095,nan,0.01852825004607439,0.006935583194717765,0.01810633298009634,0.009342750068753958,0.0748435000423342,0.012310500023886561,0.02108729211613536,0.012531250016763806,0.020766375120729208,0.014584917109459639,0.07919499999843538,936.0086774167139,1,156,nan,146,142,156,81,73,105,109,109,114,81,73,69,VI skipped: 3^156 too large
taxiworld,10,10,100,1000,100,99,399,30000,16322,6,1000,1,101,101,124,58.435483870967744,101,767.9592037000693,0.0,223.31434076325968,nan,0.13971383310854435,0.0,nan,0.001672666985541582,0.002846625167876482,0.0016794160474091768,0.001680790912359953,0.0016890410333871841,0.001672666985541582,0.002846625167876482,0.0016794160474091768,0.001680790912359953,0.0016890410333871841,0.0019022920168936253,nan,0.003829666879028082,0.0013767499476671219,0.0032085420098155737,0.0015871659852564335,0.0046520831529051065,0.0021143751218914986,0.0035206249449402094,0.0021305421832948923,0.0029436659533530474,0.002280500018969178,0.005183291155844927,991.4667662079446,1,100,nan,94,74,101,49,38,63,64,64,64,49,38,38,VI skipped: 3^101 too large
