game,room_side,rooms_per_side,board_side,num_humans,num_simu,rep,seed,n_states,n_reachable,n_actions,n_humans,n_draws,n_B_nofilter,n_B,n_I,len_I,n_columns,t_build,t_rejected,t_bottlenecks,t_toboggan_filter,t_algorithm1,t_oracle_sets,t_solve_strategic_exact,t_solve_info_gain,t_solve_proximity,t_solve_frequency,t_solve_frequency_min,t_solve_ratio,t_solve_info_gain_rails,t_solve_proximity_rails,t_solve_frequency_rails,t_solve_frequency_min_rails,t_solve_ratio_rails,t_sim_query_all,t_sim_strategic_exact,t_sim_info_gain,t_sim_proximity,t_sim_frequency,t_sim_frequency_min,t_sim_ratio,t_sim_query_all_rails,t_sim_info_gain_rails,t_sim_proximity_rails,t_sim_frequency_rails,t_sim_frequency_min_rails,t_sim_ratio_rails,t_total,success,query_all,strategic_exact,info_gain,proximity,frequency,frequency_min,ratio,query_all_rails,info_gain_rails,proximity_rails,frequency_rails,frequency_min_rails,ratio_rails,skipped
gridworld,10,10,100,200,50,0,0,10000,8943,4,200,1,50,50,40,28.0,50,71.15848933113739,0.0,25.773125037550926,nan,0.05610329192131758,0.0,nan,0.0004092089366167784,0.0006709580775350332,0.00031758309341967106,0.00029362505301833153,0.00029208301566541195,0.0004092089366167784,0.0006709580775350332,0.00031758309341967106,0.00029362505301833153,0.00029208301566541195,0.00123729114420712,nan,0.0015374170616269112,0.0007870420813560486,0.0012597499880939722,0.0006503751501441002,0.0010995410848408937,0.0009744169656187296,0.0015647080726921558,0.0009105000644922256,0.0012665409594774246,0.0009154998697340488,0.0012379169929772615,97.00646483316086,1,47,nan,42,43,50,25,20,34,35,33,35,25,20,VI skipped: 3^50 too large
gridworld,10,10,100,200,50,1,1,10000,9496,4,200,1,38,38,24,22.958333333333332,38,71.90719279809855,0.0,26.44929565838538,nan,0.03767154202796519,0.0,nan,0.0001715831458568573,0.0004490828141570091,0.00016816589049994946,0.0001621250994503498,0.00015712506137788296,0.0001715831458568573,0.0004490828141570091,0.00016816589049994946,0.0001621250994503498,0.00015712506137788296,0.000614875229075551,nan,0.001054542139172554,0.0005296249873936176,0.0007575831841677427,0.00030399998649954796,0.0006578338798135519,0.0006137918680906296,0.0008878330700099468,0.000757250003516674,0.0007502080406993628,0.00045779207721352577,0.0007902919314801693,98.40614029206336,1,36,nan,37,32,38,15,15,22,23,28,25,15,15,VI skipped: 3^38 too large
gridworld,10,10,100,200,50,2,2,10000,8736,4,200,1,51,51,14,29.5,51,71.30619463673793,0.0,26.714052844559774,nan,0.04717908403836191,0.0,nan,0.00013945880346000195,0.0004310410004109144,0.0001277499832212925,0.00013641593977808952,0.00012820912525057793,0.00013945880346000195,0.0004310410004109144,0.0001277499832212925,0.00013641593977808952,0.00012820912525057793,0.0008799999486654997,nan,0.00123225012794137,0.0006581670604646206,0.0009945419151335955,0.0005284580402076244,0.0008283748757094145,0.0008279581088572741,0.0012501669116318226,0.00087162503041327,0.0009594589937478304,0.0007924591191112995,0.0010019580367952585,98.08171820780262,1,51,nan,44,40,51,27,20,31,33,33,33,27,20,VI skipped: 3^51 too large
gridworld,10,10,100,200,50,3,3,10000,8827,4,200,1,43,43,24,26.75,43,71.77862855466083,0.0,26.67201583716087,nan,0.04360350011847913,0.0,nan,0.00018954090774059296,0.00046770903281867504,0.0001837499439716339,0.00018325005657970905,0.00017412519082427025,0.00018954090774059296,0.00046770903281867504,0.0001837499439716339,0.00018325005657970905,0.00017412519082427025,0.0006411250215023756,nan,0.0012781249824911356,0.0007008749525994062,0.0010420000180602074,0.0005269169341772795,0.0005032499320805073,0.0008237080182880163,0.0013071249704807997,0.0008037921506911516,0.0010521661024540663,0.0007501658983528614,0.0005996250547468662,98.50811808276922,1,38,nan,38,43,43,21,11,30,30,30,30,21,11,VI skipped: 3^43 too large
gridworld,10,10,100,200,50,4,4,10000,8365,4,200,1,40,40,8,24.25,40,71.43814279395156,0.0,26.666422511450946,nan,0.0423511250410229,0.0,nan,8.470797911286354e-05,0.0004061248619109392,7.650000043213367e-05,7.524993270635605e-05,8.308305405080318e-05,8.470797911286354e-05,0.0004061248619109392,7.650000043213367e-05,7.524993270635605e-05,8.308305405080318e-05,0.0006513749249279499,nan,0.0010477909818291664,0.0005354168824851513,0.0007297920528799295,0.00037741707637906075,0.000599707942456007,0.0005984590388834476,0.0007962498348206282,0.0005095000378787518,0.0006925419438630342,0.0005661249160766602,0.0007407921366393566,98.15783291682601,1,40,nan,39,34,40,20,16,23,22,20,25,20,16,VI skipped: 3^40 too large
gridworld,10,10,100,200,50,5,5,10000,7974,4,200,1,38,38,12,25.583333333333332,38,71.77192262769677,0.0,26.329836913384497,nan,0.03272495907731354,0.0,nan,0.00011079199612140656,0.00038770795799791813,0.00010216585360467434,0.00010720803402364254,0.00010295910760760307,0.00011079199612140656,0.00038770795799791813,0.00010216585360467434,0.00010720803402364254,0.00010295910760760307,0.0005447501316666603,nan,0.0008499161340296268,0.0004824581556022167,0.0007120000664144754,0.00029091699980199337,0.00035745883360505104,0.0004778329748660326,0.0008488339371979237,0.0005973340012133121,0.0006585828959941864,0.0004392080008983612,0.0004352501127868891,98.14434008207172,1,33,nan,31,30,38,15,9,18,23,23,23,15,9,VI skipped: 3^38 too large
gridworld,10,10,100,200,50,6,6,10000,9403,4,200,1,52,52,14,34.214285714285715,52,71.55887658102438,0.0,26.599992574425414,nan,0.048817167058587074,0.0,nan,0.00015566707588732243,0.0004437090829014778,0.00014670798555016518,0.00014770799316465855,0.00013975007459521294,0.00015566707588732243,0.0004437090829014778,0.00014670798555016518,0.00014770799316465855,0.00013975007459521294,0.0008160839788615704,nan,0.0011919999960809946,0.0006313330959528685,0.0009943749755620956,0.0003347080200910568,0.0006286250427365303,0.0007540411315858364,0.0010925410315394402,0.0007893750444054604,0.0008499159011989832,0.000502999871969223,0.0007615420036017895,98.22064766706899,1,49,nan,43,39,52,17,15,28,29,30,29,17,15,VI skipped: 3^52 too large
gridworld,10,10,100,200,50,7,7,10000,8841,4,200,1,45,45,15,28.466666666666665,45,71.19700640859082,0.0,26.669521572068334,nan,0.04553537489846349,0.0,nan,0.00013824994675815105,0.00042208307422697544,0.0001279159914702177,0.0001354999840259552,0.00012745801359415054,0.00013824994675815105,0.00042208307422697544,0.0001279159914702177,0.0001354999840259552,0.00012745801359415054,0.0006485830526798964,nan,0.0010630828328430653,0.0005996248219162226,0.0008697500452399254,0.0003398330882191658,0.000622832914814353,0.0007039997726678848,0.0009531250689178705,0.0007712920196354389,0.0007449169643223286,0.0005154579412192106,0.0007606251165270805,97.92412037495524,1,39,nan,38,37,45,17,15,26,25,29,25,17,15,VI skipped: 3^45 too large
gridworld,10,10,100,200,50,8,8,10000,8542,4,200,1,67,67,9,28.333333333333332,67,72.20072790794075,0.0,25.776625386904925,nan,0.047751041827723384,0.0,nan,0.0001038750633597374,0.00041445810347795486,9.67090018093586e-05,9.908294305205345e-05,9.983405470848083e-05,0.0001038750633597374,0.00041445810347795486,9.67090018093586e-05,9.908294305205345e-05,9.983405470848083e-05,0.0001882500946521759,nan,0.0007136662025004625,0.00015983288176357746,0.0006990830879658461,3.216695040464401e-05,5.74581790715456e-05,4.258309490978718e-05,5.195802077651024e-05,3.966689109802246e-05,4.2041996493935585e-05,4.129204899072647e-05,6.354204379022121e-05,98.03045458300039,0,10,nan,25,9,37,1,1,1,1,1,1,1,1,VI skipped: 3^67 too large
gridworld,10,10,100,200,50,9,9,10000,9316,4,200,1,37,37,8,27.75,37,72.21045866981149,0.0,26.89665982616134,nan,0.03753512492403388,0.0,nan,8.91669187694788e-05,0.000370916910469532,8.150003850460052e-05,7.879105396568775e-05,8.604093454778194e-05,8.91669187694788e-05,0.000370916910469532,8.150003850460052e-05,7.879105396568775e-05,8.604093454778194e-05,0.0005680841859430075,nan,0.0005741668865084648,0.0005518749821931124,0.0006737499497830868,0.00023087486624717712,0.0003126249648630619,0.0003754580393433571,0.000585832865908742,0.00038804090581834316,0.00044833309948444366,0.0003404999151825905,0.00038387509994208813,99.15321266674437,1,35,nan,21,35,37,12,8,14,16,15,16,12,8,VI skipped: 3^37 too large
gridworld,10,10,100,200,50,10,10,10000,9022,4,200,1,47,47,28,26.5,47,72.20950070023537,0.0,27.164538542972878,nan,0.061706459149718285,0.0,nan,0.00021120812743902206,0.0004959998186677694,0.00020629214122891426,0.0002030420582741499,0.000197957968339324,0.00021120812743902206,0.0004959998186677694,0.00020629214122891426,0.0002030420582741499,0.000197957968339324,0.0007467910181730986,nan,0.001425083028152585,0.0006994171999394894,0.0011716659646481276,0.0005854589398950338,0.0008877499494701624,0.0009261658415198326,0.0013868329115211964,0.0008819999638944864,0.0011160001158714294,0.0008473750203847885,0.0010758750140666962,99.45148899988271,1,44,nan,42,42,47,23,19,33,31,32,31,23,19,VI skipped: 3^47 too large
gridworld,10,10,100,200,50,11,11,10000,6844,4,200,1,40,40,8,21.25,40,72.53918233094737,0.0,26.246189121855423,nan,0.03655712492763996,0.0,nan,8.483300916850567e-05,0.0004102499224245548,7.124990224838257e-05,7.03341793268919e-05,6.820796988904476e-05,8.483300916850567e-05,0.0004102499224245548,7.124990224838257e-05,7.03341793268919e-05,6.820796988904476e-05,0.0006322499830275774,nan,0.0009182910434901714,0.000615833094343543,0.0007279999554157257,0.0004747919738292694,0.0007683329749852419,0.0006047079805284739,0.0008761249482631683,0.0005860829260200262,0.000694541959092021,0.0007001659832894802,0.0009637500625103712,98.83337479317561,1,39,nan,34,39,40,25,21,23,24,23,25,25,21,VI skipped: 3^40 too large
gridworld,10,10,100,200,50,12,12,10000,8178,4,200,1,38,38,14,25.928571428571427,38,72.54494441580027,0.0,26.705839530797675,nan,0.04609841690398753,0.0,nan,0.0001232079230248928,0.0003945000935345888,0.00011345813982188702,0.00011974992230534554,0.00012120790779590607,0.0001232079230248928,0.0003945000935345888,0.00011345813982188702,0.00011974992230534554,0.00012120790779590607,0.0006113329436630011,nan,0.0006227921694517136,0.0005634170956909657,0.0007206250447779894,0.00023820903152227402,0.00037062494084239006,0.0005397079512476921,0.0007600828539580107,0.0005026250146329403,0.00059170788154006,0.00035687489435076714,0.00045245815999805927,99.30646887398325,1,37,nan,22,35,38,12,9,20,20,19,20,12,9,VI skipped: 3^38 too large
gridworld,10,10,100,200,50,13,13,10000,8645,4,200,1,57,57,26,32.96153846153846,57,72.36766371433623,0.0,26.14500692137517,nan,0.05240483395755291,0.0,nan,0.00024058297276496887,0.0005722078494727612,0.00024037505500018597,0.00022683292627334595,0.00022704200819134712,0.00024058297276496887,0.0005722078494727612,0.00024037505500018597,0.00022683292627334595,0.00022704200819134712,0.0009218328632414341,nan,0.0018166669178754091,0.0008382911328226328,0.001400040928274393,0.000596500001847744,0.000934333074837923,0.0009952918626368046,0.0016298750415444374,0.001003667013719678,0.0013187499716877937,0.0008645001798868179,0.0011500830296427011,98.58278058306314,1,55,nan,54,51,57,24,20,36,37,37,37,24,20,VI skipped: 3^57 too large
gridworld,10,10,100,200,50,14,14,10000,8253,4,200,2,40,40,6,26.333333333333332,40,73.02694929600693,99.21791591704823,27.658671248471364,nan,0.04549375013448298,0.0,nan,7.654190994799137e-05,0.00042383396066725254,6.891600787639618e-05,6.66249543428421e-05,6.591714918613434e-05,7.654190994799137e-05,0.00042383396066725254,6.891600787639618e-05,6.66249543428421e-05,6.591714918613434e-05,0.0006438749842345715,nan,0.0009411249775439501,0.0004880421329289675,0.0007292500231415033,0.00024854205548763275,0.000481792027130723,0.0004414999857544899,0.0006233330350369215,0.0004597089719027281,0.0005022080149501562,0.0003697909414768219,0.0006015829276293516,100.74076216714457,1,40,nan,35,31,40,13,13,17,17,18,18,13,13,VI skipped: 3^40 too large
gridworld,10,10,100,200,50,15,15,10000,8262,4,200,1,45,45,15,23.333333333333332,45,72.78576804068871,0.0,27.057510625803843,nan,0.04039191687479615,0.0,nan,0.00012025004252791405,0.0004035830497741699,0.00011291704140603542,0.00011308304965496063,0.0001177079975605011,0.00012025004252791405,0.0004035830497741699,0.00011291704140603542,0.00011308304965496063,0.0001177079975605011,0.0007434999570250511,nan,0.0012046671472489834,0.0006457078270614147,0.0008638750296086073,0.00041491701267659664,0.0010137080680578947,0.0008130001369863749,0.0011790841817855835,0.0007719160057604313,0.0009126251097768545,0.0006260829977691174,0.0012583329807966948,99.89740620716475,1,45,nan,43,40,45,21,25,30,31,29,31,21,25,VI skipped: 3^45 too large
gridworld,10,10,100,200,50,16,16,10000,9500,4,200,1,52,52,35,32.885714285714286,52,72.85078204516321,0.0,26.91030045133084,nan,0.04961120802909136,0.0,nan,0.0003031659871339798,0.0006006250623613596,0.00030049984343349934,0.00029099988751113415,0.0002929589245468378,0.0003031659871339798,0.0006006250623613596,0.00030049984343349934,0.00029099988751113415,0.0002929589245468378,0.0008110420312732458,nan,0.0015434580855071545,0.0007354170083999634,0.001314291963353753,0.0005677919834852219,0.0010573749896138906,0.0009216249454766512,0.001352708088234067,0.0008868339937180281,0.0011993751395493746,0.0008126671891659498,0.0012822910211980343,99.82791154203005,1,48,nan,45,44,52,22,22,33,30,32,33,22,22,VI skipped: 3^52 too large
gridworld,10,10,100,200,50,17,17,10000,8645,4,200,1,45,45,6,28.166666666666668,45,73.268286713399,0.0,26.495929503347725,nan,0.040219333954155445,0.0,nan,7.891608402132988e-05,0.00040941592305898666,7.204199209809303e-05,7.02918041497469e-05,6.987480446696281e-05,7.891608402132988e-05,0.00040941592305898666,7.204199209809303e-05,7.02918041497469e-05,6.987480446696281e-05,0.0007423330098390579,nan,0.0011061672121286392,0.0006143329665064812,0.000826540868729353,0.00028445804491639137,0.0005546668544411659,0.000541832996532321,0.0007007918320596218,0.0005585001781582832,0.0006122090853750706,0.0004235839005559683,0.0006838331464678049,99.8151287920773,1,45,nan,41,39,45,15,15,21,19,22,22,15,15,VI skipped: 3^45 too large
gridworld,10,10,100,200,50,18,18,10000,8348,4,200,1,36,36,12,24.0,36,73.7640108319465,0.0,26.972453420516104,nan,0.04479574994184077,0.0,nan,0.00010529183782637119,0.00037700007669627666,9.674998000264168e-05,9.479187428951263e-05,0.00010024989023804665,0.00010529183782637119,0.00037700007669627666,9.674998000264168e-05,9.479187428951263e-05,0.00010024989023804665,0.0005539588164538145,nan,0.0007869999390095472,0.00041999993845820427,0.0006690002046525478,0.0002508750185370445,0.0005718749016523361,0.0004202499985694885,0.0006262920796871185,0.0004384999629110098,0.0005089170299470425,0.0003819158300757408,0.0007072088774293661,100.79072145791724,1,34,nan,29,26,36,13,15,16,17,17,18,13,15,VI skipped: 3^36 too large
gridworld,10,10,100,200,50,19,19,10000,8661,4,200,1,48,48,12,32.666666666666664,48,73.09630163246766,0.0,27.10970079083927,nan,0.04948100005276501,0.0,nan,0.00013116700574755669,0.00041099986992776394,0.00012229080311954021,0.00011945795267820358,0.00012516719289124012,0.00013116700574755669,0.00041099986992776394,0.00012229080311954021,0.00011945795267820358,0.00012516719289124012,0.0007523330859839916,nan,0.0009870829526335,0.0007572919130325317,0.0009017910342663527,0.00036916695535182953,0.0006210422143340111,0.000609707785770297,0.0007890001870691776,0.0006740838289260864,0.0006865409668534994,0.0005536668468266726,0.0007813749834895134,100.26731337490492,1,46,nan,36,48,48,19,16,23,21,26,24,19,16,VI skipped: 3^48 too large
gridworld,10,10,100,200,50,20,20,10000,7783,4,200,1,35,35,6,23.166666666666668,35,73.22032037959434,0.0,26.915154045214877,nan,0.03979066596366465,0.0,nan,7.029110565781593e-05,0.0003582080826163292,6.0957856476306915e-05,6.062490865588188e-05,6.225006654858589e-05,7.029110565781593e-05,0.0003582080826163292,6.0957856476306915e-05,6.062490865588188e-05,6.225006654858589e-05,0.0005299581680446863,nan,0.0007218748796731234,0.0004089160356670618,0.0006350411567837,0.0002295828890055418,0.0003681657835841179,0.0004147500731050968,0.0005429170560091734,0.0004572079051285982,0.0004426250234246254,0.0003366658929735422,0.00045575015246868134,100.18364562490024,1,33,nan,27,26,35,12,10,16,15,18,16,12,10,VI skipped: 3^35 too large
gridworld,10,10,100,200,50,21,21,10000,9112,4,200,1,46,46,5,30.0,46,73.04564350494184,0.0,27.323078949702904,nan,0.051907166140154004,0.0,nan,7.57498200982809e-05,0.00043358304537832737,6.77919015288353e-05,6.566592492163181e-05,6.487499922513962e-05,7.57498200982809e-05,0.00043358304537832737,6.77919015288353e-05,6.566592492163181e-05,6.487499922513962e-05,0.0007404589559882879,nan,0.0011145828757435083,0.0006419590208679438,0.0008370829746127129,0.000343875028192997,0.0005467089358717203,0.00046779215335845947,0.0006029999349266291,0.0005644999910145998,0.0004755419213324785,0.000510666985064745,0.0006849581841379404,100.4312312498223,1,46,nan,41,41,46,18,15,18,16,22,17,18,15,VI skipped: 3^46 too large
gridworld,10,10,100,200,50,22,22,10000,8557,4,200,1,43,43,14,28.142857142857142,43,73.93982430710457,0.0,26.514929457567632,nan,0.03888341598212719,0.0,nan,0.00013062497600913048,0.0004725418984889984,0.00012391596101224422,0.00012795813381671906,0.0001252500806003809,0.00013062497600913048,0.0004725418984889984,0.00012391596101224422,0.00012795813381671906,0.0001252500806003809,0.0006738328374922276,nan,0.0011135831009596586,0.000689332839101553,0.000823125010356307,0.000298250000923872,0.0005653752014040947,0.0006157089956104755,0.0008698748424649239,0.0006323328707367182,0.0006712498143315315,0.00044862483628094196,0.000698374817147851,100.50514212506823,1,41,nan,40,43,43,15,14,23,23,24,23,15,14,VI skipped: 3^43 too large
gridworld,10,10,100,200,50,23,23,10000,9312,4,200,1,50,50,20,29.45,50,73.9003742125351,0.0,27.305994123220444,nan,0.0592413330450654,0.0,nan,0.0001780001912266016,0.00047087506391108036,0.00016975007019937038,0.0001674171071499586,0.000167124904692173,0.0001780001912266016,0.00047087506391108036,0.00016975007019937038,0.0001674171071499586,0.000167124904692173,0.0007109998259693384,nan,0.001248207874596119,0.0006769169121980667,0.0009582918137311935,0.0005496670491993427,0.0007294588722288609,0.0008022498805075884,0.0010973750613629818,0.0007717499975115061,0.0009047919884324074,0.0008235420100390911,0.0008910410106182098,101.2795740000438,1,43,nan,45,42,50,28,17,30,29,29,31,28,17,VI skipped: 3^50 too large
gridworld,10,10,100,200,50,24,24,10000,9404,4,200,1,59,59,54,33.55555555555556,59,74.13551945379004,0.0,26.66472812485881,nan,0.06896516704000533,0.0,nan,0.0004564998671412468,0.0007492080330848694,0.00048262509517371655,0.0004442501813173294,0.0004433749709278345,0.0004564998671412468,0.0007492080330848694,0.00048262509517371655,0.0004442501813173294,0.0004433749709278345,0.001004749909043312,nan,0.001774667063727975,0.0009006250184029341,0.0015575001016259193,0.0007530830334872007,0.001394582912325859,0.0012575408909469843,0.0019197079818695784,0.0012638748157769442,0.0015298749785870314,0.001078665954992175,0.0016785000916570425,100.8912167090457,1,58,nan,50,52,59,28,23,38,40,43,40,28,23,VI skipped: 3^59 too large
gridworld,10,10,100,200,50,25,25,10000,9216,4,200,1,45,45,24,28.916666666666668,45,73.94397101481445,0.0,27.262812421191484,nan,0.04685629089362919,0.0,nan,0.0002152079250663519,0.0004894579760730267,0.00020458316430449486,0.00019454117864370346,0.00018854206427931786,0.0002152079250663519,0.0004894579760730267,0.00020458316430449486,0.00019454117864370346,0.00018854206427931786,0.0007648339960724115,nan,0.0012653330340981483,0.0006380828563123941,0.0010902918875217438,0.0005650410894304514,0.0007270830683410168,0.0007440000772476196,0.001221999991685152,0.0008045830763876438,0.0009907078929245472,0.0008140408899635077,0.0008622908499091864,101.26815504184924,1,44,nan,38,39,45,23,16,27,28,30,28,23,16,VI skipped: 3^45 too large
gridworld,10,10,100,200,50,26,26,10000,9500,4,200,1,36,36,15,25.4,36,74.02942337538116,0.0,27.458677872782573,nan,0.03598358295857906,0.0,nan,0.00013016699813306332,0.0004038750194013119,0.00011866702698171139,0.00012058299034833908,0.00012083398178219795,0.00013016699813306332,0.0004038750194013119,0.00011866702698171139,0.00012058299034833908,0.00012083398178219795,0.0004681660793721676,nan,0.0008536248933523893,0.00043245800770819187,0.0006803751457482576,0.00019924994558095932,0.00037183286622166634,0.0005086250603199005,0.0006384169682860374,0.0005209578666836023,0.0005537080578505993,0.0002978330012410879,0.00045162509195506573,101.53351216600277,1,28,nan,31,27,36,10,9,19,17,20,19,10,9,VI skipped: 3^36 too large
gridworld,10,10,100,200,50,27,27,10000,7964,4,200,1,45,45,12,28.0,45,74.51726800668985,0.0,27.055306546855718,nan,0.047622542129829526,0.0,nan,0.00011870800517499447,0.00039858301170170307,0.00010954099707305431,0.00011441693641245365,0.00011224998161196709,0.00011870800517499447,0.00039858301170170307,0.00010954099707305431,0.00011441693641245365,0.00011224998161196709,0.0007206669542938471,nan,0.0010709171183407307,0.0005848328582942486,0.0008461251854896545,0.00040695792995393276,0.000630541006103158,0.0006601251661777496,0.0009781250264495611,0.0006577500607818365,0.0007482499349862337,0.0006245838012546301,0.0007815419230610132,101.63214795896783,1,44,nan,39,36,45,21,16,25,26,25,26,21,16,VI skipped: 3^45 too large
gridworld,10,10,100,200,50,28,28,10000,9404,4,200,1,42,42,12,28.416666666666668,42,74.45849042502232,0.0,27.259743576170877,nan,0.047706292010843754,0.0,nan,0.00011854083277285099,0.0004664999432861805,0.00010962504893541336,0.00011254195123910904,0.00011529214680194855,0.00011854083277285099,0.0004664999432861805,0.00010962504893541336,0.00011254195123910904,0.00011529214680194855,0.0005754171870648861,nan,0.000900292070582509,0.0005261658225208521,0.0007911249995231628,0.00023550004698336124,0.00047733401879668236,0.000578584149479866,0.0008568749763071537,0.000622292049229145,0.0006864999886602163,0.0003568751271814108,0.0005849171429872513,101.77655299892649,1,35,nan,33,33,42,12,12,22,23,24,24,12,12,VI skipped: 3^42 too large
gridworld,10,10,100,200,50,29,29,10000,8360,4,200,1,42,42,24,25.5,42,74.20334900566377,0.0,27.203797672176734,nan,0.04539733403362334,0.0,nan,0.000183542026206851,0.00045674992725253105,0.00017758319154381752,0.00017650006338953972,0.0001735000405460596,0.000183542026206851,0.00045674992725253105,0.00017758319154381752,0.00017650006338953972,0.0001735000405460596,0.0006832918152213097,nan,0.0010004171635955572,0.000674291979521513,0.000807667151093483,0.00043758400715887547,0.0006087501533329487,0.0007829999085515738,0.0011008749715983868,0.0007698750123381615,0.0008557499386370182,0.0006584171205759048,0.0007455830927938223,101.46538349986076,1,41,nan,36,42,42,22,14,29,29,29,29,22,14,VI skipped: 3^42 too large
gridworld,10,10,100,200,50,30,30,10000,8739,4,200,1,38,38,8,24.0,38,74.94151762127876,0.0,27.306838030926883,nan,0.04621037491597235,0.0,nan,8.499994874000549e-05,0.00036679208278656006,7.541594095528126e-05,7.612491026520729e-05,7.870793342590332e-05,8.499994874000549e-05,0.00036679208278656006,7.541594095528126e-05,7.612491026520729e-05,7.870793342590332e-05,0.000586208887398243,nan,0.0008570421487092972,0.0005043330602347851,0.0006887500640004873,0.00035458384081721306,0.0004945418331772089,0.0005389158613979816,0.0008037078659981489,0.0005563749000430107,0.0006079580634832382,0.000533832935616374,0.000595583114773035,102.30470304191113,1,36,nan,32,32,38,19,13,21,22,22,22,19,13,VI skipped: 3^38 too large
gridworld,10,10,100,200,50,31,31,10000,9114,4,200,1,37,37,20,23.0,37,74.46527617285028,0.0,27.535197298275307,nan,0.043651374988257885,0.0,nan,0.00014512520283460617,0.0004184998106211424,0.00014229095540940762,0.000140791991725564,0.00013391696847975254,0.00014512520283460617,0.0004184998106211424,0.00014229095540940762,0.000140791991725564,0.00013391696847975254,0.0005763329099863768,nan,0.0006720840465277433,0.0004802080802619457,0.0006922921165823936,0.0003333750646561384,0.0005034999921917915,0.000584583031013608,0.000898582860827446,0.0006286250427365303,0.0006974160205572844,0.0005060830153524876,0.000614207936450839,102.05481954221614,1,35,nan,24,30,36,17,12,22,24,24,24,17,12,VI skipped: 3^37 too large
gridworld,10,10,100,200,50,32,32,10000,9500,4,200,1,39,39,36,24.333333333333332,39,74.9156619713176,0.0,27.52333174762316,nan,0.0475484998896718,0.0,nan,0.00023762485943734646,0.0005167089402675629,0.0002347910776734352,0.0002298750914633274,0.0002318329643458128,0.00023762485943734646,0.0005167089402675629,0.0002347910776734352,0.0002298750914633274,0.0002318329643458128,0.0006204170640558004,nan,0.0012432911898940802,0.0005275420844554901,0.0009665000252425671,0.0004605420399457216,0.0006287081632763147,0.0006131250411272049,0.0011108748149126768,0.000716665992513299,0.0009010829962790012,0.0006594590377062559,0.0007516250479966402,102.49998187599704,1,37,nan,37,32,39,18,13,22,25,26,25,18,13,VI skipped: 3^39 too large
gridworld,10,10,100,200,50,33,33,10000,6946,4,200,1,41,41,6,24.333333333333332,41,74.43814479140565,0.0,27.597201705444604,nan,0.03852708381600678,0.0,nan,7.262500002980232e-05,0.00038408301770687103,6.35830219835043e-05,6.320816464722157e-05,6.195809692144394e-05,7.262500002980232e-05,0.00038408301770687103,6.35830219835043e-05,6.320816464722157e-05,6.195809692144394e-05,0.0006528750527650118,nan,0.0009331670589745045,0.0005434579215943813,0.0007335830014199018,0.0003523339983075857,0.0005085419397801161,0.0005472081247717142,0.0007214581128209829,0.000528290867805481,0.0005770828574895859,0.0005262498743832111,0.0006350411567837,102.08394120866433,1,41,nan,35,35,41,19,14,21,20,21,21,19,14,VI skipped: 3^41 too large
gridworld,10,10,100,200,50,34,34,10000,8537,4,200,1,38,38,21,22.095238095238095,38,74.18158420012332,0.0,27.872540136799216,nan,0.04688937496393919,0.0,nan,0.0001468330156058073,0.000416541937738657,0.00013787508942186832,0.0001449999399483204,0.0001345828641206026,0.0001468330156058073,0.000416541937738657,0.00013787508942186832,0.0001449999399483204,0.0001345828641206026,0.0006090831011533737,nan,0.0009219578932970762,0.0006207500118762255,0.000756292138248682,0.00042229099199175835,0.0008531250059604645,0.0005744579248130322,0.0007714589592069387,0.000586833106353879,0.000588499940931797,0.0006214159075170755,0.0010067499242722988,102.11282366607338,1,37,nan,33,32,38,21,20,21,20,22,20,21,20,VI skipped: 3^38 too large
gridworld,10,10,100,200,50,35,35,10000,7686,4,200,1,46,46,15,28.866666666666667,46,74.61121966154315,0.0,27.543889208463952,nan,0.05331766698509455,0.0,nan,0.00015233410522341728,0.0004309169016778469,0.00014254078269004822,0.0001402499619871378,0.00013129203580319881,0.00015233410522341728,0.0004309169016778469,0.00014254078269004822,0.0001402499619871378,0.00013129203580319881,0.0006871670484542847,nan,0.0010210000909864902,0.0005897919181734324,0.0008734578732401133,0.00029387488029897213,0.0005812500603497028,0.0006991249974817038,0.0010107089765369892,0.0007627499289810658,0.0007561249658465385,0.0004420420154929161,0.0007050000131130219,102.22031279094517,1,41,nan,37,37,46,15,14,26,27,29,26,15,14,VI skipped: 3^46 too large
gridworld,10,10,100,200,50,36,36,10000,8358,4,200,1,48,48,21,26.19047619047619,48,74.6446334628854,0.0,27.392548631643876,nan,0.050069249933585525,0.0,nan,0.00017191609367728233,0.0004511249717324972,0.00017925002612173557,0.00015949993394315243,0.000156833091750741,0.00017191609367728233,0.0004511249717324972,0.00017925002612173557,0.00015949993394315243,0.000156833091750741,0.0007397080771625042,nan,0.0012714171316474676,0.0006578329484909773,0.000897624995559454,0.00040275021456182003,0.0008100420236587524,0.0009171250276267529,0.0012633749283850193,0.000900540966540575,0.0009690409060567617,0.0006075419951230288,0.0009806661400943995,102.10133849992417,1,46,nan,47,42,48,21,19,35,34,35,34,21,19,VI skipped: 3^48 too large
gridworld,10,10,100,200,50,37,37,10000,9402,4,200,1,38,38,20,28.5,38,74.89059554319829,0.0,27.276888290885836,nan,0.05263712513260543,0.0,nan,0.00017170794308185577,0.00044420803897082806,0.00016975007019937038,0.00016595819033682346,0.00016266596503555775,0.00017170794308185577,0.00044420803897082806,0.00016975007019937038,0.00016595819033682346,0.00016266596503555775,0.0005382499657571316,nan,0.0006603749934583902,0.0004105418920516968,0.0007137919310480356,0.00023662508465349674,0.00033762515522539616,0.00040079187601804733,0.0004925001412630081,0.000470208004117012,0.0004667078610509634,0.00035816687159240246,0.00041933287866413593,102.22936745802872,1,33,nan,24,26,38,12,8,15,13,18,16,12,8,VI skipped: 3^38 too large
gridworld,10,10,100,200,50,38,38,10000,9028,4,200,1,38,38,24,24.75,38,74.7466378849931,0.0,27.620911239413545,nan,0.04848837503232062,0.0,nan,0.0001752080861479044,0.0004505419638007879,0.00017220806330442429,0.00016758288256824017,0.00016425014473497868,0.0001752080861479044,0.0004505419638007879,0.00017220806330442429,0.00016758288256824017,0.00016425014473497868,0.0005292498972266912,nan,0.0006587079260498285,0.0005807080306112766,0.0007200830150395632,0.0002935000229626894,0.00047300010919570923,0.0005582498852163553,0.0008262910414487123,0.0006092500407248735,0.0006414169911295176,0.00044333282858133316,0.0005797080229967833,102.42664549988694,1,32,nan,24,37,38,15,11,21,22,23,22,15,11,VI skipped: 3^38 too large
gridworld,10,10,100,200,50,39,39,10000,7498,4,200,1,35,35,12,22.833333333333332,35,74.92511720699258,0.0,27.46740183327347,nan,0.038430041866376996,0.0,nan,0.00010029110126197338,0.0004070000723004341,9.258300997316837e-05,9.529106318950653e-05,9.050010703504086e-05,0.00010029110126197338,0.0004070000723004341,9.258300997316837e-05,9.529106318950653e-05,9.050010703504086e-05,0.0005404581315815449,nan,0.0008655830752104521,0.00043008290231227875,0.000624458072707057,0.00028016697615385056,0.00038708304055035114,0.0005315421149134636,0.0007823749911040068,0.0005038750823587179,0.0005987498443573713,0.0004238749388605356,0.00046870787627995014,102.44048258312978,1,34,nan,33,28,35,15,10,21,22,20,22,15,10,VI skipped: 3^35 too large
gridworld,10,10,100,200,50,40,40,10000,8933,4,200,1,47,47,16,27.5,47,75.69009788101539,0.0,27.160246756626293,nan,0.05457974993623793,0.0,nan,0.00014074984937906265,0.0004462909419089556,0.00013183290138840675,0.00013900012709200382,0.0001300000585615635,0.00014074984937906265,0.0004462909419089556,0.00013183290138840675,0.00013900012709200382,0.0001300000585615635,0.0006575421430170536,nan,0.0011189589276909828,0.0005937500391155481,0.0008750001434236765,0.0005699170287698507,0.000697416951879859,0.0008454590570181608,0.0011080000549554825,0.0008299171458929777,0.0008613329846411943,0.0008668750524520874,0.000857542036101222,102.91829558322206,1,41,nan,41,38,47,30,17,32,30,32,30,30,17,VI skipped: 3^47 too large
gridworld,10,10,100,200,50,41,41,10000,7404,4,200,1,51,51,12,32.666666666666664,51,74.8751130066812,0.0,27.43947196402587,nan,0.04522033408284187,0.0,nan,0.0001332079991698265,0.00042158388532698154,0.00012262491509318352,0.00012533320114016533,0.00012874999083578587,0.0001332079991698265,0.00042158388532698154,0.00012262491509318352,0.00012533320114016533,0.00012874999083578587,0.0007795828860253096,nan,0.0011461249087005854,0.000719625037163496,0.0009282499086111784,0.00045866682194173336,0.0007435420993715525,0.0006775420624762774,0.0009561250917613506,0.0006877919659018517,0.0007095839828252792,0.0006845421157777309,0.0009197501931339502,102.3725143331103,1,49,nan,43,47,51,24,19,26,26,27,25,24,19,VI skipped: 3^51 too large
gridworld,10,10,100,200,50,42,42,10000,8829,4,200,1,35,35,15,22.533333333333335,35,75.00371861946769,0.0,27.469070953316987,nan,0.034215291030704975,0.0,nan,0.00011445814743638039,0.00038979086093604565,0.00010745786130428314,0.00010766694322228432,0.00011637480929493904,0.00011445814743638039,0.00038979086093604565,0.00010745786130428314,0.00010766694322228432,0.00011637480929493904,0.0005317081231623888,nan,0.0007982500828802586,0.0005120830610394478,0.0006400421261787415,0.0002113750670105219,0.00043349992483854294,0.0004915839526802301,0.000731542007997632,0.000536999898031354,0.0005110830534249544,0.00032004108652472496,0.0005324580706655979,102.5165071671363,1,33,nan,30,33,35,11,11,19,20,21,18,11,11,VI skipped: 3^35 too large
gridworld,10,10,100,200,50,43,43,10000,9406,4,200,1,45,45,18,31.833333333333332,45,75.04174874420278,0.0,28.118094574660063,nan,0.04522120812907815,0.0,nan,0.00017254194244742393,0.00045183300971984863,0.0001712499652057886,0.00016862503252923489,0.00016020797193050385,0.00017254194244742393,0.00045183300971984863,0.0001712499652057886,0.00016862503252923489,0.00016020797193050385,0.0007008339744061232,nan,0.0010272918734699488,0.0005465410649776459,0.0008460001554340124,0.0003652090672403574,0.0005323339719325304,0.0006573749706149101,0.0007119588553905487,0.0005950832273811102,0.0006669999565929174,0.0005622499156743288,0.0006513327825814486,103.21664208406582,1,44,nan,38,35,45,19,13,25,19,23,23,19,13,VI skipped: 3^45 too large
gridworld,10,10,100,200,50,44,44,10000,8924,4,200,1,40,40,16,24.5,40,74.8499716266524,0.0,27.97352828923613,nan,0.04560349998064339,0.0,nan,0.00012908386997878551,0.0004113749600946903,0.00012099999003112316,0.0001249168999493122,0.00012441701255738735,0.00012908386997878551,0.0004113749600946903,0.00012099999003112316,0.0001249168999493122,0.00012441701255738735,0.0005510831251740456,nan,0.0008570831269025803,0.0004960000514984131,0.0007337499409914017,0.00037708296440541744,0.00047970889136195183,0.0005715000443160534,0.000888375099748373,0.0006672909948974848,0.0006793329957872629,0.0005755831953138113,0.0005954999942332506,102.87996116699651,1,34,nan,32,32,40,20,12,22,24,26,24,20,12,VI skipped: 3^40 too large
gridworld,10,10,100,200,50,45,45,10000,9404,4,200,1,52,52,28,30.857142857142858,52,74.90702657657675,0.0,28.014399956911802,nan,0.04823658405803144,0.0,nan,0.0002426248975098133,0.0005823338869959116,0.00024262513034045696,0.00022770813666284084,0.00022904202342033386,0.0002426248975098133,0.0005823338869959116,0.00024262513034045696,0.00022770813666284084,0.00022904202342033386,0.0008072499185800552,nan,0.0014148750342428684,0.0006983338389545679,0.0012537080328911543,0.0006192089058458805,0.001006667036563158,0.0008336249738931656,0.0014213339891284704,0.0008772499859333038,0.001187874935567379,0.0008814588654786348,0.0012215841561555862,102.98618941707537,1,50,nan,43,44,52,25,22,31,33,33,34,25,22,VI skipped: 3^52 too large
gridworld,10,10,100,200,50,46,46,10000,8086,4,200,1,46,46,30,27.666666666666668,46,75.38215112849139,0.0,27.01453495514579,nan,0.027833999833092093,0.0,nan,0.00022916612215340137,0.00057050003670156,0.00023083318956196308,0.0002168749924749136,0.00021700002253055573,0.00022916612215340137,0.00057050003670156,0.00023083318956196308,0.0002168749924749136,0.00021700002253055573,0.00069266720674932,nan,0.001359499990940094,0.0006439578719437122,0.0011149169877171516,0.0004515410400927067,0.0006962497718632221,0.0009624578524380922,0.0013933749869465828,0.0009378748945891857,0.001242874888703227,0.0006495839916169643,0.0008522500284016132,102.43961341609247,1,42,nan,41,40,46,18,15,35,32,35,35,18,15,VI skipped: 3^46 too large
gridworld,10,10,100,200,50,47,47,10000,7130,4,200,1,48,48,12,27.333333333333332,48,48.34601949644275,0.0,17.524901613825932,nan,0.02782770898193121,0.0,nan,0.00011345790699124336,0.0004052079748362303,0.00010516704060137272,0.00011083297431468964,0.0001116250641644001,0.00011345790699124336,0.0004052079748362303,0.00010516704060137272,0.00011083297431468964,0.0001116250641644001,0.0007265000604093075,nan,0.000932374969124794,0.0006722919642925262,0.000871709082275629,0.00043349992483854294,0.0006593328434973955,0.0007486250251531601,0.0009861660655587912,0.0007305829785764217,0.0007588749285787344,0.0006478328723460436,0.000811540987342596,65.91060658404604,1,46,nan,35,44,48,23,17,29,27,29,27,23,17,VI skipped: 3^48 too large
gridworld,10,10,100,200,50,48,48,10000,9499,4,200,1,38,38,10,26.1,38,48.24544553342275,0.0,17.094442839035764,nan,0.02522704121656716,0.0,nan,9.670807048678398e-05,0.000392707996070385,8.862512186169624e-05,8.841697126626968e-05,9.208312258124352e-05,9.670807048678398e-05,0.000392707996070385,8.862512186169624e-05,8.841697126626968e-05,9.208312258124352e-05,0.0005502079147845507,nan,0.0008966661989688873,0.00045716692693531513,0.000675584189593792,0.00022749998606741428,0.0003818750847131014,0.0005636659916490316,0.0006420421414077282,0.0005817499477416277,0.0004952079616487026,0.0003357499372214079,0.0004645420704036951,65.37436504103243,1,35,nan,34,30,38,12,10,22,18,23,18,12,10,VI skipped: 3^38 too large
gridworld,10,10,100,200,50,49,49,10000,9498,4,200,1,40,40,18,24.666666666666668,40,47.91778829903342,0.0,17.115097989561036,nan,0.03052400005981326,0.0,nan,0.00014050002209842205,0.0004547091666609049,0.0001318331342190504,0.00013845809735357761,0.00013116607442498207,0.00014050002209842205,0.0004547091666609049,0.0001318331342190504,0.00013845809735357761,0.00013116607442498207,0.0006057918071746826,nan,0.0008887078147381544,0.0006202911026775837,0.0007452080026268959,0.00030733318999409676,0.0005660001188516617,0.0006063338369131088,0.0008916249498724937,0.0006405001040548086,0.00069416593760252,0.00046562496572732925,0.0007055830210447311,65.0744833748322,1,38,nan,33,40,40,16,14,23,24,25,24,16,14,VI skipped: 3^40 too large
puddleworld,10,10,100,200,50,0,50,10000,8444,4,200,1,42,42,12,30.416666666666668,42,75.7043198319152,0.0,27.928738905349746,nan,0.04748112498782575,0.0,nan,0.00016262498684227467,0.0004308749921619892,0.00012108311057090759,0.00012254179455339909,0.00011929101310670376,0.00016262498684227467,0.0004308749921619892,0.00012108311057090759,0.00012254179455339909,0.00011929101310670376,0.0007699169218540192,nan,0.0010023750364780426,0.0005784591194242239,0.0007854590658098459,0.0001989169977605343,0.000401749974116683,0.0004888749681413174,0.0007564579136669636,0.0005535830277949572,0.0004071248695254326,0.00029562506824731827,0.00044958293437957764,103.69080708292313,1,38,nan,35,36,42,10,9,18,20,21,14,10,9,VI skipped: 3^42 too large
puddleworld,10,10,100,200,50,1,51,10000,9497,4,200,1,46,46,25,24.2,46,75.5152148695197,0.0,27.571965047623962,nan,0.05373254115693271,0.0,nan,0.00018479209393262863,0.00046387501060962677,0.0001767091453075409,0.0001740411389619112,0.00016812491230666637,0.00018479209393262863,0.00046387501060962677,0.0001767091453075409,0.0001740411389619112,0.00016812491230666637,0.00074983318336308,nan,0.0014987499453127384,0.0006497909780591726,0.0011202909518033266,0.0005937081295996904,0.0007701250724494457,0.0008670410607010126,0.0013568331487476826,0.0008814998436719179,0.0010940830688923597,0.0008489580359309912,0.000932666938751936,103.15614129090682,1,45,nan,45,40,46,24,17,32,31,33,31,24,17,VI skipped: 3^46 too large
puddleworld,10,10,100,200,50,2,52,10000,8631,4,200,1,30,30,8,20.0,30,75.49707890790887,0.0,28.34191908594221,nan,0.02438983297906816,0.0,nan,7.383408956229687e-05,0.00036416598595678806,6.462493911385536e-05,6.404099985957146e-05,6.229081191122532e-05,7.383408956229687e-05,0.00036416598595678806,6.462493911385536e-05,6.404099985957146e-05,6.229081191122532e-05,0.0004844579380005598,nan,0.000597749836742878,0.000417458126321435,0.0005412090104073286,0.0002613330725580454,0.00040675001218914986,0.00038820807822048664,0.0005066250450909138,0.00043016718700528145,0.0003880830481648445,0.0004038328770548105,0.000508833909407258,103.87168983276933,1,30,nan,22,27,30,14,11,15,14,17,14,14,11,VI skipped: 3^30 too large
puddleworld,10,10,100,200,50,3,53,10000,7777,4,200,1,46,46,12,29.166666666666668,46,75.97803479246795,0.0,27.850630116881803,nan,0.042880124878138304,0.0,nan,0.00012062489986419678,0.00040016602724790573,0.00011262507177889347,0.00011629192158579826,0.00011445791460573673,0.00012062489986419678,0.00040016602724790573,0.00011262507177889347,0.00011629192158579826,0.00011445791460573673,0.0006895419210195541,nan,0.001006542006507516,0.0006456668488681316,0.0008498749230057001,0.0003260830417275429,0.0005152500234544277,0.0006787499878555536,0.0010328330099582672,0.0007227079477161169,0.0007959159556776285,0.0004942920058965683,0.0006452081725001335,103.8831992088817,1,43,nan,37,41,46,17,13,26,28,28,28,17,13,VI skipped: 3^46 too large
puddleworld,10,10,100,200,50,4,54,10000,8937,4,200,1,50,50,18,32.166666666666664,50,76.27023330284283,0.0,28.219948285026476,nan,0.04991308297030628,0.0,nan,0.00017587491311132908,0.00045612500980496407,0.00016404199413955212,0.00017087487503886223,0.00016254116781055927,0.00017587491311132908,0.00045612500980496407,0.00016404199413955212,0.00017087487503886223,0.00016254116781055927,0.0007369169034063816,nan,0.0012723749969154596,0.0006792920175939798,0.0009252920281141996,0.00030745798721909523,0.000634749885648489,0.0007368330843746662,0.0011800420470535755,0.0008264589123427868,0.0009192079305648804,0.0004627921152859926,0.0007766250055283308,104.55327829089947,1,46,nan,47,43,50,16,15,28,32,32,32,16,15,VI skipped: 3^50 too large
puddleworld,10,10,100,200,50,5,55,10000,8078,4,200,1,42,42,12,29.416666666666668,42,75.53690026048571,0.0,27.696483879117295,nan,0.049387792125344276,0.0,nan,0.0001199161633849144,0.0003974589053541422,0.00011237501166760921,0.00011625001206994057,0.00011654198169708252,0.0001199161633849144,0.0003974589053541422,0.00011237501166760921,0.00011625001206994057,0.00011654198169708252,0.00048200017772614956,nan,0.0009208328556269407,0.0004853331483900547,0.0007670840714126825,0.0002491660416126251,0.00039366702549159527,0.00044862483628094196,0.0008441251702606678,0.0005975831300020218,0.0006574578583240509,0.0003772089257836342,0.000486917095258832,103.29273124993779,1,30,nan,34,31,42,13,10,17,23,23,23,13,10,VI skipped: 3^42 too large
puddleworld,10,10,100,200,50,6,56,10000,9307,4,200,1,33,33,9,24.0,33,75.58751033688895,0.0,28.054373162798584,nan,0.044305749936029315,0.0,nan,8.766702376306057e-05,0.00037112506106495857,7.916614413261414e-05,7.712491787970066e-05,8.254195563495159e-05,8.766702376306057e-05,0.00037112506106495857,7.916614413261414e-05,7.712491787970066e-05,8.254195563495159e-05,0.00031158304773271084,nan,0.0007885419763624668,0.0003410838544368744,0.0005875828210264444,0.00015191617421805859,0.00026975013315677643,0.0002863339614123106,0.00047095795162022114,0.0004053749144077301,0.00044329208321869373,0.00022675003856420517,0.0003234578762203455,103.69395350012928,1,19,nan,30,22,33,8,7,11,13,16,16,8,7,VI skipped: 3^33 too large
puddleworld,10,10,100,200,50,7,57,10000,8636,4,200,1,40,40,21,25.761904761904763,40,76.14421003940515,0.0,27.229662124067545,nan,0.02754904213361442,0.0,nan,0.00016308296471834183,0.00044066598638892174,0.00015370803885161877,0.0001591250766068697,0.0001723750028759241,0.00016308296471834183,0.00044066598638892174,0.00015370803885161877,0.0001591250766068697,0.0001723750028759241,0.0005247499793767929,nan,0.000767500139772892,0.0005500831175595522,0.0007545419503003359,0.00031933397985994816,0.0005128339398652315,0.0005327919498085976,0.0006785418372601271,0.0005775000900030136,0.0005504998844116926,0.0004708748310804367,0.0006202911026775837,103.41189179127105,1,32,nan,28,35,40,16,12,20,18,22,19,16,12,VI skipped: 3^40 too large
puddleworld,10,10,100,200,50,8,58,10000,9500,4,200,1,43,43,9,27.333333333333332,43,76.20611078641377,0.0,27.419450253248215,nan,0.04232625011354685,0.0,nan,9.529106318950653e-05,0.0003765840083360672,8.658296428620815e-05,8.625001646578312e-05,8.466606959700584e-05,9.529106318950653e-05,0.0003765840083360672,8.658296428620815e-05,8.625001646578312e-05,8.466606959700584e-05,0.000567000126466155,nan,0.0010527919512242079,0.0006544578354805708,0.0007669590413570404,0.00025958288460969925,0.0005196249112486839,0.0005866668652743101,0.0008670000825077295,0.0006303340196609497,0.0006613750010728836,0.0003917498979717493,0.0006428330671042204,103.67867495771497,1,36,nan,40,43,43,14,14,23,24,25,24,14,14,VI skipped: 3^43 too large
puddleworld,10,10,100,200,50,9,59,10000,9404,4,200,1,41,41,15,26.666666666666668,41,76.004197885748,0.0,28.439230502583086,nan,0.05237333313561976,0.0,nan,0.00013029202818870544,0.0004063330125063658,0.00012374995276331902,0.00012112502008676529,0.00011999998241662979,0.00013029202818870544,0.0004063330125063658,0.00012374995276331902,0.00012112502008676529,0.00011999998241662979,0.0005903330165892839,nan,0.0009451659861952066,0.00048637506552040577,0.0007587501313537359,0.0003072500694543123,0.000519708963111043,0.0005520838312804699,0.0008455829229205847,0.0005960001144558191,0.0006567500531673431,0.0004623748827725649,0.0006417501717805862,104.50660091685131,1,37,nan,35,31,41,16,13,21,23,23,23,16,13,VI skipped: 3^41 too large
puddleworld,10,10,100,200,50,10,60,10000,9405,4,200,1,36,36,16,21.75,36,76.4420410823077,0.0,28.14114487171173,nan,0.04161416715942323,0.0,nan,0.0001169170718640089,0.0004144590348005295,0.00010954192839562893,0.00011454103514552116,0.00011237501166760921,0.0001169170718640089,0.0004144590348005295,0.00010954192839562893,0.00011454103514552116,0.00011237501166760921,0.0005276249721646309,nan,0.0007983751129359007,0.0005527080502361059,0.0006825421005487442,0.0003867920022457838,0.0004895408637821674,0.0006009999196976423,0.0009004171006381512,0.0006319580134004354,0.000686541898176074,0.000588082941249013,0.0005986660253256559,104.63559791701846,1,33,nan,29,35,36,20,12,23,24,24,24,20,12,VI skipped: 3^36 too large
puddleworld,10,10,100,200,50,11,61,10000,9402,4,200,1,29,29,8,21.0,29,75.66856008837931,0.0,27.89108313503675,nan,0.03906483296304941,0.0,nan,7.587508298456669e-05,0.0003553749993443489,6.60829246044159e-05,6.60829246044159e-05,6.512505933642387e-05,7.587508298456669e-05,0.0003553749993443489,6.60829246044159e-05,6.60829246044159e-05,6.512505933642387e-05,0.00042625004425644875,nan,0.0003048330545425415,0.0003583331126719713,0.0005019998643547297,0.00022345897741615772,0.00026166695170104504,0.00031441706232726574,0.00040237489156425,0.00033558299764990807,0.00034708296880126,0.000342625193297863,0.00033587496727705,103.60588516690768,1,26,nan,11,23,27,12,7,12,11,13,12,12,7,VI skipped: 3^29 too large
puddleworld,10,10,100,200,50,12,62,10000,8554,4,200,1,51,51,30,34.6,51,76.02442121366039,0.0,27.902130507398397,nan,0.05866349977441132,0.0,nan,0.0002755001187324524,0.0005662078037858009,0.00027358299121260643,0.00026537501253187656,0.000275125028565526,0.0002755001187324524,0.0005662078037858009,0.00027358299121260643,0.00026537501253187656,0.000275125028565526,0.0006715408526360989,nan,0.0016594170592725277,0.0006602499634027481,0.0012359169777482748,0.0005197501741349697,0.0005317919421941042,0.0006509579252451658,0.0013641670811921358,0.00077654211781919,0.0010662081185728312,0.0007585419807583094,0.0006485830526798964,104.00018504192121,1,41,nan,50,40,51,21,11,24,31,29,30,21,11,VI skipped: 3^51 too large
puddleworld,10,10,100,200,50,13,63,10000,6544,4,200,1,53,53,12,34.166666666666664,53,76.40134425391443,0.0,28.268790876492858,nan,0.043982707895338535,0.0,nan,0.0001349998638033867,0.00047524995170533657,0.00012595788575708866,0.00013375002890825272,0.0001252919901162386,0.0001349998638033867,0.00047524995170533657,0.00012595788575708866,0.00013375002890825272,0.0001252919901162386,0.0007660838309675455,nan,0.0013085419777780771,0.0007759579457342625,0.00099462503567338,0.0004465421661734581,0.0007072081789374352,0.0006493330001831055,0.0010141669772565365,0.0007380000315606594,0.0007785409688949585,0.0006623328663408756,0.0008862919639796019,104.72714091674425,1,48,nan,48,50,53,23,18,25,27,28,27,23,18,VI skipped: 3^53 too large
puddleworld,10,10,100,200,50,14,64,10000,8350,4,200,1,51,51,16,32.25,51,76.21984509145841,0.0,27.62518773553893,nan,0.04872229206375778,0.0,nan,0.000157458009198308,0.0004654999356716871,0.0001550000160932541,0.00015179114416241646,0.00014708307571709156,0.000157458009198308,0.0004654999356716871,0.0001550000160932541,0.00015179114416241646,0.00014708307571709156,0.0007430841214954853,nan,0.0011510830372571945,0.0007308339700102806,0.0009472500532865524,0.0003623750526458025,0.0007683748845010996,0.000601958017796278,0.0011097078677266836,0.0006221670191735029,0.0008542498107999563,0.0005469999741762877,0.0009363330900669098,103.9067481670063,1,46,nan,42,46,51,19,19,23,30,24,30,19,19,VI skipped: 3^51 too large
puddleworld,10,10,100,200,50,15,65,10000,8163,4,200,1,33,33,8,20.5,33,77.1641216345597,0.0,27.731008000904694,nan,0.03364108316600323,0.0,nan,7.449998520314693e-05,0.00040433299727737904,6.687501445412636e-05,6.366614252328873e-05,6.850017234683037e-05,7.449998520314693e-05,0.00040433299727737904,6.687501445412636e-05,6.366614252328873e-05,6.850017234683037e-05,0.0004701248835772276,nan,0.0007075001485645771,0.0004290419165045023,0.0005886661820113659,0.0002942918799817562,0.00036408286541700363,0.00040441611781716347,0.000608125003054738,0.00042741699144244194,0.0004622910637408495,0.00043933396227657795,0.00046129198744893074,104.93736862391233,1,30,nan,27,28,33,16,10,16,17,17,17,16,10,VI skipped: 3^33 too large
puddleworld,10,10,100,200,50,16,66,10000,8926,4,200,1,45,45,4,25.75,45,75.8387949229218,0.0,27.511450328631327,nan,0.04501179093495011,0.0,nan,6.274995394051075e-05,0.0003629589919000864,5.429098382592201e-05,5.395803600549698e-05,5.375011824071407e-05,6.274995394051075e-05,0.0003629589919000864,5.429098382592201e-05,5.395803600549698e-05,5.375011824071407e-05,0.0007006658706814051,nan,0.0008932501077651978,0.0006730412133038044,0.0007896251045167446,0.00038083409890532494,0.0007322081364691257,0.0005534589290618896,0.0007825831416994333,0.0005828749854117632,0.0005969170015305281,0.0005734160076826811,0.000917915953323245,103.40632241684943,1,45,nan,34,44,45,21,21,22,22,23,22,21,21,VI skipped: 3^45 too large
puddleworld,10,10,100,200,50,17,67,10000,8078,4,200,1,43,43,10,27.2,43,75.4182900460437,0.0,27.517553960438818,nan,0.0509249169845134,0.0,nan,0.00010112510062754154,0.00039429101161658764,9.279209189116955e-05,9.070802479982376e-05,9.666592814028263e-05,0.00010112510062754154,0.00039429101161658764,9.279209189116955e-05,9.070802479982376e-05,9.666592814028263e-05,0.0005964580923318863,nan,0.0009732081089168787,0.0005971670616418123,0.0007738329004496336,0.00029733311384916306,0.0005227499641478062,0.0005429999437183142,0.000860332977026701,0.0006280839443206787,0.000659500015899539,0.0004520840011537075,0.0006500422023236752,102.99740870809183,1,38,nan,37,39,43,16,14,21,24,25,24,16,14,VI skipped: 3^43 too large
puddleworld,10,10,100,200,50,18,68,10000,9032,4,200,1,34,34,12,21.833333333333332,34,75.39022233360447,0.0,28.1304226689972,nan,0.033692500088363886,0.0,nan,9.616604074835777e-05,0.0003989997785538435,8.874991908669472e-05,8.808309212327003e-05,8.970918133854866e-05,9.616604074835777e-05,0.0003989997785538435,8.874991908669472e-05,8.808309212327003e-05,8.970918133854866e-05,0.00047312513925135136,nan,0.0007975408807396889,0.00043445895425975323,0.000609374837949872,0.00029758294112980366,0.00041012512519955635,0.0003602909855544567,0.0006122090853750706,0.0005831250455230474,0.0005770409479737282,0.00044587510637938976,0.0005090830381959677,103.56363500095904,1,30,nan,30,28,34,16,11,14,17,23,21,16,11,VI skipped: 3^34 too large
puddleworld,10,10,100,200,50,19,69,10000,8741,4,200,1,49,49,25,26.6,49,75.86455279611982,0.0,28.012946880422533,nan,0.05627387505955994,0.0,nan,0.0001913749147206545,0.0005212908145040274,0.00018837489187717438,0.0001835830044001341,0.0001782919280230999,0.0001913749147206545,0.0005212908145040274,0.00018837489187717438,0.0001835830044001341,0.0001782919280230999,0.0007384160999208689,nan,0.0015655828174203634,0.0006471248343586922,0.0011658330913633108,0.0006071249954402447,0.0009309588931500912,0.0008460828103125095,0.0014997089747339487,0.0009135000873357058,0.0012015830725431442,0.0008773331064730883,0.0011357080657035112,103.94977300032042,1,46,nan,48,41,49,25,21,32,35,35,35,25,21,VI skipped: 3^49 too large
puddleworld,10,10,100,200,50,20,70,10000,9117,4,200,1,38,38,20,24.8,38,75.49547479581088,0.0,27.34807724505663,nan,0.049136499874293804,0.0,nan,0.0001515410840511322,0.00043870811350643635,0.00014725001528859138,0.00014379085041582584,0.0001409999094903469,0.0001515410840511322,0.00043870811350643635,0.00014725001528859138,0.00014379085041582584,0.0001409999094903469,0.0005540419369935989,nan,0.0007702501025050879,0.00047399988397955894,0.0007126659620553255,0.0002551248762756586,0.0005067079328000546,0.0005900000687688589,0.0007871249690651894,0.0006112081464380026,0.0006105408538132906,0.00038599991239607334,0.000610582996159792,102.90311658289284,1,34,nan,28,30,38,13,12,22,21,23,21,13,12,VI skipped: 3^38 too large
puddleworld,10,10,100,200,50,21,71,10000,8929,4,200,1,50,50,54,28.333333333333332,50,75.63982336339541,0.0,27.878403465496376,nan,0.060020375065505505,0.0,nan,0.0003971671685576439,0.0006740419194102287,0.00038308301009237766,0.00037745782174170017,0.0003737909719347954,0.0003971671685576439,0.0006740419194102287,0.00038308301009237766,0.00037745782174170017,0.0003737909719347954,0.0008341250941157341,nan,0.0015515419654548168,0.0007054591551423073,0.001249958062544465,0.0005223331972956657,0.001030416926369071,0.000998582923784852,0.0015694170724600554,0.001071833074092865,0.0012814581859856844,0.0007392079569399357,0.0011994580272585154,103.59631495783105,1,50,nan,46,43,50,20,18,36,35,39,35,20,18,VI skipped: 3^50 too large
puddleworld,10,10,100,200,50,22,72,10000,9218,4,200,1,38,38,15,24.4,38,76.07445070683025,0.0,27.692861079005525,nan,0.0510801668278873,0.0,nan,0.00012070778757333755,0.00040254206396639347,0.0001141249667853117,0.00011079199612140656,0.0001177079975605011,0.00012070778757333755,0.00040254206396639347,0.0001141249667853117,0.00011079199612140656,0.0001177079975605011,0.0005605411715805531,nan,0.0008674999698996544,0.0004732920788228512,0.0007052910514175892,0.00027183303609490395,0.00047941599041223526,0.0005751668941229582,0.0007419998291879892,0.0006204589735716581,0.0005717079620808363,0.0004059579223394394,0.0005935840308666229,103.8285939169582,1,35,nan,32,30,38,14,12,22,20,24,20,14,12,VI skipped: 3^38 too large
puddleworld,10,10,100,200,50,23,73,10000,8645,4,200,1,33,33,8,22.75,33,76.76062900433317,0.0,27.525393748190254,nan,0.04057837510481477,0.0,nan,7.750000804662704e-05,0.00036437506787478924,6.975000724196434e-05,7.283315062522888e-05,6.804103031754494e-05,7.750000804662704e-05,0.00036437506787478924,6.975000724196434e-05,7.283315062522888e-05,6.804103031754494e-05,0.0004888749681413174,nan,0.0007664170116186142,0.0004288339987397194,0.0005851250607520342,0.0002758749760687351,0.00036158296279609203,0.0003321249969303608,0.0005393337924033403,0.0004524160176515579,0.00041083316318690777,0.00041145808063447475,0.00045162509195506573,104.33507758309133,1,31,nan,29,28,33,15,10,13,15,18,15,15,10,VI skipped: 3^33 too large
puddleworld,10,10,100,200,50,24,74,10000,6541,4,200,2,51,51,21,30.333333333333332,51,74.7647842913866,103.00635170820169,28.12974042049609,nan,0.04236104106530547,0.0,nan,0.00018458394333720207,0.0004742080345749855,0.00018654204905033112,0.00018258392810821533,0.0001750001683831215,0.00018458394333720207,0.0004742080345749855,0.00018654204905033112,0.00018258392810821533,0.0001750001683831215,0.0006324169225990772,nan,0.0015215419698506594,9.02500469237566e-05,0.001173082971945405,0.00012858398258686066,0.00022825016640126705,3.8499943912029266e-05,0.0002365419641137123,3.604101948440075e-05,0.00018004095181822777,0.00018087495118379593,0.0002743341028690338,102.94521941710263,0,39,nan,47,5,51,5,5,1,5,1,5,5,5,VI skipped: 3^51 too large
puddleworld,10,10,100,200,50,25,75,10000,8928,4,200,1,43,43,6,28.833333333333332,43,74.86067166295834,0.0,27.51678366563283,nan,0.04225708311423659,0.0,nan,7.783295586705208e-05,0.0003565419465303421,7.112487219274044e-05,6.933300755918026e-05,7.545808330178261e-05,7.783295586705208e-05,0.0003565419465303421,7.112487219274044e-05,6.933300755918026e-05,7.545808330178261e-05,0.0006368751637637615,nan,0.0007878330070525408,0.000564041081815958,0.0007625410798937082,0.00027575017884373665,0.0004324170295149088,0.0004816248547285795,0.0006082910113036633,0.0005241250619292259,0.0005475829821079969,0.0004151251632720232,0.0005364581011235714,102.42927541700192,1,41,nan,30,37,43,15,12,19,17,21,20,15,12,VI skipped: 3^43 too large
puddleworld,10,10,100,200,50,26,76,10000,7796,4,200,1,38,38,6,27.0,38,75.31840316252783,0.0,27.322526704287156,nan,0.04617270780727267,0.0,nan,7.462501525878906e-05,0.0003759581595659256,6.77499920129776e-05,6.629107519984245e-05,6.529106758534908e-05,7.462501525878906e-05,0.0003759581595659256,6.77499920129776e-05,6.629107519984245e-05,6.529106758534908e-05,0.0005508330650627613,nan,0.000736042158678174,0.00044575007632374763,0.0006749171297997236,0.00022929208353161812,0.00029624998569488525,0.00038312491960823536,0.00043400004506111145,0.0004032501019537449,0.00033320789225399494,0.0003421250730752945,0.00036712479777634144,102.69519025017507,1,35,nan,28,29,38,12,8,15,12,16,12,12,8,VI skipped: 3^38 too large
puddleworld,10,10,100,200,50,27,77,10000,8478,4,200,1,41,41,8,25.0,41,75.2336207581684,0.0,27.373165907571092,nan,0.03916287492029369,0.0,nan,8.512497879564762e-05,0.00036604213528335094,7.808301597833633e-05,7.650000043213367e-05,8.204113692045212e-05,8.512497879564762e-05,0.00036604213528335094,7.808301597833633e-05,7.650000043213367e-05,8.204113692045212e-05,0.0006403338629752398,nan,0.0009976248256862164,0.0006292921025305986,0.0007384170312434435,0.00038216705434024334,0.0005415831692516804,0.0005333339795470238,0.0007502080406993628,0.0005234589334577322,0.0005768327973783016,0.000583999790251255,0.0006745830178260803,102.6565287921112,1,41,nan,38,41,41,21,15,21,21,21,21,21,15,VI skipped: 3^41 too large
puddleworld,10,10,100,200,50,28,78,10000,9306,4,200,1,36,36,24,22.833333333333332,36,75.73951262398623,0.0,27.83823650353588,nan,0.03768187505193055,0.0,nan,0.00016262521967291832,0.0004320838488638401,0.0001593329943716526,0.00015945802442729473,0.00015204097144305706,0.00016262521967291832,0.0004320838488638401,0.0001593329943716526,0.00015945802442729473,0.00015204097144305706,0.000510083045810461,nan,0.0007877091411501169,0.00045820907689630985,0.0006722919642925262,0.00032820901833474636,0.000501333037391305,0.0005029169842600822,0.0007894998416304588,0.0005755831953138113,0.0006099578458815813,0.0004982498940080404,0.0006190419662743807,103.62592941592447,1,31,nan,29,29,36,17,12,19,21,22,21,17,12,VI skipped: 3^36 too large
puddleworld,10,10,100,200,50,29,79,10000,9312,4,200,1,42,42,18,29.5,42,75.0620105015114,0.0,27.84101570956409,nan,0.05078729195520282,0.0,nan,0.00016537494957447052,0.0004962501116096973,0.00015937513671815395,0.00015829200856387615,0.00015012500807642937,0.00016537494957447052,0.0004962501116096973,0.00015937513671815395,0.00015829200856387615,0.00015012500807642937,0.000584583031013608,nan,0.0007107078563421965,0.0005197920836508274,0.0007751670200377703,0.00023474986664950848,0.0003780410625040531,0.0006549591198563576,0.000962207792326808,0.000648292014375329,0.0007564160041511059,0.0003536250442266464,0.0004575420171022415,102.96455116709694,1,36,nan,26,33,41,12,9,25,26,25,26,12,9,VI skipped: 3^42 too large
puddleworld,10,10,100,200,50,30,80,10000,8542,4,200,1,49,49,15,30.266666666666666,49,75.4656111204531,0.0,26.98065295862034,nan,0.05566929094493389,0.0,nan,0.00014466699212789536,0.0004282919690012932,0.00013554212637245655,0.00014033308252692223,0.0001332499086856842,0.00014466699212789536,0.0004282919690012932,0.00013554212637245655,0.00014033308252692223,0.0001332499086856842,0.0007824169006198645,nan,0.0010744158644229174,0.000625082990154624,0.0008987078908830881,0.0003788329195231199,0.0006927498616278172,0.0007989169098436832,0.0010691250208765268,0.0007963329553604126,0.0008556670509278774,0.0005791669245809317,0.0008426250424236059,102.51475670887157,1,49,nan,40,40,49,20,17,31,29,31,30,20,17,VI skipped: 3^49 too large
puddleworld,10,10,100,200,50,31,81,10000,9408,4,200,1,50,50,21,31.904761904761905,50,76.52498404239304,0.0,27.31286374805495,nan,0.07097045797854662,0.0,nan,0.00019233417697250843,0.0004841249901801348,0.0001912920270115137,0.00018620910122990608,0.00018145889043807983,0.00019233417697250843,0.0004841249901801348,0.0001912920270115137,0.00018620910122990608,0.00018145889043807983,0.0008017499931156635,nan,0.0013687079772353172,0.0006614590529352427,0.0011549580376595259,0.00036683306097984314,0.0006807909812778234,0.0007903750520199537,0.0011959171388298273,0.0008877909276634455,0.0010944581590592861,0.0005197499413043261,0.0008311248384416103,103.92306320788339,1,50,nan,42,42,50,15,16,30,28,34,32,15,16,VI skipped: 3^50 too large
puddleworld,10,10,100,200,50,32,82,10000,9306,4,200,1,38,38,24,24.083333333333332,38,74.72088878625073,0.0,27.81967099616304,nan,0.04337999993003905,0.0,nan,0.00018933298997581005,0.00045116711407899857,0.0001763331238180399,0.00016966601833701134,0.00016566691920161247,0.00018933298997581005,0.00045116711407899857,0.0001763331238180399,0.00016966601833701134,0.00016566691920161247,0.0006827500183135271,nan,0.0008798339404165745,0.0005576671101152897,0.0007294579409062862,0.00031700008548796177,0.0005751659628003836,0.0005934999790042639,0.0009143329225480556,0.0007204590365290642,0.0007044170051813126,0.0004797079600393772,0.0006757909432053566,102.5956312911585,1,38,nan,31,34,38,16,13,22,24,27,24,16,13,VI skipped: 3^38 too large
puddleworld,10,10,100,200,50,33,83,10000,8745,4,200,1,37,37,6,26.166666666666668,37,74.88912820559926,0.0,27.349227136932313,nan,0.04333974979817867,0.0,nan,7.812492549419403e-05,0.00037079211324453354,6.787502206861973e-05,6.579095497727394e-05,6.77499920129776e-05,7.812492549419403e-05,0.00037079211324453354,6.787502206861973e-05,6.579095497727394e-05,6.77499920129776e-05,0.0005718751344829798,nan,0.0008146250620484352,0.00041945907287299633,0.0006578329484909773,0.00017175008542835712,0.000337167177349329,0.0002694579306989908,0.0004005830269306898,0.00040541705675423145,0.0003647920675575733,0.00025329203344881535,0.0004094168543815613,102.2898075832054,1,36,nan,31,27,37,9,9,10,11,16,13,9,9,VI skipped: 3^37 too large
puddleworld,10,10,100,200,50,34,84,10000,8173,4,200,1,44,44,12,26.166666666666668,44,74.82488316157833,0.0,27.06754087470472,nan,0.050010708859190345,0.0,nan,0.00011341599747538567,0.00045595900155603886,0.00010408321395516396,0.00010899989865720272,0.00010895798914134502,0.00011341599747538567,0.00045595900155603886,0.00010408321395516396,0.00010899989865720272,0.00010895798914134502,0.0006444579921662807,nan,0.0009647919796407223,0.0005620839074254036,0.0008109998889267445,0.0004188751336187124,0.0006639580242335796,0.0006994591094553471,0.0007013750728219748,0.0006994998548179865,0.000544707989320159,0.0006353331264108419,0.0008209999650716782,101.95387466694228,1,40,nan,36,36,44,22,17,27,19,27,19,22,17,VI skipped: 3^44 too large
puddleworld,10,10,100,200,50,35,85,10000,8933,4,200,1,41,41,18,21.166666666666668,41,75.24980733729899,0.0,27.932810585480183,nan,0.04029999999329448,0.0,nan,0.00012695812620222569,0.00040395790711045265,0.00011916691437363625,0.00012120814062654972,0.00012262491509318352,0.00012695812620222569,0.00040395790711045265,0.00011916691437363625,0.00012120814062654972,0.00012262491509318352,0.000651791924610734,nan,0.0010561670642346144,0.0005697500891983509,0.0007625839207321405,0.0004064999520778656,0.0006902499590069056,0.0007715420797467232,0.0011081250850111246,0.0007785421330481768,0.0008620000444352627,0.0006168750114738941,0.0008515000808984041,103.23540370794944,1,40,nan,39,36,41,21,17,29,30,30,30,21,17,VI skipped: 3^41 too large
puddleworld,10,10,100,200,50,36,86,10000,9408,4,200,1,46,46,12,27.25,46,75.3044112874195,0.0,27.344311462715268,nan,0.05400670785456896,0.0,nan,0.00011558388359844685,0.0003945839125663042,0.00011083297431468964,0.00011270912364125252,0.00011133309453725815,0.00011558388359844685,0.0003945839125663042,0.00011083297431468964,0.00011270912364125252,0.00011133309453725815,0.0007425830699503422,nan,0.0010787500068545341,0.0006082078907638788,0.0008475419599562883,0.0003627501428127289,0.0006293749902397394,0.0006090828683227301,0.0009564170613884926,0.0007712091319262981,0.0007396661676466465,0.0005510409828275442,0.0007835000287741423,102.71475179190747,1,46,nan,40,39,46,19,16,23,26,30,26,19,16,VI skipped: 3^46 too large
puddleworld,10,10,100,200,50,37,87,10000,8553,4,200,1,34,34,12,24.5,34,75.25452300463803,0.0,27.760784877231345,nan,0.031669334042817354,0.0,nan,0.00010583293624222279,0.00040500005707144737,9.77502204477787e-05,9.487499482929707e-05,9.916606359183788e-05,0.00010583293624222279,0.00040500005707144737,9.77502204477787e-05,9.487499482929707e-05,9.916606359183788e-05,0.0005165841430425644,nan,0.0006036669947206974,0.0005209590308368206,0.0006503751501441002,0.00025045801885426044,0.00044366694055497646,0.00046445801854133606,0.0006302078254520893,0.0003578329924494028,0.0005002079997211695,0.00036583305336534977,0.0005510000046342611,103.05602645804174,1,30,nan,21,31,34,12,11,17,17,13,17,12,11,VI skipped: 3^34 too large
puddleworld,10,10,100,200,50,38,88,10000,9499,4,200,1,47,47,35,25.685714285714287,47,75.62670342554338,0.0,27.130064170109108,nan,0.0498949580360204,0.0,nan,0.00024800002574920654,0.0005727079696953297,0.00026895804330706596,0.0002460000105202198,0.000250374898314476,0.00024800002574920654,0.0005727079696953297,0.00026895804330706596,0.0002460000105202198,0.000250374898314476,0.0007641250267624855,nan,0.0016785000916570425,0.0007831670809537172,0.0012398331891745329,0.0006500829476863146,0.0009600829798728228,0.0010072498116642237,0.0016363749746233225,0.00102116703055799,0.001350542064756155,0.000953582813963294,0.001154417172074318,102.82441308302805,1,42,nan,46,44,47,24,18,33,34,34,34,24,18,VI skipped: 3^47 too large
puddleworld,10,10,100,200,50,39,89,10000,5892,4,200,1,45,45,12,27.833333333333332,45,74.76869024895132,0.0,26.85475829290226,nan,0.03775858413428068,0.0,nan,0.00011754198931157589,0.0004432089626789093,0.00010804110206663609,0.00011837505735456944,0.00011295895092189312,0.00011754198931157589,0.0004432089626789093,0.00010804110206663609,0.00011837505735456944,0.00011295895092189312,0.0006523330230265856,nan,0.0010276250541210175,0.0006553330458700657,0.0009013749659061432,0.0003232499584555626,0.0006372909992933273,0.0007862912025302649,0.0011156669352203608,0.0008109998889267445,0.000857834005728364,0.0004630419425666332,0.0007864581421017647,101.67334337509237,1,38,nan,35,39,45,16,15,28,28,29,28,16,15,VI skipped: 3^45 too large
puddleworld,10,10,100,200,50,40,90,10000,8087,4,200,1,41,41,12,22.166666666666668,41,74.65811857604422,0.0,26.561577083310112,nan,0.05290137487463653,0.0,nan,0.00010062498040497303,0.00042608403600752354,9.337509982287884e-05,0.00010391697287559509,9.041605517268181e-05,0.00010062498040497303,0.00042608403600752354,9.337509982287884e-05,0.00010391697287559509,9.041605517268181e-05,0.0006694169715046883,nan,0.0010483330115675926,0.0005685000214725733,0.0007390419486910105,0.00039187492802739143,0.0006389999762177467,0.0006919160950928926,0.0008728329557925463,0.0006861670408397913,0.0006810829509049654,0.0006445841863751411,0.000802875030785799,101.28427729196846,1,39,nan,38,37,41,21,16,26,23,26,23,21,16,VI skipped: 3^41 too large
puddleworld,10,10,100,200,50,41,91,10000,8062,4,200,1,38,38,18,24.333333333333332,38,75.11268808296882,0.0,26.834782209713012,nan,0.040301083121448755,0.0,nan,0.00014716596342623234,0.00044420803897082806,0.00013987510465085506,0.00013387505896389484,0.00013237516395747662,0.00014716596342623234,0.00044420803897082806,0.00013987510465085506,0.00013387505896389484,0.00013237516395747662,0.0005790418945252895,nan,0.0009169168770313263,0.0005058750975877047,0.0007697080727666616,0.00030399998649954796,0.0005252498667687178,0.0005951251368969679,0.0008432499598711729,0.0006538329180330038,0.0006854580715298653,0.00048291683197021484,0.000649541150778532,101.99880624981597,1,33,nan,31,30,38,15,12,21,22,23,22,15,12,VI skipped: 3^38 too large
puddleworld,10,10,100,200,50,42,92,10000,7711,4,200,1,51,51,9,31.0,51,75.18577449838631,0.0,26.900838038884103,nan,0.058588416082784534,0.0,nan,0.00010558380745351315,0.00042170798406004906,9.787501767277718e-05,0.00010649999603629112,0.000101874815300107,0.00010558380745351315,0.00042170798406004906,9.787501767277718e-05,0.00010649999603629112,0.000101874815300107,0.0007952500600367785,nan,0.0013447499368339777,0.0007299170829355717,0.0009649579878896475,0.00038483296521008015,0.0006203749217092991,0.0007379171438515186,0.0013037919998168945,0.0007219999097287655,0.0008877089712768793,0.0005440001841634512,0.0008022498805075884,102.15830220887437,1,47,nan,47,44,51,18,16,25,33,27,30,18,16,VI skipped: 3^51 too large
puddleworld,10,10,100,200,50,43,93,10000,8083,4,200,1,44,44,20,27.95,44,74.92644386854954,0.0,26.884595963871107,nan,0.0453295421320945,0.0,nan,0.00016787508502602577,0.00047020893543958664,0.00017799995839595795,0.00017908308655023575,0.00017120805568993092,0.00016787508502602577,0.00047020893543958664,0.00017799995839595795,0.00017908308655023575,0.00017120805568993092,0.0006518750451505184,nan,0.0010282499715685844,0.000610375078395009,0.0009081249590963125,0.0003602909855544567,0.0005928331520408392,0.0006985000800341368,0.0011224590707570314,0.0008204581681638956,0.0008586661424487829,0.0005358750931918621,0.0007455421146005392,101.86906570801511,1,37,nan,36,36,44,17,13,24,28,29,27,17,13,VI skipped: 3^44 too large
puddleworld,10,10,100,200,50,44,94,10000,8936,4,200,2,35,35,6,22.0,35,51.39523279550485,102.55934004089795,19.111830123933032,nan,0.02375191613100469,0.0,nan,6.770901381969452e-05,0.0003523339983075857,5.933293141424656e-05,5.8582983911037445e-05,5.725002847611904e-05,6.770901381969452e-05,0.0003523339983075857,5.933293141424656e-05,5.8582983911037445e-05,5.725002847611904e-05,0.0005069579929113388,nan,0.0009366669692099094,0.0004799158778041601,0.0006811670027673244,0.00029395800083875656,0.0004272081423550844,0.0004972501192241907,0.0006475409027189016,0.0004804590716958046,0.0005071668419986963,0.0004162078257650137,0.0005338750779628754,70.54007916687988,1,31,nan,33,29,35,14,11,18,17,18,17,14,11,VI skipped: 3^35 too large
puddleworld,10,10,100,200,50,45,95,10000,8737,4,200,1,40,40,28,22.785714285714285,40,75.03510349662974,0.0,27.204253709176555,nan,0.027743041049689054,0.0,nan,0.00018633296713232994,0.0005067090969532728,0.00018987501971423626,0.0001962909009307623,0.00019333302043378353,0.00018633296713232994,0.0005067090969532728,0.00018987501971423626,0.0001962909009307623,0.00019333302043378353,0.00045387493446469307,nan,0.0012340829707682133,0.0006019999273121357,0.0010234580840915442,0.00048525002785027027,0.0006757089868187904,0.0007151251193135977,0.001310375053435564,0.0008352920413017273,0.0010737499687820673,0.0006865828763693571,0.0007546660490334034,102.28098345804028,1,27,nan,35,35,40,18,14,25,29,29,29,18,14,VI skipped: 3^40 too large
puddleworld,10,10,100,200,50,46,96,10000,8465,4,200,1,36,36,6,27.333333333333332,36,75.10483751050197,0.0,27.53601874690503,nan,0.0344074999447912,0.0,nan,7.604202255606651e-05,0.00042850011959671974,6.65830448269844e-05,6.637489423155785e-05,6.562494672834873e-05,7.604202255606651e-05,0.00042850011959671974,6.65830448269844e-05,6.637489423155785e-05,6.562494672834873e-05,0.00047624995931982994,nan,0.0007842921186238527,0.00037512509152293205,0.0006425830069929361,0.00017075007781386375,0.0002678339369595051,0.0003595000598579645,0.0004699169658124447,0.0003534171264618635,0.00038545788265764713,0.0002524999435991049,0.00031862477771937847,102.68313141632825,1,30,nan,30,24,36,9,7,14,13,14,14,9,7,VI skipped: 3^36 too large
puddleworld,10,10,100,200,50,47,97,10000,9304,4,200,1,42,42,6,29.833333333333332,42,52.2196625394281,0.0,18.741658076178282,nan,0.03241062490269542,0.0,nan,7.979199290275574e-05,0.0004310410004109144,7.191603071987629e-05,7.095816545188427e-05,6.96659553796053e-05,7.979199290275574e-05,0.0004310410004109144,7.191603071987629e-05,7.095816545188427e-05,6.96659553796053e-05,0.0005854999180883169,nan,0.0008890419267117977,0.0005385421682149172,0.0007487919647246599,0.00020591681823134422,0.0004038750194013119,0.0004887499380856752,0.000573290977627039,0.00047850003466010094,0.0004402920603752136,0.0003063750918954611,0.0004977500066161156,71.00275891716592,1,37,nan,34,35,42,11,11,19,16,19,16,11,11,VI skipped: 3^42 too large
puddleworld,10,10,100,200,50,48,98,10000,8929,4,200,1,39,39,12,24.833333333333332,39,52.04684275621548,0.0,18.041933208238333,nan,0.030711208004504442,0.0,nan,0.00010729115456342697,0.00042058294638991356,9.891693480312824e-05,0.00010287482291460037,0.00010079098865389824,0.00010729115456342697,0.00042058294638991356,9.891693480312824e-05,0.00010287482291460037,0.00010079098865389824,0.000595583813264966,nan,0.000909249996766448,0.0005293330177664757,0.0007180829998105764,0.0003372090868651867,0.0004282500594854355,0.0004937909543514252,0.0005871250759810209,0.0005652920808643103,0.0005079170223325491,0.0005143329035490751,0.0005242910701781511,70.12921133381315,1,37,nan,34,34,39,18,11,19,16,22,18,18,11,VI skipped: 3^39 too large
puddleworld,10,10,100,200,50,49,99,10000,9405,4,200,1,42,42,16,25.0,42,52.09280554112047,0.0,18.164211751893163,nan,0.02431633393280208,0.0,nan,0.00013066595420241356,0.0004691251087933779,0.00012479093857109547,0.00012991693802177906,0.00012808316387236118,0.00013066595420241356,0.0004691251087933779,0.00012479093857109547,0.00012991693802177906,0.00012808316387236118,0.0006789998151361942,nan,0.00098091596737504,0.0006427918560802937,0.0007872090209275484,0.000408500200137496,0.0005689170211553574,0.0007647080346941948,0.0009619160555303097,0.0007804171182215214,0.0007510408759117126,0.0006237088236957788,0.0007005410734564066,70.29325058404356,1,42,nan,36,41,42,21,14,29,26,30,26,21,14,VI skipped: 3^42 too large
rockworld,10,10,100,200,50,0,100,20000,12441,4,200,1,66,66,60,40.03333333333333,66,162.04610191727988,0.0,41.77516707777977,nan,0.09588012495078146,0.0,nan,0.0007221249397844076,0.003494082950055599,0.0005938750691711903,0.0005833751056343317,0.0005829159636050463,0.0007221249397844076,0.003494082950055599,0.0005938750691711903,0.0005833751056343317,0.0005829159636050463,0.0012540409807115793,nan,0.0017524170689284801,0.0009793329518288374,0.0017096248921006918,0.0007010828703641891,0.00121983396820724,0.0013679580297321081,0.002250292105600238,0.0013686660677194595,0.001805208157747984,0.0009871667716652155,0.001379542052745819,203.94440395897254,1,57,nan,48,57,65,26,18,47,48,48,48,26,18,VI skipped: 3^66 too large
rockworld,10,10,100,200,50,1,101,20000,10726,4,200,1,141,141,117,61.35897435897436,141,161.94279603194445,0.0,39.117947209160775,nan,0.1707715829834342,0.0,nan,0.0017246250063180923,0.0024142919573932886,0.0016944168601185083,0.0017272918485105038,0.0017057079821825027,0.0017246250063180923,0.0024142919573932886,0.0016944168601185083,0.0017272918485105038,0.0017057079821825027,0.002789500169456005,nan,0.005812958115711808,0.002585208974778652,0.004823083057999611,0.0026736671570688486,0.011495999991893768,0.0038695831317454576,0.007201833184808493,0.0038564999122172594,0.006048833951354027,0.003920167218893766,0.012731416849419475,201.31524191610515,1,137,nan,133,131,141,77,77,105,120,106,120,77,77,VI skipped: 3^141 too large
rockworld,10,10,100,200,50,2,102,20000,11957,4,200,1,48,48,18,29.055555555555557,48,163.1596063731704,0.0,49.10447941231541,nan,0.07445250009186566,0.0,nan,0.00016512488946318626,0.000713542103767395,0.00015408312901854515,0.00016008294187486172,0.0001534998882561922,0.00016512488946318626,0.000713542103767395,0.00015408312901854515,0.00016008294187486172,0.0001534998882561922,0.0006832091603428125,nan,0.001155083067715168,0.0006237919442355633,0.0009102500043809414,0.0004293331876397133,0.0007190408650785685,0.0007992500904947519,0.0011051669716835022,0.0008137919940054417,0.0008122092112898827,0.0006480840966105461,0.0008761670906096697,212.35250504198484,1,41,nan,41,39,48,22,17,30,29,31,28,22,17,VI skipped: 3^48 too large
rockworld,10,10,100,200,50,3,103,20000,12699,4,200,1,45,45,7,27.857142857142858,45,163.09431436751038,0.0,48.70806904206984,nan,0.05126550002023578,0.0,nan,8.816714398562908e-05,0.0006514580454677343,7.791700772941113e-05,7.625017315149307e-05,8.27498733997345e-05,8.816714398562908e-05,0.0006514580454677343,7.791700772941113e-05,7.625017315149307e-05,8.27498733997345e-05,0.000775457825511694,nan,0.001071625156328082,0.0005792500451207161,0.0008298750035464764,0.0003287498839199543,0.0006613750010728836,0.0005806670524179935,0.0008182500023394823,0.0005720830522477627,0.0006170000415295362,0.0004894582089036703,0.0007913331501185894,211.86569399898872,1,44,nan,38,36,45,17,17,22,22,22,22,17,17,VI skipped: 3^45 too large
rockworld,10,10,100,200,50,4,104,20000,16910,4,200,1,59,59,8,35.125,59,163.05069029913284,0.0,51.87718454306014,nan,0.11453537503257394,0.0,nan,0.00012158299796283245,0.0006364171858876944,0.00010337494313716888,0.00010616704821586609,0.00010708300396800041,0.00012158299796283245,0.0006364171858876944,0.00010337494313716888,0.00010616704821586609,0.00010708300396800041,0.0003403339069336653,nan,0.0014058751985430717,0.00013637496158480644,0.0010381671600043774,0.00010091695003211498,0.00021412502974271774,9.212503209710121e-05,0.00019537494517862797,6.083305925130844e-05,0.0001487908884882927,0.0001491669099777937,0.00025108293630182743,215.05104712583125,0,19,nan,52,8,57,5,5,3,5,2,5,5,5,VI skipped: 3^59 too large
rockworld,10,10,100,200,50,5,105,20000,12081,4,200,1,58,58,14,29.857142857142858,58,161.27644667308778,0.0,42.35980542190373,nan,0.07894870801828802,0.0,nan,0.00014179199934005737,0.000680041965097189,0.00012974999845027924,0.0001335830893367529,0.0001305839978158474,0.00014179199934005737,0.000680041965097189,0.00012974999845027924,0.0001335830893367529,0.0001305839978158474,0.0009036250412464142,nan,0.0014659999869763851,0.0007892500143498182,0.0010990421287715435,0.0005969158373773098,0.0009781250264495611,0.0010488328989595175,0.001479417085647583,0.0010575840715318918,0.001122040906921029,0.0009115829598158598,0.0012082499451935291,203.73207741696388,1,56,nan,53,50,58,31,24,40,39,41,39,31,24,VI skipped: 3^58 too large
rockworld,10,10,100,200,50,6,106,20000,12534,4,200,1,94,94,49,47.44897959183673,94,162.08583853486925,0.0,41.082174957729876,nan,0.11815300001762807,0.0,nan,0.0005999580025672913,0.0011835829354822636,0.0005804579704999924,0.0005790840368717909,0.0005817499477416277,0.0005999580025672913,0.0011835829354822636,0.0005804579704999924,0.0005790840368717909,0.0005817499477416277,0.0015655411407351494,nan,0.002923124935477972,0.0014193339738994837,0.002502917079254985,0.0012788751628249884,0.002965749939903617,0.001794750103726983,0.002907542046159506,0.0019006249494850636,0.0024129170924425125,0.0018599999602884054,0.0034626659471541643,203.32081412523985,1,91,nan,81,85,94,47,43,61,60,65,62,47,43,VI skipped: 3^94 too large
rockworld,10,10,100,200,50,7,107,20000,12158,4,200,1,67,67,10,41.3,67,162.12005171738565,0.0,43.925678129540756,nan,0.06823270907625556,0.0,nan,0.00014545791782438755,0.0006949999369680882,0.0001338329166173935,0.00013183290138840675,0.00013179099187254906,0.00014545791782438755,0.0006949999369680882,0.0001338329166173935,0.00013183290138840675,0.00013179099187254906,0.0010363329201936722,nan,0.0015730001032352448,0.0008707910310477018,0.0012474171817302704,0.0005361668299883604,0.000942625105381012,0.0008111249189823866,0.0011825829278677702,0.0008994161617010832,0.0009077498689293861,0.000796792097389698,0.0011670838575810194,206.1301646248903,1,64,nan,58,56,67,28,24,31,32,35,32,28,24,VI skipped: 3^67 too large
rockworld,10,10,100,200,50,8,108,20000,14882,4,200,1,100,100,240,42.0625,100,162.2058604611084,0.0,49.72591847088188,nan,0.15075295814312994,0.0,nan,0.002363916952162981,0.0029223328456282616,0.002333790995180607,0.002322999993339181,0.002338749822229147,0.002363916952162981,0.0029223328456282616,0.002333790995180607,0.002322999993339181,0.002338749822229147,0.0021649999544024467,nan,0.004710708977654576,0.002043417189270258,0.003989791963249445,0.002433416899293661,0.010312165832147002,0.003538500051945448,0.005857542157173157,0.003267124993726611,0.004991624969989061,0.003590000094845891,0.011320082936435938,212.16142449900508,1,99,nan,96,96,100,61,51,86,86,80,85,61,51,VI skipped: 3^100 too large
rockworld,10,10,100,200,50,9,109,20000,12151,4,200,1,48,48,21,29.761904761904763,48,162.31571066589095,0.0,43.62647145986557,nan,0.0592566248960793,0.0,nan,0.00018670898862183094,0.0007063751108944416,0.00017675012350082397,0.00017429213039577007,0.00017424998804926872,0.00018670898862183094,0.0007063751108944416,0.00017675012350082397,0.00017429213039577007,0.00017424998804926872,0.0007114589679986238,nan,0.0011316670570522547,0.0006723329424858093,0.0009040420409291983,0.0003450419753789902,0.0007047499530017376,0.0007554169278591871,0.0012186248786747456,0.0008362079970538616,0.0009485001210123301,0.0005114160012453794,0.000872249947860837,206.0155598341953,1,43,nan,40,41,48,17,16,28,32,32,32,17,16,VI skipped: 3^48 too large
rockworld,10,10,100,200,50,10,110,20000,10737,4,200,1,67,67,56,38.035714285714285,67,161.43370903399773,0.0,40.076324827736244,nan,0.07222629198804498,0.0,nan,0.0005405000410974026,0.0010866669472306967,0.000538958003744483,0.0005284999497234821,0.0005258331075310707,0.0005405000410974026,0.0010866669472306967,0.000538958003744483,0.0005284999497234821,0.0005258331075310707,0.0011162920854985714,nan,0.001999584026634693,0.0010806669015437365,0.0017081249970942736,0.000860749976709485,0.0017746249213814735,0.0011252921540290117,0.0017485420685261488,0.0011110419873148203,0.0013730409555137157,0.001233499962836504,0.0020830000285059214,201.6065468750894,1,67,nan,57,66,67,33,29,40,38,40,37,33,29,VI skipped: 3^67 too large
rockworld,10,10,100,200,50,11,111,20000,9892,4,200,1,49,49,12,29.833333333333332,49,161.67963195615448,0.0,38.26345383236185,nan,0.04749995796009898,0.0,nan,0.0001241250429302454,0.0006735420320183039,0.00011450005695223808,0.00011849985457956791,0.00011908309534192085,0.0001241250429302454,0.0006735420320183039,0.00011450005695223808,0.00011849985457956791,0.00011908309534192085,0.0006647920235991478,nan,0.0010818750597536564,0.0007427919190376997,0.0008983330335468054,0.0003635410685092211,0.0005932918284088373,0.0007549170404672623,0.001109166070818901,0.0007677918765693903,0.0008553750813007355,0.0005459589883685112,0.0007327499333769083,200.00354062509723,1,41,nan,40,47,49,19,15,29,30,30,30,19,15,VI skipped: 3^49 too large
rockworld,10,10,100,200,50,12,112,20000,9295,4,200,1,83,83,6,32.0,83,161.5001497871708,0.0,37.09584037284367,nan,0.07268254109658301,0.0,nan,9.849993512034416e-05,0.0006479169242084026,8.620810694992542e-05,8.437479846179485e-05,9.15410928428173e-05,9.849993512034416e-05,0.0006479169242084026,8.620810694992542e-05,8.437479846179485e-05,9.15410928428173e-05,0.0013041249476373196,nan,0.0021127918735146523,0.0011982920113950968,0.0014799169730395079,0.0009473748505115509,0.0016497911419719458,0.001647834200412035,0.0021301249507814646,0.001624666852876544,0.0017090840265154839,0.0014248329680413008,0.0020612499210983515,198.6916219580453,1,83,nan,79,79,83,52,45,66,59,66,63,52,45,VI skipped: 3^83 too large
rockworld,10,10,100,200,50,13,113,20000,16724,4,200,1,55,55,15,29.6,55,164.30420745234005,0.0,59.91616933234036,nan,0.07058216701261699,0.0,nan,0.00014641694724559784,0.0006877919659018517,0.00013524992391467094,0.00013816612772643566,0.00013979198411107063,0.00014641694724559784,0.0006877919659018517,0.00013524992391467094,0.00013816612772643566,0.00013979198411107063,0.000860332977026701,nan,0.0012918340507894754,0.000709041953086853,0.0010372910182923079,0.0005387498531490564,0.0009036248084157705,0.0009249581489712,0.0012506248895078897,0.000942958053201437,0.0009506249334663153,0.0008181249722838402,0.0011114170774817467,224.30688500008546,1,53,nan,47,45,55,28,22,35,33,36,33,28,22,VI skipped: 3^55 too large
rockworld,10,10,100,200,50,14,114,20000,16158,4,200,1,46,46,12,29.583333333333332,46,162.6838503770996,0.0,54.75829775701277,nan,0.06161237508058548,0.0,nan,0.00012454111129045486,0.0006433748640120029,0.00011454196646809578,0.00011258292943239212,0.00011445791460573673,0.00012454111129045486,0.0006433748640120029,0.00011454196646809578,0.00011258292943239212,0.00011445791460573673,0.0007166250143200159,nan,0.001069542020559311,0.0005662080366164446,0.0008567499462515116,0.00032837502658367157,0.0006034590769559145,0.0007408750243484974,0.0009671670850366354,0.0005727908574044704,0.000800624955445528,0.0004943751264363527,0.0007304581813514233,217.51667841686867,1,44,nan,39,36,46,17,15,28,26,22,28,17,15,VI skipped: 3^46 too large
rockworld,10,10,100,200,50,15,115,20000,15259,4,200,1,44,44,18,24.166666666666668,44,162.2215652829036,0.0,49.08918441343121,nan,0.06708349986001849,0.0,nan,0.00013975007459521294,0.0006544999778270721,0.0001295830588787794,0.0001382920891046524,0.00013175001367926598,0.00013975007459521294,0.0006544999778270721,0.0001295830588787794,0.0001382920891046524,0.00013175001367926598,0.0006682078819721937,nan,0.0010454999282956123,0.0006792079657316208,0.0008296670857816935,0.0004655420780181885,0.0008421670645475388,0.0006904162000864744,0.0009448330383747816,0.000756917055696249,0.0007575831841677427,0.0007078747730702162,0.00104674999602139,211.39166879211552,1,41,nan,38,43,44,24,21,26,25,29,26,24,21,VI skipped: 3^44 too large
rockworld,10,10,100,200,50,16,116,20000,11378,4,200,1,107,107,100,43.52,107,160.28304455196485,0.0,39.15798878879286,nan,0.09730658284388483,0.0,nan,0.001060625072568655,0.0016633330378681421,0.0010431669652462006,0.001031750114634633,0.0010252499487251043,0.001060625072568655,0.0016633330378681421,0.0010431669652462006,0.001031750114634633,0.0010252499487251043,0.0020120420958846807,nan,0.004091749899089336,0.0018356670625507832,0.0032723748590797186,0.0021907498594373465,0.006890041986480355,0.003016500035300851,0.004519250011071563,0.003089332953095436,0.00375287514179945,0.0031775841489434242,0.007737708976492286,199.59477870794944,1,107,nan,103,101,107,70,61,92,84,94,84,70,61,VI skipped: 3^107 too large
rockworld,10,10,100,200,50,17,117,20000,11094,4,200,1,68,68,38,35.6578947368421,68,160.66161008458585,0.0,46.13181729288772,nan,0.08752016699872911,0.0,nan,0.00035354215651750565,0.0009270829614251852,0.00035245809704065323,0.00034412508830428123,0.00034166593104600906,0.00035354215651750565,0.0009270829614251852,0.00035245809704065323,0.00034412508830428123,0.00034166593104600906,0.0011136250104755163,nan,0.00226724985986948,0.0009554170537739992,0.0016642501577734947,0.0008583331946283579,0.0015868330374360085,0.001285000005736947,0.0019489580299705267,0.0013132919557392597,0.0015692499000579119,0.0012175419833511114,0.001887249993160367,206.9043253757991,1,68,nan,67,59,68,34,30,47,44,49,44,34,30,VI skipped: 3^68 too large
rockworld,10,10,100,200,50,18,118,20000,16145,4,200,1,52,52,14,30.285714285714285,52,159.92229721019976,0.0,51.50102286436595,nan,0.10407887492328882,0.0,nan,0.00013995892368257046,0.0006763751152902842,0.00013016699813306332,0.00012991600669920444,0.00013529113493859768,0.00013995892368257046,0.0006763751152902842,0.00013016699813306332,0.00012991600669920444,0.00013529113493859768,0.0007909170817583799,nan,0.0013473748695105314,0.0006472091190516949,0.0009647919796407223,0.0005316250026226044,0.0007991250604391098,0.0008177079726010561,0.0011887920554727316,0.0008572500664740801,0.0009007907938212156,0.0007462080102413893,0.000847875140607357,211.54236908373423,1,49,nan,49,41,52,26,17,30,32,34,32,26,17,VI skipped: 3^52 too large
rockworld,10,10,100,200,50,19,119,20000,13395,4,200,1,84,84,17,43.470588235294116,84,161.080505795544,0.0,45.865323425037786,nan,0.10083441599272192,0.0,nan,0.00023283297196030617,0.0007760000880807638,0.00022979197092354298,0.00021587498486042023,0.0002109999768435955,0.00023283297196030617,0.0007760000880807638,0.00022979197092354298,0.00021587498486042023,0.0002109999768435955,0.001302249962463975,nan,0.002727875020354986,0.0011262919288128614,0.0019653751514852047,0.0011144159361720085,0.0012034999672323465,0.0015662498772144318,0.0026996249798685312,0.0016583751421421766,0.002127832965925336,0.0015950410161167383,0.0014526660088449717,207.07226258306764,1,81,nan,83,72,84,47,27,60,63,64,63,47,27,VI skipped: 3^84 too large
rockworld,10,10,100,200,50,20,120,20000,12179,4,200,1,96,96,118,46.92372881355932,96,160.25741430022754,0.0,40.8897264264524,nan,0.11688441690057516,0.0,nan,0.0013140831142663956,0.0018744580447673798,0.0012944580521434546,0.0012833329383283854,0.0012868749909102917,0.0013140831142663956,0.0018744580447673798,0.0012944580521434546,0.0012833329383283854,0.0012868749909102917,0.0017104169819504023,nan,0.0036165418568998575,0.0015100419986993074,0.00290983309969306,0.0014762920327484608,0.004545334028080106,0.002456833142787218,0.004206791985780001,0.002518915804103017,0.00349649996496737,0.0021177500020712614,0.0050264159217476845,201.3123572501354,1,94,nan,92,85,96,48,39,77,80,80,80,48,39,VI skipped: 3^96 too large
rockworld,10,10,100,200,50,21,121,20000,14026,4,200,1,52,52,12,24.833333333333332,52,160.9105349110905,0.0,49.389010509476066,nan,0.07681745896115899,0.0,nan,0.00011195801198482513,0.0006392081268131733,0.00010112486779689789,9.979191236197948e-05,0.00010341592133045197,0.00011195801198482513,0.0006392081268131733,0.00010112486779689789,9.979191236197948e-05,0.00010341592133045197,0.0007987499702721834,nan,0.0013030420523136854,0.0007245419546961784,0.0009517499711364508,0.0005072499625384808,0.0010138750076293945,0.0009226249530911446,0.0012038338463753462,0.0009126248769462109,0.0009596250019967556,0.0007637080270797014,0.0012497080024331808,210.3917840840295,1,50,nan,48,47,52,27,26,36,33,36,34,27,26,VI skipped: 3^52 too large
rockworld,10,10,100,200,50,22,122,20000,9883,4,200,1,74,74,25,33.96,74,160.38530500326306,0.0,37.76380483945832,nan,0.07053233287297189,0.0,nan,0.0002514999359846115,0.0007882080972194672,0.00024762493558228016,0.00023500015959143639,0.00023470818996429443,0.0002514999359846115,0.0007882080972194672,0.00024762493558228016,0.00023500015959143639,0.00023470818996429443,0.0011572919320315123,nan,0.0021876669488847256,0.0010345419868826866,0.0017621249426156282,0.000943291001021862,0.0017035838682204485,0.0015330000314861536,0.0021534578409045935,0.0015132918488234282,0.0017386660911142826,0.00136141711845994,0.0020421671215444803,198.24360441602767,1,72,nan,66,66,74,39,36,58,50,58,50,39,36,VI skipped: 3^74 too large
rockworld,10,10,100,200,50,23,123,20000,12509,4,200,1,48,48,12,34.166666666666664,48,162.83190620387904,0.0,51.400252955267206,nan,0.06658966699615121,0.0,nan,0.00013504200614988804,0.0006452500820159912,0.00012483308091759682,0.0001246251631528139,0.00012437510304152966,0.00013504200614988804,0.0006452500820159912,0.00012483308091759682,0.0001246251631528139,0.00012437510304152966,0.0006047079805284739,nan,0.0010393329430371523,0.0006310420576483011,0.0008699169848114252,0.0002472919877618551,0.00047079194337129593,0.0005666660144925117,0.0007265410386025906,0.0006087918300181627,0.0005590000655502081,0.00037216697819530964,0.0005829581059515476,214.31021141679958,1,38,nan,39,41,48,13,12,22,20,24,20,13,12,VI skipped: 3^48 too large
rockworld,10,10,100,200,50,24,124,20000,11588,4,200,1,65,65,63,37.492063492063494,65,160.36097570345737,0.0,40.84525070898235,nan,0.09999541705474257,0.0,nan,0.0005756670143455267,0.0011275000870227814,0.0005733340512961149,0.0005707500968128443,0.0005686250515282154,0.0005756670143455267,0.0011275000870227814,0.0005733340512961149,0.0005707500968128443,0.0005686250515282154,0.0009359999094158411,nan,0.001979541964828968,0.000939166871830821,0.0016551660373806953,0.0008053749334067106,0.0017081249970942736,0.0011467908043414354,0.001733499811962247,0.0012091249227523804,0.001513875089585781,0.001153416931629181,0.0020085000433027744,201.33045879099518,1,56,nan,57,58,65,31,27,41,38,44,41,31,27,VI skipped: 3^65 too large
rockworld,10,10,100,200,50,25,125,20000,10820,4,200,1,58,58,20,37.1,58,160.59124941565096,0.0,45.66823263047263,nan,0.07429541600868106,0.0,nan,0.000212125014513731,0.0007489591371268034,0.00021116691641509533,0.00020225020125508308,0.00020237499848008156,0.000212125014513731,0.0007489591371268034,0.00021116691641509533,0.00020225020125508308,0.00020237499848008156,0.0008425409905612469,nan,0.001803667051717639,0.0008582498412579298,0.0013724169693887234,0.00047333305701613426,0.0007829589303582907,0.0007724999450147152,0.0012996247969567776,0.0008853331673890352,0.0011690829414874315,0.0006944169290363789,0.0009656660258769989,206.35026679211296,1,52,nan,55,55,58,20,18,29,30,34,34,20,18,VI skipped: 3^58 too large
rockworld,10,10,100,200,50,26,126,20000,11303,4,200,1,81,81,14,32.5,81,160.28389373770915,0.0,36.295055667171255,nan,0.08451362489722669,0.0,nan,0.000157458009198308,0.001358291134238243,0.00014512520283460617,0.000151375075802207,0.00014762510545551777,0.000157458009198308,0.001358291134238243,0.00014512520283460617,0.000151375075802207,0.00014762510545551777,0.0012690830044448376,nan,0.002348083071410656,0.0012265827972441912,0.0017339999321848154,0.0011684999335557222,0.0016580831725150347,0.0016571669839322567,0.002726708073168993,0.001642041839659214,0.0018776669166982174,0.00178116699680686,0.0020520000252872705,196.68951370893046,1,81,nan,73,80,81,53,40,65,65,65,56,53,40,VI skipped: 3^81 too large
rockworld,10,10,100,200,50,27,127,20000,15572,4,200,1,97,97,12,35.833333333333336,97,162.0222336666193,0.0,48.07005553529598,nan,0.11434820806607604,0.0,nan,0.00015295809134840965,0.0007081250660121441,0.0001460839994251728,0.00014641694724559784,0.00013875006698071957,0.00015295809134840965,0.0007081250660121441,0.0001460839994251728,0.00014641694724559784,0.00013875006698071957,0.0015201671048998833,nan,0.003040958195924759,0.0014006251003593206,0.0021017082035541534,0.0014181248843669891,0.002573999809101224,0.0016977500636130571,0.0029548329766839743,0.0016788749489933252,0.0023461668752133846,0.002027875045314431,0.00316145783290267,210.23718195804395,1,97,nan,94,91,97,60,62,66,70,66,70,60,62,VI skipped: 3^97 too large
rockworld,10,10,100,200,50,28,128,20000,11580,4,200,1,35,35,4,20.5,35,159.3177772539202,0.0,41.52561574219726,nan,0.046141082886606455,0.0,nan,5.733291618525982e-05,0.0006811670027673244,4.812492989003658e-05,4.6083005145192146e-05,4.629185423254967e-05,5.733291618525982e-05,0.0006811670027673244,4.812492989003658e-05,4.6083005145192146e-05,4.629185423254967e-05,0.0004699169658124447,nan,0.0008584160823374987,0.0004644168075174093,0.0006127918604761362,0.0003429169300943613,0.0006169169209897518,0.0004514171741902828,0.0006688330322504044,0.00044745905324816704,0.000525499926880002,0.0005136248655617237,0.0007727500051259995,200.8999114590697,1,30,nan,33,30,35,19,18,18,19,18,19,19,18,VI skipped: 3^35 too large
rockworld,10,10,100,200,50,29,129,20000,12897,4,200,1,82,82,42,39.04761904761905,82,160.40736782061867,0.0,43.00877062766813,nan,0.0882364169228822,0.0,nan,0.00043620914220809937,0.0009675000328570604,0.00041695800609886646,0.0004113749600946903,0.00040749995969235897,0.00043620914220809937,0.0009675000328570604,0.00041695800609886646,0.0004113749600946903,0.00040749995969235897,0.0012752909678965807,nan,0.002634915988892317,0.0012039169669151306,0.002025916939601302,0.0010069580748677254,0.002222249982878566,0.0014293750282377005,0.0027515420224517584,0.0016425000503659248,0.0021430409979075193,0.0014605841133743525,0.0026479579973965883,203.53316620807163,1,79,nan,77,76,82,40,38,52,58,59,59,40,38,VI skipped: 3^82 too large
rockworld,10,10,100,200,50,30,130,20000,10645,4,200,1,75,75,34,36.55882352941177,75,159.8921221238561,0.0,39.59460241347551,nan,0.08697454212233424,0.0,nan,0.0003460829611867666,0.0008783750236034393,0.00033374992199242115,0.00032333401031792164,0.000323000131174922,0.0003460829611867666,0.0008783750236034393,0.00033374992199242115,0.00032333401031792164,0.000323000131174922,0.0011900831013917923,nan,0.002466042060405016,0.001037375070154667,0.001840959070250392,0.0010028330143541098,0.0017336250748485327,0.0015953751280903816,0.0022792089730501175,0.001560291973873973,0.0018255000468343496,0.0014480419922620058,0.0020767501555383205,199.59927683416754,1,72,nan,73,65,75,40,33,58,51,58,51,40,33,VI skipped: 3^75 too large
rockworld,10,10,100,200,50,31,131,20000,11399,4,200,1,87,87,148,44.932432432432435,87,162.0050474125892,0.0,42.548110372852534,nan,0.10918987495824695,0.0,nan,0.001552749890834093,0.0021379580721259117,0.0015447919722646475,0.0015241671353578568,0.001530708046630025,0.001552749890834093,0.0021379580721259117,0.0015447919722646475,0.0015241671353578568,0.001530708046630025,0.0016640000976622105,nan,0.003332959022372961,0.001481416868045926,0.0028357920236885548,0.0015439169947057962,0.005180625012144446,0.002485834062099457,0.0035041251685470343,0.002433667192235589,0.002626582980155945,0.002248208038508892,0.0057753329165279865,204.71186062484048,1,86,nan,80,78,87,47,41,72,62,71,55,47,41,VI skipped: 3^87 too large
rockworld,10,10,100,200,50,32,132,20000,12336,4,200,1,46,46,20,32.2,46,159.97280846256763,0.0,42.727451716316864,nan,0.060959125170484185,0.0,nan,0.00018666614778339863,0.0007042919751256704,0.00017558317631483078,0.00017929193563759327,0.00017704092897474766,0.00018666614778339863,0.0007042919751256704,0.00017558317631483078,0.00017929193563759327,0.00017704092897474766,0.0007235410157591105,nan,0.0007042500656098127,0.0005562917795032263,0.0008538330439478159,0.0002958329860121012,0.0005160418804734945,0.0006673338357359171,0.000951915979385376,0.0006817500106990337,0.0007682081777602434,0.00044858292676508427,0.0006295829080045223,202.77348391595297,1,44,nan,25,35,45,15,12,25,25,26,26,15,12,VI skipped: 3^46 too large
rockworld,10,10,100,200,50,33,133,20000,11941,4,200,1,53,53,19,31.263157894736842,53,159.51091596344486,0.0,42.44113699835725,nan,0.06263745808973908,0.0,nan,0.00017725001089274883,0.0007056249305605888,0.00017187511548399925,0.00016620801761746407,0.00016850000247359276,0.00017725001089274883,0.0007056249305605888,0.00017187511548399925,0.00016620801761746407,0.00016850000247359276,0.0007233750075101852,nan,0.0014020828530192375,0.0008419170044362545,0.000999458134174347,0.0004274998791515827,0.0007274171803146601,0.0007958330679684877,0.0012813750654459,0.0009103750344365835,0.0007910421118140221,0.0006475001573562622,0.0008895839564502239,202.02960416604765,1,45,nan,51,53,53,22,17,30,34,35,27,22,17,VI skipped: 3^53 too large
rockworld,10,10,100,200,50,34,134,20000,11735,4,200,1,44,44,12,27.583333333333332,44,159.63253650348634,0.0,42.37396574229933,nan,0.06155266705900431,0.0,nan,0.00011729099787771702,0.0006330828182399273,0.00010616611689329147,0.00010799989104270935,0.00011474988423287868,0.00011729099787771702,0.0006330828182399273,0.00010616611689329147,0.00010799989104270935,0.00011474988423287868,0.0006694172043353319,nan,0.0010562918614596128,0.0005765839014202356,0.000817666994407773,0.0003639168571680784,0.0005465419963002205,0.0005988748744130135,0.0008904170244932175,0.0006206671241670847,0.0007109581492841244,0.0005565418396145105,0.0006753751076757908,202.08008454204537,1,42,nan,39,37,44,19,14,23,24,24,25,19,14,VI skipped: 3^44 too large
rockworld,10,10,100,200,50,35,135,20000,12818,4,200,1,94,94,756,46.03174603174603,94,160.00409112148918,0.0,45.024179629050195,nan,0.17091108416207135,0.0,nan,0.007811333052814007,0.00834987498819828,0.00782429100945592,0.007771833101287484,0.00774966599419713,0.007811333052814007,0.00834987498819828,0.00782429100945592,0.007771833101287484,0.00774966599419713,0.0034270831383764744,nan,0.007452208083122969,0.0031763750594109297,0.0071220421232283115,0.0036688330583274364,0.023567458847537637,0.006206917110830545,0.01040683314204216,0.006664708023890853,0.009745583171024919,0.005997790955007076,0.025481124874204397,205.37215129192919,1,92,nan,87,87,94,48,44,73,78,78,78,48,44,VI skipped: 3^94 too large
rockworld,10,10,100,200,50,36,136,20000,9974,4,200,1,136,136,129,50.86046511627907,136,161.1981322891079,0.0,39.1747198367957,nan,0.1259719580411911,0.0,nan,0.0015444171149283648,0.002175666857510805,0.0015505410265177488,0.0015327499713748693,0.0015187498647719622,0.0015444171149283648,0.002175666857510805,0.0015505410265177488,0.0015327499713748693,0.0015187498647719622,0.002615999896079302,nan,0.005060707917436957,0.002515333006158471,0.0045912498608231544,0.0028661249671131372,0.012152875075116754,0.0038552500773221254,0.006275584222748876,0.003840042045339942,0.005221833940595388,0.004165290854871273,0.013435167027637362,200.5798529998865,1,135,nan,117,133,136,84,79,109,107,110,106,84,79,VI skipped: 3^136 too large
rockworld,10,10,100,200,50,37,137,20000,9888,4,200,1,141,141,64,56.5,141,160.34469987195916,0.0,44.811656465986744,nan,0.1972994168754667,0.0,nan,0.000898041995242238,0.0015109998639672995,0.0008678750600665808,0.0008668338414281607,0.0008624999318271875,0.000898041995242238,0.0015109998639672995,0.0008678750600665808,0.0008668338414281607,0.0008624999318271875,0.002524334006011486,nan,0.005095792002975941,0.0022878339514136314,0.004066041903570294,0.0024780831299722195,0.008233417058363557,0.0033213330898433924,0.005492707947269082,0.0033245000522583723,0.004467708989977837,0.0036712498404085636,0.00935449986718595,205.41754479217343,1,141,nan,133,132,141,85,83,103,104,105,104,85,83,VI skipped: 3^141 too large
rockworld,10,10,100,200,50,38,138,20000,10564,4,200,1,43,43,15,30.733333333333334,43,160.4413960450329,0.0,40.14858808228746,nan,0.05128416605293751,0.0,nan,0.00015279091894626617,0.0006715420167893171,0.0001402499619871378,0.00014237500727176666,0.0001432499848306179,0.00015279091894626617,0.0006715420167893171,0.0001402499619871378,0.00014237500727176666,0.0001432499848306179,0.0006604159716516733,nan,0.000761750154197216,0.0006068330258131027,0.0008212500251829624,0.0002597919665277004,0.00045612500980496407,0.0005988751072436571,0.0008034580387175083,0.0005937081295996904,0.0006455830298364162,0.0003887917846441269,0.0005672499537467957,200.65253712586127,1,40,nan,27,38,43,13,11,22,21,22,22,13,11,VI skipped: 3^43 too large
rockworld,10,10,100,200,50,39,139,20000,16529,4,200,1,91,91,48,47.854166666666664,91,163.17132191592827,0.0,51.048388622934,nan,0.12316449987702072,0.0,nan,0.0005902079865336418,0.0011460829991847277,0.0005673749838024378,0.0005752081051468849,0.0005719161126762629,0.0005902079865336418,0.0011460829991847277,0.0005673749838024378,0.0005752081051468849,0.0005719161126762629,0.001540415920317173,nan,0.0027407498564571142,0.0014035000931471586,0.002387541113421321,0.001195542048662901,0.0025687499437481165,0.002231542021036148,0.0036227921955287457,0.0021922499872744083,0.0029267501085996628,0.0017083750572055578,0.0029984170105308294,214.37837254209444,1,89,nan,76,83,90,44,38,76,76,76,76,44,38,VI skipped: 3^91 too large
rockworld,10,10,100,200,50,40,140,20000,12525,4,200,1,128,128,96,53.083333333333336,128,160.82153996406123,0.0,43.378022958757356,nan,0.1440839171409607,0.0,nan,0.001236374955624342,0.0018270830623805523,0.0012029169593006372,0.0012116669677197933,0.0011999160051345825,0.001236374955624342,0.0018270830623805523,0.0012029169593006372,0.0012116669677197933,0.0011999160051345825,0.0023821669165045023,nan,0.004902458982542157,0.0021936248522251844,0.0039542908780276775,0.002537083812057972,0.008353665936738253,0.003672374878078699,0.00590849993750453,0.003647665958851576,0.004937125137075782,0.00363249983638525,0.00930358306504786,204.41135900001973,1,126,nan,121,121,128,81,69,112,109,113,111,81,69,VI skipped: 3^128 too large
rockworld,10,10,100,200,50,41,141,20000,9033,4,200,1,89,89,40,37.35,89,160.41991962585598,0.0,37.04134958842769,nan,0.08284154208377004,0.0,nan,0.0003960840404033661,0.0009673330932855606,0.0003819169942289591,0.0003795421216636896,0.00037933303974568844,0.0003960840404033661,0.0009673330932855606,0.0003819169942289591,0.0003795421216636896,0.00037933303974568844,0.0014600420836359262,nan,0.002971791895106435,0.0013498328626155853,0.0022552909795194864,0.0014792499132454395,0.0029497910290956497,0.0018862909637391567,0.003101083915680647,0.0018666249234229326,0.002481791889294982,0.0021308339200913906,0.003488540882244706,197.57736362493597,1,87,nan,85,82,89,57,49,67,67,67,67,57,49,VI skipped: 3^89 too large
rockworld,10,10,100,200,50,42,142,20000,15300,4,200,1,54,54,7,32.285714285714285,54,159.0962457091082,0.0,51.00451054703444,nan,0.06915333308279514,0.0,nan,9.791622869670391e-05,0.0006511250976473093,8.670799434185028e-05,8.454103954136372e-05,8.395896293222904e-05,9.791622869670391e-05,0.0006511250976473093,8.670799434185028e-05,8.454103954136372e-05,8.395896293222904e-05,0.0008562500588595867,nan,0.0013289169874042273,0.0007155840285122395,0.0009757080115377903,0.0004107910208404064,0.0006800410337746143,0.0006935829296708107,0.0010624579153954983,0.0007398338057100773,0.0006991249974817038,0.0006197500042617321,0.000830833101645112,210.18370525026694,1,54,nan,49,46,54,22,18,27,29,29,25,22,18,VI skipped: 3^54 too large
rockworld,10,10,100,200,50,43,143,20000,14349,4,200,1,73,73,20,39.9,73,160.4812949092593,0.0,51.73864346044138,nan,0.10451375017873943,0.0,nan,0.00023204111494123936,0.0007781251333653927,0.00023195799440145493,0.00021920888684689999,0.00022070808336138725,0.00023204111494123936,0.0007781251333653927,0.00023195799440145493,0.00021920888684689999,0.00022070808336138725,0.0011988331098109484,nan,0.0022408750373870134,0.000984499929472804,0.0017527500167489052,0.0008145421743392944,0.0014079581014811993,0.0013409170787781477,0.0022368337959051132,0.0013550829607993364,0.001773832831531763,0.0011664170306175947,0.001713707810267806,212.34755537519231,1,73,nan,67,61,73,33,31,50,51,51,51,33,31,VI skipped: 3^73 too large
rockworld,10,10,100,200,50,44,144,20000,8925,4,200,1,118,118,240,51.11666666666667,118,160.4527397977654,0.0,40.531632425496355,nan,0.11710337502881885,0.0,nan,0.002921667182818055,0.0034772499930113554,0.0028930408880114555,0.002893917029723525,0.0028797921258956194,0.002921667182818055,0.0034772499930113554,0.0028930408880114555,0.002893917029723525,0.0028797921258956194,0.002654458861798048,nan,0.005415207939222455,0.002558999927714467,0.004999625030905008,0.002804083051159978,0.014418333070352674,0.0035638329572975636,0.006297208135947585,0.0037065409123897552,0.005441665882244706,0.0040847088675946,0.015647000167518854,201.19716312503442,1,117,nan,104,115,118,65,63,81,87,86,87,65,63,VI skipped: 3^118 too large
rockworld,10,10,100,200,50,45,145,20000,14116,4,200,1,57,57,13,30.153846153846153,57,156.59596332069486,0.0,50.320752488216385,nan,0.05039025004953146,0.0,nan,0.00013729208149015903,0.0006532501429319382,0.0001252919901162386,0.00012620794586837292,0.00013066688552498817,0.00013729208149015903,0.0006532501429319382,0.0001252919901162386,0.00012620794586837292,0.00013066688552498817,0.0008933751378208399,nan,0.001480374950915575,0.0008181671146303415,0.0010787078645080328,0.0005062499549239874,0.0009345421567559242,0.0011242919135838747,0.0014935419894754887,0.0011049997992813587,0.001172166084870696,0.0007670829072594643,0.001159332925453782,206.9840134170372,1,55,nan,53,51,57,26,23,42,39,42,40,26,23,VI skipped: 3^57 too large
rockworld,10,10,100,200,50,46,146,20000,11398,4,200,1,91,91,46,46.06521739130435,91,159.01648079697043,0.0,38.94574421085417,nan,0.0636819580104202,0.0,nan,0.0005334578454494476,0.0010834578424692154,0.0005137498956173658,0.0005108749028295279,0.0005086250603199005,0.0005334578454494476,0.0010834578424692154,0.0005137498956173658,0.0005108749028295279,0.0005086250603199005,0.0013522920198738575,nan,0.001916124951094389,0.001242124941200018,0.0019232919439673424,3.658398054540157e-05,8.408306166529655e-05,0.00010279100388288498,5.9416983276605606e-05,0.00021337508223950863,4.824995994567871e-05,4.824995994567871e-05,9.004119783639908e-05,198.04003874980845,0,78,nan,53,74,73,1,1,3,1,7,1,1,1,VI skipped: 3^91 too large
rockworld,10,10,100,200,50,47,147,20000,12932,4,200,1,66,66,13,34.30769230769231,66,150.13347671064548,0.0,43.391769751440734,nan,0.042602333007380366,0.0,nan,0.00014670798555016518,0.0006808748003095388,0.0001371670514345169,0.000142666045576334,0.00014387513510882854,0.00014670798555016518,0.0006808748003095388,0.0001371670514345169,0.000142666045576334,0.00014387513510882854,0.00106729194521904,nan,0.0017170840874314308,0.0009454169776290655,0.001244375016540289,0.0006315000355243683,0.001225791173055768,0.0011982081923633814,0.0016591250896453857,0.0011397080961614847,0.0013477078173309565,0.0009670830331742764,0.0015037921257317066,193.5868349170778,1,66,nan,62,59,66,33,30,46,44,44,47,33,30,VI skipped: 3^66 too large
rockworld,10,10,100,200,50,48,148,20000,16806,4,200,1,71,71,132,44.446969696969695,71,108.35561188263819,0.0,32.01566783175804,nan,0.06133750011213124,0.0,nan,0.0013951670844107866,0.0019808749202638865,0.0013725410681217909,0.0013874999713152647,0.001376250060275197,0.0013951670844107866,0.0019808749202638865,0.0013725410681217909,0.0013874999713152647,0.001376250060275197,0.0011723749339580536,nan,0.002277292078360915,0.0011356668546795845,0.0021617908496409655,0.00089833396486938,0.0022228339221328497,0.001511208014562726,0.002330250106751919,0.001608832972124219,0.002045542001724243,0.001301540993154049,0.0025104170199483633,140.46742450003512,1,63,nan,58,63,71,29,21,46,44,50,46,29,21,VI skipped: 3^71 too large
rockworld,10,10,100,200,50,49,149,20000,17086,4,200,1,49,49,18,30.444444444444443,49,108.28154162387364,0.0,34.17178204283118,nan,0.042623375076800585,0.0,nan,0.00016691605560481548,0.0007689588237553835,0.00015575019642710686,0.00016362499445676804,0.00015737488865852356,0.00016691605560481548,0.0007689588237553835,0.00015575019642710686,0.00016362499445676804,0.00015737488865852356,0.0007528751157224178,nan,0.00118208397179842,0.0006322499830275774,0.0009060828015208244,0.0003064170014113188,0.0005807499401271343,0.0007558751385658979,0.000850666081532836,0.0007928330451250076,0.0006570830009877682,0.0004619588144123554,0.0007104170508682728,142.5092200411018,1,47,nan,44,41,49,16,14,29,23,31,23,16,14,VI skipped: 3^49 too large
taxiworld,10,10,100,200,50,0,150,30000,12238,6,200,1,101,101,1392,54.01580459770115,101,214.78727295831777,0.0,49.0787564960774,nan,0.2235754169523716,0.0,nan,0.018331791972741485,0.02031741593964398,0.01821108302101493,0.018133792094886303,0.01822179090231657,0.018331791972741485,0.02031741593964398,0.01821108302101493,0.018133792094886303,0.01822179090231657,0.005697999848052859,nan,0.01159954210743308,0.005158457905054092,0.011810333002358675,0.005618666997179389,0.04414849984459579,0.008651207899674773,0.014379374915733933,0.008710082853212953,0.013752209022641182,0.00895591708831489,0.0468173751141876,264.4146636251826,1,97,nan,90,101,101,48,46,73,74,74,74,48,46,VI skipped: 3^101 too large
taxiworld,10,10,100,200,50,1,151,30000,9014,6,200,1,83,83,26,56.03846153846154,83,215.21875308733433,0.0,39.24465191247873,nan,0.08344912505708635,0.0,nan,0.00041550002060830593,0.0022646659053862095,0.0003874578978866339,0.0003867081832140684,0.0003863750025629997,0.00041550002060830593,0.0022646659053862095,0.0003874578978866339,0.0003867081832140684,0.0003863750025629997,0.0013578750658780336,nan,0.0017593330703675747,0.0012022920418530703,0.0020226251799613237,0.0006943340413272381,0.0013342080637812614,0.001136166974902153,0.0017466670833528042,0.001172125106677413,0.0014086251612752676,0.000995167065411806,0.001603832934051752,254.57114458316937,1,81,nan,52,75,83,28,27,42,40,44,40,28,27,VI skipped: 3^83 too large
taxiworld,10,10,100,200,50,2,152,30000,8657,6,200,1,84,84,35,60.91428571428571,84,215.73221374931745,0.0,39.8636658329051,nan,0.10219125007279217,0.0,nan,0.0005626250058412552,0.004938875092193484,0.0005279581528156996,0.0005262088961899281,0.0005326669197529554,0.0005626250058412552,0.004938875092193484,0.0005279581528156996,0.0005262088961899281,0.0005326669197529554,0.001293417066335678,nan,0.0017607500776648521,0.0011890828609466553,0.0020745841320604086,0.0005609169602394104,0.0011400419753044844,0.0009695840999484062,0.0014695420395582914,0.0010307501070201397,0.0012559578754007816,0.0007997499778866768,0.0013121669180691242,255.7242055409588,1,78,nan,51,74,84,22,20,35,33,38,35,22,20,VI skipped: 3^84 too large
taxiworld,10,10,100,200,50,3,153,30000,12267,6,200,1,135,135,40,83.1,135,218.5609424628783,0.0,56.39484379324131,nan,0.1832835420500487,0.0,nan,0.0008244169875979424,0.0025154580362141132,0.0007924160454422235,0.0008047500159591436,0.0007923331577330828,0.0008244169875979424,0.0025154580362141132,0.0007924160454422235,0.0008047500159591436,0.0007923331577330828,0.0023268340155482292,nan,0.004117666045203805,0.001823500031605363,0.0035542501136660576,0.0014307501260191202,0.0035904590040445328,0.002087125089019537,0.0033582078758627176,0.002065334003418684,0.0027177080046385527,0.0020390411373227835,0.004141125129535794,275.1836392916739,1,135,nan,115,109,135,53,50,72,71,72,71,53,50,VI skipped: 3^135 too large
taxiworld,10,10,100,200,50,4,154,30000,13871,6,200,1,111,111,120,64.36666666666666,111,215.96483625029214,0.0,53.56898457231,nan,0.23727991711348295,0.0,nan,0.0017832908779382706,0.003374416846781969,0.0017536659725010395,0.0017485839780420065,0.0017496668733656406,0.0017832908779382706,0.003374416846781969,0.0017536659725010395,0.0017485839780420065,0.0017496668733656406,0.0019740841817110777,nan,0.004197415895760059,0.0019418750889599323,0.003633582964539528,0.001672874903306365,0.005523999920114875,0.002370416885241866,0.0038195408415049314,0.002482249867171049,0.003200042061507702,0.0024591670371592045,0.006191084161400795,269.82881733425893,1,102,nan,100,103,111,50,43,67,66,71,66,50,43,VI skipped: 3^111 too large
taxiworld,10,10,100,200,50,5,155,30000,8448,6,200,1,69,69,24,44.875,69,215.68650237075053,0.0,42.38386917486787,nan,0.07070491695776582,0.0,nan,0.0003016251139342785,0.0018889999482780695,0.0002907910384237766,0.0002811669837683439,0.0002817909698933363,0.0003016251139342785,0.0018889999482780695,0.0002907910384237766,0.0002811669837683439,0.0002817909698933363,0.001073791179805994,nan,0.002065083011984825,0.0009985000360757113,0.0016865001525729895,0.0006490829400718212,0.001187833957374096,0.0009510000236332417,0.0014869999140501022,0.0009423329029232264,0.0013016669545322657,0.0009220410138368607,0.0014418340288102627,258.1623907908797,1,65,nan,61,62,69,26,26,35,34,35,37,26,26,VI skipped: 3^69 too large
taxiworld,10,10,100,200,50,6,156,30000,9584,6,200,1,107,107,720,56.458333333333336,107,215.43231549765915,0.0,44.95940541452728,nan,0.20347495912574232,0.0,nan,0.009157292079180479,0.010757625102996826,0.009230375057086349,0.009193666046485305,0.00912862503901124,0.009157292079180479,0.010757625102996826,0.009230375057086349,0.009193666046485305,0.00912862503901124,0.004053291864693165,nan,0.008993375115096569,0.00355300004594028,0.008390959119424224,0.004027249990031123,0.025452832924202085,0.006615250138565898,0.010498458053916693,0.006484667072072625,0.009748500073328614,0.006322083994746208,0.027326083043590188,260.78832966601476,1,105,nan,101,95,107,51,45,79,79,78,79,51,45,VI skipped: 3^107 too large
taxiworld,10,10,100,200,50,7,157,30000,10555,6,200,1,80,80,210,45.74285714285714,80,214.83373841969296,0.0,42.784696287475526,nan,0.08226637495681643,0.0,nan,0.002244457835331559,0.0037798339035362005,0.0022495000157505274,0.002231291029602289,0.0022087080869823694,0.002244457835331559,0.0037798339035362005,0.0022495000157505274,0.002231291029602289,0.0022087080869823694,0.0015434999950230122,nan,0.0028378749266266823,0.0014901668764650822,0.002812374848872423,0.0011771249119192362,0.004678499884903431,0.0021476249676197767,0.003410374978557229,0.0021372500341385603,0.002886541886255145,0.0017136249225586653,0.005159500055015087,257.75366008398123,1,75,nan,64,75,80,33,30,58,56,58,56,33,30,VI skipped: 3^80 too large
taxiworld,10,10,100,200,50,8,158,30000,10260,6,200,1,129,129,228,70.04385964912281,129,215.70672842045315,0.0,44.6740643279627,nan,0.19322766596451402,0.0,nan,0.003720124950632453,0.005305917002260685,0.003658166853711009,0.003618750022724271,0.0036298749037086964,0.003720124950632453,0.005305917002260685,0.003658166853711009,0.003618750022724271,0.0036298749037086964,0.0027273751329630613,nan,0.006490417057648301,0.002817166969180107,0.005381542025133967,0.0023930419702082872,0.012888708151876926,0.004224957898259163,0.0071566670667380095,0.004292249912396073,0.0062362500466406345,0.0034788749180734158,0.013869042042642832,260.6776397500653,1,121,nan,124,126,129,57,54,99,102,101,102,57,54,VI skipped: 3^129 too large
taxiworld,10,10,100,200,50,9,159,30000,11875,6,200,1,112,112,228,63.66228070175438,112,215.22677521011792,0.0,53.00358612486161,nan,0.21488045807927847,0.0,nan,0.0033002919517457485,0.004828500095754862,0.0032912499736994505,0.0032517919316887856,0.0032596660312265158,0.0033002919517457485,0.004828500095754862,0.0032912499736994505,0.0032517919316887856,0.0032596660312265158,0.002381749916821718,nan,0.005373000167310238,0.0022357499692589045,0.004464540863409638,0.002221958013251424,0.00944354198873043,0.0028926669619977474,0.004934458993375301,0.002965457970276475,0.004335290985181928,0.0032200419809669256,0.010300790891051292,268.52884454187006,1,109,nan,109,105,112,55,46,71,73,73,74,55,46,VI skipped: 3^112 too large
taxiworld,10,10,100,200,50,10,160,30000,11853,6,200,1,135,135,90,66.26666666666667,135,216.43144845915958,0.0,52.599138368386775,nan,0.2019764999859035,0.0,nan,0.0013929589185863733,0.0030328750144690275,0.0013972499873489141,0.0013748330529779196,0.001392542151734233,0.0013929589185863733,0.0030328750144690275,0.0013972499873489141,0.0013748330529779196,0.001392542151734233,0.002527124946936965,nan,0.005249875131994486,0.002309083007276058,0.004207625053822994,0.002210209146142006,0.0075829168781638145,0.0031067091040313244,0.004923583939671516,0.003005458042025566,0.004060582956299186,0.0031799590215086937,0.00844891695305705,269.2986254170537,1,134,nan,129,126,135,70,63,94,90,92,90,70,63,VI skipped: 3^135 too large
taxiworld,10,10,100,200,50,11,161,30000,10252,6,200,1,124,124,363,63.81818181818182,124,217.0189043758437,0.0,48.99359920946881,nan,0.1995473748538643,0.0,nan,0.005206707864999771,0.006758417002856731,0.005160999950021505,0.005149082979187369,0.005191042087972164,0.005206707864999771,0.006758417002856731,0.005160999950021505,0.005149082979187369,0.005191042087972164,0.0034397910349071026,nan,0.007271957816556096,0.003237917087972164,0.00670291599817574,0.0032637498807162046,0.019406666979193687,0.0056258749682456255,0.008345459122210741,0.005629583029076457,0.007267541019245982,0.0050014168955385685,0.021061416948214173,266.3509456249885,1,123,nan,115,117,124,59,57,96,90,97,87,59,57,VI skipped: 3^124 too large
taxiworld,10,10,100,200,50,12,162,30000,11223,6,200,2,120,120,156,59.56410256410256,120,216.43538186769,272.2218514580745,52.396320794243366,nan,0.19482362503185868,0.0,nan,0.0021185409277677536,0.0037357499822974205,0.0021031659562140703,0.0021170000545680523,0.0021116251591593027,0.0021185409277677536,0.0037357499822974205,0.0021031659562140703,0.0021170000545680523,0.0021116251591593027,0.0011669171508401632,nan,0.0033284579403698444,0.002271584002301097,0.0033935841638594866,0.00012087495997548103,0.0005226659122854471,0.0009114169515669346,0.00020175008103251457,0.0010084169916808605,0.00016866694204509258,0.00016870815306901932,0.0005638329312205315,269.0609084169846,0,56,nan,73,113,94,3,3,24,3,27,3,3,3,VI skipped: 3^120 too large
taxiworld,10,10,100,200,50,13,163,30000,10063,6,200,1,76,76,80,46.55,76,215.06986308214255,0.0,43.3862939234823,nan,0.07937887497246265,0.0,nan,0.0009137499146163464,0.0024558340664952993,0.000887374859303236,0.0008819999638944864,0.0008949160110205412,0.0009137499146163464,0.0024558340664952993,0.000887374859303236,0.0008819999638944864,0.0008949160110205412,0.0012299171648919582,nan,0.0025903750211000443,0.0012431249488145113,0.0021521670278161764,0.0010382500477135181,0.0020956669468432665,0.0014311661943793297,0.0023139170370996,0.001451290911063552,0.001857333118095994,0.0015043749008327723,0.0024229588452726603,258.5681406247895,1,68,nan,69,71,76,36,26,46,46,47,45,36,26,VI skipped: 3^76 too large
taxiworld,10,10,100,200,50,14,164,30000,9963,6,200,2,90,90,120,49.4,90,216.7130591205787,264.77133608283475,48.63741858373396,nan,0.11485449993051589,0.0,nan,0.001396792009472847,0.003003624966368079,0.0013580408412963152,0.0013617081567645073,0.0013796249404549599,0.001396792009472847,0.003003624966368079,0.0013580408412963152,0.0013617081567645073,0.0013796249404549599,0.0016276659443974495,nan,0.003361749928444624,0.0016697498504072428,0.0028222082182765007,0.0013709589838981628,0.004190874984487891,0.002033791970461607,0.003303790930658579,0.0021485420875251293,0.0027598331216722727,0.0020024580880999565,0.004697666969150305,265.51237804209813,1,86,nan,83,90,90,43,37,60,60,64,60,43,37,VI skipped: 3^90 too large
taxiworld,10,10,100,200,50,15,165,30000,16355,6,200,1,55,55,25,38.4,55,216.02274841279723,0.0,69.0607797014527,nan,0.10953204100951552,0.0,nan,0.00027008308097720146,0.0018057920970022678,0.0002605409827083349,0.00026424997486174107,0.0002558750566095114,0.00027008308097720146,0.0018057920970022678,0.0002605409827083349,0.00026424997486174107,0.0002558750566095114,0.0009084998164325953,nan,0.0015818749088793993,0.0007062919903546572,0.0013518331106752157,0.0005561248399317265,0.0006690421141684055,0.0006634590681642294,0.0011534160003066063,0.0006977089215070009,0.001070166938006878,0.0007902500219643116,0.0007932500448077917,285.21151812491007,1,54,nan,47,43,55,22,14,24,26,25,30,22,14,VI skipped: 3^55 too large
taxiworld,10,10,100,200,50,16,166,30000,9875,6,200,1,135,135,24,78.41666666666667,135,215.92029468086548,0.0,45.5256727123633,nan,0.17699129204265773,0.0,nan,0.0005057090893387794,0.002137750154361129,0.000495583051815629,0.0004739591386169195,0.0004774162080138922,0.0005057090893387794,0.002137750154361129,0.000495583051815629,0.0004739591386169195,0.0004774162080138922,0.002076708013191819,nan,0.004487583180889487,0.002096167067065835,0.0034055830910801888,0.0014408340211957693,0.003140042070299387,0.0018680000212043524,0.0030324170365929604,0.0018121248576790094,0.002545291790738702,0.0020545830484479666,0.0037067499943077564,261.66304516606033,1,124,nan,128,129,135,57,56,68,67,67,71,57,56,VI skipped: 3^135 too large
taxiworld,10,10,100,200,50,17,167,30000,14997,6,200,1,69,69,48,47.666666666666664,69,217.284257076215,0.0,63.83633904252201,nan,0.16363962506875396,0.0,nan,0.0005894589703530073,0.0022054591681808233,0.0005626250058412552,0.0005617081187665462,0.0005635411944240332,0.0005894589703530073,0.0022054591681808233,0.0005626250058412552,0.0005617081187665462,0.0005635411944240332,0.0010411660186946392,nan,0.002188042039051652,0.0009167499374598265,0.0017319999169558287,0.0007214159704744816,0.0010507919359952211,0.0009860838763415813,0.0016739580314606428,0.0010199579410254955,0.001366499811410904,0.001041291980072856,0.0012471249792724848,281.30872200010344,1,62,nan,64,56,69,28,18,35,37,37,37,28,18,VI skipped: 3^69 too large
taxiworld,10,10,100,200,50,18,168,30000,13091,6,200,2,115,115,40,57.7,115,216.7236872925423,265.93920970894396,54.91986603429541,nan,0.17631349992007017,0.0,nan,0.0005907909944653511,0.0021658330224454403,0.0005579160060733557,0.0005601248703896999,0.0005621667951345444,0.0005907909944653511,0.0021658330224454403,0.0005579160060733557,0.0005601248703896999,0.0005621667951345444,0.001947042066603899,nan,0.003951124846935272,0.0017439161892980337,0.003030375111848116,0.0015225419774651527,0.0037011660169810057,0.0022272500209510326,0.003619999857619405,0.002272958168759942,0.0030270421411842108,0.0021761669777333736,0.004319499945268035,271.86292624892667,1,115,nan,111,106,115,57,55,78,77,81,80,57,55,VI skipped: 3^115 too large
taxiworld,10,10,100,200,50,19,169,30000,11043,6,200,1,115,115,456,58.73245614035088,115,216.5578133321833,0.0,48.647025785641745,nan,0.18145050015300512,0.0,nan,0.006101791048422456,0.01743404194712639,0.005988874938338995,0.0059697499964386225,0.0060495000798255205,0.006101791048422456,0.01743404194712639,0.005988874938338995,0.0059697499964386225,0.0060495000798255205,0.0032944579143077135,nan,0.007322374964132905,0.00299904216080904,0.00660800002515316,0.003410707926377654,0.019666458014398813,0.004837209125980735,0.007971584098413587,0.00503166695125401,0.007388042053207755,0.005123167065903544,0.021221624920144677,265.53969579096884,1,111,nan,109,107,115,59,53,83,83,87,85,59,53,VI skipped: 3^115 too large
taxiworld,10,10,100,200,50,20,170,30000,11123,6,200,1,126,126,1067,66.6776007497657,126,215.70849108556286,0.0,45.01986525696702,nan,0.3108177080284804,0.0,nan,0.015907249879091978,0.01725558307953179,0.01575462520122528,0.015708375023677945,0.015682667028158903,0.015907249879091978,0.01725558307953179,0.01575462520122528,0.015708375023677945,0.015682667028158903,0.006169875152409077,nan,0.014971582917496562,0.006313374964520335,0.01499245804734528,0.0069242920726537704,0.05312695796601474,0.012525165919214487,0.019566250033676624,0.012461666949093342,0.018833375070244074,0.01075870799832046,0.05723283300176263,261.3928175831679,1,119,nan,118,120,126,58,55,100,100,102,102,58,55,VI skipped: 3^126 too large
taxiworld,10,10,100,200,50,21,171,30000,9883,6,200,1,121,121,320,66.025,121,214.79837567079812,0.0,45.22582007735036,nan,0.18044812488369644,0.0,nan,0.004826625110581517,0.006369834067299962,0.004791792016476393,0.004776792135089636,0.004783750046044588,0.004826625110581517,0.006369834067299962,0.004791792016476393,0.004776792135089636,0.004783750046044588,0.003089750185608864,nan,0.006629500072449446,0.0028425410855561495,0.006044707959517837,0.0031945831142365932,0.015212625032290816,0.004363750107586384,0.007357541937381029,0.004541875096037984,0.006538457935675979,0.004784374963492155,0.01649258309043944,260.32539875106886,1,121,nan,113,114,121,63,51,84,87,89,87,63,51,VI skipped: 3^121 too large
taxiworld,10,10,100,200,50,22,172,30000,13387,6,200,1,98,98,168,59.04761904761905,98,216.1322419999633,0.0,54.52017062599771,nan,0.2027953329961747,0.0,nan,0.0022686670999974012,0.0038485839031636715,0.0022632910404354334,0.0022430419921875,0.002240207977592945,0.0022686670999974012,0.0038485839031636715,0.0022632910404354334,0.0022430419921875,0.002240207977592945,0.0018328330479562283,nan,0.003705125069245696,0.001723000081256032,0.0033467079047113657,0.0011898749507963657,0.0050512501038610935,0.002289875177666545,0.0038230421487241983,0.002429000101983547,0.002885041991248727,0.0017032918985933065,0.005550875095650554,270.9123476250097,1,93,nan,86,90,98,34,34,64,65,69,58,34,34,VI skipped: 3^98 too large
taxiworld,10,10,100,200,50,23,173,30000,10360,6,200,1,86,86,132,52.72727272727273,86,215.9381936234422,0.0,47.11255616741255,nan,0.14247095887549222,0.0,nan,0.0015924170147627592,0.0031617090571671724,0.001575416885316372,0.0015832919161766768,0.0015919168945401907,0.0015924170147627592,0.0031617090571671724,0.001575416885316372,0.0015832919161766768,0.0015919168945401907,0.0014792501460760832,nan,0.0032439171336591244,0.0013891670387238264,0.0026779589243233204,0.0010741250589489937,0.0032737089786678553,0.0016482498031109571,0.0031052499543875456,0.0018856669776141644,0.002582250162959099,0.0015578328166157007,0.0036367501597851515,263.23704987601377,1,79,nan,81,76,86,34,28,50,57,57,57,34,28,VI skipped: 3^86 too large
taxiworld,10,10,100,200,50,24,174,30000,11481,6,200,1,107,107,82,65.86585365853658,107,220.0718997491058,0.0,59.78531549917534,nan,0.15641262498684227,0.0,nan,0.0012725000269711018,0.00278245797380805,0.0012500409502536058,0.0012552498374134302,0.001262041972950101,0.0012725000269711018,0.00278245797380805,0.0012500409502536058,0.0012552498374134302,0.001262041972950101,0.0018243750091642141,nan,0.0037403751630336046,0.0013901658821851015,0.003116375068202615,0.0012235830072313547,0.003735708072781563,0.001993207959458232,0.0032660418655723333,0.002180167008191347,0.0026894169859588146,0.0017730419058352709,0.0042194160632789135,280.0589961237274,1,102,nan,98,79,107,41,38,63,63,68,63,41,38,VI skipped: 3^107 too large
taxiworld,10,10,100,200,50,25,175,30000,10436,6,200,1,106,106,198,55.484848484848484,106,215.99359629140235,0.0,50.44850124209188,nan,0.19320554216392338,0.0,nan,0.002469790866598487,0.0040278329979628325,0.0024877090472728014,0.002470749896019697,0.0024847090244293213,0.002469790866598487,0.0040278329979628325,0.0024877090472728014,0.002470749896019697,0.0024847090244293213,0.002210416831076145,nan,0.004780750023201108,0.0019750420469790697,0.004011290846392512,0.0019888749811798334,0.008262417046353221,0.0032247500494122505,0.0053460001945495605,0.0031724590808153152,0.004517042078077793,0.0029237500857561827,0.009077792055904865,266.70958608412184,1,105,nan,102,96,106,52,46,81,82,81,81,52,46,VI skipped: 3^106 too large
taxiworld,10,10,100,200,50,26,176,30000,19001,6,200,1,55,55,70,31.17142857142857,55,217.2965931959916,0.0,69.48973312228918,nan,0.11974983406253159,0.0,nan,0.0005409580189734697,0.0021289160940796137,0.0005317919421941042,0.0005132909864187241,0.0005320000927895308,0.0005409580189734697,0.0021289160940796137,0.0005317919421941042,0.0005132909864187241,0.0005320000927895308,0.0009025828912854195,nan,0.0013727089390158653,0.0007960000075399876,0.0014225419145077467,0.0006537910085171461,0.0013602080289274454,0.0010741669684648514,0.0018073329702019691,0.0011239158920943737,0.0014784170780330896,0.0009399999398738146,0.0015599580947309732,286.93027058406733,1,52,nan,38,47,54,24,20,36,38,38,38,24,20,VI skipped: 3^55 too large
taxiworld,10,10,100,200,50,27,177,30000,10165,6,200,1,131,131,330,63.30909090909091,131,216.08633658639155,0.0,49.126992154400796,nan,0.20624266704544425,0.0,nan,0.0047162920236587524,0.006397000048309565,0.004762540804222226,0.004770541097968817,0.004724917002022266,0.0047162920236587524,0.006397000048309565,0.004762540804222226,0.004770541097968817,0.004724917002022266,0.003330833977088332,nan,0.007348207989707589,0.0030839580576866865,0.006552249891683459,0.003715124912559986,0.02068912493996322,0.0053989579901099205,0.008872417034581304,0.005472499877214432,0.007989250123500824,0.005446708062663674,0.022212000098079443,265.55919812526554,1,130,nan,124,123,131,72,63,104,104,107,106,72,63,VI skipped: 3^131 too large
taxiworld,10,10,100,200,50,28,178,30000,11675,6,200,1,130,130,20,67.0,130,216.29407050134614,0.0,50.26746025378816,nan,0.16509454208426178,0.0,nan,0.00037491717375814915,0.001986041199415922,0.00036987499333918095,0.00035458290949463844,0.00035266694612801075,0.00037491717375814915,0.001986041199415922,0.00036987499333918095,0.00035458290949463844,0.00035266694612801075,8.433288894593716e-05,nan,0.0032852920703589916,0.001240166136994958,0.002631166949868202,0.0003356670495122671,0.0007100841030478477,4.337495192885399e-05,0.0005998329725116491,0.0003643748350441456,0.0004714168608188629,0.00047620804980397224,0.0008396669290959835,266.7454794999212,0,3,nan,95,76,108,13,13,1,13,13,13,13,13,VI skipped: 3^130 too large
taxiworld,10,10,100,200,50,29,179,30000,15746,6,200,1,58,58,24,38.333333333333336,58,217.25793454889208,0.0,63.15619041305035,nan,0.14043970801867545,0.0,nan,0.00025275000371038914,0.001767416950315237,0.0002499581314623356,0.00023795804008841515,0.0002448330633342266,0.00025275000371038914,0.001767416950315237,0.0002499581314623356,0.00023795804008841515,0.0002448330633342266,0.0005114998202770948,nan,0.001478749793022871,0.0001286671031266451,0.001346958102658391,8.650007657706738e-05,0.00015862495638430119,4.3625012040138245e-05,0.00015083304606378078,4.024989902973175e-05,0.0001210412010550499,0.00011891592293977737,0.000181583222001791,280.5661645832006,0,29,nan,44,7,55,3,3,1,3,1,3,3,3,VI skipped: 3^58 too large
taxiworld,10,10,100,200,50,30,180,30000,16160,6,200,1,62,62,6,47.166666666666664,62,217.74640366318636,0.0,67.01106608775444,nan,0.137149415910244,0.0,nan,0.0001455000601708889,0.0016781671438366175,0.0001038750633597374,0.00010737497359514236,0.00010195816867053509,0.0001455000601708889,0.0016781671438366175,0.0001038750633597374,0.00010737497359514236,0.00010195816867053509,0.000991750042885542,nan,0.0014154589734971523,0.0009544589556753635,0.0011377918999642134,0.000308208167552948,0.00061962497420609,0.0004746250342577696,0.0007055839523673058,0.0005178339779376984,0.0005417079664766788,0.0004558330401778221,0.0007423330098390579,284.93866362492554,1,59,nan,52,61,62,16,16,18,19,20,19,16,16,VI skipped: 3^62 too large
taxiworld,10,10,100,200,50,31,181,30000,9210,6,200,1,66,66,12,43.166666666666664,66,215.52466352796182,0.0,39.887087335577235,nan,0.06880241702310741,0.0,nan,0.00016733305528759956,0.0016891669947654009,0.00015691597945988178,0.00016420800238847733,0.00015412503853440285,0.00016733305528759956,0.0016891669947654009,0.00015691597945988178,0.00016420800238847733,0.00015412503853440285,0.0010487500112503767,nan,0.0017014588229358196,0.0009594999719411135,0.0012492078822106123,0.00044845789670944214,0.0009049170184880495,0.0007633341010659933,0.001090124947950244,0.0008076250087469816,0.0008409998845309019,0.0006713748443871737,0.0010963750537484884,255.49782124906778,1,64,nan,61,60,66,23,22,29,29,31,29,23,22,VI skipped: 3^66 too large
taxiworld,10,10,100,200,50,32,182,30000,11213,6,200,1,77,77,114,44.60526315789474,77,216.57897545397282,0.0,48.81300854263827,nan,0.14330670796334743,0.0,nan,0.0012157079763710499,0.002708291867747903,0.0011918330565094948,0.001203291118144989,0.0011909168679267168,0.0012157079763710499,0.002708291867747903,0.0011918330565094948,0.001203291118144989,0.0011909168679267168,0.0014213330578058958,nan,0.00275525008328259,0.0013993328902870417,0.0023581250570714474,0.0010277091059833765,0.0028861670289188623,0.0017587500624358654,0.0029329578392207623,0.0018201670609414577,0.0024497092235833406,0.0015186250675469637,0.003289459040388465,265.57448466611095,1,75,nan,69,76,77,33,29,52,54,54,54,33,29,VI skipped: 3^77 too large
taxiworld,10,10,100,200,50,33,183,30000,16246,6,200,1,60,60,16,38.0,60,217.95393258682452,0.0,65.68862183112651,nan,0.11500204098410904,0.0,nan,0.00018537510186433792,0.0017385839018970728,0.00017970800399780273,0.00017816689796745777,0.00017058290541172028,0.00018537510186433792,0.0017385839018970728,0.00017970800399780273,0.00017816689796745777,0.00017058290541172028,0.0009570000693202019,nan,0.0015325830318033695,0.0008372908923774958,0.0011504169087857008,0.00041612517088651657,0.0009079999290406704,0.00091141602024436,0.00127633404918015,0.0009002501610666513,0.00098091596737504,0.0006304171402007341,0.001097249798476696,283.77613920904696,1,58,nan,54,52,60,21,21,34,33,34,33,21,21,VI skipped: 3^60 too large
taxiworld,10,10,100,200,50,34,184,30000,15685,6,200,1,73,73,24,50.458333333333336,73,220.3944731776137,0.0,64.54180245823227,nan,0.1524917499627918,0.0,nan,0.0003256660420447588,0.0017930830363184214,0.0003233749885112047,0.000312665943056345,0.0003143749199807644,0.0003256660420447588,0.0017930830363184214,0.0003233749885112047,0.000312665943056345,0.0003143749199807644,0.0009983328636735678,nan,0.002153916982933879,0.001195250079035759,0.0018013750668615103,0.0005954999942332506,0.0009611248970031738,0.0009125000797212124,0.00151479197666049,0.000911167124286294,0.0012512081302702427,0.0008419170044362545,0.0011688328813761473,285.1109067078214,1,59,nan,63,73,73,23,20,33,34,33,35,23,20,VI skipped: 3^73 too large
taxiworld,10,10,100,200,50,35,185,30000,15283,6,200,1,60,60,12,38.666666666666664,60,217.82239363039844,0.0,64.98983791354112,nan,0.1358263751026243,0.0,nan,0.00014900020323693752,0.000980667071416974,0.0001400001347064972,0.0001436250749975443,0.00014420808292925358,0.00014900020323693752,0.000980667071416974,0.0001400001347064972,0.0001436250749975443,0.00014420808292925358,0.0009012909140437841,nan,0.0014150000642985106,0.0008445410057902336,0.0011404580436646938,0.0004863329231739044,0.0008134169038385153,0.0008482909761369228,0.001112540950998664,0.0008421670645475388,0.0008741251658648252,0.0007338749710470438,0.0010102088563144207,282.9646810411941,1,55,nan,51,53,60,25,20,32,29,32,30,25,20,VI skipped: 3^60 too large
taxiworld,10,10,100,200,50,36,186,30000,9422,6,200,1,113,113,300,61.9,113,216.97001861338504,0.0,41.909826630027965,nan,0.18751812493428588,0.0,nan,0.0041574169881641865,0.005861000157892704,0.004167458042502403,0.004160874988883734,0.004158749943599105,0.0041574169881641865,0.005861000157892704,0.004167458042502403,0.004160874988883734,0.004158749943599105,0.00130491703748703,nan,0.004032207885757089,0.0016406250651925802,0.004679708043113351,0.00019841687753796577,0.0011229158844798803,0.00034979195334017277,0.0003317908849567175,0.0003411660436540842,0.000285040820017457,0.00028679100796580315,0.0012036669068038464,259.11826945771463,0,53,nan,73,69,102,4,4,7,4,7,4,4,4,VI skipped: 3^113 too large
taxiworld,10,10,100,200,50,37,187,30000,11774,6,200,1,102,102,176,52.05681818181818,102,216.44044679123908,0.0,47.904107086127624,nan,0.13409083406440914,0.0,nan,0.0020789168775081635,0.0029220839496701956,0.002068124944344163,0.0020676669664680958,0.002077832818031311,0.0020789168775081635,0.0029220839496701956,0.002068124944344163,0.0020676669664680958,0.002077832818031311,0.001986750168725848,nan,0.004356833174824715,0.0018773749470710754,0.0036698749754577875,0.002082415856420994,0.007120083086192608,0.0026103330310434103,0.0044419169425964355,0.0027384578716009855,0.0039330830331891775,0.003010750049725175,0.00789466593414545,264.5435450421646,1,97,nan,96,94,102,57,44,69,72,74,75,57,44,VI skipped: 3^102 too large
taxiworld,10,10,100,200,50,38,188,30000,9500,6,200,1,132,132,30,75.36666666666666,132,220.8297193760518,0.0,42.08314533298835,nan,0.16678775008767843,0.0,nan,0.0005806658882647753,0.0014484580606222153,0.0005602079909294844,0.0005574589595198631,0.0005580422002822161,0.0005806658882647753,0.0014484580606222153,0.0005602079909294844,0.0005574589595198631,0.0005580422002822161,0.002151582855731249,nan,0.0035792081616818905,0.002145499922335148,0.0033407919108867645,0.001491541974246502,0.0032953328918665648,0.002329374896362424,0.003761750180274248,0.002135666087269783,0.00300920894369483,0.002142583951354027,0.0038735000416636467,263.1210114590358,1,128,nan,102,131,132,58,53,83,82,77,82,58,53,VI skipped: 3^132 too large
taxiworld,10,10,100,200,50,39,189,30000,9789,6,200,1,85,85,24,56.833333333333336,85,217.29070858214982,0.0,39.08189341542311,nan,0.09958770801313221,0.0,nan,0.00037633394822478294,0.0011937080416828394,0.0003566672094166279,0.0003489172086119652,0.00034554116427898407,0.00037633394822478294,0.0011937080416828394,0.0003566672094166279,0.0003489172086119652,0.00034554116427898407,0.0013547500129789114,nan,0.001924125012010336,0.0012338750530034304,0.0020562501158565283,0.00079774996265769,0.0011012919712811708,0.0012470001820474863,0.0018060000147670507,0.0012254170142114162,0.0014392919838428497,0.0011448750738054514,0.0013020001351833344,256.4953127501067,1,83,nan,57,76,85,32,22,46,41,46,41,32,22,VI skipped: 3^85 too large
taxiworld,10,10,100,200,50,40,190,30000,14133,6,200,1,69,69,12,45.916666666666664,69,218.8129246220924,0.0,68.06163459015079,nan,0.13634020881727338,0.0,nan,0.0001735000405460596,0.0009704171679913998,0.00016962504014372826,0.00016795797273516655,0.0001616249792277813,0.0001735000405460596,0.0009704171679913998,0.00016962504014372826,0.00016795797273516655,0.0001616249792277813,0.0010594590567052364,nan,0.0018636670429259539,0.0008220409508794546,0.0012848330661654472,0.0004805000498890877,0.0007830830290913582,0.0008177082054316998,0.0012031248770654202,0.0008308750111609697,0.0009498749859631062,0.0007235000375658274,0.0009585421066731215,287.0281806671992,1,66,nan,67,52,69,25,19,31,32,32,33,25,19,VI skipped: 3^69 too large
taxiworld,10,10,100,200,50,41,191,30000,9308,6,200,1,88,88,73,60.57534246575342,88,217.6552675308194,0.0,39.65220215613954,nan,0.10774179198779166,0.0,nan,0.0010455830488353968,0.0018531670793890953,0.0010161669924855232,0.0010247081518173218,0.0010272909421473742,0.0010455830488353968,0.0018531670793890953,0.0010161669924855232,0.0010247081518173218,0.0010272909421473742,0.0014629580546170473,nan,0.0023057919461280107,0.001400332897901535,0.0024470000062137842,0.0009187499526888132,0.0020866249687969685,0.0012565001379698515,0.00208333320915699,0.001264041056856513,0.0019100408535450697,0.001310708001255989,0.002399875083938241,257.4473004171159,1,83,nan,62,81,88,32,26,41,42,42,47,32,26,VI skipped: 3^88 too large
taxiworld,10,10,100,200,50,42,192,30000,12605,6,200,1,82,82,180,47.6,82,217.23544770875014,0.0,52.51294733188115,nan,0.15832416689954698,0.0,nan,0.002043499844148755,0.002856791950762272,0.002038958016782999,0.0020225420594215393,0.0020179999992251396,0.002043499844148755,0.002856791950762272,0.002038958016782999,0.0020225420594215393,0.0020179999992251396,0.0016367500647902489,nan,0.0032462498638778925,0.0015244160313159227,0.0027865420561283827,0.0015130001120269299,0.004791750106960535,0.0018238748889416456,0.003152291988953948,0.0018266250845044851,0.00270574982278049,0.002167334081605077,0.0052967078518122435,269.95820037508383,1,82,nan,75,78,82,44,37,51,54,52,55,44,37,VI skipped: 3^82 too large
taxiworld,10,10,100,200,50,43,193,30000,9697,6,200,1,88,88,168,56.45238095238095,88,218.12451299652457,0.0,43.75938779930584,nan,0.10538149997591972,0.0,nan,0.002182167023420334,0.003021333133801818,0.0021413748618215322,0.0021528329234570265,0.0021577090956270695,0.002182167023420334,0.003021333133801818,0.0021413748618215322,0.0021528329234570265,0.0021577090956270695,0.0012090830132365227,nan,0.0021060830913484097,0.0014927089214324951,0.0026952920015901327,8.008303120732307e-05,0.0003160000778734684,6.008311174809933e-05,0.00013379217125475407,8.466700091958046e-05,0.00011124997399747372,0.00011175009422004223,0.0003253328613936901,262.0175534586888,0,61,nan,49,78,80,2,2,1,2,2,2,2,2,VI skipped: 3^88 too large
taxiworld,10,10,100,200,50,44,194,30000,11567,6,200,1,120,120,16,75.375,120,218.41099890624173,0.0,54.10886091017164,nan,0.12922883313149214,0.0,nan,0.0003328749444335699,0.0012057500425726175,0.000333583215251565,0.0003172920551151037,0.0003150410484522581,0.0003328749444335699,0.0012057500425726175,0.000333583215251565,0.0003172920551151037,0.0003150410484522581,0.0019429579842835665,nan,0.00354629079811275,0.0018825000151991844,0.0028557919431477785,0.0012391249183565378,0.002131999935954809,0.0015655839815735817,0.0024251670110970736,0.0015239170752465725,0.0021490000654011965,0.001780458027496934,0.002578624989837408,272.68130691722035,1,120,nan,106,119,120,51,46,59,56,58,62,51,46,VI skipped: 3^120 too large
taxiworld,10,10,100,200,50,45,195,30000,10168,6,200,1,94,94,507,57.58974358974359,94,180.86718887509778,0.0,36.23078232281841,nan,0.11479008407332003,0.0,nan,0.0065830000676214695,0.007316249888390303,0.006555208005011082,0.006538165966048837,0.00653016590513289,0.0065830000676214695,0.007316249888390303,0.006555208005011082,0.006538165966048837,0.00653016590513289,0.002647999906912446,nan,0.005492167081683874,0.002435042057186365,0.005485665984451771,0.0023278750013560057,0.011109832907095551,0.003890374908223748,0.0067137919832021,0.004270292120054364,0.006143500097095966,0.0036803330294787884,0.012160333106294274,217.33037058310583,1,91,nan,82,84,94,40,33,60,66,67,66,40,33,VI skipped: 3^94 too large
taxiworld,10,10,100,200,50,46,196,30000,8537,6,200,1,66,66,12,41.0,66,179.50821390887722,0.0,32.58482071454637,nan,0.04525283304974437,0.0,nan,0.0001598750241100788,0.001010499894618988,0.00015024980530142784,0.00015674997121095657,0.00014604185707867146,0.0001598750241100788,0.001010499894618988,0.00015024980530142784,0.00015674997121095657,0.00014604185707867146,0.000983166042715311,nan,0.001445417059585452,0.0009324159473180771,0.0012247920967638493,0.0004901669453829527,0.0008765000384300947,0.0007788329385221004,0.0011125421151518822,0.0008695421274751425,0.0009330830071121454,0.00075300014577806,0.001080125104635954,212.15435695904307,1,62,nan,53,60,66,26,22,30,30,34,33,26,22,VI skipped: 3^66 too large
taxiworld,10,10,100,200,50,47,197,30000,11101,6,200,1,128,128,15,84.26666666666667,128,178.5383194142487,0.0,45.260581836337224,nan,0.10628166701644659,0.0,nan,0.0003458750434219837,0.002021749969571829,0.0003440419677644968,0.0003285000566393137,0.00032820808701217175,0.0003458750434219837,0.002021749969571829,0.0003440419677644968,0.0003285000566393137,0.00032820808701217175,0.002036500023677945,nan,0.004053875105455518,0.0016355838160961866,0.003020874923095107,0.001086666015908122,0.0019650831818580627,0.001538124866783619,0.00252062501385808,0.0012854579836130142,0.0019906668458133936,0.0015630419366061687,0.0023762909695506096,223.93758404185064,1,126,nan,122,103,128,45,42,58,58,49,58,45,42,VI skipped: 3^128 too large
taxiworld,10,10,100,200,50,48,198,30000,12152,6,200,1,130,130,13,79.6923076923077,130,175.3554084971547,0.0,41.97738999640569,nan,0.09358658292330801,0.0,nan,0.0002997498959302902,0.0014605410397052765,0.00029208301566541195,0.00028129201382398605,0.00028129201382398605,0.0002997498959302902,0.0014605410397052765,0.00029208301566541195,0.00028129201382398605,0.00028129201382398605,0.0020014578476548195,nan,0.004115999909117818,0.0020354168955236673,0.0031009172089397907,0.0012502497993409634,0.002193500055000186,0.00176679203286767,0.0029564169235527515,0.002033083001151681,0.0023319998290389776,0.001793083967640996,0.0026772499550133944,217.46123795793392,1,123,nan,122,128,130,51,48,66,67,77,67,51,48,VI skipped: 3^130 too large
taxiworld,10,10,100,200,50,49,199,30000,8828,6,200,1,116,116,124,72.91935483870968,116,173.2841051572468,0.0,31.88934900937602,nan,0.10423754202201962,0.0,nan,0.002090000081807375,0.003465167013928294,0.002037124941125512,0.0020322089549154043,0.0020656671840697527,0.002090000081807375,0.003465167013928294,0.002037124941125512,0.0020322089549154043,0.0020656671840697527,0.0020349589176476,nan,0.003605457954108715,0.0020217918790876865,0.0037529170513153076,0.0014800000935792923,0.0054542499128729105,0.002280042041093111,0.00324149988591671,0.0022162499371916056,0.002681290963664651,0.002125167055055499,0.006065167021006346,205.3339650419075,1,107,nan,87,109,116,45,42,66,58,66,57,45,42,VI skipped: 3^116 too large
