Identified bottleneck state: ((3, 3), (), ())
Identified bottleneck state: ((3, 2), (), ())
Identified bottleneck state: ((3, 3), (), ())
Identified bottleneck state: ((3, 3), (), ())
Identified bottleneck state: ((3, 3), (), ())
Identified bottleneck state: ((0, 1), (), ())
Identified bottleneck state: ((3, 3), (), ())
Converged after 7 iterations.
Converged after 8 iterations.
Converged after 7 iterations.
Converged after 7 iterations.
Converged after 7 iterations.
Converged after 7 iterations.
Converged after 8 iterations.
Converged after 7 iterations.
Converged after 7 iterations.
Converged after 7 iterations.
Converged after 7 iterations.
Converged after 7 iterations.
Converged after 7 iterations.
Converged after 7 iterations.
Converged after 7 iterations.
Converged after 7 iterations.
Converged after 7 iterations.
Converged after 7 iterations.
Converged after 9 iterations.
Converged after 7 iterations.
Converged after 7 iterations.
Converged after 7 iterations.
Converged after 8 iterations.
Converged after 7 iterations.
Converged after 7 iterations.
Converged after 2 iterations.
Identified bottleneck state: ((3, 2), (), ())
Converged after 7 iterations.
Converged after 7 iterations.
Converged after 7 iterations.
Converged after 7 iterations.
Converged after 7 iterations.
Converged after 7 iterations.
Converged after 7 iterations.
Converged after 7 iterations.
Converged after 7 iterations.
Converged after 7 iterations.
Converged after 7 iterations.
Converged after 7 iterations.
Converged after 7 iterations.
Converged after 7 iterations.
Converged after 7 iterations.
Converged after 7 iterations.
Converged after 7 iterations.
Converged after 7 iterations.
Converged after 8 iterations.
Converged after 7 iterations.
Converged after 7 iterations.
Converged after 7 iterations.
Converged after 9 iterations.
Converged after 7 iterations.
Converged after 7 iterations.
Converged after 7 iterations.
Converged after 6 iterations.
Identified bottleneck state: ((0, 1), (), ())
Converged after 7 iterations.
Converged after 7 iterations.
Converged after 7 iterations.
Converged after 7 iterations.
Converged after 7 iterations.
Converged after 7 iterations.
Converged after 7 iterations.
Converged after 7 iterations.
Converged after 7 iterations.
Converged after 7 iterations.
Converged after 7 iterations.
Converged after 7 iterations.
Converged after 7 iterations.
Converged after 8 iterations.
Converged after 7 iterations.
Converged after 7 iterations.
Converged after 7 iterations.
Converged after 7 iterations.
Converged after 8 iterations.
Converged after 7 iterations.
Converged after 7 iterations.
Converged after 7 iterations.
Converged after 7 iterations.
Converged after 7 iterations.
Converged after 7 iterations.
Converged after 7 iterations.
Converged after 7 iterations.
Converged after 7 iterations.
Converged after 7 iterations.
Converged after 7 iterations.
Converged after 9 iterations.
Converged after 7 iterations.
Converged after 7 iterations.
Converged after 7 iterations.
Converged after 8 iterations.
Converged after 7 iterations.
Converged after 7 iterations.
Converged after 2 iterations.
Identified bottleneck state: ((3, 2), (), ())
Converged after 7 iterations.
Converged after 7 iterations.
Converged after 7 iterations.
Converged after 7 iterations.
Converged after 7 iterations.
Converged after 7 iterations.
Converged after 7 iterations.
Converged after 7 iterations.
Converged after 7 iterations.
Converged after 7 iterations.
Converged after 7 iterations.
Converged after 7 iterations.
Converged after 7 iterations.
Converged after 7 iterations.
Converged after 7 iterations.
Converged after 7 iterations.
Converged after 7 iterations.
Converged after 7 iterations.
Converged after 8 iterations.
Converged after 7 iterations.
Converged after 7 iterations.
Converged after 7 iterations.
Converged after 9 iterations.
Converged after 7 iterations.
Converged after 7 iterations.
Converged after 7 iterations.
Converged after 6 iterations.
Identified bottleneck state: ((0, 1), (), ())
Converged after 7 iterations.
Converged after 7 iterations.
Converged after 7 iterations.
Converged after 7 iterations.
Converged after 7 iterations.
Converged after 7 iterations.
Converged after 7 iterations.
Converged after 7 iterations.
Converged after 7 iterations.
Converged after 7 iterations.
Converged after 7 iterations.
Converged after 7 iterations.
Number of states 9
Time to build the sparse matrix: 0.0004210472106933594
Time to run value iteration: 0.009014129638671875
Number of states 9
Time to build the sparse matrix: 0.0002551078796386719
Time to run value iteration: 0.009074926376342773
Identified bottleneck state: ((3, 3), (), ())
Identified bottleneck state: ((3, 3), (), ())
Identified bottleneck state: ((3, 3), (), ())
Identified bottleneck state: ((3, 3), (), ())
Identified bottleneck state: ((3, 3), (), ())
Converged after 7 iterations.
Converged after 7 iterations.
Converged after 7 iterations.
Converged after 7 iterations.
Converged after 7 iterations.
Converged after 8 iterations.
Converged after 7 iterations.
Converged after 7 iterations.
Converged after 7 iterations.
Converged after 9 iterations.
Converged after 7 iterations.
Converged after 7 iterations.
Converged after 7 iterations.
Converged after 7 iterations.
Converged after 7 iterations.
Converged after 7 iterations.
Converged after 7 iterations.
Converged after 7 iterations.
Converged after 7 iterations.
Converged after 7 iterations.
Converged after 7 iterations.
Converged after 7 iterations.
Converged after 7 iterations.
Converged after 7 iterations.
Converged after 7 iterations.
Converged after 7 iterations.
Converged after 7 iterations.
Converged after 7 iterations.
Converged after 7 iterations.
Converged after 7 iterations.
Converged after 7 iterations.
Converged after 7 iterations.
Converged after 8 iterations.
Converged after 7 iterations.
Converged after 7 iterations.
Converged after 8 iterations.
Converged after 7 iterations.
Converged after 8 iterations.
Converged after 8 iterations.
Converged after 7 iterations.
Converged after 7 iterations.
Converged after 7 iterations.
Converged after 7 iterations.
Converged after 7 iterations.
Converged after 7 iterations.
Converged after 7 iterations.
Converged after 7 iterations.
Converged after 7 iterations.
Converged after 7 iterations.
Converged after 7 iterations.
Converged after 8 iterations.
Converged after 9 iterations.
Converged after 7 iterations.
Converged after 7 iterations.
Converged after 7 iterations.
Converged after 7 iterations.
Converged after 8 iterations.
Converged after 7 iterations.
Converged after 7 iterations.
Converged after 7 iterations.
Converged after 7 iterations.
Converged after 7 iterations.
Converged after 7 iterations.
Converged after 7 iterations.
Converged after 7 iterations.
Converged after 7 iterations.
Converged after 7 iterations.
Converged after 7 iterations.
Converged after 7 iterations.
Converged after 7 iterations.
Converged after 8 iterations.
Converged after 7 iterations.
Converged after 7 iterations.
Converged after 7 iterations.
Converged after 9 iterations.
Converged after 7 iterations.
Converged after 7 iterations.
Converged after 7 iterations.
Converged after 7 iterations.
Converged after 7 iterations.
Converged after 7 iterations.
Converged after 7 iterations.
Converged after 7 iterations.
Converged after 7 iterations.
Converged after 7 iterations.
Converged after 7 iterations.
Converged after 7 iterations.
Converged after 7 iterations.
Converged after 7 iterations.
Converged after 7 iterations.
Converged after 7 iterations.
Converged after 7 iterations.
Converged after 7 iterations.
Converged after 7 iterations.
Converged after 7 iterations.
Converged after 7 iterations.
Converged after 7 iterations.
Converged after 8 iterations.
Converged after 7 iterations.
Converged after 7 iterations.
Converged after 8 iterations.
Converged after 7 iterations.
Converged after 8 iterations.
Converged after 8 iterations.
Converged after 7 iterations.
Converged after 7 iterations.
Converged after 7 iterations.
Converged after 7 iterations.
Converged after 7 iterations.
Converged after 7 iterations.
Identified bottleneck state: ((3, 3), (), ())
Identified bottleneck state: ((3, 3), (), ())
Identified bottleneck state: ((3, 3), (), ())
Identified bottleneck state: ((3, 3), (), ())
Identified bottleneck state: ((3, 2), (), ())
Identified bottleneck state: ((3, 3), (), ())
Converged after 7 iterations.
Converged after 7 iterations.
Converged after 7 iterations.
Converged after 7 iterations.
Converged after 7 iterations.
Converged after 7 iterations.
Converged after 7 iterations.
Converged after 7 iterations.
Converged after 7 iterations.
Converged after 7 iterations.
Converged after 7 iterations.
Converged after 8 iterations.
Converged after 9 iterations.
Converged after 7 iterations.
Converged after 7 iterations.
Converged after 7 iterations.
Converged after 7 iterations.
Converged after 7 iterations.
Converged after 7 iterations.
Converged after 8 iterations.
Converged after 7 iterations.
Converged after 7 iterations.
Converged after 8 iterations.
Converged after 7 iterations.
Converged after 8 iterations.
Converged after 8 iterations.
Converged after 7 iterations.
Converged after 7 iterations.
Converged after 7 iterations.
Converged after 7 iterations.
Converged after 7 iterations.
Converged after 7 iterations.
Converged after 7 iterations.
Converged after 7 iterations.
Converged after 7 iterations.
Converged after 7 iterations.
Converged after 7 iterations.
Converged after 7 iterations.
Converged after 7 iterations.
Converged after 7 iterations.
Converged after 7 iterations.
Converged after 7 iterations.
Converged after 7 iterations.
Converged after 7 iterations.
Converged after 7 iterations.
Converged after 7 iterations.
Converged after 7 iterations.
Converged after 8 iterations.
Converged after 8 iterations.
Converged after 7 iterations.
Converged after 7 iterations.
Converged after 7 iterations.
Converged after 7 iterations.
Converged after 7 iterations.
Converged after 7 iterations.
Converged after 7 iterations.
Converged after 7 iterations.
Converged after 9 iterations.
Converged after 7 iterations.
Converged after 7 iterations.
Converged after 7 iterations.
Converged after 8 iterations.
Converged after 7 iterations.
Converged after 7 iterations.
Converged after 2 iterations.
Identified bottleneck state: ((3, 2), (), ())
Converged after 7 iterations.
Converged after 7 iterations.
Converged after 7 iterations.
Converged after 7 iterations.
Converged after 7 iterations.
Converged after 7 iterations.
Converged after 7 iterations.
Converged after 7 iterations.
Converged after 7 iterations.
Converged after 7 iterations.
Converged after 7 iterations.
Converged after 8 iterations.
Converged after 9 iterations.
Converged after 7 iterations.
Converged after 7 iterations.
Converged after 7 iterations.
Converged after 7 iterations.
Converged after 7 iterations.
Converged after 7 iterations.
Converged after 8 iterations.
Converged after 7 iterations.
Converged after 7 iterations.
Converged after 8 iterations.
Converged after 7 iterations.
Converged after 8 iterations.
Converged after 8 iterations.
Converged after 7 iterations.
Converged after 7 iterations.
Converged after 7 iterations.
Converged after 7 iterations.
Converged after 7 iterations.
Converged after 7 iterations.
Converged after 7 iterations.
Converged after 7 iterations.
Converged after 7 iterations.
Converged after 7 iterations.
Converged after 7 iterations.
Converged after 7 iterations.
Converged after 7 iterations.
Converged after 7 iterations.
Converged after 7 iterations.
Converged after 7 iterations.
Converged after 7 iterations.
Converged after 7 iterations.
Converged after 7 iterations.
Converged after 7 iterations.
Converged after 7 iterations.
Converged after 8 iterations.
Converged after 8 iterations.
Converged after 7 iterations.
Converged after 7 iterations.
Converged after 7 iterations.
Converged after 7 iterations.
Converged after 7 iterations.
Converged after 7 iterations.
Converged after 7 iterations.
Converged after 7 iterations.
Converged after 9 iterations.
Converged after 7 iterations.
Converged after 7 iterations.
Converged after 7 iterations.
Converged after 8 iterations.
Converged after 7 iterations.
Converged after 7 iterations.
Converged after 2 iterations.
Identified bottleneck state: ((3, 2), (), ())
Number of states 3
Time to build the sparse matrix: 0.0002391338348388672
Time to run value iteration: 0.005822896957397461
Number of states 3
Time to build the sparse matrix: 8.702278137207031e-05
Time to run value iteration: 0.005837917327880859
Identified bottleneck state: ((3, 3), (), ())
Identified bottleneck state: ((3, 3), (), ())
Identified bottleneck state: ((3, 3), (), ())
Identified bottleneck state: ((3, 3), (), ())
Identified bottleneck state: ((3, 3), (), ())
Converged after 7 iterations.
Converged after 7 iterations.
Converged after 7 iterations.
Converged after 7 iterations.
Converged after 7 iterations.
Converged after 7 iterations.
Converged after 7 iterations.
Converged after 7 iterations.
Converged after 7 iterations.
Converged after 7 iterations.
Converged after 7 iterations.
Converged after 7 iterations.
Converged after 7 iterations.
Converged after 7 iterations.
Converged after 7 iterations.
Converged after 7 iterations.
Converged after 7 iterations.
Converged after 7 iterations.
Converged after 8 iterations.
Converged after 7 iterations.
Converged after 7 iterations.
Converged after 8 iterations.
Converged after 7 iterations.
Converged after 7 iterations.
Converged after 7 iterations.
Converged after 7 iterations.
Converged after 7 iterations.
Converged after 8 iterations.
Converged after 7 iterations.
Converged after 7 iterations.
Converged after 7 iterations.
Converged after 7 iterations.
Converged after 8 iterations.
Converged after 7 iterations.
Converged after 7 iterations.
Converged after 7 iterations.
Converged after 7 iterations.
Converged after 7 iterations.
Converged after 7 iterations.
Converged after 7 iterations.
Converged after 7 iterations.
Converged after 7 iterations.
Converged after 7 iterations.
Converged after 7 iterations.
Converged after 7 iterations.
Converged after 7 iterations.
Converged after 7 iterations.
Converged after 7 iterations.
Converged after 7 iterations.
Converged after 7 iterations.
Converged after 8 iterations.
Converged after 9 iterations.
Converged after 7 iterations.
Converged after 7 iterations.
Converged after 7 iterations.
Converged after 7 iterations.
Converged after 7 iterations.
Converged after 7 iterations.
Converged after 7 iterations.
Converged after 7 iterations.
Converged after 7 iterations.
Converged after 7 iterations.
Converged after 7 iterations.
Converged after 7 iterations.
Converged after 7 iterations.
Converged after 7 iterations.
Converged after 7 iterations.
Converged after 7 iterations.
Converged after 7 iterations.
Converged after 7 iterations.
Converged after 7 iterations.
Converged after 7 iterations.
Converged after 7 iterations.
Converged after 7 iterations.
Converged after 7 iterations.
Converged after 7 iterations.
Converged after 7 iterations.
Converged after 7 iterations.
Converged after 7 iterations.
Converged after 7 iterations.
Converged after 7 iterations.
Converged after 7 iterations.
Converged after 7 iterations.
Converged after 8 iterations.
Converged after 7 iterations.
Converged after 7 iterations.
Converged after 8 iterations.
Converged after 7 iterations.
Converged after 7 iterations.
Converged after 7 iterations.
Converged after 7 iterations.
Converged after 7 iterations.
Converged after 8 iterations.
Converged after 7 iterations.
Converged after 7 iterations.
Converged after 7 iterations.
Converged after 7 iterations.
Converged after 8 iterations.
Converged after 7 iterations.
Converged after 7 iterations.
Converged after 7 iterations.
Converged after 7 iterations.
Converged after 7 iterations.
Converged after 7 iterations.
Converged after 7 iterations.
Converged after 7 iterations.
Converged after 7 iterations.
Converged after 7 iterations.
Converged after 7 iterations.
Converged after 7 iterations.
Converged after 7 iterations.
Converged after 7 iterations.
Converged after 7 iterations.
Converged after 7 iterations.
Identified bottleneck state: ((3, 3), (), ())
Identified bottleneck state: ((3, 3), (), ())
Identified bottleneck state: ((3, 3), (), ())
Identified bottleneck state: ((3, 3), (), ())
Identified bottleneck state: ((3, 3), (), ())
Converged after 7 iterations.
Converged after 7 iterations.
Converged after 7 iterations.
Converged after 7 iterations.
Converged after 7 iterations.
Converged after 7 iterations.
Converged after 8 iterations.
Converged after 7 iterations.
Converged after 7 iterations.
Converged after 8 iterations.
Converged after 7 iterations.
Converged after 8 iterations.
Converged after 8 iterations.
Converged after 7 iterations.
Converged after 7 iterations.
Converged after 7 iterations.
Converged after 7 iterations.
Converged after 7 iterations.
Converged after 7 iterations.
Converged after 7 iterations.
Converged after 7 iterations.
Converged after 7 iterations.
Converged after 7 iterations.
Converged after 7 iterations.
Converged after 7 iterations.
Converged after 7 iterations.
Converged after 7 iterations.
Converged after 7 iterations.
Converged after 7 iterations.
Converged after 7 iterations.
Converged after 7 iterations.
Converged after 8 iterations.
Converged after 7 iterations.
Converged after 7 iterations.
Converged after 7 iterations.
Converged after 9 iterations.
Converged after 7 iterations.
Converged after 7 iterations.
Converged after 7 iterations.
Converged after 7 iterations.
Converged after 7 iterations.
Converged after 7 iterations.
Converged after 7 iterations.
Converged after 8 iterations.
Converged after 7 iterations.
Converged after 7 iterations.
Converged after 7 iterations.
Converged after 7 iterations.
Converged after 7 iterations.
Converged after 7 iterations.
Converged after 7 iterations.
Converged after 7 iterations.
Converged after 7 iterations.
Converged after 7 iterations.
Converged after 7 iterations.
Converged after 7 iterations.
Converged after 7 iterations.
Converged after 8 iterations.
Converged after 7 iterations.
Converged after 7 iterations.
Converged after 7 iterations.
Converged after 9 iterations.
Converged after 7 iterations.
Converged after 7 iterations.
Converged after 7 iterations.
Converged after 7 iterations.
Converged after 7 iterations.
Converged after 7 iterations.
Converged after 7 iterations.
Converged after 7 iterations.
Converged after 7 iterations.
Converged after 8 iterations.
Converged after 7 iterations.
Converged after 7 iterations.
Converged after 8 iterations.
Converged after 7 iterations.
Converged after 8 iterations.
Converged after 8 iterations.
Converged after 7 iterations.
Converged after 7 iterations.
Converged after 7 iterations.
Converged after 7 iterations.
Converged after 7 iterations.
Converged after 7 iterations.
Converged after 7 iterations.
Converged after 7 iterations.
Converged after 7 iterations.
Converged after 7 iterations.
Converged after 7 iterations.
Converged after 7 iterations.
Converged after 7 iterations.
Converged after 7 iterations.
Converged after 7 iterations.
Converged after 7 iterations.
Converged after 7 iterations.
Converged after 7 iterations.
Converged after 8 iterations.
Converged after 7 iterations.
Converged after 7 iterations.
Converged after 7 iterations.
Converged after 9 iterations.
Converged after 7 iterations.
Converged after 7 iterations.
Converged after 7 iterations.
Converged after 7 iterations.
Converged after 7 iterations.
Converged after 7 iterations.
Converged after 7 iterations.
Converged after 8 iterations.
Converged after 7 iterations.
Converged after 7 iterations.
Converged after 7 iterations.
Converged after 7 iterations.
Converged after 7 iterations.
Converged after 7 iterations.
Converged after 7 iterations.
Converged after 7 iterations.
Converged after 7 iterations.
Converged after 7 iterations.
Converged after 7 iterations.
Converged after 7 iterations.
Converged after 7 iterations.
Converged after 8 iterations.
Converged after 7 iterations.
Converged after 7 iterations.
Converged after 7 iterations.
Converged after 9 iterations.
Converged after 7 iterations.
Converged after 7 iterations.
Converged after 7 iterations.
Identified bottleneck state: ((1, 0), (), ())
Identified bottleneck state: ((3, 3), (), ())
Identified bottleneck state: ((3, 3), (), ())
Identified bottleneck state: ((0, 1), (), ())
Identified bottleneck state: ((3, 3), (), ())
Identified bottleneck state: ((3, 3), (), ())
Identified bottleneck state: ((3, 2), (), ())
Identified bottleneck state: ((3, 3), (), ())
Converged after 7 iterations.
Converged after 7 iterations.
Converged after 6 iterations.
Identified bottleneck state: ((1, 0), (), ())
Converged after 7 iterations.
Converged after 7 iterations.
Converged after 7 iterations.
Converged after 7 iterations.
Converged after 7 iterations.
Converged after 7 iterations.
Converged after 7 iterations.
Converged after 7 iterations.
Converged after 7 iterations.
Converged after 7 iterations.
Converged after 7 iterations.
Converged after 7 iterations.
Converged after 7 iterations.
Converged after 7 iterations.
Converged after 7 iterations.
Converged after 7 iterations.
Converged after 7 iterations.
Converged after 7 iterations.
Converged after 7 iterations.
Converged after 7 iterations.
Converged after 7 iterations.
Converged after 8 iterations.
Converged after 9 iterations.
Converged after 6 iterations.
Identified bottleneck state: ((0, 1), (), ())
Converged after 7 iterations.
Converged after 7 iterations.
Converged after 7 iterations.
Converged after 7 iterations.
Converged after 7 iterations.
Converged after 7 iterations.
Converged after 7 iterations.
Converged after 7 iterations.
Converged after 7 iterations.
Converged after 7 iterations.
Converged after 7 iterations.
Converged after 7 iterations.
Converged after 7 iterations.
Converged after 8 iterations.
Converged after 7 iterations.
Converged after 7 iterations.
Converged after 7 iterations.
Converged after 7 iterations.
Converged after 8 iterations.
Converged after 7 iterations.
Converged after 7 iterations.
Converged after 7 iterations.
Converged after 7 iterations.
Converged after 7 iterations.
Converged after 7 iterations.
Converged after 7 iterations.
Converged after 7 iterations.
Converged after 7 iterations.
Converged after 7 iterations.
Converged after 7 iterations.
Converged after 9 iterations.
Converged after 7 iterations.
Converged after 7 iterations.
Converged after 7 iterations.
Converged after 8 iterations.
Converged after 7 iterations.
Converged after 7 iterations.
Converged after 2 iterations.
Identified bottleneck state: ((3, 2), (), ())
Converged after 7 iterations.
Converged after 7 iterations.
Converged after 6 iterations.
Identified bottleneck state: ((1, 0), (), ())
Converged after 7 iterations.
Converged after 7 iterations.
Converged after 7 iterations.
Converged after 7 iterations.
Converged after 7 iterations.
Converged after 7 iterations.
Converged after 7 iterations.
Converged after 7 iterations.
Converged after 7 iterations.
Converged after 7 iterations.
Converged after 7 iterations.
Converged after 7 iterations.
Converged after 7 iterations.
Converged after 7 iterations.
Converged after 7 iterations.
Converged after 7 iterations.
Converged after 7 iterations.
Converged after 7 iterations.
Converged after 7 iterations.
Converged after 7 iterations.
Converged after 7 iterations.
Converged after 8 iterations.
Converged after 9 iterations.
Converged after 6 iterations.
Identified bottleneck state: ((0, 1), (), ())
Converged after 7 iterations.
Converged after 7 iterations.
Converged after 7 iterations.
Converged after 7 iterations.
Converged after 7 iterations.
Converged after 7 iterations.
Converged after 7 iterations.
Converged after 7 iterations.
Converged after 7 iterations.
Converged after 7 iterations.
Converged after 7 iterations.
Converged after 7 iterations.
Converged after 7 iterations.
Converged after 8 iterations.
Converged after 7 iterations.
Converged after 7 iterations.
Converged after 7 iterations.
Converged after 7 iterations.
Converged after 8 iterations.
Converged after 7 iterations.
Converged after 7 iterations.
Converged after 7 iterations.
Converged after 7 iterations.
Converged after 7 iterations.
Converged after 7 iterations.
Converged after 7 iterations.
Converged after 7 iterations.
Converged after 7 iterations.
Converged after 8 iterations.
Converged after 9 iterations.
Converged after 7 iterations.
Converged after 7 iterations.
Converged after 7 iterations.
Converged after 7 iterations.
Converged after 8 iterations.
Converged after 7 iterations.
Converged after 7 iterations.
Converged after 7 iterations.
Converged after 7 iterations.
Converged after 7 iterations.
Converged after 7 iterations.
Converged after 7 iterations.
Converged after 7 iterations.
Identified bottleneck state: ((1, 0), (), ())
Identified bottleneck state: ((3, 3), (), ())
Identified bottleneck state: ((3, 2), (), ())
Identified bottleneck state: ((3, 3), (), ())
Identified bottleneck state: ((3, 3), (), ())
Identified bottleneck state: ((2, 3), (), ())
Identified bottleneck state: ((3, 3), (), ())
Identified bottleneck state: ((0, 1), (), ())
Identified bottleneck state: ((3, 3), (), ())
Converged after 7 iterations.
Converged after 7 iterations.
Converged after 6 iterations.
Identified bottleneck state: ((1, 0), (), ())
Converged after 7 iterations.
Converged after 7 iterations.
Converged after 7 iterations.
Converged after 7 iterations.
Converged after 7 iterations.
Converged after 7 iterations.
Converged after 7 iterations.
Converged after 7 iterations.
Converged after 7 iterations.
Converged after 7 iterations.
Converged after 7 iterations.
Converged after 7 iterations.
Converged after 7 iterations.
Converged after 7 iterations.
Converged after 7 iterations.
Converged after 9 iterations.
Converged after 7 iterations.
Converged after 7 iterations.
Converged after 7 iterations.
Converged after 8 iterations.
Converged after 7 iterations.
Converged after 7 iterations.
Converged after 2 iterations.
Identified bottleneck state: ((3, 2), (), ())
Converged after 7 iterations.
Converged after 7 iterations.
Converged after 7 iterations.
Converged after 7 iterations.
Converged after 7 iterations.
Converged after 7 iterations.
Converged after 7 iterations.
Converged after 7 iterations.
Converged after 7 iterations.
Converged after 7 iterations.
Converged after 7 iterations.
Converged after 7 iterations.
Converged after 7 iterations.
Converged after 7 iterations.
Converged after 7 iterations.
Converged after 7 iterations.
Converged after 7 iterations.
Converged after 7 iterations.
Converged after 7 iterations.
Converged after 7 iterations.
Converged after 7 iterations.
Converged after 9 iterations.
Converged after 8 iterations.
Converged after 2 iterations.
Identified bottleneck state: ((2, 3), (), ())
Converged after 7 iterations.
Converged after 7 iterations.
Converged after 6 iterations.
Identified bottleneck state: ((0, 1), (), ())
Converged after 7 iterations.
Converged after 7 iterations.
Converged after 7 iterations.
Converged after 7 iterations.
Converged after 7 iterations.
Converged after 7 iterations.
Converged after 7 iterations.
Converged after 7 iterations.
Converged after 7 iterations.
Converged after 7 iterations.
Converged after 7 iterations.
Converged after 7 iterations.
Converged after 7 iterations.
Converged after 7 iterations.
Converged after 6 iterations.
Identified bottleneck state: ((1, 0), (), ())
Converged after 7 iterations.
Converged after 7 iterations.
Converged after 7 iterations.
Converged after 7 iterations.
Converged after 7 iterations.
Converged after 7 iterations.
Converged after 7 iterations.
Converged after 7 iterations.
Converged after 7 iterations.
Converged after 7 iterations.
Converged after 7 iterations.
Converged after 7 iterations.
Converged after 7 iterations.
Converged after 7 iterations.
Converged after 7 iterations.
Converged after 9 iterations.
Converged after 7 iterations.
Converged after 7 iterations.
Converged after 7 iterations.
Converged after 8 iterations.
Converged after 7 iterations.
Converged after 7 iterations.
Converged after 2 iterations.
Identified bottleneck state: ((3, 2), (), ())
Converged after 7 iterations.
Converged after 7 iterations.
Converged after 7 iterations.
Converged after 7 iterations.
Converged after 7 iterations.
Converged after 7 iterations.
Converged after 7 iterations.
Converged after 7 iterations.
Converged after 7 iterations.
Converged after 7 iterations.
Converged after 7 iterations.
Converged after 7 iterations.
Converged after 7 iterations.
Converged after 7 iterations.
Converged after 7 iterations.
Converged after 7 iterations.
Converged after 7 iterations.
Converged after 7 iterations.
Converged after 7 iterations.
Converged after 7 iterations.
Converged after 7 iterations.
Converged after 9 iterations.
Converged after 8 iterations.
Converged after 2 iterations.
Identified bottleneck state: ((2, 3), (), ())
Converged after 7 iterations.
Converged after 7 iterations.
Converged after 6 iterations.
Identified bottleneck state: ((0, 1), (), ())
Converged after 7 iterations.
Converged after 7 iterations.
Converged after 7 iterations.
Converged after 7 iterations.
Converged after 7 iterations.
Converged after 7 iterations.
Converged after 7 iterations.
Converged after 7 iterations.
Converged after 7 iterations.
Converged after 7 iterations.
Converged after 7 iterations.
Converged after 7 iterations.
Number of states 81
Time to build the sparse matrix: 0.011839866638183594
Time to run value iteration: 0.01583576202392578
Number of states 81
Time to build the sparse matrix: 0.011577844619750977
Time to run value iteration: 0.01532292366027832
No path found
No path found
No path found
No path found
No path found
No path found
No path found
No path found
No path found
No path found
No path found
No path found
No path found
No path found
No path found
No path found
No path found
No path found
No path found
No path found
No path found
No path found
No path found
No path found
No path found
No path found
No path found
No path found
No path found
No path found
No path found
No path found
No path found
No path found
No path found
No path found
No path found
No path found
No path found
No path found
No path found
No path found
No path found
No path found
No path found
No path found
No path found
No path found
No path found
No path found
No path found
No path found
No path found
No path found
No path found
No path found
No path found
No path found
No path found
No path found
No path found
No path found
No path found
No path found
No path found
No path found
No path found
No path found
No path found
No path found
No path found
No path found
No path found
No path found
No path found
No path found
No path found
No path found
No path found
No path found
No path found
No path found
No path found
No path found
No path found
No path found
No path found
No path found
No path found
No path found
No path found
No path found
No path found
No path found
No path found
No path found
No path found
No path found
No path found
No path found
Identified bottleneck state: ((3, 3), (), ())
Identified bottleneck state: ((3, 3), (), ())
Identified bottleneck state: ((3, 3), (), ())
Identified bottleneck state: ((2, 2), (), ())
Identified bottleneck state: ((3, 3), (), ())
Identified bottleneck state: ((3, 3), (), ())
Converged after 7 iterations.
Converged after 8 iterations.
Converged after 9 iterations.
Converged after 7 iterations.
Converged after 7 iterations.
Converged after 10 iterations.
Converged after 8 iterations.
Converged after 7 iterations.
Converged after 11 iterations.
Converged after 9 iterations.
Converged after 10 iterations.
Converged after 11 iterations.
Converged after 7 iterations.
Converged after 8 iterations.
Converged after 7 iterations.
Converged after 7 iterations.
Converged after 7 iterations.
Converged after 10 iterations.
Converged after 8 iterations.
Converged after 7 iterations.
Converged after 11 iterations.
Converged after 7 iterations.
Converged after 10 iterations.
Converged after 11 iterations.
Converged after 7 iterations.
Converged after 7 iterations.
Converged after 7 iterations.
Converged after 7 iterations.
Converged after 7 iterations.
Converged after 8 iterations.
Converged after 7 iterations.
Converged after 9 iterations.
Converged after 7 iterations.
Converged after 8 iterations.
Converged after 9 iterations.
Converged after 7 iterations.
Converged after 7 iterations.
Converged after 7 iterations.
Converged after 7 iterations.
Converged after 7 iterations.
Converged after 7 iterations.
Converged after 7 iterations.
Converged after 7 iterations.
Converged after 7 iterations.
Converged after 7 iterations.
Converged after 7 iterations.
Converged after 7 iterations.
Converged after 7 iterations.
Identified bottleneck state: ((3, 3), (), ())
Identified bottleneck state: ((2, 3), (), ())
Identified bottleneck state: ((3, 3), (), ())
Identified bottleneck state: ((3, 3), (), ())
Identified bottleneck state: ((3, 3), (), ())
Identified bottleneck state: ((3, 3), (), ())
Converged after 7 iterations.
Converged after 7 iterations.
Converged after 7 iterations.
Converged after 7 iterations.
Converged after 7 iterations.
Converged after 7 iterations.
Converged after 8 iterations.
Converged after 7 iterations.
Converged after 7 iterations.
Converged after 8 iterations.
Converged after 7 iterations.
Converged after 8 iterations.
Converged after 8 iterations.
Converged after 7 iterations.
Converged after 7 iterations.
Converged after 7 iterations.
Converged after 7 iterations.
Converged after 7 iterations.
Converged after 7 iterations.
Converged after 7 iterations.
Converged after 7 iterations.
Converged after 9 iterations.
Converged after 8 iterations.
Converged after 2 iterations.
Identified bottleneck state: ((2, 3), (), ())
Converged after 7 iterations.
Converged after 7 iterations.
Converged after 7 iterations.
Converged after 7 iterations.
Converged after 7 iterations.
Converged after 7 iterations.
Converged after 7 iterations.
Converged after 8 iterations.
Converged after 7 iterations.
Converged after 7 iterations.
Converged after 8 iterations.
Converged after 7 iterations.
Converged after 7 iterations.
Converged after 7 iterations.
Converged after 7 iterations.
Converged after 7 iterations.
Converged after 7 iterations.
Converged after 7 iterations.
Converged after 7 iterations.
Converged after 7 iterations.
Converged after 7 iterations.
Converged after 7 iterations.
Converged after 7 iterations.
Converged after 7 iterations.
Converged after 7 iterations.
Converged after 7 iterations.
Converged after 7 iterations.
Converged after 7 iterations.
Converged after 7 iterations.
Converged after 7 iterations.
Converged after 7 iterations.
Converged after 7 iterations.
Converged after 7 iterations.
Converged after 7 iterations.
Converged after 7 iterations.
Converged after 7 iterations.
Converged after 7 iterations.
Converged after 7 iterations.
Converged after 7 iterations.
Converged after 8 iterations.
Converged after 9 iterations.
Converged after 7 iterations.
Converged after 7 iterations.
Converged after 7 iterations.
Converged after 7 iterations.
Converged after 7 iterations.
Converged after 7 iterations.
Converged after 8 iterations.
Converged after 7 iterations.
Converged after 7 iterations.
Converged after 8 iterations.
Converged after 7 iterations.
Converged after 8 iterations.
Converged after 8 iterations.
Converged after 7 iterations.
Converged after 7 iterations.
Converged after 7 iterations.
Converged after 7 iterations.
Converged after 7 iterations.
Converged after 7 iterations.
Converged after 7 iterations.
Converged after 7 iterations.
Converged after 9 iterations.
Converged after 8 iterations.
Converged after 2 iterations.
Identified bottleneck state: ((2, 3), (), ())
Converged after 7 iterations.
Converged after 7 iterations.
Converged after 7 iterations.
Converged after 7 iterations.
Converged after 7 iterations.
Converged after 7 iterations.
Converged after 7 iterations.
Converged after 8 iterations.
Converged after 7 iterations.
Converged after 7 iterations.
Converged after 8 iterations.
Converged after 7 iterations.
Converged after 7 iterations.
Converged after 7 iterations.
Converged after 7 iterations.
Converged after 7 iterations.
Converged after 7 iterations.
Converged after 7 iterations.
Converged after 7 iterations.
Converged after 7 iterations.
Converged after 7 iterations.
Converged after 7 iterations.
Converged after 7 iterations.
Converged after 7 iterations.
Converged after 7 iterations.
Converged after 7 iterations.
Converged after 7 iterations.
Converged after 7 iterations.
Converged after 7 iterations.
Converged after 7 iterations.
Converged after 7 iterations.
Converged after 7 iterations.
Converged after 7 iterations.
Converged after 7 iterations.
Converged after 7 iterations.
Converged after 7 iterations.
Converged after 7 iterations.
Converged after 7 iterations.
Converged after 7 iterations.
Converged after 8 iterations.
Converged after 9 iterations.
Number of states 3
Time to build the sparse matrix: 0.00012183189392089844
Time to run value iteration: 0.00593113899230957
Number of states 3
Time to build the sparse matrix: 7.867813110351562e-05
Time to run value iteration: 0.00598907470703125
Identified bottleneck state: ((3, 3), (), ())
Identified bottleneck state: ((1, 0), (), ())
Identified bottleneck state: ((3, 3), (), ())
Identified bottleneck state: ((2, 3), (), ())
Identified bottleneck state: ((3, 3), (), ())
Identified bottleneck state: ((0, 1), (), ())
Identified bottleneck state: ((0, 2), (), ())
Identified bottleneck state: ((3, 3), (), ())
Identified bottleneck state: ((3, 3), (), ())
Converged after 7 iterations.
Converged after 7 iterations.
Converged after 7 iterations.
Converged after 7 iterations.
Converged after 7 iterations.
Converged after 7 iterations.
Converged after 10 iterations.
Converged after 7 iterations.
Converged after 10 iterations.
Converged after 7 iterations.
Converged after 8 iterations.
Converged after 9 iterations.
Converged after 7 iterations.
Converged after 7 iterations.
Converged after 6 iterations.
Identified bottleneck state: ((1, 0), (), ())
Converged after 7 iterations.
Converged after 7 iterations.
Converged after 7 iterations.
Converged after 7 iterations.
Converged after 7 iterations.
Converged after 7 iterations.
Converged after 7 iterations.
Converged after 7 iterations.
Converged after 7 iterations.
Converged after 7 iterations.
Converged after 7 iterations.
Converged after 7 iterations.
Converged after 7 iterations.
Converged after 7 iterations.
Converged after 8 iterations.
Converged after 7 iterations.
Converged after 11 iterations.
Converged after 10 iterations.
Converged after 2 iterations.
Identified bottleneck state: ((2, 3), (), ())
Converged after 7 iterations.
Converged after 7 iterations.
Converged after 6 iterations.
Identified bottleneck state: ((0, 1), (), ())
Converged after 5 iterations.
Identified bottleneck state: ((0, 2), (), ())
Converged after 8 iterations.
Converged after 8 iterations.
Converged after 8 iterations.
Converged after 8 iterations.
Converged after 8 iterations.
Converged after 8 iterations.
Converged after 8 iterations.
Converged after 8 iterations.
Converged after 8 iterations.
Converged after 8 iterations.
Converged after 7 iterations.
Converged after 8 iterations.
Converged after 9 iterations.
Converged after 7 iterations.
Converged after 7 iterations.
Converged after 10 iterations.
Converged after 8 iterations.
Converged after 7 iterations.
Converged after 11 iterations.
Converged after 9 iterations.
Converged after 10 iterations.
Converged after 11 iterations.
Converged after 7 iterations.
Converged after 7 iterations.
Converged after 7 iterations.
Converged after 7 iterations.
Converged after 7 iterations.
Converged after 7 iterations.
Converged after 10 iterations.
Converged after 7 iterations.
Converged after 10 iterations.
Converged after 7 iterations.
Converged after 8 iterations.
Converged after 9 iterations.
Converged after 7 iterations.
Converged after 7 iterations.
Converged after 6 iterations.
Identified bottleneck state: ((1, 0), (), ())
Converged after 7 iterations.
Converged after 7 iterations.
Converged after 7 iterations.
Converged after 7 iterations.
Converged after 7 iterations.
Converged after 7 iterations.
Converged after 7 iterations.
Converged after 7 iterations.
Converged after 7 iterations.
Converged after 7 iterations.
Converged after 7 iterations.
Converged after 7 iterations.
Converged after 7 iterations.
Converged after 7 iterations.
Converged after 7 iterations.
Converged after 7 iterations.
Converged after 9 iterations.
Converged after 7 iterations.
Converged after 7 iterations.
Converged after 7 iterations.
Converged after 8 iterations.
Converged after 7 iterations.
Converged after 7 iterations.
Converged after 2 iterations.
Identified bottleneck state: ((3, 2), (), ())
Number of states 27
Time to build the sparse matrix: 0.0013420581817626953
Time to run value iteration: 0.01178598403930664
Number of states 27
Time to build the sparse matrix: 0.0012538433074951172
Time to run value iteration: 0.01203608512878418
Identified bottleneck state: ((3, 3), (), ())
Identified bottleneck state: ((0, 1), (), ())
Identified bottleneck state: ((3, 3), (), ())
Identified bottleneck state: ((3, 3), (), ())
Identified bottleneck state: ((3, 3), (), ())
Identified bottleneck state: ((3, 3), (), ())
Converged after 7 iterations.
Converged after 7 iterations.
Converged after 7 iterations.
Converged after 7 iterations.
Converged after 7 iterations.
Converged after 7 iterations.
Converged after 7 iterations.
Converged after 7 iterations.
Converged after 7 iterations.
Converged after 7 iterations.
Converged after 7 iterations.
Converged after 7 iterations.
Converged after 7 iterations.
Converged after 6 iterations.
Identified bottleneck state: ((0, 1), (), ())
Converged after 7 iterations.
Converged after 7 iterations.
Converged after 7 iterations.
Converged after 7 iterations.
Converged after 7 iterations.
Converged after 7 iterations.
Converged after 7 iterations.
Converged after 7 iterations.
Converged after 7 iterations.
Converged after 7 iterations.
Converged after 7 iterations.
Converged after 7 iterations.
Converged after 7 iterations.
Converged after 7 iterations.
Converged after 7 iterations.
Converged after 7 iterations.
Converged after 7 iterations.
Converged after 8 iterations.
Converged after 7 iterations.
Converged after 7 iterations.
Converged after 8 iterations.
Converged after 7 iterations.
Converged after 7 iterations.
Converged after 7 iterations.
Converged after 7 iterations.
Converged after 7 iterations.
Converged after 7 iterations.
Converged after 7 iterations.
Converged after 7 iterations.
Converged after 7 iterations.
Converged after 7 iterations.
Converged after 7 iterations.
Converged after 7 iterations.
Converged after 8 iterations.
Converged after 8 iterations.
Converged after 7 iterations.
Converged after 7 iterations.
Converged after 7 iterations.
Converged after 7 iterations.
Converged after 7 iterations.
Converged after 7 iterations.
Converged after 7 iterations.
Converged after 7 iterations.
Converged after 7 iterations.
Converged after 7 iterations.
Converged after 7 iterations.
Converged after 7 iterations.
Converged after 7 iterations.
Converged after 7 iterations.
Converged after 7 iterations.
Converged after 7 iterations.
Converged after 7 iterations.
Converged after 7 iterations.
Converged after 7 iterations.
Converged after 7 iterations.
Converged after 7 iterations.
Converged after 7 iterations.
Converged after 7 iterations.
Converged after 7 iterations.
Converged after 7 iterations.
Converged after 7 iterations.
Converged after 7 iterations.
Converged after 7 iterations.
Converged after 7 iterations.
Converged after 6 iterations.
Identified bottleneck state: ((0, 1), (), ())
Converged after 7 iterations.
Converged after 7 iterations.
Converged after 7 iterations.
Converged after 7 iterations.
Converged after 7 iterations.
Converged after 7 iterations.
Converged after 7 iterations.
Converged after 7 iterations.
Converged after 7 iterations.
Converged after 7 iterations.
Converged after 7 iterations.
Converged after 7 iterations.
Converged after 7 iterations.
Converged after 7 iterations.
Converged after 7 iterations.
Converged after 7 iterations.
Converged after 7 iterations.
Converged after 8 iterations.
Converged after 7 iterations.
Converged after 7 iterations.
Converged after 8 iterations.
Converged after 7 iterations.
Converged after 7 iterations.
Converged after 7 iterations.
Converged after 7 iterations.
Converged after 7 iterations.
Converged after 7 iterations.
Converged after 7 iterations.
Converged after 7 iterations.
Converged after 7 iterations.
Converged after 7 iterations.
Converged after 7 iterations.
Converged after 7 iterations.
Converged after 8 iterations.
Converged after 8 iterations.
Converged after 7 iterations.
Converged after 7 iterations.
Converged after 7 iterations.
Converged after 7 iterations.
Converged after 7 iterations.
Converged after 7 iterations.
Converged after 7 iterations.
Converged after 7 iterations.
Converged after 7 iterations.
Converged after 7 iterations.
Converged after 7 iterations.
Converged after 7 iterations.
Converged after 7 iterations.
Converged after 7 iterations.
Converged after 7 iterations.
Converged after 7 iterations.
Number of states 3
Time to build the sparse matrix: 0.00011587142944335938
Time to run value iteration: 0.006035804748535156
Number of states 3
Time to build the sparse matrix: 8.893013000488281e-05
Time to run value iteration: 0.006211996078491211
Identified bottleneck state: ((3, 3), (), ())
Identified bottleneck state: ((3, 2), (), ())
Identified bottleneck state: ((3, 3), (), ())
Identified bottleneck state: ((3, 3), (), ())
Identified bottleneck state: ((2, 3), (), ())
Identified bottleneck state: ((3, 3), (), ())
Identified bottleneck state: ((0, 1), (), ())
Identified bottleneck state: ((2, 3), (), ())
Identified bottleneck state: ((3, 3), (), ())
Converged after 7 iterations.
Converged after 8 iterations.
Converged after 7 iterations.
Converged after 7 iterations.
Converged after 10 iterations.
Converged after 8 iterations.
Converged after 7 iterations.
Converged after 10 iterations.
Converged after 7 iterations.
Converged after 7 iterations.
Converged after 7 iterations.
Converged after 7 iterations.
Converged after 7 iterations.
Converged after 7 iterations.
Converged after 8 iterations.
Converged after 9 iterations.
Converged after 11 iterations.
Converged after 9 iterations.
Converged after 9 iterations.
Converged after 11 iterations.
Converged after 9 iterations.
Converged after 9 iterations.
Converged after 9 iterations.
Converged after 2 iterations.
Identified bottleneck state: ((3, 2), (), ())
Converged after 7 iterations.
Converged after 7 iterations.
Converged after 7 iterations.
Converged after 7 iterations.
Converged after 7 iterations.
Converged after 7 iterations.
Converged after 7 iterations.
Converged after 8 iterations.
Converged after 8 iterations.
Converged after 7 iterations.
Converged after 7 iterations.
Converged after 7 iterations.
Converged after 7 iterations.
Converged after 7 iterations.
Converged after 7 iterations.
Converged after 7 iterations.
Converged after 7 iterations.
Converged after 8 iterations.
Converged after 7 iterations.
Converged after 11 iterations.
Converged after 10 iterations.
Converged after 2 iterations.
Identified bottleneck state: ((2, 3), (), ())
Converged after 7 iterations.
Converged after 7 iterations.
Converged after 6 iterations.
Identified bottleneck state: ((0, 1), (), ())
Converged after 7 iterations.
Converged after 7 iterations.
Converged after 7 iterations.
Converged after 7 iterations.
Converged after 7 iterations.
Converged after 7 iterations.
Converged after 7 iterations.
Converged after 8 iterations.
Converged after 2 iterations.
Identified bottleneck state: ((2, 3), (), ())
Converged after 7 iterations.
Converged after 7 iterations.
Converged after 7 iterations.
Converged after 8 iterations.
Converged after 7 iterations.
Converged after 7 iterations.
Converged after 10 iterations.
Converged after 8 iterations.
Converged after 7 iterations.
Converged after 10 iterations.
Converged after 7 iterations.
Converged after 7 iterations.
Converged after 7 iterations.
Converged after 7 iterations.
Converged after 7 iterations.
Converged after 7 iterations.
Converged after 8 iterations.
Converged after 9 iterations.
Converged after 11 iterations.
Converged after 7 iterations.
Converged after 9 iterations.
Converged after 7 iterations.
Converged after 7 iterations.
Converged after 7 iterations.
Converged after 7 iterations.
Converged after 7 iterations.
Converged after 7 iterations.
Converged after 7 iterations.
Converged after 8 iterations.
Converged after 7 iterations.
Converged after 8 iterations.
Converged after 3 iterations.
Identified bottleneck state: ((2, 2), (), ())
Converged after 7 iterations.
Converged after 7 iterations.
Converged after 7 iterations.
Converged after 7 iterations.
Converged after 7 iterations.
Converged after 7 iterations.
Converged after 7 iterations.
Converged after 7 iterations.
Converged after 7 iterations.
Converged after 7 iterations.
Converged after 7 iterations.
Converged after 7 iterations.
Converged after 7 iterations.
Converged after 7 iterations.
Converged after 7 iterations.
Converged after 7 iterations.
Converged after 7 iterations.
Converged after 7 iterations.
Converged after 8 iterations.
Converged after 9 iterations.
Converged after 7 iterations.
Converged after 7 iterations.
Converged after 10 iterations.
Converged after 8 iterations.
Converged after 7 iterations.
Converged after 11 iterations.
Converged after 9 iterations.
Converged after 10 iterations.
Converged after 11 iterations.
Converged after 7 iterations.
Converged after 8 iterations.
Converged after 7 iterations.
Converged after 7 iterations.
Converged after 7 iterations.
Converged after 10 iterations.
Converged after 8 iterations.
Converged after 7 iterations.
Converged after 11 iterations.
Converged after 7 iterations.
Converged after 10 iterations.
Converged after 11 iterations.
Converged after 7 iterations.
Converged after 7 iterations.
Converged after 7 iterations.
Converged after 7 iterations.
Converged after 7 iterations.
Converged after 8 iterations.
Converged after 7 iterations.
Converged after 9 iterations.
Converged after 7 iterations.
Converged after 9 iterations.
Converged after 7 iterations.
Converged after 7 iterations.
Converged after 7 iterations.
Converged after 7 iterations.
Converged after 7 iterations.
Converged after 7 iterations.
Converged after 7 iterations.
Converged after 8 iterations.
Converged after 7 iterations.
Converged after 8 iterations.
Converged after 3 iterations.
Identified bottleneck state: ((2, 2), (), ())
Converged after 7 iterations.
Converged after 7 iterations.
Converged after 7 iterations.
Converged after 7 iterations.
Converged after 7 iterations.
Converged after 7 iterations.
Converged after 7 iterations.
Converged after 7 iterations.
Converged after 7 iterations.
Converged after 7 iterations.
Converged after 7 iterations.
Converged after 7 iterations.
Converged after 7 iterations.
Converged after 7 iterations.
Converged after 7 iterations.
Converged after 7 iterations.
Converged after 7 iterations.
Number of states 3
Time to build the sparse matrix: 0.0001220703125
Time to run value iteration: 0.00601506233215332
Number of states 3
Time to build the sparse matrix: 9.179115295410156e-05
Time to run value iteration: 0.005969047546386719
Identified bottleneck state: ((3, 3), (), ())
Identified bottleneck state: ((3, 2), (), ())
Identified bottleneck state: ((3, 3), (), ())
Identified bottleneck state: ((3, 2), (), ())
Identified bottleneck state: ((3, 3), (), ())
Identified bottleneck state: ((1, 0), (), ())
Identified bottleneck state: ((3, 3), (), ())
Identified bottleneck state: ((3, 3), (), ())
Converged after 7 iterations.
Converged after 7 iterations.
Converged after 7 iterations.
Converged after 7 iterations.
Converged after 7 iterations.
Converged after 8 iterations.
Converged after 7 iterations.
Converged after 9 iterations.
Converged after 7 iterations.
Converged after 9 iterations.
Converged after 7 iterations.
Converged after 7 iterations.
Converged after 7 iterations.
Converged after 7 iterations.
Converged after 7 iterations.
Converged after 7 iterations.
Converged after 7 iterations.
Converged after 8 iterations.
Converged after 7 iterations.
Converged after 7 iterations.
Converged after 8 iterations.
Converged after 7 iterations.
Converged after 7 iterations.
Converged after 2 iterations.
Identified bottleneck state: ((3, 2), (), ())
Converged after 7 iterations.
Converged after 8 iterations.
Converged after 7 iterations.
Converged after 7 iterations.
Converged after 11 iterations.
Converged after 7 iterations.
Converged after 8 iterations.
Converged after 7 iterations.
Converged after 11 iterations.
Converged after 7 iterations.
Converged after 7 iterations.
Converged after 2 iterations.
Identified bottleneck state: ((3, 2), (), ())
Converged after 7 iterations.
Converged after 7 iterations.
Converged after 6 iterations.
Identified bottleneck state: ((1, 0), (), ())
Converged after 7 iterations.
Converged after 7 iterations.
Converged after 7 iterations.
Converged after 7 iterations.
Converged after 7 iterations.
Converged after 7 iterations.
Converged after 7 iterations.
Converged after 8 iterations.
Converged after 9 iterations.
Converged after 7 iterations.
Converged after 7 iterations.
Converged after 7 iterations.
Converged after 7 iterations.
Converged after 7 iterations.
Converged after 7 iterations.
Converged after 7 iterations.
Converged after 7 iterations.
Converged after 7 iterations.
Converged after 7 iterations.
Converged after 7 iterations.
Converged after 7 iterations.
Converged after 7 iterations.
Converged after 7 iterations.
Converged after 7 iterations.
Converged after 7 iterations.
Converged after 7 iterations.
Converged after 8 iterations.
Converged after 7 iterations.
Converged after 9 iterations.
Converged after 7 iterations.
Converged after 9 iterations.
Converged after 7 iterations.
Converged after 7 iterations.
Converged after 7 iterations.
Converged after 7 iterations.
Converged after 7 iterations.
Converged after 7 iterations.
Converged after 7 iterations.
Converged after 8 iterations.
Converged after 7 iterations.
Converged after 7 iterations.
Converged after 8 iterations.
Converged after 7 iterations.
Converged after 7 iterations.
Converged after 2 iterations.
Identified bottleneck state: ((3, 2), (), ())
Converged after 7 iterations.
Converged after 8 iterations.
Converged after 7 iterations.
Converged after 7 iterations.
Converged after 11 iterations.
Converged after 7 iterations.
Converged after 8 iterations.
Converged after 7 iterations.
Converged after 11 iterations.
Converged after 7 iterations.
Converged after 7 iterations.
Converged after 2 iterations.
Identified bottleneck state: ((3, 2), (), ())
Converged after 7 iterations.
Converged after 7 iterations.
Converged after 6 iterations.
Identified bottleneck state: ((1, 0), (), ())
Converged after 7 iterations.
Converged after 7 iterations.
Converged after 7 iterations.
Converged after 7 iterations.
Converged after 7 iterations.
Converged after 7 iterations.
Converged after 7 iterations.
Converged after 8 iterations.
Converged after 9 iterations.
Converged after 7 iterations.
Converged after 7 iterations.
Converged after 7 iterations.
Converged after 7 iterations.
Converged after 7 iterations.
Converged after 7 iterations.
Converged after 7 iterations.
Converged after 7 iterations.
Converged after 7 iterations.
Converged after 7 iterations.
Converged after 7 iterations.
Converged after 7 iterations.
Number of states 9
Time to build the sparse matrix: 0.00025081634521484375
Time to run value iteration: 0.009104728698730469
Number of states 9
Time to build the sparse matrix: 0.0002429485321044922
Time to run value iteration: 0.008999824523925781
No path found
No path found
No path found
No path found
No path found
No path found
No path found
No path found
No path found
No path found
No path found
No path found
No path found
No path found
No path found
No path found
No path found
No path found
No path found
No path found
No path found
No path found
No path found
No path found
No path found
No path found
No path found
No path found
No path found
No path found
No path found
No path found
No path found
No path found
No path found
No path found
No path found
No path found
No path found
No path found
No path found
No path found
Converged after 9 iterations.
Converged after 9 iterations.
Converged after 11 iterations.
Converged after 9 iterations.
Converged after 9 iterations.
Converged after 9 iterations.
Converged after 2 iterations.
Identified bottleneck state: ((3, 2), (), ())
Converged after 7 iterations.
Converged after 7 iterations.
Converged after 7 iterations.
Converged after 7 iterations.
Converged after 7 iterations.
Converged after 7 iterations.
Converged after 7 iterations.
Converged after 8 iterations.
Converged after 8 iterations.
Converged after 7 iterations.
Converged after 7 iterations.
Converged after 7 iterations.
Converged after 7 iterations.
Converged after 7 iterations.
Converged after 7 iterations.
Converged after 7 iterations.
Converged after 7 iterations.
Converged after 8 iterations.
Converged after 7 iterations.
Converged after 11 iterations.
Converged after 10 iterations.
Converged after 2 iterations.
Identified bottleneck state: ((2, 3), (), ())
Converged after 7 iterations.
Converged after 7 iterations.
Converged after 6 iterations.
Identified bottleneck state: ((0, 1), (), ())
Converged after 7 iterations.
Converged after 7 iterations.
Converged after 7 iterations.
Converged after 7 iterations.
Converged after 7 iterations.
Converged after 7 iterations.
Converged after 7 iterations.
Converged after 8 iterations.
Converged after 2 iterations.
Identified bottleneck state: ((2, 3), (), ())
Converged after 7 iterations.
Converged after 7 iterations.
Number of states 27
Time to build the sparse matrix: 0.0013279914855957031
Time to run value iteration: 0.011653900146484375
Number of states 27
Time to build the sparse matrix: 0.0012197494506835938
Time to run value iteration: 0.011529922485351562
Identified bottleneck state: ((1, 3), (), ())
Identified bottleneck state: ((2, 3), (), ())
Identified bottleneck state: ((3, 3), (), ())
Identified bottleneck state: ((3, 3), (), ())
Identified bottleneck state: ((3, 2), (), ())
Identified bottleneck state: ((3, 3), (), ())
Identified bottleneck state: ((2, 2), (), ())
Identified bottleneck state: ((3, 2), (), ())
Identified bottleneck state: ((3, 3), (), ())
Identified bottleneck state: ((1, 0), (), ())
Identified bottleneck state: ((3, 3), (), ())
Converged after 8 iterations.
Converged after 8 iterations.
Converged after 8 iterations.
Converged after 8 iterations.
Converged after 10 iterations.
Converged after 10 iterations.
Converged after 3 iterations.
Identified bottleneck state: ((1, 3), (), ())
Converged after 7 iterations.
Converged after 8 iterations.
Converged after 2 iterations.
Identified bottleneck state: ((2, 3), (), ())
Converged after 8 iterations.
Converged after 8 iterations.
Converged after 7 iterations.
Converged after 7 iterations.
Converged after 7 iterations.
Converged after 7 iterations.
Converged after 7 iterations.
Converged after 7 iterations.
Converged after 10 iterations.
Converged after 7 iterations.
Converged after 10 iterations.
Converged after 7 iterations.
Converged after 8 iterations.
Converged after 9 iterations.
Converged after 7 iterations.
Converged after 7 iterations.
Converged after 7 iterations.
Converged after 7 iterations.
Converged after 8 iterations.
Converged after 9 iterations.
Converged after 7 iterations.
Converged after 7 iterations.
Converged after 8 iterations.
Converged after 7 iterations.
Converged after 7 iterations.
Converged after 2 iterations.
Identified bottleneck state: ((3, 2), (), ())
Converged after 7 iterations.
Converged after 7 iterations.
Converged after 7 iterations.
Converged after 7 iterations.
Converged after 7 iterations.
Converged after 9 iterations.
Converged after 7 iterations.
Converged after 7 iterations.
Converged after 8 iterations.
Converged after 3 iterations.
Identified bottleneck state: ((2, 2), (), ())
Converged after 7 iterations.
Converged after 2 iterations.
Identified bottleneck state: ((3, 2), (), ())
Converged after 7 iterations.
Converged after 6 iterations.
Identified bottleneck state: ((1, 0), (), ())
Converged after 7 iterations.
Converged after 7 iterations.
Converged after 7 iterations.
Converged after 7 iterations.
Converged after 7 iterations.
Converged after 7 iterations.
Converged after 7 iterations.
Converged after 7 iterations.
Converged after 7 iterations.
Converged after 7 iterations.
Converged after 8 iterations.
Converged after 8 iterations.
Converged after 8 iterations.
Converged after 8 iterations.
Converged after 10 iterations.
Converged after 10 iterations.
Converged after 3 iterations.
Identified bottleneck state: ((1, 3), (), ())
Converged after 7 iterations.
Converged after 8 iterations.
Converged after 2 iterations.
Identified bottleneck state: ((2, 3), (), ())
Converged after 8 iterations.
Converged after 8 iterations.
Converged after 7 iterations.
Converged after 7 iterations.
Converged after 7 iterations.
Converged after 7 iterations.
Converged after 7 iterations.
Converged after 7 iterations.
Converged after 10 iterations.
Converged after 7 iterations.
Converged after 10 iterations.
Converged after 7 iterations.
Converged after 8 iterations.
Converged after 9 iterations.
Converged after 7 iterations.
Converged after 7 iterations.
Converged after 7 iterations.
Converged after 7 iterations.
Converged after 8 iterations.
Converged after 9 iterations.
Converged after 7 iterations.
Converged after 7 iterations.
Converged after 8 iterations.
Converged after 7 iterations.
Converged after 7 iterations.
Converged after 2 iterations.
Identified bottleneck state: ((3, 2), (), ())
Converged after 7 iterations.
Converged after 7 iterations.
Converged after 7 iterations.
Converged after 7 iterations.
Converged after 7 iterations.
Converged after 9 iterations.
Converged after 7 iterations.
Converged after 7 iterations.
Converged after 8 iterations.
Converged after 3 iterations.
Identified bottleneck state: ((2, 2), (), ())
Converged after 7 iterations.
Converged after 2 iterations.
Identified bottleneck state: ((3, 2), (), ())
Converged after 7 iterations.
Converged after 6 iterations.
Identified bottleneck state: ((1, 0), (), ())
Converged after 7 iterations.
Converged after 7 iterations.
Converged after 7 iterations.
Converged after 7 iterations.
Converged after 7 iterations.
Converged after 7 iterations.
Converged after 7 iterations.
Converged after 7 iterations.
Converged after 7 iterations.
Converged after 7 iterations.
Number of states 243
Time to build the sparse matrix: 0.11994791030883789
Time to run value iteration: 0.022769927978515625
Number of states 243
Time to build the sparse matrix: 0.1180112361907959
Time to run value iteration: 0.022167205810546875
No path found
No path found
No path found
No path found
No path found
No path found
No path found
No path found
No path found
No path found
No path found
No path found
No path found
No path found
No path found
No path found
No path found
No path found
No path found
No path found
No path found
No path found
No path found
No path found
No path found
No path found
No path found
No path found
No path found
No path found
No path found
No path found
No path found
No path found
No path found
No path found
No path found
No path found
No path found
No path found
No path found
No path found
No path found
No path found
No path found
No path found
No path found
No path found
No path found
No path found
No path found
No path found
No path found
No path found
No path found
No path found
No path found
No path found
No path found
No path found
No path found
No path found
No path found
No path found
No path found
No path found
No path found
No path found
No path found
No path found
No path found
No path found
No path found
No path found
No path found
No path found
No path found
No path found
No path found
No path found
No path found
No path found
No path found
No path found
No path found
No path found
No path found
No path found
No path found
No path found
No path found
No path found
No path found
No path found
No path found
No path found
No path found
No path found
No path found
No path found
Identified bottleneck state: ((0, 1), (), ())
Identified bottleneck state: ((3, 3), (), ())
Identified bottleneck state: ((0, 1), (), ())
Converged after 7 iterations.
Converged after 7 iterations.
Converged after 7 iterations.
Converged after 7 iterations.
Converged after 7 iterations.
Converged after 8 iterations.
Converged after 7 iterations.
Converged after 11 iterations.
Converged after 10 iterations.
Converged after 2 iterations.
Identified bottleneck state: ((2, 3), (), ())
Converged after 7 iterations.
Converged after 7 iterations.
Converged after 6 iterations.
Identified bottleneck state: ((0, 1), (), ())
Converged after 5 iterations.
Identified bottleneck state: ((0, 2), (), ())
Converged after 8 iterations.
Converged after 8 iterations.
Converged after 8 iterations.
Converged after 8 iterations.
Converged after 8 iterations.
Converged after 8 iterations.
Converged after 8 iterations.
Converged after 8 iterations.
Converged after 8 iterations.
Converged after 8 iterations.
Converged after 7 iterations.
Converged after 8 iterations.
Converged after 9 iterations.
Converged after 7 iterations.
Converged after 7 iterations.
Converged after 10 iterations.
Converged after 8 iterations.
Converged after 7 iterations.
Converged after 11 iterations.
Converged after 9 iterations.
Converged after 10 iterations.
Converged after 11 iterations.
Number of states 81
Time to build the sparse matrix: 0.011574029922485352
Time to run value iteration: 0.01569986343383789
Number of states 81
Time to build the sparse matrix: 0.011595010757446289
Time to run value iteration: 0.015971899032592773
Identified bottleneck state: ((3, 3), (), ())
Identified bottleneck state: ((3, 3), (), ())
Identified bottleneck state: ((0, 1), (), ())
Identified bottleneck state: ((3, 3), (), ())
Identified bottleneck state: ((0, 1), (), ())
Identified bottleneck state: ((3, 3), (), ())
Identified bottleneck state: ((2, 2), (), ())
Identified bottleneck state: ((3, 2), (), ())
Identified bottleneck state: ((3, 3), (), ())
Converged after 7 iterations.
Converged after 7 iterations.
Converged after 7 iterations.
Converged after 8 iterations.
Converged after 8 iterations.
Converged after 7 iterations.
Converged after 7 iterations.
Converged after 7 iterations.
Converged after 7 iterations.
Converged after 7 iterations.
Converged after 8 iterations.
Converged after 9 iterations.
Converged after 7 iterations.
Converged after 7 iterations.
Converged after 7 iterations.
Converged after 7 iterations.
Converged after 7 iterations.
Converged after 7 iterations.
Converged after 7 iterations.
Converged after 7 iterations.
Converged after 7 iterations.
Converged after 7 iterations.
Converged after 7 iterations.
Converged after 7 iterations.
Converged after 6 iterations.
Identified bottleneck state: ((0, 1), (), ())
Converged after 7 iterations.
Converged after 7 iterations.
Converged after 7 iterations.
Converged after 8 iterations.
Converged after 7 iterations.
Converged after 7 iterations.
Converged after 7 iterations.
Converged after 9 iterations.
Converged after 7 iterations.
Converged after 7 iterations.
Converged after 7 iterations.
Converged after 6 iterations.
Identified bottleneck state: ((0, 1), (), ())
Converged after 7 iterations.
Converged after 7 iterations.
Converged after 7 iterations.
Converged after 7 iterations.
Converged after 7 iterations.
Converged after 7 iterations.
Converged after 7 iterations.
Converged after 7 iterations.
Converged after 7 iterations.
Converged after 7 iterations.
Converged after 7 iterations.
Converged after 7 iterations.
Converged after 7 iterations.
Converged after 7 iterations.
Converged after 7 iterations.
Converged after 7 iterations.
Converged after 9 iterations.
Converged after 7 iterations.
Converged after 7 iterations.
Converged after 8 iterations.
Converged after 3 iterations.
Identified bottleneck state: ((2, 2), (), ())
Converged after 7 iterations.
Converged after 2 iterations.
Identified bottleneck state: ((3, 2), (), ())
Converged after 7 iterations.
Converged after 7 iterations.
Converged after 7 iterations.
Converged after 8 iterations.
Converged after 8 iterations.
Converged after 7 iterations.
Converged after 7 iterations.
Converged after 7 iterations.
Converged after 7 iterations.
Converged after 7 iterations.
Converged after 8 iterations.
Converged after 9 iterations.
Converged after 7 iterations.
Converged after 7 iterations.
Converged after 7 iterations.
Converged after 7 iterations.
Converged after 7 iterations.
Converged after 7 iterations.
Converged after 7 iterations.
Converged after 7 iterations.
Converged after 7 iterations.
Converged after 7 iterations.
Converged after 7 iterations.
Converged after 7 iterations.
Converged after 6 iterations.
Identified bottleneck state: ((0, 1), (), ())
Converged after 7 iterations.
Converged after 7 iterations.
Converged after 7 iterations.
Converged after 8 iterations.
Converged after 7 iterations.
Converged after 7 iterations.
Converged after 7 iterations.
Converged after 9 iterations.
Converged after 7 iterations.
Converged after 7 iterations.
Converged after 7 iterations.
Converged after 6 iterations.
Identified bottleneck state: ((0, 1), (), ())
Converged after 7 iterations.
Converged after 7 iterations.
Converged after 7 iterations.
Converged after 7 iterations.
Converged after 7 iterations.
Converged after 7 iterations.
Converged after 7 iterations.
Converged after 7 iterations.
Converged after 7 iterations.
Converged after 7 iterations.
Converged after 7 iterations.
Converged after 7 iterations.
Converged after 7 iterations.
Converged after 7 iterations.
Converged after 7 iterations.
Converged after 7 iterations.
Converged after 9 iterations.
Converged after 7 iterations.
Converged after 7 iterations.
Converged after 8 iterations.
Converged after 3 iterations.
Identified bottleneck state: ((2, 2), (), ())
Converged after 7 iterations.
Converged after 2 iterations.
Identified bottleneck state: ((3, 2), (), ())
Number of states 27
Time to build the sparse matrix: 0.0013279914855957031
Time to run value iteration: 0.01236414909362793
Number of states 27
Time to build the sparse matrix: 0.0013730525970458984
Time to run value iteration: 0.012220144271850586
Identified bottleneck state: ((3, 3), (), ())
Identified bottleneck state: ((3, 3), (), ())
Identified bottleneck state: ((2, 3), (), ())
Identified bottleneck state: ((3, 3), (), ())
Identified bottleneck state: ((2, 3), (), ())
Identified bottleneck state: ((3, 3), (), ())
Identified bottleneck state: ((3, 3), (), ())
Converged after 7 iterations.
Converged after 8 iterations.
Converged after 7 iterations.
Converged after 7 iterations.
Converged after 7 iterations.
Converged after 7 iterations.
Converged after 8 iterations.
Converged after 7 iterations.
Converged after 7 iterations.
Converged after 9 iterations.
Converged after 10 iterations.
Converged after 11 iterations.
Converged after 7 iterations.
Converged after 7 iterations.
Converged after 7 iterations.
Converged after 7 iterations.
Converged after 7 iterations.
Converged after 10 iterations.
Converged after 7 iterations.
Converged after 10 iterations.
Converged after 7 iterations.
Converged after 7 iterations.
Converged after 8 iterations.
Converged after 9 iterations.
Converged after 7 iterations.
Converged after 7 iterations.
Converged after 7 iterations.
Converged after 7 iterations.
Converged after 7 iterations.
Converged after 8 iterations.
Converged after 7 iterations.
Converged after 11 iterations.
Converged after 10 iterations.
Converged after 2 iterations.
Identified bottleneck state: ((2, 3), (), ())
Converged after 7 iterations.
Converged after 7 iterations.
Converged after 9 iterations.
Converged after 9 iterations.
Converged after 9 iterations.
Converged after 7 iterations.
Converged after 11 iterations.
Converged after 11 iterations.
Converged after 9 iterations.
Converged after 7 iterations.
Converged after 9 iterations.
Converged after 2 iterations.
Identified bottleneck state: ((2, 3), (), ())
Converged after 8 iterations.
Converged after 9 iterations.
Converged after 7 iterations.
Converged after 7 iterations.
Converged after 7 iterations.
Converged after 7 iterations.
Converged after 9 iterations.
Converged after 9 iterations.
Converged after 7 iterations.
No path found
No path found
No path found
No path found
No path found
No path found
No path found
No path found
No path found
No path found
No path found
No path found
No path found
No path found
No path found
No path found
No path found
No path found
No path found
No path found
No path found
No path found
No path found
No path found
No path found
No path found
No path found
No path found
No path found
No path found
No path found
No path found
No path found
No path found
No path found
No path found
No path found
No path found
No path found
No path found
No path found
No path found
No path found
No path found
No path found
No path found
No path found
No path found
No path found
No path found
No path found
No path found
No path found
No path found
No path found
No path found
No path found
No path found
Identified bottleneck state: ((3, 3), (), ())
Identified bottleneck state: ((3, 3), (), ())
Identified bottleneck state: ((1, 0), (), ())
Identified bottleneck state: ((3, 3), (), ())
Identified bottleneck state: ((2, 3), (), ())
Identified bottleneck state: ((3, 3), (), ())
Identified bottleneck state: ((3, 3), (), ())
Converged after 7 iterations.
Converged after 7 iterations.
Converged after 7 iterations.
Converged after 7 iterations.
Converged after 7 iterations.
Converged after 7 iterations.
Converged after 7 iterations.
Converged after 7 iterations.
Converged after 7 iterations.
Converged after 7 iterations.
Converged after 7 iterations.
Converged after 7 iterations.
Converged after 7 iterations.
Converged after 7 iterations.
Converged after 7 iterations.
Converged after 8 iterations.
Converged after 7 iterations.
Converged after 7 iterations.
Converged after 7 iterations.
Converged after 10 iterations.
Converged after 8 iterations.
Converged after 7 iterations.
Converged after 11 iterations.
Converged after 7 iterations.
Converged after 10 iterations.
Converged after 11 iterations.
Converged after 7 iterations.
Converged after 7 iterations.
Converged after 6 iterations.
Identified bottleneck state: ((1, 0), (), ())
Converged after 7 iterations.
Converged after 7 iterations.
Converged after 8 iterations.
Converged after 7 iterations.
Converged after 7 iterations.
Converged after 8 iterations.
Converged after 7 iterations.
Converged after 8 iterations.
Converged after 8 iterations.
Converged after 7 iterations.
Converged after 7 iterations.
Converged after 7 iterations.
Converged after 8 iterations.
Converged after 7 iterations.
Converged after 7 iterations.
Converged after 7 iterations.
Converged after 9 iterations.
Converged after 8 iterations.
Converged after 2 iterations.
Identified bottleneck state: ((2, 3), (), ())
Converged after 7 iterations.
Converged after 7 iterations.
Converged after 7 iterations.
Converged after 8 iterations.
Converged after 7 iterations.
Converged after 9 iterations.
Converged after 7 iterations.
Converged after 8 iterations.
Converged after 7 iterations.
Converged after 7 iterations.
Converged after 7 iterations.
Converged after 7 iterations.
Converged after 7 iterations.
Converged after 7 iterations.
Converged after 7 iterations.
Converged after 7 iterations.
Converged after 7 iterations.
Converged after 7 iterations.
Converged after 7 iterations.
Converged after 7 iterations.
Converged after 7 iterations.
Converged after 7 iterations.
Converged after 7 iterations.
Converged after 7 iterations.
Converged after 7 iterations.
Converged after 7 iterations.
Converged after 7 iterations.
Converged after 7 iterations.
Converged after 7 iterations.
Converged after 8 iterations.
Converged after 7 iterations.
Converged after 7 iterations.
Converged after 7 iterations.
Converged after 10 iterations.
Converged after 8 iterations.
Converged after 7 iterations.
Converged after 11 iterations.
Converged after 7 iterations.
Converged after 10 iterations.
Converged after 11 iterations.
Converged after 7 iterations.
Converged after 7 iterations.
Converged after 6 iterations.
Identified bottleneck state: ((1, 0), (), ())
Converged after 7 iterations.
Converged after 7 iterations.
Converged after 8 iterations.
Converged after 7 iterations.
Converged after 7 iterations.
Converged after 8 iterations.
Converged after 7 iterations.
Converged after 8 iterations.
Converged after 8 iterations.
Converged after 7 iterations.
Converged after 7 iterations.
Converged after 7 iterations.
Converged after 8 iterations.
Converged after 7 iterations.
Converged after 7 iterations.
Converged after 7 iterations.
Converged after 9 iterations.
Converged after 8 iterations.
Converged after 2 iterations.
Identified bottleneck state: ((2, 3), (), ())
Converged after 7 iterations.
Converged after 7 iterations.
Converged after 7 iterations.
Converged after 8 iterations.
Converged after 7 iterations.
Converged after 9 iterations.
Converged after 7 iterations.
Converged after 8 iterations.
Converged after 7 iterations.
Converged after 7 iterations.
Converged after 7 iterations.
Converged after 7 iterations.
Converged after 7 iterations.
Converged after 7 iterations.
Number of states 9
Time to build the sparse matrix: 0.00028514862060546875
Time to run value iteration: 0.009380102157592773
Number of states 9
Time to build the sparse matrix: 0.0002696514129638672
Time to run value iteration: 0.00911092758178711
Identified bottleneck state: ((3, 3), (), ())
Identified bottleneck state: ((1, 0), (), ())
Identified bottleneck state: ((3, 3), (), ())
Identified bottleneck state: ((0, 1), (), ())
Identified bottleneck state: ((2, 3), (), ())
Identified bottleneck state: ((3, 3), (), ())
Identified bottleneck state: ((0, 1), (), ())
Identified bottleneck state: ((0, 2), (), ())
Identified bottleneck state: ((1, 2), (), ())
Identified bottleneck state: ((2, 2), (), ())
Identified bottleneck state: ((3, 3), (), ())
Identified bottleneck state: ((0, 1), (), ())
Identified bottleneck state: ((0, 2), (), ())
Identified bottleneck state: ((0, 3), (), ())
Identified bottleneck state: ((1, 3), (), ())
Identified bottleneck state: ((2, 3), (), ())
Identified bottleneck state: ((3, 3), (), ())
Converged after 7 iterations.
Converged after 8 iterations.
Converged after 9 iterations.
Converged after 7 iterations.
Converged after 7 iterations.
Converged after 10 iterations.
Converged after 8 iterations.
Converged after 11 iterations.
Converged after 9 iterations.
Converged after 10 iterations.
Converged after 11 iterations.
Converged after 7 iterations.
Converged after 7 iterations.
Converged after 6 iterations.
Identified bottleneck state: ((1, 0), (), ())
Converged after 7 iterations.
Converged after 7 iterations.
Converged after 7 iterations.
Converged after 7 iterations.
Converged after 8 iterations.
Converged after 7 iterations.
Converged after 7 iterations.
Converged after 7 iterations.
Converged after 6 iterations.
Identified bottleneck state: ((0, 1), (), ())
Converged after 7 iterations.
Converged after 7 iterations.
Converged after 7 iterations.
Converged after 8 iterations.
Converged after 7 iterations.
Converged after 7 iterations.
Converged after 10 iterations.
Converged after 2 iterations.
Identified bottleneck state: ((2, 3), (), ())
Converged after 7 iterations.
Converged after 7 iterations.
Converged after 6 iterations.
Identified bottleneck state: ((0, 1), (), ())
Converged after 5 iterations.
Identified bottleneck state: ((0, 2), (), ())
Converged after 8 iterations.
Converged after 8 iterations.
Converged after 4 iterations.
Identified bottleneck state: ((1, 2), (), ())
Converged after 8 iterations.
Converged after 4 iterations.
Identified bottleneck state: ((2, 2), (), ())
Converged after 8 iterations.
Converged after 8 iterations.
Converged after 8 iterations.
Converged after 8 iterations.
Converged after 6 iterations.
Identified bottleneck state: ((0, 1), (), ())
Converged after 5 iterations.
Identified bottleneck state: ((0, 2), (), ())
Converged after 4 iterations.
Identified bottleneck state: ((0, 3), (), ())
Converged after 8 iterations.
Converged after 9 iterations.
Converged after 3 iterations.
Identified bottleneck state: ((1, 3), (), ())
Converged after 9 iterations.
Converged after 9 iterations.
Converged after 3 iterations.
Converged after 7 iterations.
Converged after 7 iterations.
Converged after 7 iterations.
Converged after 7 iterations.
Converged after 7 iterations.
Converged after 7 iterations.
Converged after 8 iterations.
Converged after 7 iterations.
Converged after 7 iterations.
Converged after 7 iterations.
Converged after 7 iterations.
Converged after 8 iterations.
Converged after 7 iterations.
Converged after 7 iterations.
Converged after 9 iterations.
Converged after 10 iterations.
Converged after 11 iterations.
Converged after 7 iterations.
Converged after 7 iterations.
Converged after 7 iterations.
Converged after 7 iterations.
Converged after 7 iterations.
Converged after 10 iterations.
Converged after 7 iterations.
Converged after 10 iterations.
Converged after 7 iterations.
Converged after 7 iterations.
Converged after 8 iterations.
Converged after 9 iterations.
Converged after 7 iterations.
Converged after 7 iterations.
Converged after 7 iterations.
Converged after 7 iterations.
Converged after 7 iterations.
Converged after 8 iterations.
Converged after 7 iterations.
Converged after 11 iterations.
Converged after 10 iterations.
Converged after 2 iterations.
Identified bottleneck state: ((2, 3), (), ())
Converged after 7 iterations.
Converged after 7 iterations.
Converged after 9 iterations.
Converged after 9 iterations.
Converged after 9 iterations.
Converged after 7 iterations.
Converged after 11 iterations.
Converged after 11 iterations.
Converged after 9 iterations.
Converged after 7 iterations.
Converged after 9 iterations.
Converged after 2 iterations.
Identified bottleneck state: ((2, 3), (), ())
Converged after 8 iterations.
Converged after 9 iterations.
Converged after 7 iterations.
Converged after 7 iterations.
Converged after 7 iterations.
Converged after 7 iterations.
Converged after 9 iterations.
Converged after 9 iterations.
Converged after 7 iterations.
Converged after 7 iterations.
Converged after 7 iterations.
Converged after 7 iterations.
Converged after 7 iterations.
Converged after 7 iterations.
Number of states 3
Time to build the sparse matrix: 0.00010585784912109375
Time to run value iteration: 0.005859851837158203
Number of states 3
Time to build the sparse matrix: 5.507469177246094e-05
Time to run value iteration: 0.006072282791137695
No path found
No path found
No path found
No path found
No path found
No path found
No path found
No path found
No path found
No path found
No path found
No path found
No path found
No path found
No path found
No path found
No path found
No path found
No path found
No path found
No path found
No path found
No path found
No path found
No path found
No path found
No path found
No path found
No path found
No path found
No path found
No path found
No path found
No path found
No path found
No path found
No path found
No path found
No path found
No path found
No path found
No path found
No path found
No path found
No path found
No path found
No path found
No path found
No path found
No path found
No path found
No path found
No path found
No path found
No path found
No path found
No path found
No path found
No path found
No path found
No path found
No path found
No path found
No path found
No path found
No path found
No path found
No path found
No path found
No path found
No path found
No path found
No path found
No path found
No path found
No path found
No path found
No path found
No path found
No path found
No path found
No path found
No path found
No path found
No path found
No path found
No path found
No path found
No path found
No path found
No path found
No path found
No path found
No path found
No path found
No path found
No path found
No path found
No path found
No path found
Identified bottleneck state: ((2, 2), (), ())
Identified bottleneck state: ((2, 3), (), ())
Identified bottleneck state: ((3, 3), (), ())
Identified bottleneck state: ((3, 1), (), ())
Identified bottleneck state: ((3, 2), (), ())
Identified bottleneck state: ((3, 3), (), ())
Identified bottleneck state: ((1, 2), (), ())
Identified bottleneck state: ((3, 3), (), ())
Identified bottleneck state: ((0, 1), (), ())
Identified bottleneck state: ((0, 2), (), ())
Identified bottleneck state: ((0, 3), (), ())
Identified bottleneck state: ((1, 3), (), ())
Identified bottleneck state: ((2, 3), (), ())
Identified bottleneck state: ((3, 3), (), ())
Identified bottleneck state: ((3, 3), (), ())
Converged after 7 iterations.
Converged after 8 iterations.
Converged after 7 iterations.
Converged after 7 iterations.
Converged after 10 iterations.
Converged after 8 iterations.
Converged after 11 iterations.
Converged after 3 iterations.
Identified bottleneck state: ((2, 2), (), ())
Converged after 2 iterations.
Identified bottleneck state: ((2, 3), (), ())
Converged after 7 iterations.
Converged after 7 iterations.
Converged after 7 iterations.
Converged after 7 iterations.
Converged after 8 iterations.
Converged after 9 iterations.
Converged after 11 iterations.
Converged after 9 iterations.
Converged after 9 iterations.
Converged after 11 iterations.
Converged after 9 iterations.
Converged after 3 iterations.
Identified bottleneck state: ((3, 1), (), ())
Converged after 2 iterations.
Identified bottleneck state: ((3, 2), (), ())
Converged after 8 iterations.
Converged after 8 iterations.
Converged after 7 iterations.
Converged after 10 iterations.
Converged after 4 iterations.
Identified bottleneck state: ((1, 2), (), ())
Converged after 8 iterations.
Converged after 7 iterations.
Converged after 8 iterations.
Converged after 8 iterations.
Converged after 8 iterations.
Converged after 8 iterations.
Converged after 6 iterations.
Identified bottleneck state: ((0, 1), (), ())
Converged after 5 iterations.
Identified bottleneck state: ((0, 2), (), ())
Converged after 4 iterations.
Identified bottleneck state: ((0, 3), (), ())
Converged after 8 iterations.
Converged after 11 iterations.
Converged after 3 iterations.
Identified bottleneck state: ((1, 3), (), ())
Converged after 9 iterations.
Converged after 11 iterations.
Converged after 2 iterations.
Identified bottleneck state: ((2, 3), (), ())
Converged after 10 iterations.
Converged after 11 iterations.
Converged after 7 iterations.
Converged after 7 iterations.
Converged after 7 iterations.
Converged after 7 iterations.
Converged after 7 iterations.
Converged after 7 iterations.
Converged after 7 iterations.
Converged after 7 iterations.
Converged after 7 iterations.
Converged after 7 iterations.
Converged after 7 iterations.
Converged after 7 iterations.
Converged after 7 iterations.
Converged after 7 iterations.
Converged after 7 iterations.
Converged after 8 iterations.
Converged after 7 iterations.
Converged after 7 iterations.
Converged after 10 iterations.
Converged after 8 iterations.
Converged after 11 iterations.
Converged after 3 iterations.
Identified bottleneck state: ((2, 2), (), ())
Converged after 2 iterations.
Identified bottleneck state: ((2, 3), (), ())
Converged after 7 iterations.
Converged after 7 iterations.
Converged after 7 iterations.
Converged after 7 iterations.
Converged after 8 iterations.
Converged after 9 iterations.
Converged after 11 iterations.
Converged after 9 iterations.
Converged after 9 iterations.
Converged after 11 iterations.
Converged after 9 iterations.
Converged after 3 iterations.
Identified bottleneck state: ((3, 1), (), ())
Converged after 2 iterations.
Identified bottleneck state: ((3, 2), (), ())
Converged after 8 iterations.
Converged after 8 iterations.
Converged after 7 iterations.
Converged after 10 iterations.
Converged after 4 iterations.
Identified bottleneck state: ((1, 2), (), ())
Converged after 8 iterations.
Converged after 7 iterations.
Converged after 8 iterations.
Converged after 8 iterations.
Converged after 8 iterations.
Converged after 8 iterations.
Converged after 6 iterations.
Identified bottleneck state: ((0, 1), (), ())
Converged after 5 iterations.
Identified bottleneck state: ((0, 2), (), ())
Converged after 4 iterations.
Identified bottleneck state: ((0, 3), (), ())
Converged after 8 iterations.
Converged after 11 iterations.
Converged after 3 iterations.
Identified bottleneck state: ((1, 3), (), ())
Identified bottleneck state: ((0, 2), (), ())
Identified bottleneck state: ((3, 3), (), ())
Identified bottleneck state: ((1, 0), (), ())
Identified bottleneck state: ((3, 3), (), ())
Identified bottleneck state: ((3, 1), (), ())
Identified bottleneck state: ((3, 2), (), ())
Identified bottleneck state: ((3, 3), (), ())
Identified bottleneck state: ((0, 1), (), ())
Identified bottleneck state: ((3, 3), (), ())
Converged after 6 iterations.
Identified bottleneck state: ((0, 1), (), ())
Converged after 7 iterations.
Converged after 7 iterations.
Converged after 7 iterations.
Converged after 8 iterations.
Converged after 7 iterations.
Converged after 7 iterations.
Converged after 7 iterations.
Converged after 9 iterations.
Converged after 7 iterations.
Converged after 7 iterations.
Converged after 7 iterations.
Converged after 6 iterations.
Identified bottleneck state: ((0, 1), (), ())
Converged after 5 iterations.
Identified bottleneck state: ((0, 2), (), ())
Converged after 7 iterations.
Converged after 7 iterations.
Converged after 7 iterations.
Converged after 7 iterations.
Converged after 7 iterations.
Converged after 7 iterations.
Converged after 7 iterations.
Converged after 7 iterations.
Converged after 7 iterations.
Converged after 7 iterations.
Converged after 7 iterations.
Converged after 7 iterations.
Converged after 6 iterations.
Identified bottleneck state: ((1, 0), (), ())
Converged after 7 iterations.
Converged after 7 iterations.
Converged after 8 iterations.
Converged after 7 iterations.
Converged after 7 iterations.
Converged after 8 iterations.
Converged after 7 iterations.
Converged after 8 iterations.
Converged after 8 iterations.
Converged after 8 iterations.
Converged after 7 iterations.
Converged after 8 iterations.
Converged after 8 iterations.
Converged after 10 iterations.
Converged after 8 iterations.
Converged after 8 iterations.
Converged after 10 iterations.
Converged after 8 iterations.
Converged after 8 iterations.
Converged after 3 iterations.
Identified bottleneck state: ((3, 1), (), ())
Converged after 2 iterations.
Identified bottleneck state: ((3, 2), (), ())
Converged after 6 iterations.
Identified bottleneck state: ((0, 1), (), ())
Converged after 7 iterations.
Converged after 7 iterations.
Converged after 7 iterations.
Converged after 7 iterations.
Converged after 7 iterations.
Converged after 7 iterations.
Converged after 7 iterations.
Converged after 7 iterations.
Converged after 7 iterations.
Converged after 7 iterations.
Converged after 7 iterations.
Converged after 6 iterations.
Identified bottleneck state: ((0, 1), (), ())
Converged after 7 iterations.
Converged after 7 iterations.
Converged after 7 iterations.
Converged after 8 iterations.
Converged after 7 iterations.
Converged after 7 iterations.
Converged after 7 iterations.
Converged after 9 iterations.
Converged after 7 iterations.
Converged after 7 iterations.
Converged after 7 iterations.
Converged after 6 iterations.
Identified bottleneck state: ((0, 1), (), ())
Converged after 5 iterations.
Identified bottleneck state: ((0, 2), (), ())
Converged after 7 iterations.
Converged after 7 iterations.
Converged after 7 iterations.
Converged after 7 iterations.
Converged after 7 iterations.
Converged after 7 iterations.
Converged after 7 iterations.
Converged after 7 iterations.
Converged after 7 iterations.
Converged after 7 iterations.
Converged after 7 iterations.
Converged after 7 iterations.
Converged after 6 iterations.
Identified bottleneck state: ((1, 0), (), ())
Converged after 7 iterations.
Converged after 7 iterations.
Converged after 8 iterations.
Converged after 7 iterations.
Converged after 7 iterations.
Converged after 8 iterations.
Converged after 7 iterations.
Converged after 8 iterations.
Converged after 8 iterations.
Converged after 8 iterations.
Converged after 7 iterations.
Converged after 8 iterations.
Converged after 8 iterations.
Converged after 10 iterations.
Converged after 8 iterations.
Converged after 8 iterations.
Converged after 10 iterations.
Converged after 8 iterations.
Converged after 8 iterations.
Converged after 3 iterations.
Identified bottleneck state: ((3, 1), (), ())
Converged after 2 iterations.
Identified bottleneck state: ((3, 2), (), ())
Converged after 6 iterations.
Identified bottleneck state: ((0, 1), (), ())
Converged after 7 iterations.
Converged after 7 iterations.
Converged after 7 iterations.
Converged after 7 iterations.
Converged after 7 iterations.
Converged after 7 iterations.
Converged after 7 iterations.
Converged after 7 iterations.
Converged after 7 iterations.
Converged after 7 iterations.
Converged after 7 iterations.
Number of states 243
Time to build the sparse matrix: 0.11872506141662598
Time to run value iteration: 0.021796226501464844
Number of states 243
Time to build the sparse matrix: 0.11818695068359375
Time to run value iteration: 0.0226590633392334
No path found
No path found
No path found
No path found
No path found
No path found
No path found
No path found
No path found
No path found
No path found
No path found
No path found
No path found
No path found
No path found
No path found
No path found
No path found
No path found
No path found
No path found
No path found
No path found
No path found
No path found
No path found
No path found
No path found
No path found
No path found
No path found
No path found
No path found
No path found
No path found
No path found
No path found
No path found
No path found
No path found
No path found
No path found
No path found
No path found
No path found
No path found
No path found
No path found
No path found
No path found
No path found
No path found
No path found
No path found
No path found
No path found
No path found
No path found
No path found
No path found
No path found
No path found
No path found
No path found
No path found
No path found
No path found
No path found
No path found
No path found
No path found
No path found
No path found
No path found
No path found
No path found
No path found
No path found
No path found
No path found
No path found
No path found
No path found
No path found
No path found
No path found
No path found
No path found
No path found
No path found
No path found
No path found
No path found
No path found
No path found
No path found
No path found
No path found
No path found
Identified bottleneck state: ((0, 1), (), ())
Identified bottleneck state: ((0, 2), (), ())
Identified bottleneck state: ((0, 3), (), ())
Identified bottleneck state: ((1, 3), (), ())
Identified bottleneck state: ((2, 3), (), ())
Identified bottleneck state: ((3, 3), (), ())
Identified bottleneck state: ((1, 0), (), ())
Identified bottleneck state: ((2, 0), (), ())
Identified bottleneck state: ((3, 1), (), ())
Identified bottleneck state: ((3, 2), (), ())
Identified bottleneck state: ((3, 3), (), ())
Identified bottleneck state: ((2, 3), (), ())
Identified bottleneck state: ((3, 3), (), ())
Identified bottleneck state: ((0, 1), (), ())
Identified bottleneck state: ((2, 2), (), ())
Identified bottleneck state: ((3, 3), (), ())
Identified bottleneck state: ((3, 3), (), ())
Converged after 6 iterations.
Identified bottleneck state: ((0, 1), (), ())
Converged after 5 iterations.
Identified bottleneck state: ((0, 2), (), ())
Converged after 4 iterations.
Identified bottleneck state: ((0, 3), (), ())
Converged after 8 iterations.
Converged after 10 iterations.
Converged after 3 iterations.
Identified bottleneck state: ((1, 3), (), ())
Converged after 9 iterations.
Converged after 10 iterations.
Converged after 3 iterations.
Identified bottleneck state: ((2, 3), (), ())
Converged after 10 iterations.
Converged after 10 iterations.
Converged after 7 iterations.
Converged after 7 iterations.
Converged after 6 iterations.
Identified bottleneck state: ((1, 0), (), ())
Converged after 7 iterations.
Converged after 7 iterations.
Converged after 5 iterations.
Identified bottleneck state: ((2, 0), (), ())
Converged after 7 iterations.
Converged after 7 iterations.
Converged after 7 iterations.
Converged after 5 iterations.
Identified bottleneck state: ((3, 1), (), ())
Converged after 5 iterations.
Identified bottleneck state: ((3, 2), (), ())
Identified bottleneck state: ((2, 3), (), ())
Converged after 9 iterations.
Converged after 9 iterations.
Converged after 7 iterations.
Converged after 8 iterations.
Converged after 9 iterations.
Converged after 7 iterations.
Converged after 7 iterations.
Converged after 10 iterations.
Converged after 8 iterations.
Converged after 11 iterations.
Converged after 9 iterations.
Converged after 10 iterations.
Converged after 11 iterations.
Converged after 7 iterations.
Converged after 7 iterations.
Converged after 6 iterations.
Identified bottleneck state: ((1, 0), (), ())
Converged after 7 iterations.
Converged after 7 iterations.
Converged after 7 iterations.
Converged after 7 iterations.
Converged after 8 iterations.
Converged after 7 iterations.
Converged after 7 iterations.
Converged after 7 iterations.
Converged after 6 iterations.
Identified bottleneck state: ((0, 1), (), ())
Converged after 7 iterations.
Converged after 7 iterations.
Converged after 7 iterations.
Converged after 8 iterations.
Converged after 7 iterations.
Converged after 7 iterations.
Converged after 10 iterations.
Converged after 2 iterations.
Identified bottleneck state: ((2, 3), (), ())
Converged after 7 iterations.
Converged after 7 iterations.
Converged after 6 iterations.
Identified bottleneck state: ((0, 1), (), ())
Converged after 5 iterations.
Identified bottleneck state: ((0, 2), (), ())
Converged after 8 iterations.
Converged after 8 iterations.
Converged after 4 iterations.
Identified bottleneck state: ((1, 2), (), ())
Converged after 8 iterations.
Converged after 4 iterations.
Identified bottleneck state: ((2, 2), (), ())
Converged after 8 iterations.
Converged after 8 iterations.
Converged after 8 iterations.
Converged after 8 iterations.
Converged after 6 iterations.
Identified bottleneck state: ((0, 1), (), ())
Converged after 5 iterations.
Identified bottleneck state: ((0, 2), (), ())
Converged after 4 iterations.
Identified bottleneck state: ((0, 3), (), ())
Converged after 8 iterations.
Converged after 9 iterations.
Converged after 3 iterations.
Identified bottleneck state: ((1, 3), (), ())
Converged after 9 iterations.
Converged after 9 iterations.
Converged after 3 iterations.
Identified bottleneck state: ((2, 3), (), ())
Converged after 9 iterations.
Converged after 9 iterations.
Number of states 6561
Time to build the sparse matrix: 131.06379294395447
Time to run value iteration: 0.21935105323791504
Number of states 6561
Time to build the sparse matrix: 128.15887999534607
Time to run value iteration: 0.21831512451171875
No path found
No path found
No path found
No path found
No path found
No path found
No path found
No path found
No path found
No path found
No path found
No path found
No path found
No path found
No path found
No path found
No path found
No path found
No path found
No path found
No path found
No path found
No path found
No path found
No path found
No path found
No path found
No path found
No path found
No path found
No path found
No path found
No path found
No path found
No path found
No path found
No path found
No path found
No path found
No path found
No path found
No path found
No path found
No path found
No path found
No path found
No path found
No path found
No path found
No path found
No path found
No path found
No path found
No path found
No path found
No path found
No path found
No path found
No path found
No path found
No path found
No path found
No path found
No path found
No path found
No path found
No path found
No path found
No path found
No path found
No path found
No path found
No path found
No path found
No path found
No path found
No path found
No path found
No path found
No path found
No path found
No path found
No path found
No path found
No path found
No path found
No path found
No path found
No path found
No path found
No path found
No path found
No path found
No path found
No path found
No path found
No path found
No path found
No path found
No path found
No path found
No path found
No path found
No path found
No path found
No path found
No path found
No path found
No path found
No path found
No path found
No path found
No path found
No path found
No path found
No path found
No path found
No path found
No path found
No path found
No path found
No path found
No path found
No path found
No path found
No path found
No path found
No path found
No path found
No path found
No path found
No path found
No path found
No path found
No path found
No path found
No path found
No path found
No path found
No path found
No path found
No path found
No path found
No path found
No path found
No path found
No path found
No path found
No path found
No path found
No path found
No path found
No path found
No path found
No path found
No path found
No path found
No path found
No path found
No path found
No path found
No path found
No path found
No path found
No path found
No path found
No path found
No path found
No path found
No path found
No path found
No path found
No path found
No path found
No path found
No path found
No path found
No path found
No path found
No path found
No path found
No path found
No path found
No path found
No path found
No path found
No path found
No path found
No path found
No path found
No path found
No path found
No path found
No path found
No path found
No path found
No path found
No path found
No path found
No path found
Identified bottleneck state: ((3, 1), (), ())
Identified bottleneck state: ((3, 2), (), ())
Identified bottleneck state: ((3, 3), (), ())
Identified bottleneck state: ((3, 3), (), ())
Identified bottleneck state: ((1, 0), (), ())
Identified bottleneck state: ((3, 3), (), ())
Identified bottleneck state: ((3, 3), (), ())
Identified bottleneck state: ((1, 1), (), ())
Identified bottleneck state: ((1, 2), (), ())
Identified bottleneck state: ((1, 3), (), ())
Identified bottleneck state: ((2, 3), (), ())
Identified bottleneck state: ((3, 3), (), ())
Converged after 7 iterations.
Converged after 7 iterations.
Converged after 8 iterations.
Converged after 7 iterations.
Converged after 7 iterations.
Converged after 8 iterations.
Converged after 7 iterations.
Converged after 7 iterations.
Converged after 3 iterations.
Identified bottleneck state: ((3, 1), (), ())
Converged after 2 iterations.
Identified bottleneck state: ((3, 2), (), ())
Converged after 7 iterations.
Converged after 7 iterations.
Converged after 7 iterations.
Converged after 7 iterations.
Converged after 7 iterations.
Converged after 7 iterations.
Converged after 7 iterations.
Converged after 7 iterations.
Converged after 7 iterations.
Converged after 7 iterations.
Converged after 7 iterations.
Converged after 7 iterations.
Converged after 7 iterations.
Converged after 7 iterations.
Converged after 7 iterations.
Converged after 6 iterations.
Identified bottleneck state: ((1, 0), (), ())
Converged after 7 iterations.
Converged after 7 iterations.
Converged after 7 iterations.
Converged after 7 iterations.
Converged after 7 iterations.
Converged after 7 iterations.
Converged after 7 iterations.
Converged after 7 iterations.
Converged after 7 iterations.
Converged after 7 iterations.
Converged after 7 iterations.
Converged after 7 iterations.
Converged after 7 iterations.
Converged after 7 iterations.
Converged after 7 iterations.
Converged after 7 iterations.
Converged after 7 iterations.
Converged after 7 iterations.
Converged after 7 iterations.
Converged after 7 iterations.
Converged after 7 iterations.
Converged after 7 iterations.
Converged after 7 iterations.
Converged after 8 iterations.
Converged after 8 iterations.
Converged after 8 iterations.
Converged after 5 iterations.
Identified bottleneck state: ((1, 1), (), ())
Converged after 4 iterations.
Identified bottleneck state: ((1, 2), (), ())
Converged after 3 iterations.
Identified bottleneck state: ((1, 3), (), ())
Converged after 8 iterations.
Converged after 9 iterations.
Converged after 2 iterations.
Identified bottleneck state: ((2, 3), (), ())
Converged after 8 iterations.
Converged after 8 iterations.
Converged after 7 iterations.
Converged after 7 iterations.
Converged after 8 iterations.
Converged after 7 iterations.
Converged after 7 iterations.
Identified bottleneck state: ((3, 3), (), ())
Identified bottleneck state: ((3, 3), (), ())
Identified bottleneck state: ((3, 3), (), ())
Identified bottleneck state: ((3, 3), (), ())
Identified bottleneck state: ((3, 3), (), ())
Converged after 7 iterations.
Converged after 7 iterations.
Converged after 7 iterations.
Converged after 7 iterations.
Converged after 7 iterations.
Converged after 7 iterations.
Converged after 8 iterations.
Converged after 7 iterations.
Converged after 7 iterations.
Converged after 8 iterations.
Converged after 7 iterations.
Converged after 8 iterations.
Converged after 8 iterations.
Converged after 7 iterations.
Converged after 7 iterations.
Converged after 7 iterations.
Converged after 7 iterations.
Converged after 7 iterations.
Converged after 7 iterations.
Converged after 7 iterations.
Converged after 7 iterations.
Converged after 7 iterations.
Converged after 7 iterations.
Converged after 7 iterations.
Converged after 7 iterations.
Converged after 7 iterations.
Converged after 7 iterations.
Converged after 7 iterations.
Converged after 7 iterations.
Converged after 7 iterations.
Converged after 7 iterations.
Converged after 8 iterations.
Converged after 7 iterations.
Converged after 7 iterations.
Converged after 7 iterations.
Converged after 9 iterations.
Converged after 7 iterations.
Converged after 7 iterations.
Converged after 7 iterations.
Converged after 7 iterations.
Converged after 7 iterations.
Converged after 7 iterations.
Converged after 7 iterations.
Converged after 8 iterations.
Converged after 7 iterations.
Converged after 7 iterations.
Converged after 7 iterations.
Converged after 7 iterations.
Converged after 7 iterations.
Converged after 7 iterations.
Converged after 7 iterations.
Converged after 7 iterations.
Converged after 7 iterations.
Converged after 7 iterations.
Converged after 7 iterations.
Converged after 7 iterations.
Converged after 7 iterations.
Converged after 8 iterations.
Converged after 7 iterations.
Converged after 7 iterations.
Converged after 7 iterations.
Converged after 9 iterations.
Converged after 7 iterations.
Converged after 7 iterations.
Converged after 7 iterations.
Converged after 7 iterations.
Converged after 7 iterations.
Converged after 7 iterations.
Converged after 7 iterations.
Converged after 7 iterations.
Converged after 7 iterations.
Converged after 8 iterations.
Converged after 7 iterations.
Converged after 7 iterations.
Converged after 8 iterations.
Converged after 7 iterations.
Converged after 8 iterations.
Converged after 8 iterations.
Converged after 7 iterations.
Converged after 7 iterations.
Converged after 7 iterations.
Converged after 7 iterations.
Converged after 7 iterations.
Converged after 7 iterations.
Converged after 7 iterations.
Converged after 7 iterations.
Converged after 7 iterations.
Converged after 7 iterations.
Converged after 7 iterations.
Converged after 7 iterations.
Converged after 7 iterations.
Converged after 7 iterations.
Converged after 7 iterations.
Converged after 7 iterations.
Converged after 7 iterations.
Converged after 7 iterations.
Converged after 8 iterations.
Converged after 7 iterations.
Converged after 7 iterations.
Converged after 7 iterations.
Converged after 9 iterations.
Converged after 7 iterations.
Converged after 7 iterations.
Converged after 7 iterations.
Converged after 7 iterations.
Converged after 7 iterations.
Converged after 7 iterations.
Converged after 7 iterations.
Converged after 8 iterations.
Converged after 7 iterations.
Converged after 7 iterations.
Converged after 7 iterations.
Converged after 7 iterations.
Converged after 7 iterations.
Converged after 7 iterations.
Converged after 7 iterations.
Converged after 7 iterations.
Converged after 7 iterations.
Converged after 7 iterations.
Converged after 7 iterations.
Converged after 7 iterations.
Converged after 7 iterations.
Converged after 8 iterations.
Converged after 7 iterations.
Converged after 7 iterations.
Converged after 7 iterations.
Converged after 9 iterations.
Converged after 7 iterations.
Converged after 7 iterations.
Converged after 7 iterations.
Identified bottleneck state: ((1, 0), (), ())
Identified bottleneck state: ((3, 3), (), ())
Identified bottleneck state: ((3, 3), (), ())
Identified bottleneck state: ((0, 1), (), ())
Identified bottleneck state: ((3, 3), (), ())
Identified bottleneck state: ((3, 3), (), ())
Identified bottleneck state: ((3, 2), (), ())
Identified bottleneck state: ((3, 3), (), ())
Converged after 7 iterations.
Converged after 7 iterations.
Converged after 6 iterations.
Identified bottleneck state: ((1, 0), (), ())
Converged after 7 iterations.
Converged after 7 iterations.
Converged after 7 iterations.
Converged after 7 iterations.
Converged after 7 iterations.
Converged after 7 iterations.
Converged after 7 iterations.
Converged after 7 iterations.
Converged after 7 iterations.
Converged after 7 iterations.
Converged after 7 iterations.
Converged after 7 iterations.
Converged after 7 iterations.
Converged after 7 iterations.
Converged after 7 iterations.
Converged after 7 iterations.
Converged after 7 iterations.
Converged after 7 iterations.
Converged after 7 iterations.
Converged after 7 iterations.
Converged after 7 iterations.
Converged after 8 iterations.
Converged after 9 iterations.
Converged after 6 iterations.
Identified bottleneck state: ((0, 1), (), ())
Converged after 7 iterations.
Converged after 7 iterations.
Converged after 7 iterations.
Converged after 7 iterations.
Converged after 7 iterations.
Converged after 7 iterations.
Converged after 7 iterations.
Converged after 7 iterations.
Converged after 7 iterations.
Converged after 7 iterations.
Converged after 7 iterations.
Converged after 7 iterations.
Converged after 7 iterations.
Converged after 8 iterations.
Converged after 7 iterations.
Converged after 7 iterations.
Converged after 7 iterations.
Converged after 7 iterations.
Converged after 8 iterations.
Converged after 7 iterations.
Converged after 7 iterations.
Converged after 7 iterations.
Converged after 7 iterations.
Converged after 7 iterations.
Converged after 7 iterations.
Converged after 7 iterations.
Converged after 7 iterations.
Converged after 7 iterations.
Converged after 7 iterations.
Converged after 7 iterations.
Converged after 9 iterations.
Converged after 7 iterations.
Converged after 7 iterations.
Converged after 7 iterations.
Converged after 8 iterations.
Converged after 7 iterations.
Converged after 7 iterations.
Converged after 2 iterations.
Identified bottleneck state: ((3, 2), (), ())
Converged after 7 iterations.
Converged after 7 iterations.
Converged after 6 iterations.
Identified bottleneck state: ((1, 0), (), ())
Converged after 7 iterations.
Converged after 7 iterations.
Converged after 7 iterations.
Converged after 7 iterations.
Converged after 7 iterations.
Converged after 7 iterations.
Converged after 7 iterations.
Converged after 7 iterations.
Converged after 7 iterations.
Converged after 7 iterations.
Converged after 7 iterations.
Converged after 7 iterations.
Converged after 7 iterations.
Converged after 7 iterations.
Converged after 7 iterations.
Converged after 7 iterations.
Converged after 7 iterations.
Converged after 7 iterations.
Converged after 7 iterations.
Converged after 7 iterations.
Converged after 7 iterations.
Converged after 8 iterations.
Converged after 9 iterations.
Converged after 6 iterations.
Identified bottleneck state: ((0, 1), (), ())
Converged after 7 iterations.
Converged after 7 iterations.
Converged after 7 iterations.
Converged after 7 iterations.
Converged after 7 iterations.
Converged after 7 iterations.
Converged after 7 iterations.
Converged after 7 iterations.
Converged after 7 iterations.
Converged after 7 iterations.
Converged after 7 iterations.
Converged after 7 iterations.
Converged after 7 iterations.
Converged after 8 iterations.
Converged after 7 iterations.
Converged after 7 iterations.
Converged after 7 iterations.
Converged after 7 iterations.
Converged after 8 iterations.
Converged after 7 iterations.
Converged after 7 iterations.
Converged after 7 iterations.
Converged after 7 iterations.
Identified bottleneck state: ((3, 3), (), ())
Identified bottleneck state: ((3, 3), (), ())
Identified bottleneck state: ((3, 3), (), ())
Identified bottleneck state: ((1, 1), (), ())
Identified bottleneck state: ((3, 3), (), ())
Identified bottleneck state: ((3, 3), (), ())
Converged after 7 iterations.
Converged after 7 iterations.
Converged after 7 iterations.
Converged after 7 iterations.
Converged after 8 iterations.
Converged after 8 iterations.
Converged after 8 iterations.
Converged after 9 iterations.
Converged after 7 iterations.
Converged after 8 iterations.
Converged after 10 iterations.
Converged after 7 iterations.
Converged after 8 iterations.
Converged after 9 iterations.
Converged after 7 iterations.
Converged after 7 iterations.
Converged after 10 iterations.
Converged after 8 iterations.
Converged after 11 iterations.
Converged after 9 iterations.
Converged after 10 iterations.
Converged after 11 iterations.
Converged after 7 iterations.
Converged after 7 iterations.
Converged after 7 iterations.
Converged after 8 iterations.
Converged after 8 iterations.
Converged after 8 iterations.
Converged after 7 iterations.
Converged after 10 iterations.
Converged after 7 iterations.
Converged after 8 iterations.
Converged after 9 iterations.
Converged after 7 iterations.
Converged after 7 iterations.
Converged after 7 iterations.
Converged after 5 iterations.
Identified bottleneck state: ((1, 1), (), ())
Converged after 7 iterations.
Converged after 7 iterations.
Converged after 7 iterations.
Converged after 8 iterations.
Converged after 7 iterations.
Converged after 7 iterations.
Converged after 8 iterations.
Converged after 7 iterations.
Converged after 7 iterations.
Converged after 7 iterations.
Converged after 7 iterations.
Converged after 8 iterations.
Converged after 8 iterations.
Converged after 8 iterations.
Converged after 9 iterations.
Converged after 7 iterations.
Converged after 8 iterations.
Converged after 10 iterations.
Converged after 7 iterations.
Converged after 7 iterations.
Converged after 7 iterations.
Converged after 7 iterations.
Converged after 8 iterations.
Converged after 8 iterations.
Converged after 8 iterations.
Converged after 9 iterations.
Converged after 7 iterations.
Converged after 8 iterations.
Converged after 10 iterations.
Converged after 7 iterations.
Converged after 8 iterations.
Converged after 9 iterations.
Converged after 7 iterations.
Converged after 7 iterations.
Converged after 10 iterations.
Converged after 8 iterations.
Converged after 11 iterations.
Converged after 9 iterations.
Converged after 10 iterations.
Converged after 11 iterations.
Converged after 7 iterations.
Converged after 7 iterations.
Converged after 7 iterations.
Converged after 8 iterations.
Converged after 8 iterations.
Converged after 8 iterations.
Converged after 7 iterations.
Converged after 10 iterations.
Converged after 7 iterations.
Converged after 8 iterations.
Converged after 9 iterations.
Converged after 7 iterations.
Converged after 7 iterations.
Converged after 7 iterations.
Converged after 5 iterations.
Identified bottleneck state: ((1, 1), (), ())
Converged after 7 iterations.
Converged after 7 iterations.
Converged after 7 iterations.
Converged after 8 iterations.
Converged after 7 iterations.
Converged after 7 iterations.
Converged after 8 iterations.
Converged after 7 iterations.
Converged after 7 iterations.
Converged after 7 iterations.
Converged after 7 iterations.
Converged after 8 iterations.
Converged after 8 iterations.
Converged after 8 iterations.
Converged after 9 iterations.
Converged after 7 iterations.
Converged after 8 iterations.
Converged after 10 iterations.
Number of states 3
Time to build the sparse matrix: 0.00023293495178222656
Time to run value iteration: 0.0064427852630615234
Number of states 3
Time to build the sparse matrix: 0.00010991096496582031
Time to run value iteration: 0.005928993225097656
Identified bottleneck state: ((3, 3), (), ())
Identified bottleneck state: ((1, 1), (), ())
Identified bottleneck state: ((3, 3), (), ())
Identified bottleneck state: ((1, 1), (), ())
Identified bottleneck state: ((3, 3), (), ())
Identified bottleneck state: ((3, 3), (), ())
Identified bottleneck state: ((3, 3), (), ())
Converged after 7 iterations.
Converged after 7 iterations.
Converged after 7 iterations.
Converged after 8 iterations.
Converged after 8 iterations.
Converged after 8 iterations.
Converged after 7 iterations.
Converged after 10 iterations.
Converged after 7 iterations.
Converged after 8 iterations.
Converged after 9 iterations.
Converged after 7 iterations.
Converged after 7 iterations.
Converged after 7 iterations.
Converged after 5 iterations.
Identified bottleneck state: ((1, 1), (), ())
Converged after 7 iterations.
Converged after 7 iterations.
Converged after 7 iterations.
Converged after 8 iterations.
Converged after 7 iterations.
Converged after 7 iterations.
Converged after 8 iterations.
Converged after 7 iterations.
Converged after 7 iterations.
Converged after 7 iterations.
Converged after 5 iterations.
Identified bottleneck state: ((1, 1), (), ())
Converged after 7 iterations.
Converged after 7 iterations.
Converged after 7 iterations.
Converged after 8 iterations.
Converged after 7 iterations.
Converged after 7 iterations.
Converged after 8 iterations.
Converged after 7 iterations.
Converged after 7 iterations.
Converged after 7 iterations.
Converged after 7 iterations.
Converged after 8 iterations.
Converged after 8 iterations.
Converged after 8 iterations.
Converged after 9 iterations.
Converged after 7 iterations.
Converged after 8 iterations.
Converged after 10 iterations.
Converged after 7 iterations.
Converged after 7 iterations.
Converged after 7 iterations.
Converged after 8 iterations.
Converged after 8 iterations.
Converged after 8 iterations.
Converged after 7 iterations.
Converged after 10 iterations.
Converged after 7 iterations.
Converged after 8 iterations.
Converged after 9 iterations.
Converged after 7 iterations.
Converged after 7 iterations.
Converged after 7 iterations.
Converged after 8 iterations.
Converged after 8 iterations.
Converged after 8 iterations.
Converged after 7 iterations.
Converged after 10 iterations.
Converged after 7 iterations.
Converged after 8 iterations.
Converged after 9 iterations.
Converged after 7 iterations.
Converged after 7 iterations.
Converged after 7 iterations.
Converged after 5 iterations.
Identified bottleneck state: ((1, 1), (), ())
Converged after 7 iterations.
Converged after 7 iterations.
Converged after 7 iterations.
Converged after 8 iterations.
Converged after 7 iterations.
Converged after 7 iterations.
Converged after 8 iterations.
Converged after 7 iterations.
Converged after 7 iterations.
Converged after 7 iterations.
Converged after 5 iterations.
Identified bottleneck state: ((1, 1), (), ())
Converged after 7 iterations.
Converged after 7 iterations.
Converged after 7 iterations.
Converged after 8 iterations.
Converged after 7 iterations.
Converged after 7 iterations.
Converged after 8 iterations.
Converged after 7 iterations.
Converged after 7 iterations.
Converged after 7 iterations.
Converged after 7 iterations.
Converged after 8 iterations.
Converged after 8 iterations.
Converged after 8 iterations.
Converged after 9 iterations.
Converged after 7 iterations.
Converged after 8 iterations.
Converged after 10 iterations.
Converged after 7 iterations.
Converged after 7 iterations.
Converged after 7 iterations.
Converged after 8 iterations.
Converged after 8 iterations.
Converged after 8 iterations.
Converged after 7 iterations.
Converged after 10 iterations.
Converged after 7 iterations.
Converged after 8 iterations.
Converged after 9 iterations.
Number of states 3
Time to build the sparse matrix: 0.00012993812561035156
Time to run value iteration: 0.006543159484863281
Number of states 3
Time to build the sparse matrix: 7.295608520507812e-05
Time to run value iteration: 0.0069200992584228516
Identified bottleneck state: ((1, 1), (), ())
Identified bottleneck state: ((3, 3), (), ())
Identified bottleneck state: ((3, 3), (), ())
Identified bottleneck state: ((3, 3), (), ())
Identified bottleneck state: ((1, 1), (), ())
Identified bottleneck state: ((3, 3), (), ())
Identified bottleneck state: ((3, 3), (), ())
Identified bottleneck state: ((3, 3), (), ())
Identified bottleneck state: ((3, 3), (), ())
Identified bottleneck state: ((1, 1), (), ())
Identified bottleneck state: ((3, 3), (), ())
Converged after 7 iterations.
Converged after 7 iterations.
Converged after 7 iterations.
Converged after 5 iterations.
Identified bottleneck state: ((1, 1), (), ())
Converged after 7 iterations.
Converged after 7 iterations.
Converged after 7 iterations.
Converged after 8 iterations.
Converged after 7 iterations.
Converged after 7 iterations.
Converged after 8 iterations.
Converged after 7 iterations.
Converged after 7 iterations.
Converged after 7 iterations.
Converged after 7 iterations.
Converged after 8 iterations.
Converged after 8 iterations.
Converged after 8 iterations.
Converged after 9 iterations.
Converged after 7 iterations.
Converged after 8 iterations.
Converged after 10 iterations.
Converged after 7 iterations.
Converged after 7 iterations.
Converged after 7 iterations.
Converged after 7 iterations.
Converged after 8 iterations.
Converged after 8 iterations.
Converged after 8 iterations.
Converged after 9 iterations.
Converged after 7 iterations.
Converged after 8 iterations.
Converged after 10 iterations.
Converged after 7 iterations.
Converged after 7 iterations.
Converged after 7 iterations.
Converged after 8 iterations.
Converged after 8 iterations.
Converged after 8 iterations.
Converged after 7 iterations.
Converged after 10 iterations.
Converged after 7 iterations.
Converged after 8 iterations.
Converged after 9 iterations.
Converged after 7 iterations.
Converged after 7 iterations.
Converged after 7 iterations.
Converged after 5 iterations.
Identified bottleneck state: ((1, 1), (), ())
Converged after 7 iterations.
Converged after 7 iterations.
Converged after 7 iterations.
Converged after 8 iterations.
Converged after 7 iterations.
Converged after 7 iterations.
Converged after 8 iterations.
Converged after 7 iterations.
Converged after 7 iterations.
Converged after 7 iterations.
Converged after 5 iterations.
Identified bottleneck state: ((1, 1), (), ())
Converged after 7 iterations.
Converged after 7 iterations.
Converged after 7 iterations.
Converged after 8 iterations.
Converged after 7 iterations.
Converged after 7 iterations.
Converged after 8 iterations.
Converged after 7 iterations.
Converged after 7 iterations.
Converged after 7 iterations.
Converged after 7 iterations.
Converged after 8 iterations.
Converged after 8 iterations.
Converged after 8 iterations.
Converged after 9 iterations.
Converged after 7 iterations.
Converged after 8 iterations.
Converged after 10 iterations.
Converged after 7 iterations.
Converged after 7 iterations.
Converged after 7 iterations.
Converged after 7 iterations.
Converged after 8 iterations.
Converged after 8 iterations.
Converged after 8 iterations.
Converged after 9 iterations.
Converged after 7 iterations.
Converged after 8 iterations.
Converged after 10 iterations.
Converged after 7 iterations.
Converged after 7 iterations.
Converged after 7 iterations.
Converged after 8 iterations.
Converged after 8 iterations.
Converged after 8 iterations.
Converged after 7 iterations.
Converged after 10 iterations.
Converged after 7 iterations.
Converged after 8 iterations.
Converged after 9 iterations.
Converged after 7 iterations.
Converged after 7 iterations.
Converged after 7 iterations.
Converged after 5 iterations.
Identified bottleneck state: ((1, 1), (), ())
Converged after 7 iterations.
Converged after 7 iterations.
Converged after 7 iterations.
Converged after 8 iterations.
Converged after 7 iterations.
Converged after 7 iterations.
Converged after 8 iterations.
Number of states 3
Time to build the sparse matrix: 0.00024700164794921875
Time to run value iteration: 0.005994081497192383
Number of states 3
Time to build the sparse matrix: 5.698204040527344e-05
Time to run value iteration: 0.0062520503997802734
Identified bottleneck state: ((3, 3), (), ())
Identified bottleneck state: ((3, 3), (), ())
Identified bottleneck state: ((3, 3), (), ())
Identified bottleneck state: ((3, 3), (), ())
Identified bottleneck state: ((1, 1), (), ())
Identified bottleneck state: ((3, 3), (), ())
Converged after 7 iterations.
Converged after 8 iterations.
Converged after 9 iterations.
Converged after 7 iterations.
Converged after 7 iterations.
Converged after 10 iterations.
Converged after 8 iterations.
Converged after 11 iterations.
Converged after 9 iterations.
Converged after 10 iterations.
Converged after 11 iterations.
Converged after 7 iterations.
Converged after 7 iterations.
Converged after 7 iterations.
Converged after 8 iterations.
Converged after 8 iterations.
Converged after 8 iterations.
Converged after 7 iterations.
Converged after 10 iterations.
Converged after 7 iterations.
Converged after 8 iterations.
Converged after 9 iterations.
Converged after 7 iterations.
Converged after 7 iterations.
Converged after 7 iterations.
Converged after 8 iterations.
Converged after 8 iterations.
Converged after 8 iterations.
Converged after 7 iterations.
Converged after 10 iterations.
Converged after 7 iterations.
Converged after 8 iterations.
Converged after 9 iterations.
Converged after 7 iterations.
Converged after 8 iterations.
Converged after 9 iterations.
Converged after 7 iterations.
Converged after 7 iterations.
Converged after 10 iterations.
Converged after 8 iterations.
Converged after 11 iterations.
Converged after 9 iterations.
Converged after 10 iterations.
Converged after 11 iterations.
Converged after 7 iterations.
Converged after 7 iterations.
Converged after 7 iterations.
Converged after 5 iterations.
Identified bottleneck state: ((1, 1), (), ())
Converged after 7 iterations.
Converged after 7 iterations.
Converged after 7 iterations.
Converged after 8 iterations.
Converged after 7 iterations.
Converged after 7 iterations.
Converged after 8 iterations.
Converged after 7 iterations.
Converged after 8 iterations.
Converged after 9 iterations.
Converged after 7 iterations.
Converged after 7 iterations.
Converged after 10 iterations.
Converged after 8 iterations.
Converged after 11 iterations.
Converged after 9 iterations.
Converged after 10 iterations.
Converged after 11 iterations.
Converged after 7 iterations.
Converged after 7 iterations.
Converged after 7 iterations.
Converged after 8 iterations.
Converged after 8 iterations.
Converged after 8 iterations.
Converged after 7 iterations.
Converged after 10 iterations.
Converged after 7 iterations.
Converged after 8 iterations.
Converged after 9 iterations.
Converged after 7 iterations.
Converged after 7 iterations.
Converged after 7 iterations.
Converged after 8 iterations.
Converged after 8 iterations.
Converged after 8 iterations.
Converged after 7 iterations.
Converged after 10 iterations.
Converged after 7 iterations.
Converged after 8 iterations.
Converged after 9 iterations.
Converged after 7 iterations.
Converged after 8 iterations.
Converged after 9 iterations.
Converged after 7 iterations.
Converged after 7 iterations.
Converged after 10 iterations.
Converged after 8 iterations.
Converged after 11 iterations.
Converged after 9 iterations.
Converged after 10 iterations.
Converged after 11 iterations.
Converged after 7 iterations.
Converged after 7 iterations.
Converged after 7 iterations.
Converged after 5 iterations.
Identified bottleneck state: ((1, 1), (), ())
Converged after 7 iterations.
Converged after 7 iterations.
Converged after 7 iterations.
Converged after 8 iterations.
Converged after 7 iterations.
Converged after 7 iterations.
Converged after 8 iterations.
Number of states 3
Time to build the sparse matrix: 0.00011205673217773438
Time to run value iteration: 0.005902767181396484
Number of states 3
Time to build the sparse matrix: 0.0001049041748046875
Time to run value iteration: 0.0059931278228759766
Identified bottleneck state: ((3, 3), (), ())
Identified bottleneck state: ((3, 3), (), ())
Identified bottleneck state: ((3, 3), (), ())
Identified bottleneck state: ((3, 3), (), ())
Converged after 7 iterations.
Converged after 7 iterations.
Converged after 7 iterations.
Converged after 7 iterations.
Converged after 7 iterations.
Converged after 7 iterations.
Converged after 7 iterations.
Converged after 9 iterations.
Converged after 7 iterations.
Converged after 7 iterations.
Converged after 7 iterations.
Converged after 8 iterations.
Converged after 7 iterations.
Converged after 7 iterations.
Converged after 2 iterations.
Identified bottleneck state: ((3, 2), (), ())
Number of states 27
Time to build the sparse matrix: 0.0017600059509277344
Time to run value iteration: 0.012187957763671875
Number of states 27
Time to build the sparse matrix: 0.0012187957763671875
Time to run value iteration: 0.012289047241210938
Identified bottleneck state: ((3, 3), (), ())
Identified bottleneck state: ((0, 1), (), ())
Identified bottleneck state: ((3, 3), (), ())
Identified bottleneck state: ((3, 3), (), ())
Identified bottleneck state: ((3, 3), (), ())
Identified bottleneck state: ((3, 3), (), ())
Converged after 7 iterations.
Converged after 7 iterations.
Converged after 7 iterations.
Converged after 7 iterations.
Converged after 7 iterations.
Converged after 7 iterations.
Converged after 7 iterations.
Converged after 7 iterations.
Converged after 7 iterations.
Converged after 7 iterations.
Converged after 7 iterations.
Converged after 7 iterations.
Converged after 7 iterations.
Converged after 6 iterations.
Identified bottleneck state: ((0, 1), (), ())
Converged after 7 iterations.
Converged after 7 iterations.
Converged after 7 iterations.
Converged after 7 iterations.
Converged after 7 iterations.
Converged after 7 iterations.
Converged after 7 iterations.
Converged after 7 iterations.
Converged after 7 iterations.
Converged after 7 iterations.
Converged after 7 iterations.
Converged after 7 iterations.
Converged after 7 iterations.
Converged after 7 iterations.
Converged after 7 iterations.
Converged after 7 iterations.
Converged after 7 iterations.
Converged after 8 iterations.
Converged after 7 iterations.
Converged after 7 iterations.
Converged after 8 iterations.
Converged after 7 iterations.
Converged after 7 iterations.
Converged after 7 iterations.
Converged after 7 iterations.
Converged after 7 iterations.
Converged after 7 iterations.
Converged after 7 iterations.
Converged after 7 iterations.
Converged after 7 iterations.
Converged after 7 iterations.
Converged after 7 iterations.
Converged after 7 iterations.
Converged after 8 iterations.
Converged after 8 iterations.
Converged after 7 iterations.
Converged after 7 iterations.
Converged after 7 iterations.
Converged after 7 iterations.
Converged after 7 iterations.
Converged after 7 iterations.
Converged after 7 iterations.
Converged after 7 iterations.
Converged after 7 iterations.
Converged after 7 iterations.
Converged after 7 iterations.
Converged after 7 iterations.
Converged after 7 iterations.
Converged after 7 iterations.
Converged after 7 iterations.
Converged after 7 iterations.
Converged after 7 iterations.
Converged after 7 iterations.
Converged after 7 iterations.
Converged after 7 iterations.
Converged after 7 iterations.
Converged after 7 iterations.
Converged after 7 iterations.
Converged after 7 iterations.
Converged after 7 iterations.
Converged after 7 iterations.
Converged after 7 iterations.
Converged after 7 iterations.
Converged after 7 iterations.
Converged after 6 iterations.
Identified bottleneck state: ((0, 1), (), ())
Converged after 7 iterations.
Converged after 7 iterations.
Converged after 7 iterations.
Converged after 7 iterations.
Converged after 7 iterations.
Converged after 7 iterations.
Converged after 7 iterations.
Converged after 7 iterations.
Converged after 7 iterations.
Converged after 7 iterations.
Converged after 7 iterations.
Converged after 7 iterations.
Converged after 7 iterations.
Converged after 7 iterations.
Converged after 7 iterations.
Converged after 7 iterations.
Converged after 7 iterations.
Converged after 8 iterations.
Converged after 7 iterations.
Converged after 7 iterations.
Converged after 8 iterations.
Converged after 7 iterations.
Converged after 7 iterations.
Converged after 7 iterations.
Converged after 7 iterations.
Converged after 7 iterations.
Converged after 7 iterations.
Converged after 7 iterations.
Converged after 7 iterations.
Converged after 7 iterations.
Converged after 7 iterations.
Converged after 7 iterations.
Converged after 7 iterations.
Converged after 8 iterations.
Converged after 8 iterations.
Converged after 7 iterations.
Converged after 7 iterations.
Converged after 7 iterations.
Converged after 7 iterations.
Converged after 7 iterations.
Converged after 7 iterations.
Converged after 7 iterations.
Converged after 7 iterations.
Converged after 7 iterations.
Converged after 7 iterations.
Converged after 7 iterations.
Converged after 7 iterations.
Converged after 7 iterations.
Converged after 7 iterations.
Converged after 7 iterations.
Converged after 7 iterations.
Number of states 3
Time to build the sparse matrix: 0.00010704994201660156
Time to run value iteration: 0.00585484504699707
Number of states 3
Time to build the sparse matrix: 5.1975250244140625e-05
Time to run value iteration: 0.006003856658935547
Identified bottleneck state: ((3, 3), (), ())
Identified bottleneck state: ((3, 2), (), ())
Identified bottleneck state: ((3, 3), (), ())
Identified bottleneck state: ((3, 3), (), ())
Identified bottleneck state: ((3, 3), (), ())
Identified bottleneck state: ((0, 1), (), ())
Identified bottleneck state: ((3, 3), (), ())
Converged after 7 iterations.
Converged after 8 iterations.
Converged after 7 iterations.
Converged after 7 iterations.
Converged after 7 iterations.
Converged after 7 iterations.
Converged after 8 iterations.
Converged after 7 iterations.
Converged after 7 iterations.
Converged after 7 iterations.
Converged after 7 iterations.
Converged after 7 iterations.
Converged after 7 iterations.
Converged after 7 iterations.
Converged after 7 iterations.
Converged after 7 iterations.
Converged after 7 iterations.
Converged after 7 iterations.
Converged after 9 iterations.
Converged after 7 iterations.
Converged after 7 iterations.
Converged after 7 iterations.
Converged after 8 iterations.
Converged after 7 iterations.
Converged after 7 iterations.
Converged after 2 iterations.
Identified bottleneck state: ((3, 2), (), ())
Converged after 7 iterations.
Converged after 7 iterations.
Converged after 7 iterations.
Converged after 7 iterations.
Converged after 7 iterations.
Converged after 7 iterations.
Converged after 7 iterations.
Converged after 7 iterations.
Converged after 7 iterations.
Converged after 7 iterations.
Converged after 7 iterations.
Converged after 7 iterations.
Converged after 7 iterations.
Converged after 7 iterations.
Converged after 7 iterations.
Converged after 7 iterations.
Converged after 7 iterations.
Converged after 7 iterations.
Converged after 8 iterations.
Converged after 7 iterations.
Converged after 7 iterations.
Converged after 7 iterations.
Converged after 9 iterations.
Converged after 7 iterations.
Converged after 7 iterations.
Converged after 7 iterations.
Converged after 6 iterations.
Identified bottleneck state: ((0, 1), (), ())
Converged after 7 iterations.
Converged after 7 iterations.
Converged after 7 iterations.
Converged after 7 iterations.
Converged after 7 iterations.
Converged after 7 iterations.
Converged after 7 iterations.
Converged after 7 iterations.
Converged after 7 iterations.
Converged after 7 iterations.
Converged after 7 iterations.
Converged after 7 iterations.
Converged after 7 iterations.
Converged after 8 iterations.
Converged after 7 iterations.
Converged after 7 iterations.
Converged after 7 iterations.
Converged after 7 iterations.
Converged after 8 iterations.
Converged after 7 iterations.
Converged after 7 iterations.
Converged after 7 iterations.
Converged after 7 iterations.
Converged after 7 iterations.
Converged after 7 iterations.
Converged after 7 iterations.
Converged after 7 iterations.
Converged after 7 iterations.
Converged after 7 iterations.
Converged after 7 iterations.
Identified bottleneck state: ((3, 3), (), ())
Identified bottleneck state: ((3, 3), (), ())
Converged after 7 iterations.
Converged after 7 iterations.
Converged after 7 iterations.
Converged after 5 iterations.
Identified bottleneck state: ((1, 1), (), ())
Converged after 7 iterations.
Converged after 7 iterations.
Converged after 7 iterations.
Converged after 8 iterations.
Converged after 7 iterations.
Converged after 7 iterations.
Converged after 8 iterations.
Converged after 7 iterations.
Converged after 7 iterations.
Converged after 7 iterations.
Converged after 7 iterations.
Converged after 8 iterations.
Converged after 8 iterations.
Converged after 8 iterations.
Converged after 9 iterations.
Converged after 7 iterations.
Converged after 8 iterations.
Converged after 10 iterations.
Converged after 7 iterations.
Converged after 7 iterations.
Converged after 7 iterations.
Converged after 7 iterations.
Converged after 8 iterations.
Converged after 8 iterations.
Converged after 8 iterations.
Converged after 9 iterations.
Converged after 7 iterations.
Converged after 8 iterations.
Converged after 10 iterations.
Converged after 7 iterations.
Converged after 7 iterations.
Converged after 7 iterations.
Converged after 8 iterations.
Converged after 8 iterations.
Converged after 8 iterations.
Converged after 7 iterations.
Converged after 10 iterations.
Converged after 7 iterations.
Converged after 8 iterations.
Converged after 9 iterations.
Converged after 7 iterations.
Converged after 8 iterations.
Converged after 9 iterations.
Converged after 7 iterations.
Converged after 7 iterations.
Converged after 10 iterations.
Converged after 8 iterations.
Converged after 11 iterations.
Converged after 9 iterations.
Converged after 10 iterations.
Converged after 11 iterations.
Converged after 7 iterations.
Converged after 7 iterations.
Converged after 7 iterations.
Converged after 5 iterations.
Identified bottleneck state: ((1, 1), (), ())
Converged after 7 iterations.
Converged after 7 iterations.
Converged after 7 iterations.
Converged after 8 iterations.
Converged after 7 iterations.
Converged after 7 iterations.
Converged after 8 iterations.
Converged after 7 iterations.
Converged after 7 iterations.
Converged after 7 iterations.
Converged after 7 iterations.
Converged after 8 iterations.
Converged after 8 iterations.
Converged after 8 iterations.
Converged after 9 iterations.
Converged after 7 iterations.
Converged after 8 iterations.
Converged after 10 iterations.
Converged after 7 iterations.
Converged after 7 iterations.
Converged after 7 iterations.
Converged after 7 iterations.
Converged after 8 iterations.
Converged after 8 iterations.
Converged after 8 iterations.
Converged after 9 iterations.
Converged after 7 iterations.
Converged after 8 iterations.
Converged after 10 iterations.
Converged after 7 iterations.
Converged after 7 iterations.
Converged after 7 iterations.
Converged after 8 iterations.
Converged after 8 iterations.
Converged after 8 iterations.
Converged after 7 iterations.
Converged after 10 iterations.
Converged after 7 iterations.
Converged after 8 iterations.
Converged after 9 iterations.
Converged after 7 iterations.
Converged after 8 iterations.
Converged after 9 iterations.
Converged after 7 iterations.
Converged after 7 iterations.
Converged after 10 iterations.
Converged after 8 iterations.
Converged after 11 iterations.
Converged after 9 iterations.
Converged after 10 iterations.
Converged after 11 iterations.
Number of states 3
Time to build the sparse matrix: 0.00011920928955078125
Time to run value iteration: 0.005827188491821289
Number of states 3
Time to build the sparse matrix: 7.891654968261719e-05
Time to run value iteration: 0.00559687614440918
Identified bottleneck state: ((3, 3), (), ())
Identified bottleneck state: ((1, 0), (), ())
Identified bottleneck state: ((3, 3), (), ())
Identified bottleneck state: ((2, 3), (), ())
Identified bottleneck state: ((3, 3), (), ())
Identified bottleneck state: ((0, 1), (), ())
Identified bottleneck state: ((0, 2), (), ())
Identified bottleneck state: ((3, 3), (), ())
Identified bottleneck state: ((3, 3), (), ())
Converged after 7 iterations.
Converged after 7 iterations.
Converged after 7 iterations.
Converged after 7 iterations.
Converged after 7 iterations.
Converged after 7 iterations.
Converged after 10 iterations.
Converged after 7 iterations.
Converged after 10 iterations.
Converged after 7 iterations.
Converged after 8 iterations.
Converged after 9 iterations.
Converged after 7 iterations.
Converged after 7 iterations.
Converged after 6 iterations.
Identified bottleneck state: ((1, 0), (), ())
Converged after 7 iterations.
Converged after 7 iterations.
Converged after 7 iterations.
Converged after 7 iterations.
Converged after 7 iterations.
Converged after 7 iterations.
Converged after 7 iterations.
Converged after 7 iterations.
Converged after 7 iterations.
Converged after 7 iterations.
Converged after 7 iterations.
Converged after 7 iterations.
Converged after 7 iterations.
Converged after 7 iterations.
Converged after 8 iterations.
Converged after 7 iterations.
Converged after 11 iterations.
Converged after 10 iterations.
Converged after 2 iterations.
Identified bottleneck state: ((2, 3), (), ())
Converged after 7 iterations.
Converged after 7 iterations.
Converged after 6 iterations.
Identified bottleneck state: ((0, 1), (), ())
Converged after 5 iterations.
Identified bottleneck state: ((0, 2), (), ())
Converged after 8 iterations.
Converged after 8 iterations.
Converged after 8 iterations.
Converged after 8 iterations.
Converged after 8 iterations.
Converged after 8 iterations.
Converged after 8 iterations.
Converged after 8 iterations.
Converged after 8 iterations.
Converged after 8 iterations.
Converged after 7 iterations.
Converged after 8 iterations.
Converged after 9 iterations.
Converged after 7 iterations.
Converged after 7 iterations.
Converged after 10 iterations.
Converged after 8 iterations.
Converged after 7 iterations.
Converged after 11 iterations.
Converged after 9 iterations.
Converged after 10 iterations.
Converged after 11 iterations.
Converged after 7 iterations.
Converged after 7 iterations.
Converged after 7 iterations.
Converged after 7 iterations.
Converged after 7 iterations.
Converged after 7 iterations.
Converged after 10 iterations.
Converged after 7 iterations.
Converged after 10 iterations.
Converged after 7 iterations.
Converged after 8 iterations.
Converged after 9 iterations.
Converged after 7 iterations.
Converged after 7 iterations.
Converged after 6 iterations.
Identified bottleneck state: ((1, 0), (), ())
Converged after 7 iterations.
Converged after 7 iterations.
Converged after 7 iterations.
Converged after 7 iterations.
Converged after 7 iterations.
Converged after 7 iterations.
Converged after 7 iterations.
Converged after 7 iterations.
Converged after 7 iterations.
Converged after 7 iterations.
Converged after 7 iterations.
Converged after 7 iterations.
Converged after 7 iterations.
Converged after 7 iterations.
Converged after 8 iterations.
Converged after 7 iterations.
Converged after 11 iterations.
Converged after 10 iterations.
Converged after 2 iterations.
Identified bottleneck state: ((2, 3), (), ())
Converged after 7 iterations.
Converged after 7 iterations.
Converged after 6 iterations.
Identified bottleneck state: ((0, 1), (), ())
Converged after 5 iterations.
Identified bottleneck state: ((0, 2), (), ())
Converged after 8 iterations.
Converged after 8 iterations.
Converged after 8 iterations.
Converged after 8 iterations.
Converged after 8 iterations.
Converged after 8 iterations.
Converged after 8 iterations.
Converged after 8 iterations.
Converged after 8 iterations.
Converged after 8 iterations.
Converged after 7 iterations.
Converged after 8 iterations.
Converged after 9 iterations.
Converged after 7 iterations.
Converged after 7 iterations.
Converged after 10 iterations.
Converged after 8 iterations.
Converged after 7 iterations.
Converged after 11 iterations.
Converged after 9 iterations.
Converged after 10 iterations.
Converged after 11 iterations.
Number of states 81
Identified bottleneck state: ((3, 3), (), ())
Converged after 7 iterations.
Converged after 7 iterations.
Converged after 7 iterations.
Converged after 7 iterations.
Converged after 8 iterations.
Converged after 8 iterations.
Converged after 8 iterations.
Converged after 9 iterations.
Converged after 7 iterations.
Converged after 8 iterations.
Converged after 10 iterations.
Converged after 7 iterations.
Converged after 8 iterations.
Converged after 9 iterations.
Converged after 7 iterations.
Converged after 7 iterations.
Converged after 10 iterations.
Converged after 8 iterations.
Converged after 11 iterations.
Converged after 9 iterations.
Converged after 10 iterations.
Converged after 11 iterations.
Converged after 7 iterations.
Converged after 7 iterations.
Converged after 7 iterations.
Converged after 7 iterations.
Converged after 8 iterations.
Converged after 8 iterations.
Converged after 8 iterations.
Converged after 9 iterations.
Converged after 7 iterations.
Converged after 8 iterations.
Converged after 10 iterations.
Converged after 7 iterations.
Converged after 7 iterations.
Converged after 7 iterations.
Converged after 7 iterations.
Converged after 8 iterations.
Converged after 8 iterations.
Converged after 8 iterations.
Converged after 9 iterations.
Converged after 7 iterations.
Converged after 8 iterations.
Converged after 10 iterations.
Converged after 7 iterations.
Converged after 7 iterations.
Converged after 7 iterations.
Converged after 7 iterations.
Converged after 8 iterations.
Converged after 8 iterations.
Converged after 8 iterations.
Converged after 9 iterations.
Converged after 7 iterations.
Converged after 8 iterations.
Converged after 10 iterations.
Converged after 7 iterations.
Converged after 7 iterations.
Converged after 7 iterations.
Converged after 7 iterations.
Converged after 8 iterations.
Converged after 8 iterations.
Converged after 8 iterations.
Converged after 9 iterations.
Converged after 7 iterations.
Converged after 8 iterations.
Converged after 10 iterations.
Converged after 7 iterations.
Converged after 8 iterations.
Converged after 9 iterations.
Converged after 7 iterations.
Converged after 7 iterations.
Converged after 10 iterations.
Converged after 8 iterations.
Converged after 11 iterations.
Converged after 9 iterations.
Converged after 10 iterations.
Converged after 11 iterations.
Converged after 7 iterations.
Converged after 7 iterations.
Converged after 7 iterations.
Converged after 7 iterations.
Converged after 8 iterations.
Converged after 8 iterations.
Converged after 8 iterations.
Converged after 9 iterations.
Converged after 7 iterations.
Converged after 8 iterations.
Converged after 10 iterations.
Converged after 7 iterations.
Converged after 7 iterations.
Converged after 7 iterations.
Converged after 7 iterations.
Converged after 8 iterations.
Converged after 8 iterations.
Converged after 8 iterations.
Converged after 9 iterations.
Converged after 7 iterations.
Converged after 8 iterations.
Converged after 10 iterations.
Converged after 7 iterations.
Converged after 7 iterations.
Converged after 7 iterations.
Converged after 7 iterations.
Converged after 8 iterations.
Converged after 8 iterations.
Converged after 8 iterations.
Converged after 9 iterations.
Converged after 7 iterations.
Converged after 8 iterations.
Converged after 10 iterations.
Identified bottleneck state: ((3, 3), (), ())
Identified bottleneck state: ((3, 3), (), ())
Identified bottleneck state: ((3, 3), (), ())
Identified bottleneck state: ((3, 3), (), ())
Identified bottleneck state: ((3, 2), (), ())
Identified bottleneck state: ((3, 3), (), ())
Converged after 7 iterations.
Converged after 7 iterations.
Converged after 7 iterations.
Converged after 7 iterations.
Converged after 7 iterations.
Converged after 7 iterations.
Converged after 7 iterations.
Converged after 7 iterations.
Converged after 7 iterations.
Converged after 7 iterations.
Converged after 7 iterations.
Converged after 8 iterations.
Converged after 9 iterations.
Converged after 7 iterations.
Converged after 7 iterations.
Converged after 7 iterations.
Converged after 7 iterations.
Converged after 7 iterations.
Converged after 7 iterations.
Converged after 8 iterations.
Converged after 7 iterations.
Converged after 7 iterations.
Converged after 8 iterations.
Converged after 7 iterations.
Converged after 8 iterations.
Converged after 8 iterations.
Converged after 7 iterations.
Converged after 7 iterations.
Converged after 7 iterations.
Converged after 7 iterations.
Converged after 7 iterations.
Converged after 7 iterations.
Converged after 7 iterations.
Converged after 7 iterations.
Converged after 7 iterations.
Converged after 7 iterations.
Converged after 7 iterations.
Converged after 7 iterations.
Converged after 7 iterations.
Converged after 7 iterations.
Converged after 7 iterations.
Converged after 7 iterations.
Converged after 7 iterations.
Converged after 7 iterations.
Converged after 7 iterations.
Converged after 7 iterations.
Converged after 7 iterations.
Converged after 8 iterations.
Converged after 8 iterations.
Converged after 7 iterations.
Converged after 7 iterations.
Converged after 7 iterations.
Converged after 7 iterations.
Converged after 7 iterations.
Converged after 7 iterations.
Converged after 7 iterations.
Converged after 7 iterations.
Converged after 9 iterations.
Converged after 7 iterations.
Converged after 7 iterations.
Converged after 7 iterations.
Converged after 8 iterations.
Converged after 7 iterations.
Converged after 7 iterations.
Converged after 2 iterations.
Identified bottleneck state: ((3, 2), (), ())
Converged after 7 iterations.
Converged after 7 iterations.
Converged after 7 iterations.
Converged after 7 iterations.
Converged after 7 iterations.
Converged after 7 iterations.
Converged after 7 iterations.
Converged after 7 iterations.
Converged after 7 iterations.
Converged after 7 iterations.
Converged after 7 iterations.
Converged after 8 iterations.
Converged after 9 iterations.
Converged after 7 iterations.
Converged after 7 iterations.
Converged after 7 iterations.
Converged after 7 iterations.
Converged after 7 iterations.
Converged after 7 iterations.
Converged after 8 iterations.
Converged after 7 iterations.
Converged after 7 iterations.
Converged after 8 iterations.
Converged after 7 iterations.
Converged after 8 iterations.
Converged after 8 iterations.
Converged after 7 iterations.
Converged after 7 iterations.
Converged after 7 iterations.
Converged after 7 iterations.
Converged after 7 iterations.
Converged after 7 iterations.
Converged after 7 iterations.
Converged after 7 iterations.
Converged after 7 iterations.
Converged after 7 iterations.
Converged after 7 iterations.
Converged after 7 iterations.
Converged after 7 iterations.
Converged after 7 iterations.
Converged after 7 iterations.
Converged after 7 iterations.
Converged after 7 iterations.
Converged after 7 iterations.
Converged after 7 iterations.
Converged after 7 iterations.
Converged after 7 iterations.
Converged after 8 iterations.
Converged after 8 iterations.
Converged after 7 iterations.
Converged after 7 iterations.
Converged after 7 iterations.
Converged after 7 iterations.
Converged after 7 iterations.
Converged after 7 iterations.
Converged after 7 iterations.
Converged after 7 iterations.
Converged after 9 iterations.
Converged after 7 iterations.
Converged after 7 iterations.
Converged after 7 iterations.
Converged after 8 iterations.
Converged after 7 iterations.
Converged after 7 iterations.
Converged after 2 iterations.
Identified bottleneck state: ((3, 2), (), ())
Number of states 3
Time to build the sparse matrix: 0.00011920928955078125
Time to run value iteration: 0.005941867828369141
Number of states 3
Time to build the sparse matrix: 5.602836608886719e-05
Time to run value iteration: 0.005826234817504883
Identified bottleneck state: ((3, 3), (), ())
Identified bottleneck state: ((3, 3), (), ())
Identified bottleneck state: ((3, 3), (), ())
Identified bottleneck state: ((3, 3), (), ())
Identified bottleneck state: ((3, 3), (), ())
Converged after 7 iterations.
Converged after 7 iterations.
Converged after 9 iterations.
Converged after 7 iterations.
Converged after 7 iterations.
Converged after 7 iterations.
Converged after 8 iterations.
Converged after 7 iterations.
Converged after 7 iterations.
Converged after 2 iterations.
Identified bottleneck state: ((3, 2), (), ())
Converged after 7 iterations.
Converged after 7 iterations.
Converged after 7 iterations.
Converged after 7 iterations.
Converged after 7 iterations.
Converged after 7 iterations.
Converged after 7 iterations.
Converged after 7 iterations.
Converged after 7 iterations.
Converged after 7 iterations.
Converged after 7 iterations.
Converged after 7 iterations.
Converged after 7 iterations.
Converged after 7 iterations.
Converged after 7 iterations.
Converged after 7 iterations.
Converged after 7 iterations.
Converged after 7 iterations.
Converged after 8 iterations.
Converged after 7 iterations.
Converged after 7 iterations.
Converged after 7 iterations.
Converged after 9 iterations.
Converged after 7 iterations.
Converged after 7 iterations.
Converged after 7 iterations.
Converged after 6 iterations.
Identified bottleneck state: ((0, 1), (), ())
Converged after 7 iterations.
Converged after 7 iterations.
Converged after 7 iterations.
Converged after 7 iterations.
Converged after 7 iterations.
Converged after 7 iterations.
Converged after 7 iterations.
Converged after 7 iterations.
Converged after 7 iterations.
Converged after 7 iterations.
Converged after 7 iterations.
Converged after 7 iterations.
Number of states 9
Time to build the sparse matrix: 0.00025391578674316406
Time to run value iteration: 0.008964300155639648
Number of states 9
Time to build the sparse matrix: 0.00017499923706054688
Time to run value iteration: 0.008927345275878906
Identified bottleneck state: ((3, 3), (), ())
Identified bottleneck state: ((3, 3), (), ())
Identified bottleneck state: ((3, 3), (), ())
Identified bottleneck state: ((3, 3), (), ())
Identified bottleneck state: ((3, 3), (), ())
Converged after 7 iterations.
Converged after 7 iterations.
Converged after 7 iterations.
Converged after 7 iterations.
Converged after 7 iterations.
Converged after 8 iterations.
Converged after 7 iterations.
Converged after 7 iterations.
Converged after 7 iterations.
Converged after 9 iterations.
Converged after 7 iterations.
Converged after 7 iterations.
Converged after 7 iterations.
Converged after 7 iterations.
Converged after 7 iterations.
Converged after 7 iterations.
Converged after 7 iterations.
Converged after 7 iterations.
Converged after 7 iterations.
Converged after 7 iterations.
Converged after 7 iterations.
Converged after 7 iterations.
Converged after 7 iterations.
Converged after 7 iterations.
Converged after 7 iterations.
Converged after 7 iterations.
Converged after 7 iterations.
Converged after 7 iterations.
Converged after 7 iterations.
Converged after 7 iterations.
Converged after 7 iterations.
Converged after 7 iterations.
Converged after 8 iterations.
Converged after 7 iterations.
Converged after 7 iterations.
Converged after 8 iterations.
Converged after 7 iterations.
Converged after 8 iterations.
Converged after 8 iterations.
Converged after 7 iterations.
Converged after 7 iterations.
Converged after 7 iterations.
Converged after 7 iterations.
Converged after 7 iterations.
Converged after 7 iterations.
Converged after 7 iterations.
Converged after 7 iterations.
Converged after 7 iterations.
Converged after 7 iterations.
Converged after 7 iterations.
Converged after 8 iterations.
Converged after 9 iterations.
Converged after 7 iterations.
Converged after 7 iterations.
Converged after 7 iterations.
Converged after 7 iterations.
Converged after 8 iterations.
Converged after 7 iterations.
Converged after 7 iterations.
Converged after 7 iterations.
Converged after 7 iterations.
Converged after 7 iterations.
Converged after 7 iterations.
Converged after 7 iterations.
Converged after 7 iterations.
Converged after 7 iterations.
Converged after 7 iterations.
Converged after 7 iterations.
Converged after 7 iterations.
Converged after 7 iterations.
Converged after 8 iterations.
Converged after 7 iterations.
Converged after 7 iterations.
Converged after 7 iterations.
Converged after 9 iterations.
Converged after 7 iterations.
Converged after 7 iterations.
Converged after 7 iterations.
Converged after 7 iterations.
Converged after 7 iterations.
Converged after 7 iterations.
Converged after 7 iterations.
Converged after 7 iterations.
Converged after 7 iterations.
Converged after 7 iterations.
Converged after 7 iterations.
Converged after 7 iterations.
Converged after 7 iterations.
Converged after 7 iterations.
Converged after 7 iterations.
Converged after 7 iterations.
Converged after 7 iterations.
Converged after 7 iterations.
Converged after 7 iterations.
Converged after 7 iterations.
Converged after 7 iterations.
Converged after 7 iterations.
Converged after 8 iterations.
Converged after 7 iterations.
Converged after 7 iterations.
Converged after 8 iterations.
Converged after 7 iterations.
Converged after 8 iterations.
Converged after 8 iterations.
Converged after 7 iterations.
Converged after 7 iterations.
Converged after 7 iterations.
Converged after 7 iterations.
Converged after 7 iterations.
Converged after 7 iterations.
Converged after 7 iterations.
Converged after 7 iterations.
Converged after 7 iterations.
Converged after 7 iterations.
Converged after 7 iterations.
Converged after 8 iterations.
Converged after 9 iterations.
Converged after 7 iterations.
Converged after 7 iterations.
Converged after 7 iterations.
Converged after 7 iterations.
Converged after 8 iterations.
Converged after 7 iterations.
Converged after 7 iterations.
Converged after 7 iterations.
Converged after 7 iterations.
Converged after 7 iterations.
Converged after 7 iterations.
Converged after 7 iterations.
Converged after 7 iterations.
Identified bottleneck state: ((1, 0), (), ())
Identified bottleneck state: ((3, 3), (), ())
Identified bottleneck state: ((3, 2), (), ())
Identified bottleneck state: ((3, 3), (), ())
Identified bottleneck state: ((3, 3), (), ())
Identified bottleneck state: ((2, 3), (), ())
Identified bottleneck state: ((3, 3), (), ())
Identified bottleneck state: ((0, 1), (), ())
Identified bottleneck state: ((3, 3), (), ())
Converged after 7 iterations.
Converged after 7 iterations.
Converged after 6 iterations.
Identified bottleneck state: ((1, 0), (), ())
Converged after 7 iterations.
Converged after 7 iterations.
Converged after 7 iterations.
Converged after 7 iterations.
Converged after 7 iterations.
Converged after 7 iterations.
Converged after 7 iterations.
Converged after 7 iterations.
Converged after 7 iterations.
Converged after 7 iterations.
Converged after 7 iterations.
Converged after 7 iterations.
Converged after 7 iterations.
Converged after 7 iterations.
Converged after 7 iterations.
Converged after 9 iterations.
Converged after 7 iterations.
Converged after 7 iterations.
Converged after 7 iterations.
Converged after 8 iterations.
Converged after 7 iterations.
Converged after 7 iterations.
Converged after 2 iterations.
Identified bottleneck state: ((3, 2), (), ())
Converged after 7 iterations.
Converged after 7 iterations.
Converged after 7 iterations.
Converged after 7 iterations.
Converged after 7 iterations.
Converged after 7 iterations.
Converged after 7 iterations.
Converged after 7 iterations.
Converged after 7 iterations.
Converged after 7 iterations.
Converged after 7 iterations.
Converged after 7 iterations.
Converged after 7 iterations.
Converged after 7 iterations.
Converged after 7 iterations.
Converged after 7 iterations.
Converged after 7 iterations.
Converged after 7 iterations.
Converged after 7 iterations.
Converged after 7 iterations.
Converged after 7 iterations.
Converged after 9 iterations.
Converged after 8 iterations.
Converged after 2 iterations.
Identified bottleneck state: ((2, 3), (), ())
Converged after 7 iterations.
Converged after 7 iterations.
Converged after 6 iterations.
Identified bottleneck state: ((0, 1), (), ())
Converged after 7 iterations.
Converged after 7 iterations.
Converged after 7 iterations.
Converged after 7 iterations.
Converged after 7 iterations.
Converged after 7 iterations.
Converged after 7 iterations.
Converged after 7 iterations.
Converged after 7 iterations.
Converged after 7 iterations.
Converged after 7 iterations.
Converged after 7 iterations.
Converged after 7 iterations.
Converged after 7 iterations.
Converged after 7 iterations.
Converged after 7 iterations.
Converged after 7 iterations.
Converged after 7 iterations.
Converged after 7 iterations.
Converged after 7 iterations.
Converged after 8 iterations.
Converged after 7 iterations.
Converged after 7 iterations.
Converged after 8 iterations.
Converged after 7 iterations.
Converged after 7 iterations.
Converged after 7 iterations.
Converged after 7 iterations.
Converged after 7 iterations.
Converged after 8 iterations.
Converged after 7 iterations.
Converged after 7 iterations.
Converged after 7 iterations.
Converged after 7 iterations.
Converged after 8 iterations.
Converged after 7 iterations.
Converged after 7 iterations.
Converged after 7 iterations.
Converged after 7 iterations.
Converged after 7 iterations.
Converged after 7 iterations.
Converged after 7 iterations.
Converged after 7 iterations.
Converged after 7 iterations.
Converged after 7 iterations.
Converged after 7 iterations.
Converged after 7 iterations.
Converged after 7 iterations.
Converged after 7 iterations.
Converged after 7 iterations.
Converged after 7 iterations.
Converged after 7 iterations.
Converged after 8 iterations.
Converged after 9 iterations.
Converged after 7 iterations.
Converged after 7 iterations.
Converged after 7 iterations.
Converged after 7 iterations.
Converged after 7 iterations.
Converged after 7 iterations.
Converged after 7 iterations.
Converged after 7 iterations.
Converged after 7 iterations.
Converged after 7 iterations.
Converged after 7 iterations.
Converged after 7 iterations.
Converged after 7 iterations.
Converged after 7 iterations.
Converged after 7 iterations.
Converged after 7 iterations.
Converged after 7 iterations.
Converged after 7 iterations.
Converged after 7 iterations.
Converged after 7 iterations.
Converged after 7 iterations.
Converged after 7 iterations.
Converged after 7 iterations.
Converged after 7 iterations.
Converged after 7 iterations.
Converged after 7 iterations.
Converged after 7 iterations.
Converged after 7 iterations.
Converged after 7 iterations.
Converged after 7 iterations.
Converged after 7 iterations.
Converged after 8 iterations.
Converged after 7 iterations.
Converged after 7 iterations.
Converged after 8 iterations.
Converged after 7 iterations.
Converged after 7 iterations.
Converged after 7 iterations.
Converged after 7 iterations.
Converged after 7 iterations.
Converged after 8 iterations.
Converged after 7 iterations.
Converged after 7 iterations.
Converged after 7 iterations.
Converged after 7 iterations.
Converged after 8 iterations.
Converged after 7 iterations.
Converged after 7 iterations.
Converged after 7 iterations.
Converged after 7 iterations.
Converged after 7 iterations.
Converged after 7 iterations.
Converged after 7 iterations.
Converged after 7 iterations.
Converged after 7 iterations.
Converged after 7 iterations.
Converged after 7 iterations.
Converged after 7 iterations.
Converged after 7 iterations.
Converged after 7 iterations.
Converged after 7 iterations.
Converged after 7 iterations.
Converged after 7 iterations.
Converged after 8 iterations.
Converged after 9 iterations.
Converged after 7 iterations.
Converged after 7 iterations.
Converged after 7 iterations.
Converged after 7 iterations.
Converged after 7 iterations.
Converged after 7 iterations.
Converged after 7 iterations.
Converged after 7 iterations.
Converged after 7 iterations.
Converged after 7 iterations.
Converged after 7 iterations.
Converged after 7 iterations.
Converged after 7 iterations.
Identified bottleneck state: ((3, 3), (), ())
Identified bottleneck state: ((2, 3), (), ())
Identified bottleneck state: ((3, 3), (), ())
Identified bottleneck state: ((3, 3), (), ())
Identified bottleneck state: ((3, 3), (), ())
Identified bottleneck state: ((3, 3), (), ())
Converged after 7 iterations.
Converged after 7 iterations.
Converged after 7 iterations.
Converged after 7 iterations.
Converged after 7 iterations.
Converged after 7 iterations.
Converged after 8 iterations.
Converged after 7 iterations.
Converged after 7 iterations.
Converged after 8 iterations.
Converged after 7 iterations.
Converged after 8 iterations.
Converged after 8 iterations.
Converged after 7 iterations.
Converged after 7 iterations.
Converged after 7 iterations.
Converged after 7 iterations.
Converged after 7 iterations.
Converged after 7 iterations.
Converged after 7 iterations.
Converged after 7 iterations.
Converged after 9 iterations.
Converged after 8 iterations.
Converged after 2 iterations.
Identified bottleneck state: ((2, 3), (), ())
Converged after 7 iterations.
Converged after 7 iterations.
Converged after 7 iterations.
Converged after 7 iterations.
Converged after 7 iterations.
Converged after 7 iterations.
Converged after 7 iterations.
Converged after 8 iterations.
Converged after 7 iterations.
Converged after 7 iterations.
Converged after 8 iterations.
Converged after 7 iterations.
Converged after 7 iterations.
Converged after 7 iterations.
Converged after 7 iterations.
Converged after 7 iterations.
Converged after 7 iterations.
Converged after 7 iterations.
Converged after 7 iterations.
Converged after 7 iterations.
Converged after 7 iterations.
Converged after 7 iterations.
Converged after 7 iterations.
Converged after 7 iterations.
Converged after 7 iterations.
Converged after 7 iterations.
Converged after 7 iterations.
Converged after 7 iterations.
Converged after 7 iterations.
Converged after 7 iterations.
Converged after 7 iterations.
Converged after 7 iterations.
Converged after 7 iterations.
Converged after 7 iterations.
Converged after 7 iterations.
Converged after 7 iterations.
Converged after 7 iterations.
Converged after 7 iterations.
Converged after 7 iterations.
Converged after 8 iterations.
Converged after 9 iterations.
Converged after 7 iterations.
Converged after 7 iterations.
Converged after 7 iterations.
Converged after 7 iterations.
Converged after 7 iterations.
Converged after 7 iterations.
Converged after 8 iterations.
Converged after 7 iterations.
Converged after 7 iterations.
Converged after 8 iterations.
Converged after 7 iterations.
Converged after 8 iterations.
Converged after 8 iterations.
Converged after 7 iterations.
Converged after 7 iterations.
Converged after 7 iterations.
Converged after 7 iterations.
Converged after 7 iterations.
Converged after 7 iterations.
Converged after 7 iterations.
Converged after 7 iterations.
Converged after 9 iterations.
Converged after 8 iterations.
Converged after 2 iterations.
Identified bottleneck state: ((2, 3), (), ())
Converged after 7 iterations.
Converged after 7 iterations.
Converged after 7 iterations.
Converged after 7 iterations.
Converged after 7 iterations.
Converged after 7 iterations.
Converged after 7 iterations.
Converged after 8 iterations.
Converged after 7 iterations.
Converged after 7 iterations.
Converged after 8 iterations.
Converged after 7 iterations.
Converged after 7 iterations.
Converged after 7 iterations.
Converged after 7 iterations.
Converged after 7 iterations.
Converged after 7 iterations.
Converged after 7 iterations.
Converged after 7 iterations.
Converged after 7 iterations.
Converged after 7 iterations.
Converged after 7 iterations.
Converged after 7 iterations.
Converged after 7 iterations.
Converged after 7 iterations.
Converged after 7 iterations.
Converged after 7 iterations.
Converged after 7 iterations.
Converged after 7 iterations.
Converged after 7 iterations.
Converged after 7 iterations.
Converged after 7 iterations.
Converged after 7 iterations.
Converged after 7 iterations.
Converged after 7 iterations.
Converged after 7 iterations.
Converged after 7 iterations.
Converged after 7 iterations.
Converged after 7 iterations.
Converged after 8 iterations.
Converged after 9 iterations.
Number of states 3
Time to build the sparse matrix: 0.00010776519775390625
Time to build the sparse matrix: 0.01121211051940918
Time to run value iteration: 0.015154838562011719
Number of states 81
Time to build the sparse matrix: 0.011052131652832031
Time to run value iteration: 0.015230894088745117
Identified bottleneck state: ((3, 3), (), ())
Identified bottleneck state: ((3, 3), (), ())
Identified bottleneck state: ((0, 1), (), ())
Identified bottleneck state: ((3, 3), (), ())
Identified bottleneck state: ((0, 1), (), ())
Identified bottleneck state: ((3, 3), (), ())
Identified bottleneck state: ((2, 2), (), ())
Identified bottleneck state: ((3, 2), (), ())
Identified bottleneck state: ((3, 3), (), ())
Converged after 7 iterations.
Converged after 7 iterations.
Converged after 7 iterations.
Converged after 8 iterations.
Converged after 8 iterations.
Converged after 7 iterations.
Converged after 7 iterations.
Converged after 7 iterations.
Converged after 7 iterations.
Converged after 7 iterations.
Converged after 8 iterations.
Converged after 9 iterations.
Converged after 7 iterations.
Converged after 7 iterations.
Converged after 7 iterations.
Converged after 7 iterations.
Converged after 7 iterations.
Converged after 7 iterations.
Converged after 7 iterations.
Converged after 7 iterations.
Converged after 7 iterations.
Converged after 7 iterations.
Converged after 7 iterations.
Converged after 7 iterations.
Converged after 6 iterations.
Identified bottleneck state: ((0, 1), (), ())
Converged after 7 iterations.
Converged after 7 iterations.
Converged after 7 iterations.
Converged after 8 iterations.
Converged after 7 iterations.
Converged after 7 iterations.
Converged after 7 iterations.
Converged after 9 iterations.
Converged after 7 iterations.
Converged after 7 iterations.
Converged after 7 iterations.
Converged after 6 iterations.
Identified bottleneck state: ((0, 1), (), ())
Converged after 7 iterations.
Converged after 7 iterations.
Converged after 7 iterations.
Converged after 7 iterations.
Converged after 7 iterations.
Converged after 7 iterations.
Converged after 7 iterations.
Converged after 7 iterations.
Converged after 7 iterations.
Converged after 7 iterations.
Converged after 7 iterations.
Converged after 7 iterations.
Converged after 7 iterations.
Converged after 7 iterations.
Converged after 7 iterations.
Converged after 7 iterations.
Converged after 9 iterations.
Converged after 7 iterations.
Converged after 7 iterations.
Converged after 8 iterations.
Converged after 3 iterations.
Identified bottleneck state: ((2, 2), (), ())
Converged after 7 iterations.
Converged after 2 iterations.
Identified bottleneck state: ((3, 2), (), ())
Converged after 7 iterations.
Converged after 7 iterations.
Converged after 7 iterations.
Converged after 8 iterations.
Converged after 8 iterations.
Converged after 7 iterations.
Converged after 7 iterations.
Converged after 7 iterations.
Converged after 7 iterations.
Converged after 7 iterations.
Converged after 8 iterations.
Converged after 9 iterations.
Converged after 7 iterations.
Converged after 7 iterations.
Converged after 7 iterations.
Converged after 7 iterations.
Converged after 7 iterations.
Converged after 7 iterations.
Converged after 7 iterations.
Converged after 7 iterations.
Converged after 7 iterations.
Converged after 7 iterations.
Converged after 7 iterations.
Converged after 7 iterations.
Converged after 6 iterations.
Identified bottleneck state: ((0, 1), (), ())
Converged after 7 iterations.
Converged after 7 iterations.
Converged after 7 iterations.
Converged after 8 iterations.
Converged after 7 iterations.
Converged after 7 iterations.
Converged after 7 iterations.
Converged after 9 iterations.
Converged after 7 iterations.
Converged after 7 iterations.
Converged after 7 iterations.
Converged after 6 iterations.
Identified bottleneck state: ((0, 1), (), ())
Converged after 7 iterations.
Converged after 7 iterations.
Converged after 7 iterations.
Converged after 7 iterations.
Converged after 7 iterations.
Converged after 7 iterations.
Converged after 7 iterations.
Converged after 7 iterations.
Converged after 7 iterations.
Converged after 7 iterations.
Converged after 7 iterations.
Converged after 7 iterations.
Converged after 7 iterations.
Converged after 7 iterations.
Converged after 7 iterations.
Converged after 7 iterations.
Converged after 9 iterations.
Converged after 7 iterations.
Converged after 7 iterations.
Converged after 8 iterations.
Converged after 3 iterations.
Identified bottleneck state: ((2, 2), (), ())
Converged after 7 iterations.
Converged after 2 iterations.
Identified bottleneck state: ((3, 2), (), ())
Number of states 27
Time to build the sparse matrix: 0.0012290477752685547
Time to run value iteration: 0.011700868606567383
Number of states 27
Time to build the sparse matrix: 0.00121307373046875
Time to run value iteration: 0.01170492172241211
Identified bottleneck state: ((3, 3), (), ())
Identified bottleneck state: ((3, 3), (), ())
Identified bottleneck state: ((2, 3), (), ())
Identified bottleneck state: ((3, 3), (), ())
Identified bottleneck state: ((2, 3), (), ())
Identified bottleneck state: ((3, 3), (), ())
Identified bottleneck state: ((3, 3), (), ())
Converged after 7 iterations.
Converged after 8 iterations.
Converged after 7 iterations.
Converged after 7 iterations.
Converged after 7 iterations.
Converged after 7 iterations.
Converged after 8 iterations.
Converged after 7 iterations.
Converged after 7 iterations.
Converged after 9 iterations.
Converged after 10 iterations.
Converged after 11 iterations.
Converged after 7 iterations.
Converged after 7 iterations.
Converged after 7 iterations.
Converged after 7 iterations.
Converged after 7 iterations.
Converged after 10 iterations.
Converged after 7 iterations.
Converged after 10 iterations.
Converged after 7 iterations.
Converged after 7 iterations.
Converged after 8 iterations.
Converged after 9 iterations.
Converged after 7 iterations.
Converged after 7 iterations.
Converged after 7 iterations.
Converged after 7 iterations.
Converged after 7 iterations.
Converged after 8 iterations.
Converged after 7 iterations.
Converged after 11 iterations.
Converged after 10 iterations.
Converged after 2 iterations.
Identified bottleneck state: ((2, 3), (), ())
Converged after 7 iterations.
Converged after 7 iterations.
Converged after 9 iterations.
Converged after 9 iterations.
Converged after 9 iterations.
Converged after 7 iterations.
Converged after 11 iterations.
Converged after 11 iterations.
Converged after 9 iterations.
Converged after 7 iterations.
Converged after 9 iterations.
Converged after 2 iterations.
Identified bottleneck state: ((2, 3), (), ())
Converged after 8 iterations.
Converged after 9 iterations.
Converged after 7 iterations.
Converged after 7 iterations.
Converged after 7 iterations.
Converged after 7 iterations.
Converged after 9 iterations.
Converged after 9 iterations.
Converged after 7 iterations.
Converged after 7 iterations.
Converged after 7 iterations.
Converged after 7 iterations.
Converged after 7 iterations.
Converged after 7 iterations.
Converged after 7 iterations.
Converged after 8 iterations.
Converged after 7 iterations.
Converged after 7 iterations.
Converged after 7 iterations.
Converged after 7 iterations.
Converged after 8 iterations.
Converged after 7 iterations.
Converged after 7 iterations.
Converged after 9 iterations.
Converged after 10 iterations.
Converged after 11 iterations.
Converged after 7 iterations.
Converged after 7 iterations.
Converged after 7 iterations.
Converged after 7 iterations.
Converged after 7 iterations.
Converged after 10 iterations.
Converged after 7 iterations.
Converged after 10 iterations.
Converged after 7 iterations.
Converged after 7 iterations.
Converged after 8 iterations.
Converged after 9 iterations.
Converged after 7 iterations.
Converged after 7 iterations.
Converged after 7 iterations.
Converged after 7 iterations.
Converged after 7 iterations.
Converged after 8 iterations.
Converged after 7 iterations.
Converged after 11 iterations.
Converged after 10 iterations.
Converged after 2 iterations.
Identified bottleneck state: ((2, 3), (), ())
Converged after 7 iterations.
Converged after 7 iterations.
Converged after 7 iterations.
Converged after 7 iterations.
Converged after 7 iterations.
Converged after 7 iterations.
Converged after 7 iterations.
Converged after 7 iterations.
Converged after 7 iterations.
Converged after 7 iterations.
Converged after 7 iterations.
Converged after 6 iterations.
Identified bottleneck state: ((1, 0), (), ())
Converged after 7 iterations.
Converged after 7 iterations.
Converged after 7 iterations.
Converged after 7 iterations.
Converged after 7 iterations.
Converged after 7 iterations.
Converged after 7 iterations.
Converged after 7 iterations.
Converged after 7 iterations.
Converged after 7 iterations.
Converged after 7 iterations.
Converged after 7 iterations.
Converged after 7 iterations.
Converged after 7 iterations.
Converged after 7 iterations.
Converged after 9 iterations.
Converged after 7 iterations.
Converged after 7 iterations.
Converged after 7 iterations.
Converged after 8 iterations.
Converged after 7 iterations.
Converged after 7 iterations.
Converged after 2 iterations.
Identified bottleneck state: ((3, 2), (), ())
Converged after 7 iterations.
Converged after 7 iterations.
Converged after 7 iterations.
Converged after 7 iterations.
Converged after 7 iterations.
Converged after 7 iterations.
Converged after 7 iterations.
Converged after 7 iterations.
Converged after 7 iterations.
Converged after 7 iterations.
Converged after 7 iterations.
Converged after 7 iterations.
Converged after 7 iterations.
Converged after 7 iterations.
Converged after 7 iterations.
Converged after 7 iterations.
Converged after 7 iterations.
Converged after 7 iterations.
Converged after 7 iterations.
Converged after 7 iterations.
Converged after 7 iterations.
Converged after 9 iterations.
Converged after 8 iterations.
Converged after 2 iterations.
Identified bottleneck state: ((2, 3), (), ())
Converged after 7 iterations.
Converged after 7 iterations.
Converged after 6 iterations.
Identified bottleneck state: ((0, 1), (), ())
Converged after 7 iterations.
Converged after 7 iterations.
Converged after 7 iterations.
Converged after 7 iterations.
Converged after 7 iterations.
Converged after 7 iterations.
Converged after 7 iterations.
Converged after 7 iterations.
Converged after 7 iterations.
Converged after 7 iterations.
Converged after 7 iterations.
Converged after 7 iterations.
Number of states 81
Time to build the sparse matrix: 0.01130819320678711
Time to run value iteration: 0.015240907669067383
Number of states 81
Time to build the sparse matrix: 0.011026144027709961
Time to run value iteration: 0.015117883682250977
Identified bottleneck state: ((3, 3), (), ())
Identified bottleneck state: ((3, 2), (), ())
Identified bottleneck state: ((3, 3), (), ())
Identified bottleneck state: ((3, 3), (), ())
Identified bottleneck state: ((2, 3), (), ())
Identified bottleneck state: ((3, 3), (), ())
Identified bottleneck state: ((0, 1), (), ())
Identified bottleneck state: ((2, 3), (), ())
Identified bottleneck state: ((3, 3), (), ())
Converged after 7 iterations.
Converged after 8 iterations.
Converged after 7 iterations.
Converged after 7 iterations.
Converged after 10 iterations.
Converged after 8 iterations.
Converged after 7 iterations.
Converged after 10 iterations.
Converged after 7 iterations.
Converged after 7 iterations.
Converged after 7 iterations.
Converged after 7 iterations.
Converged after 7 iterations.
Converged after 7 iterations.
Converged after 8 iterations.
Converged after 9 iterations.
Converged after 11 iterations.
Converged after 9 iterations.
Converged after 9 iterations.
Converged after 11 iterations.
Converged after 9 iterations.
Converged after 9 iterations.
Converged after 9 iterations.
Converged after 2 iterations.
Identified bottleneck state: ((3, 2), (), ())
Converged after 7 iterations.
Converged after 7 iterations.
Converged after 7 iterations.
Converged after 7 iterations.
Converged after 7 iterations.
Converged after 7 iterations.
Converged after 7 iterations.
Converged after 8 iterations.
Converged after 8 iterations.
Converged after 7 iterations.
Converged after 7 iterations.
Converged after 7 iterations.
Converged after 7 iterations.
Converged after 7 iterations.
Converged after 7 iterations.
Converged after 7 iterations.
Converged after 7 iterations.
Converged after 8 iterations.
Converged after 7 iterations.
Converged after 11 iterations.
Converged after 10 iterations.
Converged after 2 iterations.
Identified bottleneck state: ((2, 3), (), ())
Converged after 7 iterations.
Converged after 7 iterations.
Converged after 6 iterations.
Identified bottleneck state: ((0, 1), (), ())
Converged after 7 iterations.
Converged after 7 iterations.
Converged after 7 iterations.
Converged after 7 iterations.
Converged after 7 iterations.
Converged after 7 iterations.
Converged after 7 iterations.
Converged after 8 iterations.
Converged after 2 iterations.
Identified bottleneck state: ((2, 3), (), ())
Converged after 7 iterations.
Converged after 7 iterations.
Converged after 7 iterations.
Converged after 8 iterations.
Converged after 7 iterations.
Converged after 7 iterations.
Converged after 10 iterations.
Converged after 8 iterations.
Converged after 7 iterations.
Converged after 10 iterations.
Converged after 7 iterations.
Converged after 7 iterations.
Converged after 7 iterations.
Converged after 7 iterations.
Converged after 7 iterations.
Converged after 7 iterations.
Converged after 8 iterations.
Converged after 9 iterations.
Converged after 11 iterations.
Converged after 9 iterations.
Converged after 9 iterations.
Converged after 11 iterations.
Converged after 9 iterations.
Converged after 9 iterations.
Converged after 9 iterations.
Converged after 2 iterations.
Identified bottleneck state: ((3, 2), (), ())
Converged after 7 iterations.
Converged after 7 iterations.
Converged after 7 iterations.
Converged after 7 iterations.
Converged after 7 iterations.
Converged after 7 iterations.
Converged after 7 iterations.
Converged after 8 iterations.
Converged after 8 iterations.
Converged after 7 iterations.
Converged after 7 iterations.
Converged after 7 iterations.
Converged after 7 iterations.
Converged after 7 iterations.
Converged after 7 iterations.
Converged after 7 iterations.
Converged after 7 iterations.
Converged after 8 iterations.
Converged after 7 iterations.
Converged after 11 iterations.
Converged after 10 iterations.
Converged after 2 iterations.
Identified bottleneck state: ((2, 3), (), ())
Converged after 7 iterations.
Converged after 7 iterations.
Converged after 6 iterations.
Identified bottleneck state: ((0, 1), (), ())
Converged after 7 iterations.
Converged after 7 iterations.
Converged after 7 iterations.
Converged after 7 iterations.
Converged after 7 iterations.
Converged after 7 iterations.
Converged after 7 iterations.
Converged after 8 iterations.
Converged after 2 iterations.
Identified bottleneck state: ((2, 3), (), ())
Converged after 7 iterations.
Converged after 7 iterations.
Number of states 27
Time to build the sparse matrix: 0.0012469291687011719
Time to run value iteration: 0.01158595085144043
Number of states 27
Time to build the sparse matrix: 0.0011870861053466797
Time to run value iteration: 0.011539936065673828
Identified bottleneck state: ((1, 3), (), ())
Identified bottleneck state: ((2, 3), (), ())
Identified bottleneck state: ((3, 3), (), ())
Identified bottleneck state: ((3, 3), (), ())
Identified bottleneck state: ((3, 2), (), ())
Identified bottleneck state: ((3, 3), (), ())
Identified bottleneck state: ((2, 2), (), ())
Identified bottleneck state: ((3, 2), (), ())
Identified bottleneck state: ((3, 3), (), ())
Identified bottleneck state: ((1, 0), (), ())
Identified bottleneck state: ((3, 3), (), ())
Converged after 8 iterations.
Converged after 8 iterations.
Converged after 8 iterations.
Converged after 8 iterations.
Converged after 10 iterations.
Converged after 10 iterations.
Converged after 3 iterations.
Identified bottleneck state: ((1, 3), (), ())
Converged after 7 iterations.
Converged after 8 iterations.
Converged after 2 iterations.
Identified bottleneck state: ((2, 3), (), ())
Time to run value iteration: 0.005887031555175781
Number of states 3
Time to build the sparse matrix: 5.078315734863281e-05
Time to run value iteration: 0.005847930908203125
No path found
No path found
No path found
No path found
No path found
No path found
No path found
No path found
No path found
No path found
No path found
No path found
No path found
No path found
No path found
No path found
No path found
No path found
No path found
No path found
No path found
No path found
No path found
No path found
No path found
No path found
No path found
No path found
No path found
No path found
No path found
No path found
No path found
No path found
No path found
No path found
No path found
No path found
No path found
No path found
No path found
No path found
No path found
No path found
No path found
No path found
No path found
No path found
No path found
No path found
No path found
No path found
No path found
No path found
No path found
No path found
No path found
No path found
No path found
No path found
No path found
No path found
No path found
No path found
No path found
No path found
No path found
No path found
No path found
No path found
No path found
No path found
No path found
No path found
No path found
No path found
No path found
No path found
No path found
No path found
No path found
No path found
No path found
No path found
No path found
No path found
No path found
No path found
No path found
No path found
No path found
No path found
No path found
No path found
No path found
No path found
No path found
No path found
No path found
No path found
Identified bottleneck state: ((3, 3), (), ())
Identified bottleneck state: ((3, 3), (), ())
Identified bottleneck state: ((3, 3), (), ())
Identified bottleneck state: ((2, 2), (), ())
Identified bottleneck state: ((3, 3), (), ())
Identified bottleneck state: ((3, 3), (), ())
Converged after 7 iterations.
Converged after 8 iterations.
Converged after 9 iterations.
Converged after 7 iterations.
Converged after 7 iterations.
Converged after 10 iterations.
Converged after 8 iterations.
Converged after 7 iterations.
Converged after 11 iterations.
Converged after 9 iterations.
Converged after 10 iterations.
Converged after 11 iterations.
Converged after 7 iterations.
Converged after 8 iterations.
Converged after 7 iterations.
Converged after 7 iterations.
Converged after 7 iterations.
Converged after 10 iterations.
Converged after 8 iterations.
Converged after 7 iterations.
Converged after 11 iterations.
Converged after 7 iterations.
Converged after 10 iterations.
Converged after 11 iterations.
Converged after 7 iterations.
Converged after 7 iterations.
Converged after 7 iterations.
Converged after 7 iterations.
Converged after 7 iterations.
Converged after 8 iterations.
Converged after 7 iterations.
Converged after 9 iterations.
Converged after 7 iterations.
Converged after 9 iterations.
Converged after 7 iterations.
Converged after 7 iterations.
Converged after 7 iterations.
Converged after 7 iterations.
Converged after 7 iterations.
Converged after 7 iterations.
Converged after 7 iterations.
Converged after 8 iterations.
Converged after 7 iterations.
Converged after 8 iterations.
Converged after 3 iterations.
Identified bottleneck state: ((2, 2), (), ())
Converged after 7 iterations.
Converged after 7 iterations.
Converged after 7 iterations.
Converged after 7 iterations.
Converged after 7 iterations.
Converged after 7 iterations.
Converged after 7 iterations.
Converged after 7 iterations.
Converged after 7 iterations.
Converged after 7 iterations.
Converged after 7 iterations.
Converged after 7 iterations.
Converged after 7 iterations.
Converged after 7 iterations.
Converged after 7 iterations.
Converged after 7 iterations.
Converged after 7 iterations.
Converged after 7 iterations.
Converged after 8 iterations.
Converged after 9 iterations.
Converged after 7 iterations.
Converged after 7 iterations.
Converged after 10 iterations.
Converged after 8 iterations.
Converged after 7 iterations.
Converged after 11 iterations.
Converged after 9 iterations.
Converged after 10 iterations.
Converged after 11 iterations.
Converged after 7 iterations.
Converged after 8 iterations.
Converged after 7 iterations.
Converged after 7 iterations.
Converged after 7 iterations.
Converged after 10 iterations.
Converged after 8 iterations.
Converged after 7 iterations.
Converged after 11 iterations.
Converged after 7 iterations.
Converged after 10 iterations.
Converged after 11 iterations.
Converged after 7 iterations.
Converged after 7 iterations.
Converged after 7 iterations.
Converged after 7 iterations.
Converged after 7 iterations.
Converged after 8 iterations.
Converged after 7 iterations.
Converged after 9 iterations.
Converged after 7 iterations.
Converged after 9 iterations.
Converged after 7 iterations.
Converged after 7 iterations.
Converged after 7 iterations.
Converged after 7 iterations.
Converged after 7 iterations.
Converged after 7 iterations.
Converged after 7 iterations.
Converged after 8 iterations.
Converged after 7 iterations.
Converged after 8 iterations.
Converged after 3 iterations.
Identified bottleneck state: ((2, 2), (), ())
Converged after 7 iterations.
Converged after 7 iterations.
Converged after 7 iterations.
Converged after 7 iterations.
Converged after 7 iterations.
Converged after 7 iterations.
Converged after 7 iterations.
Converged after 7 iterations.
Converged after 7 iterations.
Converged after 7 iterations.
Converged after 7 iterations.
Converged after 7 iterations.
Converged after 7 iterations.
Converged after 7 iterations.
Converged after 7 iterations.
Converged after 7 iterations.
Converged after 7 iterations.
Number of states 3
Time to build the sparse matrix: 0.00010633468627929688
Time to run value iteration: 0.005836963653564453
Number of states 3
Time to build the sparse matrix: 4.792213439941406e-05
Time to run value iteration: 0.00577092170715332
Identified bottleneck state: ((3, 3), (), ())
Identified bottleneck state: ((3, 2), (), ())
Identified bottleneck state: ((3, 3), (), ())
Identified bottleneck state: ((3, 2), (), ())
Identified bottleneck state: ((3, 3), (), ())
Identified bottleneck state: ((1, 0), (), ())
Identified bottleneck state: ((3, 3), (), ())
Identified bottleneck state: ((3, 3), (), ())
Converged after 7 iterations.
Converged after 7 iterations.
Converged after 7 iterations.
Converged after 7 iterations.
Converged after 7 iterations.
Converged after 8 iterations.
Converged after 7 iterations.
Converged after 9 iterations.
Converged after 7 iterations.
Converged after 9 iterations.
Converged after 7 iterations.
Converged after 7 iterations.
Converged after 7 iterations.
Converged after 7 iterations.
Converged after 7 iterations.
Converged after 7 iterations.
Converged after 7 iterations.
Converged after 8 iterations.
Converged after 7 iterations.
Converged after 7 iterations.
Converged after 8 iterations.
Converged after 7 iterations.
Converged after 7 iterations.
Converged after 2 iterations.
Identified bottleneck state: ((3, 2), (), ())
Converged after 7 iterations.
Converged after 8 iterations.
Converged after 7 iterations.
Converged after 7 iterations.
Converged after 11 iterations.
Converged after 7 iterations.
Converged after 8 iterations.
Converged after 7 iterations.
Converged after 11 iterations.
Converged after 7 iterations.
Converged after 7 iterations.
Converged after 2 iterations.
Identified bottleneck state: ((3, 2), (), ())
Converged after 7 iterations.
Converged after 7 iterations.
Converged after 6 iterations.
Identified bottleneck state: ((1, 0), (), ())
Converged after 7 iterations.
Converged after 7 iterations.
Converged after 7 iterations.
Converged after 7 iterations.
Converged after 7 iterations.
Converged after 7 iterations.
Converged after 7 iterations.
Converged after 8 iterations.
Converged after 9 iterations.
Converged after 7 iterations.
Converged after 7 iterations.
Converged after 7 iterations.
Converged after 7 iterations.
Converged after 7 iterations.
Converged after 7 iterations.
Converged after 7 iterations.
Converged after 7 iterations.
Converged after 7 iterations.
Converged after 7 iterations.
Converged after 7 iterations.
Converged after 7 iterations.
Converged after 7 iterations.
Converged after 7 iterations.
Converged after 7 iterations.
Converged after 7 iterations.
Converged after 7 iterations.
Converged after 8 iterations.
Converged after 7 iterations.
Converged after 9 iterations.
Converged after 7 iterations.
Converged after 9 iterations.
Converged after 7 iterations.
Converged after 7 iterations.
Converged after 7 iterations.
Converged after 7 iterations.
Converged after 7 iterations.
Converged after 7 iterations.
Converged after 7 iterations.
Converged after 8 iterations.
Converged after 7 iterations.
Converged after 7 iterations.
Converged after 8 iterations.
Converged after 7 iterations.
Converged after 7 iterations.
Converged after 2 iterations.
Identified bottleneck state: ((3, 2), (), ())
Converged after 7 iterations.
Converged after 8 iterations.
Converged after 7 iterations.
Converged after 7 iterations.
Converged after 11 iterations.
Converged after 7 iterations.
Converged after 8 iterations.
Converged after 7 iterations.
Converged after 11 iterations.
Converged after 7 iterations.
Converged after 7 iterations.
Converged after 2 iterations.
Identified bottleneck state: ((3, 2), (), ())
Converged after 7 iterations.
Converged after 7 iterations.
Converged after 6 iterations.
Identified bottleneck state: ((1, 0), (), ())
Converged after 7 iterations.
Converged after 7 iterations.
Converged after 7 iterations.
Converged after 7 iterations.
Converged after 7 iterations.
Converged after 7 iterations.
Converged after 7 iterations.
Converged after 8 iterations.
Converged after 9 iterations.
Converged after 7 iterations.
Converged after 7 iterations.
Converged after 7 iterations.
Converged after 7 iterations.
Converged after 7 iterations.
Converged after 7 iterations.
Converged after 7 iterations.
Converged after 7 iterations.
Converged after 7 iterations.
Converged after 7 iterations.
Converged after 7 iterations.
Converged after 7 iterations.
Number of states 9
Time to build the sparse matrix: 0.00026488304138183594
Time to run value iteration: 0.008857965469360352
Number of states 9
Time to build the sparse matrix: 0.00017523765563964844
Time to run value iteration: 0.008932113647460938
No path found
No path found
No path found
No path found
No path found
No path found
No path found
No path found
No path found
No path found
No path found
No path found
No path found
No path found
No path found
No path found
No path found
No path found
No path found
No path found
No path found
No path found
No path found
No path found
No path found
No path found
No path found
No path found
No path found
No path found
No path found
No path found
No path found
No path found
No path found
No path found
No path found
No path found
No path found
No path found
No path found
No path found
No path found
No path found
No path found
No path found
No path found
No path found
No path found
No path found
No path found
No path found
No path found
No path found
No path found
No path found
No path found
No path found
No path found
No path found
No path found
No path found
No path found
No path found
No path found
No path found
No path found
No path found
No path found
No path found
No path found
No path found
No path found
No path found
No path found
No path found
No path found
No path found
No path found
No path found
No path found
No path found
No path found
No path found
No path found
No path found
No path found
No path found
No path found
No path found
No path found
No path found
No path found
No path found
No path found
No path found
No path found
No path found
No path found
No path found
Identified bottleneck state: ((3, 3), (), ())
Identified bottleneck state: ((3, 3), (), ())
Identified bottleneck state: ((1, 0), (), ())
Identified bottleneck state: ((3, 3), (), ())
Identified bottleneck state: ((2, 3), (), ())
Identified bottleneck state: ((3, 3), (), ())
Identified bottleneck state: ((3, 3), (), ())
Converged after 7 iterations.
Converged after 7 iterations.
Converged after 7 iterations.
Converged after 7 iterations.
Converged after 7 iterations.
Converged after 7 iterations.
Converged after 7 iterations.
Converged after 7 iterations.
Converged after 7 iterations.
Converged after 7 iterations.
Converged after 7 iterations.
Converged after 7 iterations.
Converged after 7 iterations.
Converged after 7 iterations.
Converged after 7 iterations.
Converged after 8 iterations.
Converged after 7 iterations.
Converged after 7 iterations.
Converged after 7 iterations.
Converged after 10 iterations.
Converged after 8 iterations.
Converged after 7 iterations.
Converged after 11 iterations.
Converged after 7 iterations.
Converged after 10 iterations.
Converged after 11 iterations.
Converged after 7 iterations.
Converged after 7 iterations.
Converged after 6 iterations.
Identified bottleneck state: ((1, 0), (), ())
Converged after 7 iterations.
Converged after 7 iterations.
Converged after 8 iterations.
Converged after 7 iterations.
Converged after 7 iterations.
Converged after 8 iterations.
Converged after 7 iterations.
Converged after 8 iterations.
Converged after 8 iterations.
Converged after 7 iterations.
Converged after 7 iterations.
Converged after 7 iterations.
Converged after 8 iterations.
Converged after 7 iterations.
Converged after 7 iterations.
Converged after 7 iterations.
Converged after 9 iterations.
Converged after 8 iterations.
Converged after 2 iterations.
Identified bottleneck state: ((2, 3), (), ())
Converged after 7 iterations.
Converged after 7 iterations.
Converged after 7 iterations.
Converged after 8 iterations.
Converged after 7 iterations.
Converged after 9 iterations.
Converged after 7 iterations.
Converged after 8 iterations.
Converged after 7 iterations.
Converged after 7 iterations.
Converged after 7 iterations.
Converged after 7 iterations.
Converged after 7 iterations.
Converged after 7 iterations.
Converged after 7 iterations.
Converged after 7 iterations.
Converged after 7 iterations.
Converged after 7 iterations.
Converged after 7 iterations.
Converged after 7 iterations.
Converged after 7 iterations.
Converged after 7 iterations.
Converged after 7 iterations.
Converged after 7 iterations.
Converged after 7 iterations.
Converged after 7 iterations.
Converged after 7 iterations.
Converged after 7 iterations.
Converged after 7 iterations.
Converged after 8 iterations.
Converged after 7 iterations.
Converged after 7 iterations.
Converged after 7 iterations.
Converged after 10 iterations.
Converged after 8 iterations.
Converged after 7 iterations.
Converged after 11 iterations.
Converged after 7 iterations.
Converged after 10 iterations.
Converged after 11 iterations.
Converged after 7 iterations.
Converged after 7 iterations.
Converged after 6 iterations.
Identified bottleneck state: ((1, 0), (), ())
Converged after 7 iterations.
Converged after 7 iterations.
Converged after 8 iterations.
Converged after 7 iterations.
Converged after 7 iterations.
Converged after 8 iterations.
Converged after 7 iterations.
Converged after 8 iterations.
Converged after 8 iterations.
Converged after 7 iterations.
Converged after 7 iterations.
Converged after 7 iterations.
Converged after 8 iterations.
Converged after 7 iterations.
Converged after 7 iterations.
Converged after 7 iterations.
Converged after 9 iterations.
Converged after 8 iterations.
Converged after 2 iterations.
Identified bottleneck state: ((2, 3), (), ())
Converged after 7 iterations.
Converged after 7 iterations.
Converged after 7 iterations.
Converged after 8 iterations.
Converged after 7 iterations.
Converged after 9 iterations.
Converged after 7 iterations.
Converged after 8 iterations.
Converged after 7 iterations.
Converged after 7 iterations.
Converged after 7 iterations.
Converged after 7 iterations.
Converged after 7 iterations.
Converged after 7 iterations.
Number of states 9
Time to build the sparse matrix: 0.00024700164794921875
Time to run value iteration: 0.009099006652832031
Number of states 9
Time to build the sparse matrix: 0.00021409988403320312
Time to run value iteration: 0.008883953094482422
No path found
No path found
No path found
No path found
Converged after 8 iterations.
Converged after 8 iterations.
Converged after 7 iterations.
Converged after 7 iterations.
Converged after 7 iterations.
Converged after 7 iterations.
Converged after 7 iterations.
Converged after 7 iterations.
Converged after 10 iterations.
Converged after 7 iterations.
Converged after 10 iterations.
Converged after 7 iterations.
Converged after 8 iterations.
Converged after 9 iterations.
Converged after 7 iterations.
Converged after 7 iterations.
Converged after 7 iterations.
Converged after 7 iterations.
Converged after 8 iterations.
Converged after 9 iterations.
Converged after 7 iterations.
Converged after 7 iterations.
Converged after 8 iterations.
Converged after 7 iterations.
Converged after 7 iterations.
Converged after 2 iterations.
Identified bottleneck state: ((3, 2), (), ())
Converged after 7 iterations.
Converged after 7 iterations.
Converged after 7 iterations.
Converged after 7 iterations.
Converged after 7 iterations.
Converged after 9 iterations.
Converged after 7 iterations.
Converged after 7 iterations.
Converged after 8 iterations.
Converged after 3 iterations.
Identified bottleneck state: ((2, 2), (), ())
Converged after 7 iterations.
Converged after 2 iterations.
Identified bottleneck state: ((3, 2), (), ())
Converged after 7 iterations.
Converged after 6 iterations.
Identified bottleneck state: ((1, 0), (), ())
Converged after 7 iterations.
Converged after 7 iterations.
Converged after 7 iterations.
Converged after 7 iterations.
Converged after 7 iterations.
Converged after 7 iterations.
Converged after 7 iterations.
Converged after 7 iterations.
Converged after 7 iterations.
Converged after 7 iterations.
Converged after 8 iterations.
Converged after 8 iterations.
Converged after 8 iterations.
Converged after 8 iterations.
Converged after 10 iterations.
Converged after 10 iterations.
Converged after 3 iterations.
Identified bottleneck state: ((1, 3), (), ())
Converged after 7 iterations.
Converged after 8 iterations.
Converged after 2 iterations.
Identified bottleneck state: ((2, 3), (), ())
Converged after 8 iterations.
Converged after 8 iterations.
Converged after 7 iterations.
Converged after 7 iterations.
Converged after 7 iterations.
Converged after 7 iterations.
Converged after 7 iterations.
Converged after 7 iterations.
Converged after 10 iterations.
Converged after 7 iterations.
Converged after 10 iterations.
Converged after 7 iterations.
Converged after 8 iterations.
Converged after 9 iterations.
Converged after 7 iterations.
Converged after 7 iterations.
Converged after 7 iterations.
Converged after 7 iterations.
Converged after 8 iterations.
Converged after 9 iterations.
Converged after 7 iterations.
Converged after 7 iterations.
Converged after 8 iterations.
Converged after 7 iterations.
Converged after 7 iterations.
Converged after 2 iterations.
Identified bottleneck state: ((3, 2), (), ())
Converged after 7 iterations.
Converged after 7 iterations.
Converged after 7 iterations.
Converged after 7 iterations.
Converged after 7 iterations.
Converged after 9 iterations.
Converged after 7 iterations.
Converged after 7 iterations.
Converged after 8 iterations.
Converged after 3 iterations.
Identified bottleneck state: ((2, 2), (), ())
Converged after 7 iterations.
Converged after 2 iterations.
Identified bottleneck state: ((3, 2), (), ())
Converged after 7 iterations.
Converged after 6 iterations.
Identified bottleneck state: ((1, 0), (), ())
Converged after 7 iterations.
Converged after 7 iterations.
Converged after 7 iterations.
Converged after 7 iterations.
Converged after 7 iterations.
Converged after 7 iterations.
Converged after 7 iterations.
Converged after 7 iterations.
Converged after 7 iterations.
Converged after 7 iterations.
Number of states 243
Time to build the sparse matrix: 0.1133110523223877
Time to run value iteration: 0.02187800407409668
Number of states 243
Time to build the sparse matrix: 0.11556720733642578
Time to run value iteration: 0.021759986877441406
No path found
No path found
No path found
No path found
No path found
No path found
No path found
No path found
No path found
No path found
No path found
No path found
No path found
No path found
No path found
No path found
No path found
No path found
No path found
No path found
No path found
No path found
No path found
No path found
No path found
No path found
No path found
No path found
No path found
No path found
No path found
No path found
No path found
No path found
No path found
No path found
No path found
No path found
No path found
No path found
No path found
No path found
No path found
No path found
No path found
No path found
No path found
No path found
No path found
No path found
No path found
No path found
No path found
No path found
No path found
No path found
No path found
No path found
No path found
No path found
No path found
No path found
No path found
No path found
No path found
No path found
No path found
No path found
No path found
No path found
No path found
No path found
No path found
No path found
No path found
No path found
No path found
No path found
No path found
No path found
No path found
No path found
No path found
No path found
No path found
No path found
No path found
No path found
No path found
No path found
No path found
No path found
No path found
No path found
No path found
No path found
No path found
No path found
No path found
No path found
Identified bottleneck state: ((0, 1), (), ())
Identified bottleneck state: ((3, 3), (), ())
Identified bottleneck state: ((0, 1), (), ())
Identified bottleneck state: ((0, 2), (), ())
Identified bottleneck state: ((3, 3), (), ())
Identified bottleneck state: ((1, 0), (), ())
Identified bottleneck state: ((3, 3), (), ())
Identified bottleneck state: ((3, 1), (), ())
Identified bottleneck state: ((3, 2), (), ())
Identified bottleneck state: ((3, 3), (), ())
Identified bottleneck state: ((0, 1), (), ())
Identified bottleneck state: ((3, 3), (), ())
Converged after 6 iterations.
Identified bottleneck state: ((0, 1), (), ())
Converged after 7 iterations.
Converged after 7 iterations.
Converged after 7 iterations.
Converged after 8 iterations.
Converged after 7 iterations.
Converged after 7 iterations.
Converged after 7 iterations.
Converged after 9 iterations.
Converged after 7 iterations.
Converged after 7 iterations.
Converged after 7 iterations.
Converged after 6 iterations.
Identified bottleneck state: ((0, 1), (), ())
Converged after 5 iterations.
Identified bottleneck state: ((0, 2), (), ())
Converged after 7 iterations.
Converged after 7 iterations.
Converged after 7 iterations.
Converged after 7 iterations.
Converged after 7 iterations.
Converged after 7 iterations.
Converged after 7 iterations.
Converged after 7 iterations.
Converged after 7 iterations.
Converged after 7 iterations.
Converged after 7 iterations.
Converged after 7 iterations.
Converged after 6 iterations.
Identified bottleneck state: ((1, 0), (), ())
Converged after 7 iterations.
Converged after 7 iterations.
Converged after 8 iterations.
Converged after 7 iterations.
Converged after 7 iterations.
Converged after 8 iterations.
Converged after 7 iterations.
Converged after 8 iterations.
Converged after 8 iterations.
Converged after 8 iterations.
Converged after 7 iterations.
Converged after 8 iterations.
Converged after 8 iterations.
Converged after 10 iterations.
Converged after 8 iterations.
Converged after 8 iterations.
Converged after 10 iterations.
Converged after 8 iterations.
Converged after 8 iterations.
Converged after 3 iterations.
Identified bottleneck state: ((3, 1), (), ())
Converged after 2 iterations.
Identified bottleneck state: ((3, 2), (), ())
Converged after 6 iterations.
Identified bottleneck state: ((0, 1), (), ())
Converged after 7 iterations.
Converged after 7 iterations.
Converged after 7 iterations.
Converged after 7 iterations.
Converged after 7 iterations.
Converged after 7 iterations.
Converged after 7 iterations.
Converged after 7 iterations.
Converged after 7 iterations.
Converged after 7 iterations.
Converged after 7 iterations.
Converged after 6 iterations.
Identified bottleneck state: ((0, 1), (), ())
Converged after 7 iterations.
Converged after 9 iterations.
Converged after 9 iterations.
Converged after 9 iterations.
Converged after 7 iterations.
Converged after 11 iterations.
Converged after 11 iterations.
Converged after 9 iterations.
Converged after 7 iterations.
Converged after 9 iterations.
Converged after 2 iterations.
Identified bottleneck state: ((2, 3), (), ())
Converged after 8 iterations.
Converged after 9 iterations.
Converged after 7 iterations.
Converged after 7 iterations.
Converged after 7 iterations.
Converged after 7 iterations.
Converged after 9 iterations.
Converged after 9 iterations.
Converged after 7 iterations.
Converged after 7 iterations.
Converged after 7 iterations.
Converged after 7 iterations.
Converged after 7 iterations.
Converged after 7 iterations.
Number of states 3
Time to build the sparse matrix: 0.00011086463928222656
Time to run value iteration: 0.0058329105377197266
Number of states 3
Time to build the sparse matrix: 4.887580871582031e-05
Time to run value iteration: 0.005817890167236328
Identified bottleneck state: ((3, 3), (), ())
Identified bottleneck state: ((1, 0), (), ())
Identified bottleneck state: ((3, 3), (), ())
Identified bottleneck state: ((0, 1), (), ())
Identified bottleneck state: ((2, 3), (), ())
Identified bottleneck state: ((3, 3), (), ())
Identified bottleneck state: ((0, 1), (), ())
Identified bottleneck state: ((0, 2), (), ())
Identified bottleneck state: ((1, 2), (), ())
Identified bottleneck state: ((2, 2), (), ())
Identified bottleneck state: ((3, 3), (), ())
Identified bottleneck state: ((0, 1), (), ())
Identified bottleneck state: ((0, 2), (), ())
Identified bottleneck state: ((0, 3), (), ())
Identified bottleneck state: ((1, 3), (), ())
Identified bottleneck state: ((2, 3), (), ())
Identified bottleneck state: ((3, 3), (), ())
Converged after 7 iterations.
Converged after 8 iterations.
Converged after 9 iterations.
Converged after 7 iterations.
Converged after 7 iterations.
Converged after 10 iterations.
Converged after 8 iterations.
Converged after 11 iterations.
Converged after 9 iterations.
Converged after 10 iterations.
Converged after 11 iterations.
Converged after 7 iterations.
Converged after 7 iterations.
Converged after 6 iterations.
Identified bottleneck state: ((1, 0), (), ())
Converged after 7 iterations.
Converged after 7 iterations.
Converged after 7 iterations.
Converged after 7 iterations.
Converged after 8 iterations.
Converged after 7 iterations.
Converged after 7 iterations.
Converged after 7 iterations.
Converged after 6 iterations.
Identified bottleneck state: ((0, 1), (), ())
Converged after 7 iterations.
Converged after 7 iterations.
Converged after 7 iterations.
Converged after 8 iterations.
Converged after 7 iterations.
Converged after 7 iterations.
Converged after 10 iterations.
Converged after 2 iterations.
Identified bottleneck state: ((2, 3), (), ())
Converged after 7 iterations.
Converged after 7 iterations.
Converged after 6 iterations.
Identified bottleneck state: ((0, 1), (), ())
Converged after 5 iterations.
Identified bottleneck state: ((0, 2), (), ())
Converged after 8 iterations.
Converged after 8 iterations.
Converged after 4 iterations.
Identified bottleneck state: ((1, 2), (), ())
Converged after 8 iterations.
Converged after 4 iterations.
Identified bottleneck state: ((2, 2), (), ())
Converged after 8 iterations.
Converged after 8 iterations.
Converged after 8 iterations.
Converged after 8 iterations.
Converged after 6 iterations.
Identified bottleneck state: ((0, 1), (), ())
Converged after 5 iterations.
Identified bottleneck state: ((0, 2), (), ())
Converged after 4 iterations.
Identified bottleneck state: ((0, 3), (), ())
Converged after 8 iterations.
Converged after 9 iterations.
Converged after 3 iterations.
Identified bottleneck state: ((1, 3), (), ())
Converged after 9 iterations.
Converged after 9 iterations.
Converged after 3 iterations.
Identified bottleneck state: ((2, 3), (), ())
Converged after 9 iterations.
Converged after 9 iterations.
Converged after 7 iterations.
Converged after 8 iterations.
Converged after 9 iterations.
Converged after 7 iterations.
Converged after 7 iterations.
Converged after 10 iterations.
Converged after 8 iterations.
Converged after 11 iterations.
Converged after 9 iterations.
Converged after 10 iterations.
Converged after 11 iterations.
Converged after 7 iterations.
Converged after 7 iterations.
Converged after 6 iterations.
Identified bottleneck state: ((1, 0), (), ())
Converged after 7 iterations.
Converged after 7 iterations.
Converged after 7 iterations.
Converged after 7 iterations.
Converged after 8 iterations.
Converged after 7 iterations.
Converged after 7 iterations.
Converged after 7 iterations.
Converged after 6 iterations.
Identified bottleneck state: ((0, 1), (), ())
Converged after 7 iterations.
Converged after 7 iterations.
Converged after 7 iterations.
Converged after 8 iterations.
Converged after 7 iterations.
Converged after 7 iterations.
Converged after 10 iterations.
Converged after 2 iterations.
Identified bottleneck state: ((2, 3), (), ())
Converged after 7 iterations.
Converged after 7 iterations.
Converged after 6 iterations.
Identified bottleneck state: ((0, 1), (), ())
Converged after 5 iterations.
Identified bottleneck state: ((0, 2), (), ())
Converged after 8 iterations.
Converged after 8 iterations.
Converged after 4 iterations.
Identified bottleneck state: ((1, 2), (), ())
Converged after 8 iterations.
Converged after 4 iterations.
Identified bottleneck state: ((2, 2), (), ())
Converged after 8 iterations.
Converged after 8 iterations.
Converged after 8 iterations.
Converged after 8 iterations.
Converged after 6 iterations.
Identified bottleneck state: ((0, 1), (), ())
Converged after 5 iterations.
Identified bottleneck state: ((0, 2), (), ())
Converged after 4 iterations.
Identified bottleneck state: ((0, 3), (), ())
Converged after 8 iterations.
Converged after 9 iterations.
Converged after 3 iterations.
Identified bottleneck state: ((1, 3), (), ())
Converged after 9 iterations.
Converged after 9 iterations.
Converged after 3 iterations.
Identified bottleneck state: ((2, 3), (), ())
Converged after 9 iterations.
Converged after 9 iterations.
Number of states 6561
Time to build the sparse matrix: 129.9850881099701
Time to run value iteration: 0.2159569263458252
Number of states 6561
Time to build the sparse matrix: 127.13678479194641
Time to run value iteration: 0.2133498191833496
No path found
No path found
No path found
No path found
No path found
No path found
No path found
No path found
No path found
No path found
No path found
No path found
No path found
No path found
No path found
No path found
No path found
No path found
No path found
No path found
No path found
No path found
No path found
No path found
No path found
No path found
No path found
No path found
No path found
No path found
No path found
No path found
No path found
No path found
No path found
No path found
No path found
No path found
No path found
No path found
No path found
No path found
No path found
No path found
No path found
No path found
No path found
No path found
No path found
No path found
No path found
No path found
No path found
No path found
No path found
No path found
No path found
No path found
No path found
No path found
No path found
No path found
No path found
No path found
No path found
No path found
No path found
No path found
No path found
No path found
No path found
No path found
No path found
No path found
No path found
No path found
No path found
No path found
No path found
No path found
No path found
No path found
No path found
No path found
No path found
No path found
No path found
No path found
No path found
No path found
No path found
No path found
No path found
No path found
No path found
No path found
No path found
No path found
No path found
No path found
No path found
No path found
No path found
No path found
No path found
No path found
No path found
No path found
No path found
No path found
No path found
No path found
No path found
No path found
No path found
No path found
No path found
No path found
No path found
No path found
No path found
No path found
No path found
No path found
No path found
No path found
No path found
No path found
No path found
No path found
No path found
No path found
No path found
No path found
No path found
No path found
No path found
No path found
No path found
No path found
No path found
No path found
No path found
No path found
No path found
No path found
No path found
No path found
No path found
No path found
No path found
No path found
No path found
No path found
No path found
No path found
No path found
No path found
No path found
No path found
No path found
No path found
No path found
No path found
No path found
No path found
No path found
No path found
No path found
No path found
No path found
No path found
No path found
No path found
No path found
No path found
No path found
No path found
No path found
No path found
No path found
No path found
No path found
No path found
No path found
No path found
No path found
No path found
No path found
No path found
No path found
No path found
No path found
No path found
No path found
No path found
No path found
No path found
No path found
No path found
Identified bottleneck state: ((3, 1), (), ())
Identified bottleneck state: ((3, 2), (), ())
Identified bottleneck state: ((3, 3), (), ())
Identified bottleneck state: ((3, 3), (), ())
Identified bottleneck state: ((1, 0), (), ())
Identified bottleneck state: ((3, 3), (), ())
Identified bottleneck state: ((3, 3), (), ())
Identified bottleneck state: ((1, 1), (), ())
Identified bottleneck state: ((1, 2), (), ())
Identified bottleneck state: ((1, 3), (), ())
Identified bottleneck state: ((2, 3), (), ())
Identified bottleneck state: ((3, 3), (), ())
Converged after 7 iterations.
Converged after 7 iterations.
Converged after 8 iterations.
Converged after 7 iterations.
Converged after 7 iterations.
Converged after 8 iterations.
Converged after 7 iterations.
Converged after 7 iterations.
Converged after 3 iterations.
Identified bottleneck state: ((3, 1), (), ())
Converged after 2 iterations.
Identified bottleneck state: ((3, 2), (), ())
Converged after 7 iterations.
Converged after 7 iterations.
Converged after 7 iterations.
Converged after 7 iterations.
Converged after 7 iterations.
Converged after 7 iterations.
Converged after 7 iterations.
Converged after 7 iterations.
Converged after 7 iterations.
Converged after 7 iterations.
Converged after 7 iterations.
Converged after 7 iterations.
Converged after 7 iterations.
Converged after 7 iterations.
Converged after 7 iterations.
Converged after 6 iterations.
Identified bottleneck state: ((1, 0), (), ())
Converged after 7 iterations.
Converged after 7 iterations.
Converged after 7 iterations.
Converged after 7 iterations.
Converged after 7 iterations.
Converged after 7 iterations.
Converged after 7 iterations.
Converged after 7 iterations.
Converged after 7 iterations.
Converged after 7 iterations.
Converged after 7 iterations.
Converged after 7 iterations.
Converged after 7 iterations.
Converged after 7 iterations.
Converged after 7 iterations.
Converged after 7 iterations.
Converged after 7 iterations.
Converged after 7 iterations.
Converged after 7 iterations.
Converged after 7 iterations.
Converged after 7 iterations.
Converged after 7 iterations.
Converged after 7 iterations.
Converged after 8 iterations.
Converged after 8 iterations.
Converged after 8 iterations.
Converged after 5 iterations.
Identified bottleneck state: ((1, 1), (), ())
Converged after 4 iterations.
Identified bottleneck state: ((1, 2), (), ())
Converged after 3 iterations.
Identified bottleneck state: ((1, 3), (), ())
Converged after 8 iterations.
Converged after 9 iterations.
Converged after 2 iterations.
Identified bottleneck state: ((2, 3), (), ())
Converged after 8 iterations.
Converged after 8 iterations.
Converged after 7 iterations.
Converged after 7 iterations.
Converged after 8 iterations.
Converged after 7 iterations.
Converged after 7 iterations.
Converged after 8 iterations.
Converged after 7 iterations.
Converged after 7 iterations.
Converged after 3 iterations.
Identified bottleneck state: ((3, 1), (), ())
Converged after 2 iterations.
Identified bottleneck state: ((3, 2), (), ())
Converged after 7 iterations.
Converged after 7 iterations.
Converged after 7 iterations.
Converged after 7 iterations.
Converged after 7 iterations.
Converged after 7 iterations.
Converged after 7 iterations.
Converged after 7 iterations.
Converged after 7 iterations.
Converged after 7 iterations.
Converged after 7 iterations.
Converged after 7 iterations.
Converged after 7 iterations.
Converged after 7 iterations.
Converged after 7 iterations.
Converged after 6 iterations.
Identified bottleneck state: ((1, 0), (), ())
Converged after 7 iterations.
Converged after 7 iterations.
Converged after 7 iterations.
Converged after 7 iterations.
Converged after 7 iterations.
Converged after 7 iterations.
Converged after 7 iterations.
Converged after 7 iterations.
Converged after 7 iterations.
Converged after 7 iterations.
Converged after 7 iterations.
Converged after 7 iterations.
Converged after 7 iterations.
Converged after 7 iterations.
Converged after 7 iterations.
Converged after 7 iterations.
Converged after 7 iterations.
Converged after 7 iterations.
Converged after 7 iterations.
Converged after 7 iterations.
Converged after 7 iterations.
Converged after 7 iterations.
Converged after 7 iterations.
Converged after 8 iterations.
Converged after 8 iterations.
Converged after 8 iterations.
Converged after 5 iterations.
Identified bottleneck state: ((1, 1), (), ())
Converged after 4 iterations.
Identified bottleneck state: ((1, 2), (), ())
Converged after 3 iterations.
Identified bottleneck state: ((1, 3), (), ())
Converged after 8 iterations.
Converged after 9 iterations.
Converged after 2 iterations.
Identified bottleneck state: ((2, 3), (), ())
Converged after 8 iterations.
Converged after 8 iterations.
Number of states 2187
Time to build the sparse matrix: 12.519598245620728
Time to run value iteration: 0.07980704307556152
Number of states 2187
Time to build the sparse matrix: 12.617529153823853
Time to run value iteration: 0.07880306243896484
Identified bottleneck state: ((1, 0), (), ())
Identified bottleneck state: ((2, 1), (), ())
Identified bottleneck state: ((3, 3), (), ())
Identified bottleneck state: ((3, 3), (), ())
Identified bottleneck state: ((1, 1), (), ())
Identified bottleneck state: ((1, 2), (), ())
Identified bottleneck state: ((3, 3), (), ())
Identified bottleneck state: ((0, 1), (), ())
Identified bottleneck state: ((0, 2), (), ())
Identified bottleneck state: ((0, 3), (), ())
Identified bottleneck state: ((1, 3), (), ())
Identified bottleneck state: ((2, 3), (), ())
Identified bottleneck state: ((3, 3), (), ())
Identified bottleneck state: ((3, 3), (), ())
Converged after 7 iterations.
Converged after 7 iterations.
Converged after 6 iterations.
Identified bottleneck state: ((1, 0), (), ())
Converged after 7 iterations.
Converged after 7 iterations.
Converged after 7 iterations.
Converged after 5 iterations.
Identified bottleneck state: ((2, 1), (), ())
Converged after 7 iterations.
Converged after 7 iterations.
Converged after 7 iterations.
Converged after 7 iterations.
Converged after 7 iterations.
Converged after 8 iterations.
Converged after 7 iterations.
Converged after 9 iterations.
Converged after 7 iterations.
Converged after 8 iterations.
Converged after 7 iterations.
Converged after 7 iterations.
Converged after 9 iterations.
Converged after 10 iterations.
Converged after 11 iterations.
Converged after 7 iterations.
Converged after 7 iterations.
Converged after 7 iterations.
Converged after 5 iterations.
Identified bottleneck state: ((1, 1), (), ())
Converged after 4 iterations.
Identified bottleneck state: ((1, 2), (), ())
Converged after 7 iterations.
Converged after 7 iterations.
Converged after 7 iterations.
Converged after 7 iterations.
Converged after 7 iterations.
Converged after 7 iterations.
Converged after 6 iterations.
Identified bottleneck state: ((0, 1), (), ())
Converged after 5 iterations.
Identified bottleneck state: ((0, 2), (), ())
Converged after 4 iterations.
/Users/silvia/anaconda3/lib/python3.12/multiprocessing/resource_tracker.py:254: UserWarning: resource_tracker: There appear to be 19 leaked semaphore objects to clean up at shutdown
  warnings.warn('resource_tracker: There appear to be %d '
