Identified bottleneck state: ((3, 3), (), ())
Identified bottleneck state: ((3, 2), (), ())
Identified bottleneck state: ((3, 3), (), ())
Identified bottleneck state: ((0, 1), (), ())
Identified bottleneck state: ((3, 3), (), ())
Identified bottleneck state: ((2, 3), (), ())
Identified bottleneck state: ((3, 3), (), ())
Identified bottleneck state: ((3, 3), (), ())
Converged after 7 iterations.
Converged after 7 iterations.
Converged after 7 iterations.
Converged after 7 iterations.
Converged after 7 iterations.
Converged after 7 iterations.
Converged after 7 iterations.
Converged after 7 iterations.
Converged after 7 iterations.
Converged after 7 iterations.
Converged after 7 iterations.
Converged after 8 iterations.
Converged after 9 iterations.
Converged after 7 iterations.
Converged after 7 iterations.
Converged after 7 iterations.
Converged after 7 iterations.
Converged after 7 iterations.
Converged after 9 iterations.
Converged after 7 iterations.
Converged after 7 iterations.
Converged after 7 iterations.
Converged after 8 iterations.
Converged after 7 iterations.
Converged after 7 iterations.
Converged after 2 iterations.
Identified bottleneck state: ((3, 2), (), ())
Converged after 6 iterations.
Identified bottleneck state: ((0, 1), (), ())
Converged after 7 iterations.
Converged after 7 iterations.
Converged after 7 iterations.
Converged after 7 iterations.
Converged after 7 iterations.
Converged after 7 iterations.
Converged after 7 iterations.
Converged after 7 iterations.
Converged after 7 iterations.
Converged after 7 iterations.
Converged after 7 iterations.
Converged after 7 iterations.
Converged after 7 iterations.
Converged after 7 iterations.
Converged after 7 iterations.
Converged after 7 iterations.
Converged after 7 iterations.
Converged after 7 iterations.
Converged after 7 iterations.
Converged after 7 iterations.
Converged after 9 iterations.
Converged after 8 iterations.
Converged after 2 iterations.
Identified bottleneck state: ((2, 3), (), ())
Converged after 7 iterations.
Converged after 7 iterations.
Converged after 7 iterations.
Converged after 7 iterations.
Converged after 7 iterations.
Converged after 7 iterations.
Converged after 7 iterations.
Converged after 8 iterations.
Converged after 7 iterations.
Converged after 7 iterations.
Converged after 7 iterations.
Converged after 9 iterations.
Converged after 7 iterations.
Converged after 7 iterations.
Converged after 7 iterations.
Converged after 7 iterations.
Converged after 7 iterations.
Converged after 7 iterations.
Converged after 7 iterations.
Converged after 7 iterations.
Converged after 7 iterations.
Converged after 7 iterations.
Converged after 7 iterations.
Converged after 7 iterations.
Converged after 7 iterations.
Converged after 7 iterations.
Converged after 8 iterations.
Converged after 9 iterations.
Converged after 7 iterations.
Converged after 7 iterations.
Converged after 7 iterations.
Converged after 7 iterations.
Converged after 7 iterations.
Converged after 9 iterations.
Converged after 7 iterations.
Converged after 7 iterations.
Converged after 7 iterations.
Converged after 8 iterations.
Converged after 7 iterations.
Converged after 7 iterations.
Converged after 2 iterations.
Identified bottleneck state: ((3, 2), (), ())
Converged after 6 iterations.
Identified bottleneck state: ((0, 1), (), ())
Converged after 7 iterations.
Converged after 7 iterations.
Converged after 7 iterations.
Converged after 7 iterations.
Converged after 7 iterations.
Converged after 7 iterations.
Converged after 7 iterations.
Converged after 7 iterations.
Converged after 7 iterations.
Converged after 7 iterations.
Converged after 7 iterations.
Converged after 7 iterations.
Converged after 7 iterations.
Converged after 7 iterations.
Converged after 7 iterations.
Converged after 7 iterations.
Converged after 7 iterations.
Converged after 7 iterations.
Converged after 7 iterations.
Converged after 7 iterations.
Converged after 9 iterations.
Converged after 8 iterations.
Converged after 2 iterations.
Identified bottleneck state: ((2, 3), (), ())
Converged after 7 iterations.
Converged after 7 iterations.
Converged after 7 iterations.
Converged after 7 iterations.
Converged after 7 iterations.
Converged after 7 iterations.
Converged after 7 iterations.
Converged after 8 iterations.
Converged after 7 iterations.
Converged after 7 iterations.
Converged after 7 iterations.
Converged after 9 iterations.
Converged after 7 iterations.
Converged after 7 iterations.
Converged after 7 iterations.
Number of states 27
Time to build the sparse matrix: 0.0013740062713623047
Time to run value iteration: 0.010973930358886719
Number of states 27
Time to build the sparse matrix: 0.0011801719665527344
Time to run value iteration: 0.011603832244873047
Identified bottleneck state: ((3, 3), (), ())
Identified bottleneck state: ((3, 2), (), ())
Identified bottleneck state: ((3, 3), (), ())
Identified bottleneck state: ((3, 3), (), ())
Identified bottleneck state: ((3, 3), (), ())
Identified bottleneck state: ((3, 3), (), ())
Converged after 7 iterations.
Converged after 7 iterations.
Converged after 7 iterations.
Converged after 7 iterations.
Converged after 7 iterations.
Converged after 8 iterations.
Converged after 7 iterations.
Converged after 7 iterations.
Converged after 8 iterations.
Converged after 7 iterations.
Converged after 7 iterations.
Converged after 7 iterations.
Converged after 7 iterations.
Converged after 7 iterations.
Converged after 7 iterations.
Converged after 7 iterations.
Converged after 7 iterations.
Converged after 7 iterations.
Converged after 9 iterations.
Converged after 7 iterations.
Converged after 7 iterations.
Converged after 7 iterations.
Converged after 8 iterations.
Converged after 7 iterations.
Converged after 7 iterations.
Converged after 2 iterations.
Identified bottleneck state: ((3, 2), (), ())
Converged after 7 iterations.
Converged after 7 iterations.
Converged after 7 iterations.
Converged after 7 iterations.
Converged after 7 iterations.
Converged after 7 iterations.
Converged after 7 iterations.
Converged after 7 iterations.
Converged after 7 iterations.
Converged after 7 iterations.
Converged after 7 iterations.
Converged after 7 iterations.
Converged after 7 iterations.
Converged after 7 iterations.
Converged after 7 iterations.
Converged after 7 iterations.
Converged after 7 iterations.
Converged after 8 iterations.
Converged after 7 iterations.
Converged after 7 iterations.
Converged after 7 iterations.
Converged after 7 iterations.
Converged after 7 iterations.
Converged after 7 iterations.
Converged after 7 iterations.
Converged after 7 iterations.
Converged after 7 iterations.
Converged after 7 iterations.
Converged after 7 iterations.
Converged after 7 iterations.
Converged after 7 iterations.
Converged after 7 iterations.
Converged after 7 iterations.
Converged after 7 iterations.
Converged after 8 iterations.
Converged after 8 iterations.
Converged after 7 iterations.
Converged after 7 iterations.
Converged after 7 iterations.
Converged after 7 iterations.
Converged after 7 iterations.
Converged after 7 iterations.
Converged after 7 iterations.
Converged after 7 iterations.
Converged after 8 iterations.
Converged after 7 iterations.
Converged after 7 iterations.
Converged after 8 iterations.
Converged after 7 iterations.
Converged after 7 iterations.
Converged after 7 iterations.
Converged after 7 iterations.
Converged after 7 iterations.
Converged after 7 iterations.
Converged after 7 iterations.
Converged after 7 iterations.
Converged after 7 iterations.
Converged after 9 iterations.
Converged after 7 iterations.
Converged after 7 iterations.
Converged after 7 iterations.
Converged after 8 iterations.
Converged after 7 iterations.
Converged after 7 iterations.
Converged after 2 iterations.
Identified bottleneck state: ((3, 2), (), ())
Converged after 7 iterations.
Converged after 7 iterations.
Converged after 7 iterations.
Converged after 7 iterations.
Converged after 7 iterations.
Converged after 7 iterations.
Converged after 7 iterations.
Converged after 7 iterations.
Converged after 7 iterations.
Converged after 7 iterations.
Identified bottleneck state: ((3, 3), (), ())
Identified bottleneck state: ((3, 2), (), ())
Identified bottleneck state: ((3, 3), (), ())
Identified bottleneck state: ((3, 3), (), ())
Identified bottleneck state: ((3, 3), (), ())
Identified bottleneck state: ((3, 3), (), ())
Converged after 7 iterations.
Converged after 7 iterations.
Converged after 7 iterations.
Converged after 7 iterations.
Converged after 8 iterations.
Converged after 7 iterations.
Converged after 7 iterations.
Converged after 7 iterations.
Converged after 7 iterations.
Converged after 7 iterations.
Converged after 7 iterations.
Converged after 7 iterations.
Converged after 7 iterations.
Converged after 7 iterations.
Converged after 7 iterations.
Converged after 7 iterations.
Converged after 7 iterations.
Converged after 7 iterations.
Converged after 9 iterations.
Converged after 7 iterations.
Converged after 7 iterations.
Converged after 7 iterations.
Converged after 8 iterations.
Converged after 7 iterations.
Converged after 7 iterations.
Converged after 2 iterations.
Identified bottleneck state: ((3, 2), (), ())
Converged after 7 iterations.
Converged after 7 iterations.
Converged after 7 iterations.
Converged after 7 iterations.
Converged after 7 iterations.
Converged after 7 iterations.
Converged after 7 iterations.
Converged after 7 iterations.
Converged after 7 iterations.
Converged after 7 iterations.
Converged after 7 iterations.
Converged after 7 iterations.
Converged after 7 iterations.
Converged after 7 iterations.
Converged after 7 iterations.
Converged after 7 iterations.
Converged after 7 iterations.
Converged after 7 iterations.
Converged after 7 iterations.
Converged after 7 iterations.
Converged after 7 iterations.
Converged after 7 iterations.
Converged after 7 iterations.
Converged after 7 iterations.
Converged after 8 iterations.
Converged after 9 iterations.
Converged after 7 iterations.
Converged after 8 iterations.
Converged after 7 iterations.
Converged after 7 iterations.
Converged after 7 iterations.
Converged after 7 iterations.
Converged after 8 iterations.
Converged after 7 iterations.
Converged after 7 iterations.
Converged after 7 iterations.
Converged after 7 iterations.
Converged after 7 iterations.
Converged after 7 iterations.
Converged after 7 iterations.
Converged after 7 iterations.
Converged after 7 iterations.
Converged after 7 iterations.
Converged after 8 iterations.
Converged after 7 iterations.
Converged after 7 iterations.
Converged after 7 iterations.
Converged after 7 iterations.
Converged after 7 iterations.
Converged after 7 iterations.
Converged after 7 iterations.
Converged after 7 iterations.
Converged after 7 iterations.
Converged after 7 iterations.
Converged after 7 iterations.
Converged after 7 iterations.
Converged after 7 iterations.
Converged after 9 iterations.
Converged after 7 iterations.
Converged after 7 iterations.
Converged after 7 iterations.
Converged after 8 iterations.
Converged after 7 iterations.
Converged after 7 iterations.
Converged after 2 iterations.
Identified bottleneck state: ((3, 2), (), ())
Converged after 7 iterations.
Converged after 7 iterations.
Converged after 7 iterations.
Converged after 7 iterations.
Converged after 7 iterations.
Converged after 7 iterations.
Converged after 7 iterations.
Converged after 7 iterations.
Converged after 7 iterations.
Converged after 7 iterations.
Converged after 7 iterations.
Converged after 7 iterations.
Converged after 7 iterations.
Converged after 7 iterations.
Converged after 7 iterations.
Converged after 7 iterations.
Converged after 7 iterations.
Converged after 7 iterations.
Converged after 7 iterations.
Converged after 7 iterations.
Converged after 7 iterations.
Converged after 7 iterations.
Converged after 7 iterations.
Converged after 7 iterations.
Converged after 8 iterations.
Converged after 9 iterations.
Converged after 7 iterations.
Converged after 8 iterations.
Converged after 7 iterations.
Converged after 7 iterations.
Converged after 7 iterations.
Converged after 7 iterations.
Converged after 8 iterations.
Converged after 7 iterations.
Converged after 7 iterations.
Converged after 7 iterations.
Converged after 7 iterations.
Converged after 7 iterations.
Converged after 7 iterations.
Number of states 3
Time to build the sparse matrix: 0.00023293495178222656
Time to run value iteration: 0.005654096603393555
Number of states 3
Time to build the sparse matrix: 0.000102996826171875
Time to run value iteration: 0.005423784255981445
Identified bottleneck state: ((3, 3), (), ())
Identified bottleneck state: ((3, 3), (), ())
Identified bottleneck state: ((3, 3), (), ())
Identified bottleneck state: ((3, 3), (), ())
Identified bottleneck state: ((0, 1), (), ())
Identified bottleneck state: ((3, 3), (), ())
Converged after 7 iterations.
Converged after 7 iterations.
Converged after 7 iterations.
Converged after 7 iterations.
Converged after 7 iterations.
Converged after 7 iterations.
Converged after 7 iterations.
Converged after 7 iterations.
Converged after 8 iterations.
Converged after 8 iterations.
Converged after 7 iterations.
Converged after 7 iterations.
Converged after 7 iterations.
Converged after 7 iterations.
Converged after 7 iterations.
Converged after 7 iterations.
Converged after 8 iterations.
Converged after 7 iterations.
Converged after 7 iterations.
Converged after 7 iterations.
Converged after 7 iterations.
Converged after 7 iterations.
Converged after 7 iterations.
Converged after 7 iterations.
Converged after 7 iterations.
Converged after 7 iterations.
Converged after 7 iterations.
Converged after 7 iterations.
Converged after 7 iterations.
Converged after 7 iterations.
Converged after 7 iterations.
Converged after 7 iterations.
Converged after 7 iterations.
Converged after 7 iterations.
Converged after 7 iterations.
Converged after 7 iterations.
Converged after 7 iterations.
Converged after 7 iterations.
Converged after 7 iterations.
Converged after 7 iterations.
Converged after 7 iterations.
Converged after 7 iterations.
Converged after 8 iterations.
Converged after 7 iterations.
Converged after 7 iterations.
Converged after 7 iterations.
Converged after 7 iterations.
Converged after 7 iterations.
Converged after 7 iterations.
Converged after 7 iterations.
Converged after 7 iterations.
Converged after 7 iterations.
Converged after 6 iterations.
Identified bottleneck state: ((0, 1), (), ())
Converged after 7 iterations.
Converged after 7 iterations.
Converged after 7 iterations.
Converged after 7 iterations.
Converged after 7 iterations.
Converged after 7 iterations.
Converged after 7 iterations.
Converged after 7 iterations.
Converged after 7 iterations.
Converged after 7 iterations.
Converged after 7 iterations.
Converged after 7 iterations.
Converged after 7 iterations.
Converged after 7 iterations.
Converged after 7 iterations.
Converged after 7 iterations.
Converged after 7 iterations.
Converged after 7 iterations.
Converged after 7 iterations.
Converged after 7 iterations.
Converged after 8 iterations.
Converged after 8 iterations.
Converged after 7 iterations.
Converged after 7 iterations.
Converged after 7 iterations.
Converged after 7 iterations.
Converged after 7 iterations.
Converged after 7 iterations.
Converged after 8 iterations.
Converged after 7 iterations.
Converged after 7 iterations.
Converged after 7 iterations.
Converged after 7 iterations.
Converged after 7 iterations.
Converged after 7 iterations.
Converged after 7 iterations.
Converged after 7 iterations.
Converged after 7 iterations.
Converged after 7 iterations.
Converged after 7 iterations.
Converged after 7 iterations.
Converged after 7 iterations.
Converged after 7 iterations.
Converged after 7 iterations.
Converged after 7 iterations.
Converged after 7 iterations.
Converged after 7 iterations.
Converged after 7 iterations.
Converged after 7 iterations.
Converged after 7 iterations.
Converged after 7 iterations.
Converged after 7 iterations.
Converged after 7 iterations.
Converged after 7 iterations.
Converged after 8 iterations.
Converged after 7 iterations.
Converged after 7 iterations.
Converged after 7 iterations.
Identified bottleneck state: ((3, 3), (), ())
Identified bottleneck state: ((2, 3), (), ())
Identified bottleneck state: ((3, 3), (), ())
Identified bottleneck state: ((2, 3), (), ())
Identified bottleneck state: ((3, 3), (), ())
Identified bottleneck state: ((3, 3), (), ())
Identified bottleneck state: ((3, 3), (), ())
Converged after 7 iterations.
Converged after 8 iterations.
Converged after 7 iterations.
Converged after 7 iterations.
Converged after 7 iterations.
Converged after 7 iterations.
Converged after 8 iterations.
Converged after 7 iterations.
Converged after 7 iterations.
Converged after 7 iterations.
Converged after 7 iterations.
Converged after 7 iterations.
Converged after 7 iterations.
Converged after 7 iterations.
Converged after 7 iterations.
Converged after 7 iterations.
Converged after 7 iterations.
Converged after 7 iterations.
Converged after 7 iterations.
Converged after 7 iterations.
Converged after 7 iterations.
Converged after 9 iterations.
Converged after 8 iterations.
Converged after 2 iterations.
Identified bottleneck state: ((2, 3), (), ())
Converged after 7 iterations.
Converged after 7 iterations.
Converged after 7 iterations.
Converged after 7 iterations.
Converged after 7 iterations.
Converged after 7 iterations.
Converged after 7 iterations.
Converged after 7 iterations.
Converged after 7 iterations.
Converged after 7 iterations.
Converged after 9 iterations.
Converged after 8 iterations.
Converged after 2 iterations.
Identified bottleneck state: ((2, 3), (), ())
Converged after 7 iterations.
Converged after 7 iterations.
Converged after 7 iterations.
Converged after 7 iterations.
Converged after 7 iterations.
Converged after 7 iterations.
Converged after 7 iterations.
Converged after 7 iterations.
Converged after 7 iterations.
Converged after 7 iterations.
Converged after 8 iterations.
Converged after 8 iterations.
Converged after 7 iterations.
Converged after 7 iterations.
Converged after 7 iterations.
Converged after 7 iterations.
Converged after 7 iterations.
Converged after 7 iterations.
Converged after 7 iterations.
Converged after 7 iterations.
Converged after 8 iterations.
Converged after 7 iterations.
Converged after 7 iterations.
Converged after 7 iterations.
Converged after 9 iterations.
Converged after 7 iterations.
Converged after 7 iterations.
Converged after 7 iterations.
Converged after 7 iterations.
Converged after 8 iterations.
Converged after 7 iterations.
Converged after 7 iterations.
Converged after 7 iterations.
Converged after 7 iterations.
Converged after 8 iterations.
Converged after 7 iterations.
Converged after 7 iterations.
Converged after 7 iterations.
Converged after 7 iterations.
Converged after 7 iterations.
Converged after 7 iterations.
Converged after 7 iterations.
Converged after 7 iterations.
Converged after 7 iterations.
Converged after 7 iterations.
Converged after 7 iterations.
Converged after 7 iterations.
Converged after 7 iterations.
Converged after 7 iterations.
Converged after 9 iterations.
Converged after 8 iterations.
Converged after 2 iterations.
Identified bottleneck state: ((2, 3), (), ())
Converged after 7 iterations.
Converged after 7 iterations.
Converged after 7 iterations.
Converged after 7 iterations.
Converged after 7 iterations.
Converged after 7 iterations.
Converged after 7 iterations.
Converged after 7 iterations.
Converged after 7 iterations.
Converged after 7 iterations.
Converged after 9 iterations.
Converged after 8 iterations.
Converged after 2 iterations.
Identified bottleneck state: ((2, 3), (), ())
Converged after 7 iterations.
Converged after 7 iterations.
Converged after 7 iterations.
Converged after 7 iterations.
Converged after 7 iterations.
Converged after 7 iterations.
Converged after 7 iterations.
Converged after 7 iterations.
Converged after 7 iterations.
Converged after 7 iterations.
Converged after 8 iterations.
Converged after 8 iterations.
Converged after 7 iterations.
Converged after 7 iterations.
Converged after 7 iterations.
Converged after 7 iterations.
Converged after 7 iterations.
Converged after 7 iterations.
Converged after 7 iterations.
Converged after 7 iterations.
Converged after 8 iterations.
Converged after 7 iterations.
Converged after 7 iterations.
Converged after 7 iterations.
Converged after 9 iterations.
Converged after 7 iterations.
Converged after 7 iterations.
Converged after 7 iterations.
Number of states 3
Time to build the sparse matrix: 0.0001881122589111328
Time to run value iteration: 0.005283832550048828
Number of states 3
Time to build the sparse matrix: 8.606910705566406e-05
Time to run value iteration: 0.005682945251464844
Identified bottleneck state: ((3, 3), (), ())
Identified bottleneck state: ((3, 3), (), ())
Identified bottleneck state: ((0, 1), (), ())
Identified bottleneck state: ((3, 3), (), ())
Identified bottleneck state: ((3, 3), (), ())
Identified bottleneck state: ((3, 3), (), ())
Converged after 7 iterations.
Converged after 7 iterations.
Converged after 7 iterations.
Converged after 7 iterations.
Converged after 7 iterations.
Converged after 7 iterations.
Converged after 7 iterations.
Converged after 7 iterations.
Converged after 7 iterations.
Converged after 7 iterations.
Converged after 7 iterations.
Converged after 8 iterations.
Converged after 9 iterations.
Converged after 7 iterations.
Converged after 7 iterations.
Converged after 7 iterations.
Converged after 7 iterations.
Converged after 7 iterations.
Converged after 7 iterations.
Converged after 7 iterations.
Converged after 7 iterations.
Converged after 8 iterations.
Converged after 8 iterations.
Converged after 7 iterations.
Converged after 7 iterations.
Converged after 7 iterations.
Converged after 6 iterations.
Identified bottleneck state: ((0, 1), (), ())
Converged after 7 iterations.
Converged after 7 iterations.
Converged after 7 iterations.
Converged after 7 iterations.
Converged after 7 iterations.
Converged after 7 iterations.
Converged after 7 iterations.
Converged after 7 iterations.
Converged after 7 iterations.
Converged after 7 iterations.
Converged after 7 iterations.
Converged after 7 iterations.
Converged after 7 iterations.
Converged after 7 iterations.
Converged after 7 iterations.
Converged after 8 iterations.
Converged after 7 iterations.
Converged after 7 iterations.
Converged after 7 iterations.
Converged after 7 iterations.
Converged after 7 iterations.
Converged after 7 iterations.
Converged after 7 iterations.
Converged after 7 iterations.
Converged after 7 iterations.
Converged after 7 iterations.
Converged after 7 iterations.
Converged after 7 iterations.
Converged after 8 iterations.
Converged after 7 iterations.
Converged after 7 iterations.
Converged after 7 iterations.
Converged after 7 iterations.
Converged after 7 iterations.
Converged after 7 iterations.
Converged after 7 iterations.
Converged after 7 iterations.
Converged after 7 iterations.
Converged after 7 iterations.
Converged after 7 iterations.
Converged after 7 iterations.
Converged after 7 iterations.
Converged after 7 iterations.
Converged after 7 iterations.
Converged after 7 iterations.
Converged after 7 iterations.
Converged after 7 iterations.
Converged after 7 iterations.
Converged after 7 iterations.
Converged after 8 iterations.
Converged after 9 iterations.
Converged after 7 iterations.
Converged after 7 iterations.
Converged after 7 iterations.
Converged after 7 iterations.
Converged after 7 iterations.
Converged after 7 iterations.
Converged after 7 iterations.
Converged after 7 iterations.
Converged after 8 iterations.
Converged after 8 iterations.
Converged after 7 iterations.
Converged after 7 iterations.
Converged after 7 iterations.
Converged after 6 iterations.
Identified bottleneck state: ((0, 1), (), ())
Converged after 7 iterations.
Converged after 7 iterations.
Converged after 7 iterations.
Converged after 7 iterations.
Converged after 7 iterations.
Converged after 7 iterations.
Converged after 7 iterations.
Converged after 7 iterations.
Converged after 7 iterations.
Converged after 7 iterations.
Converged after 7 iterations.
Converged after 7 iterations.
Converged after 7 iterations.
Converged after 7 iterations.
Converged after 7 iterations.
Converged after 7 iterations.
Converged after 7 iterations.
Converged after 7 iterations.
Converged after 7 iterations.
Converged after 7 iterations.
Converged after 8 iterations.
Converged after 7 iterations.
Converged after 7 iterations.
Converged after 7 iterations.
Converged after 7 iterations.
Converged after 7 iterations.
Converged after 7 iterations.
Converged after 7 iterations.
Converged after 7 iterations.
Converged after 7 iterations.
Converged after 7 iterations.
Converged after 7 iterations.
Converged after 7 iterations.
Converged after 7 iterations.
Converged after 7 iterations.
Converged after 7 iterations.
Converged after 7 iterations.
Converged after 8 iterations.
Converged after 8 iterations.
Converged after 7 iterations.
Converged after 7 iterations.
Converged after 7 iterations.
Number of states 3
Time to build the sparse matrix: 0.0001068115234375
Time to run value iteration: 0.0059239864349365234
Number of states 3
Time to build the sparse matrix: 7.510185241699219e-05
Time to run value iteration: 0.005877017974853516
Identified bottleneck state: ((3, 3), (), ())
Identified bottleneck state: ((3, 3), (), ())
Identified bottleneck state: ((0, 1), (), ())
Identified bottleneck state: ((3, 3), (), ())
Identified bottleneck state: ((0, 1), (), ())
Identified bottleneck state: ((3, 3), (), ())
Identified bottleneck state: ((3, 3), (), ())
Converged after 7 iterations.
Converged after 7 iterations.
Converged after 7 iterations.
Converged after 7 iterations.
Converged after 7 iterations.
Converged after 8 iterations.
Converged after 7 iterations.
Converged after 7 iterations.
Converged after 8 iterations.
Converged after 7 iterations.
Converged after 7 iterations.
Converged after 7 iterations.
Converged after 7 iterations.
Converged after 7 iterations.
Converged after 7 iterations.
Converged after 7 iterations.
Converged after 7 iterations.
Converged after 7 iterations.
Converged after 8 iterations.
Converged after 7 iterations.
Converged after 7 iterations.
Converged after 8 iterations.
Converged after 7 iterations.
Converged after 7 iterations.
Converged after 7 iterations.
Converged after 7 iterations.
Converged after 6 iterations.
Identified bottleneck state: ((0, 1), (), ())
Converged after 7 iterations.
Converged after 7 iterations.
Converged after 7 iterations.
Converged after 7 iterations.
Converged after 7 iterations.
Converged after 7 iterations.
Converged after 7 iterations.
Converged after 7 iterations.
Converged after 7 iterations.
Converged after 7 iterations.
Converged after 7 iterations.
Converged after 7 iterations.
Converged after 6 iterations.
Identified bottleneck state: ((0, 1), (), ())
Converged after 7 iterations.
Converged after 7 iterations.
Converged after 7 iterations.
Converged after 7 iterations.
Converged after 7 iterations.
Converged after 7 iterations.
Converged after 7 iterations.
Converged after 7 iterations.
Converged after 7 iterations.
Converged after 7 iterations.
Converged after 7 iterations.
Converged after 7 iterations.
Converged after 7 iterations.
Converged after 7 iterations.
Converged after 7 iterations.
Converged after 7 iterations.
Converged after 7 iterations.
Converged after 7 iterations.
Converged after 8 iterations.
Converged after 7 iterations.
Converged after 7 iterations.
Converged after 8 iterations.
Converged after 7 iterations.
Converged after 8 iterations.
Converged after 8 iterations.
Converged after 7 iterations.
Converged after 7 iterations.
Converged after 7 iterations.
Converged after 7 iterations.
Converged after 7 iterations.
Converged after 8 iterations.
Converged after 7 iterations.
Converged after 7 iterations.
Converged after 8 iterations.
Converged after 7 iterations.
Converged after 7 iterations.
Converged after 7 iterations.
Converged after 7 iterations.
Converged after 7 iterations.
Converged after 7 iterations.
Converged after 7 iterations.
Converged after 7 iterations.
Converged after 7 iterations.
Converged after 8 iterations.
Converged after 7 iterations.
Converged after 7 iterations.
Converged after 8 iterations.
Converged after 7 iterations.
Converged after 7 iterations.
Converged after 7 iterations.
Converged after 7 iterations.
Converged after 6 iterations.
Identified bottleneck state: ((0, 1), (), ())
Converged after 7 iterations.
Converged after 7 iterations.
Converged after 7 iterations.
Converged after 7 iterations.
Converged after 7 iterations.
Converged after 7 iterations.
Converged after 7 iterations.
Converged after 7 iterations.
Converged after 7 iterations.
Converged after 7 iterations.
Converged after 7 iterations.
Converged after 7 iterations.
Converged after 6 iterations.
Identified bottleneck state: ((0, 1), (), ())
Converged after 7 iterations.
Converged after 7 iterations.
Converged after 7 iterations.
Converged after 7 iterations.
Converged after 7 iterations.
Converged after 7 iterations.
Converged after 7 iterations.
Converged after 7 iterations.
Converged after 7 iterations.
Converged after 7 iterations.
Converged after 7 iterations.
Converged after 7 iterations.
Converged after 7 iterations.
Converged after 7 iterations.
Converged after 7 iterations.
Converged after 7 iterations.
Converged after 7 iterations.
Converged after 7 iterations.
Converged after 8 iterations.
Converged after 7 iterations.
Converged after 7 iterations.
Converged after 8 iterations.
Converged after 7 iterations.
Converged after 8 iterations.
Converged after 8 iterations.
Number of states 3
Time to build the sparse matrix: 9.179115295410156e-05
Time to run value iteration: 0.0058748722076416016
Number of states 3
Time to build the sparse matrix: 6.508827209472656e-05
Time to run value iteration: 0.005817890167236328
Identified bottleneck state: ((2, 3), (), ())
Identified bottleneck state: ((3, 3), (), ())
Identified bottleneck state: ((3, 3), (), ())
Identified bottleneck state: ((0, 1), (), ())
Identified bottleneck state: ((3, 3), (), ())
Identified bottleneck state: ((2, 2), (), ())
Identified bottleneck state: ((3, 3), (), ())
Identified bottleneck state: ((3, 2), (), ())
Identified bottleneck state: ((3, 3), (), ())
Converged after 7 iterations.
Converged after 7 iterations.
Converged after 7 iterations.
Converged after 7 iterations.
Converged after 8 iterations.
Converged after 7 iterations.
Converged after 7 iterations.
Converged after 7 iterations.
Converged after 8 iterations.
Converged after 2 iterations.
Identified bottleneck state: ((2, 3), (), ())
Converged after 7 iterations.
Converged after 7 iterations.
Converged after 7 iterations.
Converged after 8 iterations.
Converged after 9 iterations.
Converged after 7 iterations.
Converged after 10 iterations.
Converged after 8 iterations.
Converged after 7 iterations.
Converged after 7 iterations.
Converged after 11 iterations.
Converged after 7 iterations.
Converged after 7 iterations.
Converged after 7 iterations.
Converged after 6 iterations.
Identified bottleneck state: ((0, 1), (), ())
Converged after 7 iterations.
Converged after 7 iterations.
Converged after 7 iterations.
Converged after 7 iterations.
Converged after 7 iterations.
Converged after 7 iterations.
Converged after 7 iterations.
Converged after 7 iterations.
Converged after 7 iterations.
Converged after 7 iterations.
Converged after 7 iterations.
Converged after 7 iterations.
Converged after 7 iterations.
Converged after 7 iterations.
Converged after 7 iterations.
Converged after 7 iterations.
Converged after 8 iterations.
Converged after 7 iterations.
Converged after 8 iterations.
Converged after 3 iterations.
Identified bottleneck state: ((2, 2), (), ())
Converged after 7 iterations.
Converged after 7 iterations.
Converged after 7 iterations.
Converged after 7 iterations.
Converged after 7 iterations.
Converged after 8 iterations.
Converged after 9 iterations.
Converged after 11 iterations.
Converged after 9 iterations.
Converged after 9 iterations.
Converged after 11 iterations.
Converged after 9 iterations.
Converged after 9 iterations.
Converged after 9 iterations.
Converged after 2 iterations.
Identified bottleneck state: ((3, 2), (), ())
Converged after 7 iterations.
Converged after 7 iterations.
Converged after 8 iterations.
Converged after 7 iterations.
Converged after 7 iterations.
Converged after 7 iterations.
Converged after 7 iterations.
Converged after 7 iterations.
Converged after 7 iterations.
Converged after 7 iterations.
Converged after 7 iterations.
Converged after 7 iterations.
Converged after 7 iterations.
Converged after 7 iterations.
Converged after 7 iterations.
Converged after 8 iterations.
Converged after 7 iterations.
Converged after 7 iterations.
Converged after 7 iterations.
Converged after 7 iterations.
Converged after 7 iterations.
Converged after 7 iterations.
Converged after 7 iterations.
Converged after 7 iterations.
Converged after 7 iterations.
Number of states 3
Time to build the sparse matrix: 0.00013589859008789062
Time to run value iteration: 0.0057032108306884766
Number of states 3
Time to build the sparse matrix: 4.887580871582031e-05
Time to run value iteration: 0.005663871765136719
Identified bottleneck state: ((3, 3), (), ())
Identified bottleneck state: ((1, 0), (), ())
Identified bottleneck state: ((3, 3), (), ())
Identified bottleneck state: ((3, 3), (), ())
Identified bottleneck state: ((3, 3), (), ())
Identified bottleneck state: ((3, 3), (), ())
Converged after 7 iterations.
Converged after 7 iterations.
Converged after 7 iterations.
Converged after 7 iterations.
Converged after 7 iterations.
Converged after 7 iterations.
Converged after 7 iterations.
Converged after 7 iterations.
Converged after 7 iterations.
Converged after 7 iterations.
Converged after 7 iterations.
Converged after 8 iterations.
Converged after 9 iterations.
Converged after 7 iterations.
Converged after 7 iterations.
Converged after 6 iterations.
Identified bottleneck state: ((1, 0), (), ())
Converged after 7 iterations.
Converged after 7 iterations.
Converged after 7 iterations.
Converged after 7 iterations.
Converged after 7 iterations.
Converged after 7 iterations.
Converged after 7 iterations.
Converged after 7 iterations.
Converged after 7 iterations.
Converged after 7 iterations.
Converged after 7 iterations.
Converged after 7 iterations.
Converged after 7 iterations.
Converged after 7 iterations.
Converged after 7 iterations.
Converged after 8 iterations.
Converged after 7 iterations.
Converged after 7 iterations.
Converged after 8 iterations.
Converged after 7 iterations.
Converged after 7 iterations.
Converged after 7 iterations.
Converged after 7 iterations.
Converged after 7 iterations.
Converged after 8 iterations.
Converged after 7 iterations.
Converged after 7 iterations.
Converged after 7 iterations.
Converged after 7 iterations.
Converged after 8 iterations.
Converged after 7 iterations.
Converged after 7 iterations.
Converged after 7 iterations.
Converged after 7 iterations.
Converged after 7 iterations.
Converged after 7 iterations.
Converged after 7 iterations.
Converged after 7 iterations.
Converged after 7 iterations.
Converged after 7 iterations.
Converged after 7 iterations.
Converged after 7 iterations.
Converged after 8 iterations.
Converged after 7 iterations.
Converged after 7 iterations.
Converged after 8 iterations.
Converged after 7 iterations.
Converged after 8 iterations.
Converged after 8 iterations.
Converged after 7 iterations.
Converged after 7 iterations.
Converged after 7 iterations.
Converged after 7 iterations.
Converged after 7 iterations.
Converged after 7 iterations.
Converged after 7 iterations.
Converged after 7 iterations.
Converged after 7 iterations.
Converged after 7 iterations.
Converged after 7 iterations.
Converged after 8 iterations.
Converged after 9 iterations.
Converged after 7 iterations.
Converged after 7 iterations.
Converged after 6 iterations.
Identified bottleneck state: ((1, 0), (), ())
Converged after 7 iterations.
Converged after 7 iterations.
Converged after 7 iterations.
Converged after 7 iterations.
Converged after 7 iterations.
Converged after 7 iterations.
Converged after 7 iterations.
Converged after 7 iterations.
Converged after 7 iterations.
Converged after 7 iterations.
Converged after 7 iterations.
Converged after 7 iterations.
Converged after 7 iterations.
Converged after 7 iterations.
Converged after 7 iterations.
Converged after 8 iterations.
Converged after 7 iterations.
Converged after 7 iterations.
Converged after 8 iterations.
Converged after 7 iterations.
Converged after 7 iterations.
Converged after 7 iterations.
Converged after 7 iterations.
Converged after 7 iterations.
Converged after 8 iterations.
Converged after 7 iterations.
Converged after 7 iterations.
Converged after 7 iterations.
Converged after 7 iterations.
Converged after 8 iterations.
Converged after 7 iterations.
Converged after 7 iterations.
Converged after 7 iterations.
Converged after 7 iterations.
Converged after 7 iterations.
Converged after 7 iterations.
Converged after 7 iterations.
Converged after 7 iterations.
Converged after 7 iterations.
Converged after 7 iterations.
Converged after 7 iterations.
Converged after 7 iterations.
Converged after 8 iterations.
Converged after 7 iterations.
Converged after 7 iterations.
Converged after 8 iterations.
Converged after 7 iterations.
Converged after 8 iterations.
Converged after 8 iterations.
Number of states 3
Time to build the sparse matrix: 0.000102996826171875
Time to run value iteration: 0.006093025207519531
Number of states 3
Time to build the sparse matrix: 7.796287536621094e-05
Time to run value iteration: 0.005785942077636719
Identified bottleneck state: ((2, 3), (), ())
Identified bottleneck state: ((3, 3), (), ())
Identified bottleneck state: ((3, 2), (), ())
Identified bottleneck state: ((3, 3), (), ())
Identified bottleneck state: ((3, 3), (), ())
Identified bottleneck state: ((3, 3), (), ())
Identified bottleneck state: ((0, 1), (), ())
Identified bottleneck state: ((0, 2), (), ())
Identified bottleneck state: ((3, 3), (), ())
Converged after 7 iterations.
Converged after 7 iterations.
Converged after 7 iterations.
Converged after 8 iterations.
Converged after 7 iterations.
Converged after 7 iterations.
Converged after 7 iterations.
Converged after 9 iterations.
Converged after 8 iterations.
Converged after 2 iterations.
Identified bottleneck state: ((2, 3), (), ())
Converged after 7 iterations.
Converged after 7 iterations.
Converged after 7 iterations.
Converged after 7 iterations.
Converged after 7 iterations.
Converged after 7 iterations.
Converged after 7 iterations.
Converged after 7 iterations.
Converged after 7 iterations.
Converged after 7 iterations.
Converged after 7 iterations.
Converged after 7 iterations.
Converged after 7 iterations.
Converged after 2 iterations.
Identified bottleneck state: ((3, 2), (), ())
Converged after 7 iterations.
Converged after 7 iterations.
Converged after 8 iterations.
Converged after 7 iterations.
Converged after 7 iterations.
Converged after 7 iterations.
Converged after 7 iterations.
Converged after 7 iterations.
Converged after 7 iterations.
Converged after 7 iterations.
Converged after 7 iterations.
Converged after 7 iterations.
Converged after 7 iterations.
Converged after 7 iterations.
Converged after 8 iterations.
Converged after 8 iterations.
Converged after 7 iterations.
Converged after 7 iterations.
Converged after 7 iterations.
Converged after 7 iterations.
Converged after 7 iterations.
Converged after 8 iterations.
Converged after 9 iterations.
Converged after 6 iterations.
Identified bottleneck state: ((0, 1), (), ())
Converged after 5 iterations.
Identified bottleneck state: ((0, 2), (), ())
Converged after 7 iterations.
Converged after 7 iterations.
Converged after 7 iterations.
Converged after 7 iterations.
Converged after 7 iterations.
Converged after 7 iterations.
Converged after 7 iterations.
Converged after 7 iterations.
Converged after 7 iterations.
Converged after 7 iterations.
Converged after 7 iterations.
Converged after 7 iterations.
Converged after 7 iterations.
Converged after 8 iterations.
Converged after 7 iterations.
Converged after 7 iterations.
Converged after 7 iterations.
Converged after 9 iterations.
Converged after 8 iterations.
Converged after 2 iterations.
Converged after 7 iterations.
Converged after 7 iterations.
Converged after 7 iterations.
Converged after 7 iterations.
Converged after 7 iterations.
Converged after 7 iterations.
Converged after 6 iterations.
Identified bottleneck state: ((0, 1), (), ())
Converged after 7 iterations.
Converged after 7 iterations.
Converged after 7 iterations.
Converged after 7 iterations.
Converged after 7 iterations.
Converged after 7 iterations.
Converged after 7 iterations.
Converged after 7 iterations.
Converged after 7 iterations.
Converged after 7 iterations.
Converged after 7 iterations.
Converged after 7 iterations.
Number of states 3
Time to build the sparse matrix: 9.608268737792969e-05
Time to run value iteration: 0.005239725112915039
Number of states 3
Time to build the sparse matrix: 4.696846008300781e-05
Time to run value iteration: 0.005754232406616211
Identified bottleneck state: ((2, 3), (), ())
Identified bottleneck state: ((3, 3), (), ())
Identified bottleneck state: ((1, 0), (), ())
Identified bottleneck state: ((3, 3), (), ())
Identified bottleneck state: ((3, 3), (), ())
Identified bottleneck state: ((3, 3), (), ())
Identified bottleneck state: ((3, 3), (), ())
Converged after 7 iterations.
Converged after 7 iterations.
Converged after 7 iterations.
Converged after 7 iterations.
Converged after 7 iterations.
Converged after 7 iterations.
Converged after 7 iterations.
Converged after 7 iterations.
Converged after 9 iterations.
Converged after 8 iterations.
Converged after 2 iterations.
Identified bottleneck state: ((2, 3), (), ())
Converged after 7 iterations.
Converged after 7 iterations.
Converged after 7 iterations.
Converged after 7 iterations.
Converged after 6 iterations.
Identified bottleneck state: ((1, 0), (), ())
Converged after 7 iterations.
Converged after 7 iterations.
Converged after 7 iterations.
Converged after 7 iterations.
Converged after 7 iterations.
Converged after 7 iterations.
Converged after 7 iterations.
Converged after 7 iterations.
Converged after 7 iterations.
Converged after 7 iterations.
Converged after 7 iterations.
Converged after 7 iterations.
Converged after 7 iterations.
Converged after 7 iterations.
Converged after 7 iterations.
Converged after 7 iterations.
Converged after 7 iterations.
Converged after 7 iterations.
Converged after 7 iterations.
Converged after 7 iterations.
Converged after 7 iterations.
Converged after 7 iterations.
Converged after 7 iterations.
Converged after 7 iterations.
Converged after 7 iterations.
Converged after 7 iterations.
Converged after 7 iterations.
Converged after 7 iterations.
Converged after 7 iterations.
Converged after 7 iterations.
Converged after 7 iterations.
Converged after 7 iterations.
Converged after 7 iterations.
Converged after 7 iterations.
Converged after 7 iterations.
Converged after 7 iterations.
Converged after 7 iterations.
Converged after 7 iterations.
Converged after 7 iterations.
Converged after 7 iterations.
Converged after 8 iterations.
Converged after 7 iterations.
Converged after 7 iterations.
Converged after 7 iterations.
Converged after 7 iterations.
Converged after 7 iterations.
Converged after 7 iterations.
Converged after 7 iterations.
Converged after 7 iterations.
Converged after 7 iterations.
Converged after 7 iterations.
Converged after 7 iterations.
Converged after 7 iterations.
Converged after 7 iterations.
Converged after 7 iterations.
Converged after 7 iterations.
Converged after 7 iterations.
Converged after 9 iterations.
Converged after 8 iterations.
Converged after 2 iterations.
Identified bottleneck state: ((2, 3), (), ())
Converged after 7 iterations.
Converged after 7 iterations.
Converged after 7 iterations.
Converged after 7 iterations.
Converged after 6 iterations.
Identified bottleneck state: ((1, 0), (), ())
Converged after 7 iterations.
Converged after 7 iterations.
Converged after 7 iterations.
Converged after 7 iterations.
Converged after 7 iterations.
Converged after 7 iterations.
Converged after 7 iterations.
Converged after 7 iterations.
Converged after 7 iterations.
Converged after 7 iterations.
Converged after 7 iterations.
Converged after 7 iterations.
Converged after 7 iterations.
Converged after 7 iterations.
Converged after 7 iterations.
Converged after 7 iterations.
Converged after 7 iterations.
Converged after 7 iterations.
Converged after 7 iterations.
Converged after 7 iterations.
Converged after 7 iterations.
Converged after 7 iterations.
Converged after 7 iterations.
Converged after 7 iterations.
Converged after 7 iterations.
Converged after 7 iterations.
Converged after 7 iterations.
Converged after 7 iterations.
Converged after 7 iterations.
Converged after 7 iterations.
Converged after 7 iterations.
Converged after 7 iterations.
Converged after 7 iterations.
Converged after 7 iterations.
Converged after 7 iterations.
Converged after 7 iterations.
Converged after 7 iterations.
Converged after 7 iterations.
Converged after 7 iterations.
Converged after 7 iterations.
Converged after 8 iterations.
Converged after 7 iterations.
Converged after 7 iterations.
Converged after 7 iterations.
Converged after 7 iterations.
Converged after 7 iterations.
Converged after 7 iterations.
Converged after 7 iterations.
Converged after 7 iterations.
Number of states 9
Time to build the sparse matrix: 0.0002601146697998047
Time to run value iteration: 0.008864164352416992
Number of states 9
Time to build the sparse matrix: 0.00020933151245117188
Time to run value iteration: 0.008883953094482422
Identified bottleneck state: ((3, 3), (), ())
Identified bottleneck state: ((0, 1), (), ())
Identified bottleneck state: ((3, 3), (), ())
Identified bottleneck state: ((2, 3), (), ())
Identified bottleneck state: ((3, 3), (), ())
Identified bottleneck state: ((3, 3), (), ())
Identified bottleneck state: ((3, 3), (), ())
Converged after 7 iterations.
Converged after 7 iterations.
Converged after 7 iterations.
Converged after 8 iterations.
Converged after 7 iterations.
Converged after 7 iterations.
Converged after 7 iterations.
Converged after 7 iterations.
Converged after 7 iterations.
Converged after 7 iterations.
Converged after 7 iterations.
Converged after 7 iterations.
Converged after 6 iterations.
Identified bottleneck state: ((0, 1), (), ())
Converged after 7 iterations.
Converged after 7 iterations.
Converged after 7 iterations.
Converged after 7 iterations.
Converged after 7 iterations.
Converged after 7 iterations.
Converged after 7 iterations.
Converged after 8 iterations.
Converged after 7 iterations.
Converged after 7 iterations.
Converged after 7 iterations.
Converged after 7 iterations.
Converged after 7 iterations.
Converged after 7 iterations.
Converged after 7 iterations.
Converged after 7 iterations.
Converged after 7 iterations.
Converged after 7 iterations.
Converged after 9 iterations.
Converged after 8 iterations.
Converged after 2 iterations.
Identified bottleneck state: ((2, 3), (), ())
Converged after 7 iterations.
Converged after 7 iterations.
Converged after 7 iterations.
Converged after 7 iterations.
Converged after 7 iterations.
Converged after 9 iterations.
Converged after 7 iterations.
Converged after 7 iterations.
Converged after 9 iterations.
Converged after 7 iterations.
Converged after 7 iterations.
Converged after 7 iterations.
Converged after 7 iterations.
Converged after 7 iterations.
Converged after 7 iterations.
Converged after 7 iterations.
Converged after 7 iterations.
Converged after 7 iterations.
Converged after 7 iterations.
Converged after 7 iterations.
Converged after 7 iterations.
Converged after 7 iterations.
Converged after 7 iterations.
Converged after 7 iterations.
Converged after 7 iterations.
Converged after 7 iterations.
Converged after 7 iterations.
Converged after 7 iterations.
Converged after 7 iterations.
Converged after 8 iterations.
Converged after 7 iterations.
Converged after 7 iterations.
Converged after 7 iterations.
Converged after 7 iterations.
Converged after 7 iterations.
Converged after 7 iterations.
Converged after 7 iterations.
Converged after 7 iterations.
Converged after 6 iterations.
Identified bottleneck state: ((0, 1), (), ())
Converged after 7 iterations.
Converged after 7 iterations.
Converged after 7 iterations.
Converged after 7 iterations.
Converged after 7 iterations.
Converged after 7 iterations.
Converged after 7 iterations.
Converged after 8 iterations.
Converged after 7 iterations.
Converged after 7 iterations.
Converged after 7 iterations.
Converged after 7 iterations.
Converged after 7 iterations.
Converged after 7 iterations.
Converged after 7 iterations.
Converged after 7 iterations.
Converged after 7 iterations.
Converged after 7 iterations.
Converged after 9 iterations.
Converged after 8 iterations.
Converged after 2 iterations.
Identified bottleneck state: ((2, 3), (), ())
Converged after 7 iterations.
Converged after 7 iterations.
Converged after 7 iterations.
Converged after 7 iterations.
Converged after 7 iterations.
Converged after 9 iterations.
Converged after 7 iterations.
Converged after 7 iterations.
Converged after 9 iterations.
Converged after 7 iterations.
Converged after 7 iterations.
Converged after 7 iterations.
Converged after 7 iterations.
Converged after 7 iterations.
Converged after 7 iterations.
Converged after 7 iterations.
Converged after 7 iterations.
Converged after 7 iterations.
Converged after 7 iterations.
Converged after 7 iterations.
Converged after 7 iterations.
Converged after 7 iterations.
Converged after 7 iterations.
Converged after 7 iterations.
Converged after 7 iterations.
Converged after 7 iterations.
Number of states 9
Time to build the sparse matrix: 0.0002219676971435547
Time to run value iteration: 0.008437156677246094
Number of states 9
Time to build the sparse matrix: 0.00019502639770507812
Time to run value iteration: 0.008229970932006836
No path found
No path found
No path found
No path found
No path found
No path found
No path found
No path found
No path found
No path found
No path found
No path found
No path found
No path found
No path found
No path found
No path found
No path found
No path found
No path found
No path found
No path found
No path found
No path found
No path found
No path found
No path found
No path found
No path found
No path found
No path found
No path found
No path found
No path found
No path found
No path found
No path found
No path found
No path found
No path found
No path found
No path found
No path found
No path found
No path found
No path found
No path found
No path found
No path found
No path found
No path found
No path found
No path found
No path found
No path found
No path found
No path found
No path found
No path found
No path found
No path found
No path found
No path found
No path found
No path found
No path found
No path found
No path found
No path found
No path found
No path found
No path found
No path found
No path found
No path found
No path found
No path found
No path found
No path found
No path found
No path found
No path found
No path found
No path found
No path found
No path found
No path found
No path found
No path found
No path found
No path found
No path found
No path found
No path found
No path found
No path found
No path found
No path found
No path found
No path found
No path found
No path found
No path found
No path found
No path found
No path found
No path found
No path found
No path found
No path found
No path found
No path found
No path found
No path found
No path found
No path found
No path found
No path found
No path found
No path found
No path found
No path found
No path found
No path found
No path found
No path found
No path found
No path found
No path found
No path found
No path found
No path found
No path found
No path found
No path found
No path found
No path found
No path found
No path found
No path found
No path found
No path found
No path found
No path found
No path found
No path found
No path found
No path found
No path found
No path found
No path found
No path found
No path found
No path found
No path found
No path found
No path found
No path found
No path found
No path found
No path found
No path found
No path found
No path found
No path found
No path found
No path found
No path found
No path found
No path found
No path found
No path found
No path found
No path found
No path found
No path found
No path found
No path found
No path found
No path found
No path found
No path found
No path found
No path found
No path found
No path found
No path found
No path found
No path found
No path found
No path found
No path found
No path found
No path found
No path found
No path found
No path found
No path found
No path found
No path found
Identified bottleneck state: ((1, 0), (), ())
Identified bottleneck state: ((3, 3), (), ())
Identified bottleneck state: ((3, 3), (), ())
Identified bottleneck state: ((3, 3), (), ())
Identified bottleneck state: ((2, 3), (), ())
Identified bottleneck state: ((3, 3), (), ())
Identified bottleneck state: ((1, 0), (), ())
Identified bottleneck state: ((3, 3), (), ())
Converged after 7 iterations.
Converged after 7 iterations.
Converged after 6 iterations.
Identified bottleneck state: ((1, 0), (), ())
Converged after 7 iterations.
Converged after 7 iterations.
Converged after 8 iterations.
Converged after 7 iterations.
Converged after 7 iterations.
Converged after 8 iterations.
Converged after 7 iterations.
Converged after 8 iterations.
Converged after 8 iterations.
Converged after 7 iterations.
Converged after 7 iterations.
Converged after 7 iterations.
Converged after 7 iterations.
Converged after 7 iterations.
Converged after 7 iterations.
Converged after 7 iterations.
Converged after 7 iterations.
Converged after 7 iterations.
Converged after 7 iterations.
Converged after 7 iterations.
Converged after 7 iterations.
Converged after 7 iterations.
Converged after 7 iterations.
Converged after 7 iterations.
Converged after 7 iterations.
Converged after 7 iterations.
Converged after 7 iterations.
Converged after 7 iterations.
Converged after 7 iterations.
Converged after 7 iterations.
Converged after 7 iterations.
Converged after 7 iterations.
Converged after 7 iterations.
Converged after 7 iterations.
Converged after 7 iterations.
Converged after 7 iterations.
Converged after 7 iterations.
Converged after 7 iterations.
Converged after 7 iterations.
Converged after 7 iterations.
Converged after 7 iterations.
Converged after 8 iterations.
Converged after 7 iterations.
Converged after 7 iterations.
Converged after 7 iterations.
Converged after 8 iterations.
Converged after 2 iterations.
Identified bottleneck state: ((2, 3), (), ())
Converged after 7 iterations.
Converged after 7 iterations.
Converged after 7 iterations.
Converged after 7 iterations.
Converged after 6 iterations.
Identified bottleneck state: ((1, 0), (), ())
Converged after 7 iterations.
Converged after 7 iterations.
Converged after 7 iterations.
Converged after 7 iterations.
Converged after 7 iterations.
Converged after 7 iterations.
Converged after 7 iterations.
Converged after 7 iterations.
Converged after 7 iterations.
Converged after 7 iterations.
Converged after 7 iterations.
Converged after 6 iterations.
Identified bottleneck state: ((1, 0), (), ())
Converged after 7 iterations.
Converged after 7 iterations.
Converged after 8 iterations.
Converged after 7 iterations.
Converged after 7 iterations.
Converged after 8 iterations.
Converged after 7 iterations.
Converged after 8 iterations.
Converged after 8 iterations.
Converged after 7 iterations.
Converged after 7 iterations.
Converged after 7 iterations.
Converged after 7 iterations.
Converged after 7 iterations.
Converged after 7 iterations.
Converged after 7 iterations.
Converged after 7 iterations.
Converged after 7 iterations.
Converged after 7 iterations.
Converged after 7 iterations.
Converged after 7 iterations.
Converged after 7 iterations.
Converged after 7 iterations.
Converged after 7 iterations.
Converged after 7 iterations.
Converged after 7 iterations.
Converged after 7 iterations.
Converged after 7 iterations.
Converged after 7 iterations.
Converged after 7 iterations.
Converged after 7 iterations.
Converged after 7 iterations.
Converged after 7 iterations.
Converged after 7 iterations.
Converged after 7 iterations.
Converged after 7 iterations.
Converged after 7 iterations.
Identified bottleneck state: ((2, 3), (), ())
Converged after 7 iterations.
Converged after 7 iterations.
Converged after 7 iterations.
Converged after 7 iterations.
Converged after 7 iterations.
Converged after 7 iterations.
Converged after 7 iterations.
Converged after 7 iterations.
Converged after 7 iterations.
Converged after 7 iterations.
Converged after 7 iterations.
Converged after 7 iterations.
Converged after 7 iterations.
Converged after 2 iterations.
Identified bottleneck state: ((3, 2), (), ())
Converged after 7 iterations.
Converged after 7 iterations.
Converged after 8 iterations.
Converged after 7 iterations.
Converged after 7 iterations.
Converged after 7 iterations.
Converged after 7 iterations.
Converged after 7 iterations.
Converged after 7 iterations.
Converged after 7 iterations.
Converged after 7 iterations.
Converged after 7 iterations.
Converged after 7 iterations.
Converged after 7 iterations.
Converged after 8 iterations.
Converged after 8 iterations.
Converged after 7 iterations.
Converged after 7 iterations.
Converged after 7 iterations.
Converged after 7 iterations.
Converged after 7 iterations.
Converged after 8 iterations.
Converged after 9 iterations.
Converged after 6 iterations.
Identified bottleneck state: ((0, 1), (), ())
Converged after 5 iterations.
Identified bottleneck state: ((0, 2), (), ())
Converged after 7 iterations.
Converged after 7 iterations.
Converged after 7 iterations.
Converged after 7 iterations.
Converged after 7 iterations.
Converged after 7 iterations.
Converged after 7 iterations.
Converged after 7 iterations.
Converged after 7 iterations.
Converged after 7 iterations.
Number of states 81
Time to build the sparse matrix: 0.010469913482666016
Time to run value iteration: 0.015178203582763672
Number of states 81
Time to build the sparse matrix: 0.010735034942626953
Time to run value iteration: 0.015031099319458008
Identified bottleneck state: ((3, 3), (), ())
Identified bottleneck state: ((3, 3), (), ())
Identified bottleneck state: ((1, 0), (), ())
Identified bottleneck state: ((3, 3), (), ())
Identified bottleneck state: ((3, 3), (), ())
Identified bottleneck state: ((3, 3), (), ())
Converged after 7 iterations.
Converged after 8 iterations.
Converged after 7 iterations.
Converged after 7 iterations.
Converged after 7 iterations.
Converged after 10 iterations.
Converged after 8 iterations.
Converged after 7 iterations.
Converged after 11 iterations.
Converged after 7 iterations.
Converged after 10 iterations.
Converged after 11 iterations.
Converged after 7 iterations.
Converged after 7 iterations.
Converged after 7 iterations.
Converged after 7 iterations.
Converged after 8 iterations.
Converged after 8 iterations.
Converged after 7 iterations.
Converged after 7 iterations.
Converged after 7 iterations.
Converged after 7 iterations.
Converged after 7 iterations.
Converged after 7 iterations.
Converged after 7 iterations.
Converged after 6 iterations.
Identified bottleneck state: ((1, 0), (), ())
Converged after 7 iterations.
Converged after 7 iterations.
Converged after 7 iterations.
Converged after 7 iterations.
Converged after 7 iterations.
Converged after 7 iterations.
Converged after 7 iterations.
Converged after 7 iterations.
Converged after 7 iterations.
Converged after 7 iterations.
Converged after 7 iterations.
Converged after 8 iterations.
Converged after 7 iterations.
Converged after 9 iterations.
Converged after 7 iterations.
Converged after 8 iterations.
Converged after 7 iterations.
Converged after 7 iterations.
Converged after 7 iterations.
Converged after 7 iterations.
Converged after 7 iterations.
Converged after 7 iterations.
Converged after 7 iterations.
Converged after 7 iterations.
Converged after 7 iterations.
Converged after 8 iterations.
Converged after 7 iterations.
Converged after 7 iterations.
Converged after 7 iterations.
Converged after 7 iterations.
Converged after 7 iterations.
Converged after 7 iterations.
Converged after 7 iterations.
Converged after 7 iterations.
Converged after 7 iterations.
Converged after 8 iterations.
Converged after 7 iterations.
Converged after 7 iterations.
Converged after 7 iterations.
Converged after 10 iterations.
Converged after 8 iterations.
Converged after 7 iterations.
Converged after 11 iterations.
Converged after 7 iterations.
Converged after 10 iterations.
Converged after 11 iterations.
Converged after 7 iterations.
Converged after 7 iterations.
Converged after 7 iterations.
Converged after 7 iterations.
Converged after 8 iterations.
Converged after 8 iterations.
Converged after 7 iterations.
Converged after 7 iterations.
Converged after 7 iterations.
Converged after 7 iterations.
Converged after 7 iterations.
Converged after 7 iterations.
Converged after 7 iterations.
Converged after 6 iterations.
Identified bottleneck state: ((1, 0), (), ())
Converged after 7 iterations.
Converged after 7 iterations.
Converged after 7 iterations.
Converged after 7 iterations.
Converged after 7 iterations.
Converged after 7 iterations.
Converged after 7 iterations.
Converged after 7 iterations.
Converged after 7 iterations.
Converged after 7 iterations.
Converged after 7 iterations.
Converged after 8 iterations.
Converged after 7 iterations.
Converged after 9 iterations.
Converged after 7 iterations.
Converged after 8 iterations.
Converged after 7 iterations.
Converged after 7 iterations.
Converged after 7 iterations.
Converged after 7 iterations.
Converged after 7 iterations.
Converged after 7 iterations.
Converged after 7 iterations.
Converged after 7 iterations.
Converged after 7 iterations.
Converged after 8 iterations.
Converged after 7 iterations.
Converged after 7 iterations.
Converged after 7 iterations.
Converged after 7 iterations.
Converged after 7 iterations.
Converged after 7 iterations.
Converged after 7 iterations.
Converged after 7 iterations.
Number of states 3
Time to build the sparse matrix: 0.00011110305786132812
Time to run value iteration: 0.005797147750854492
Number of states 3
Time to build the sparse matrix: 5.1021575927734375e-05
Time to run value iteration: 0.005742073059082031
Identified bottleneck state: ((3, 3), (), ())
Identified bottleneck state: ((3, 2), (), ())
Identified bottleneck state: ((3, 3), (), ())
Identified bottleneck state: ((3, 3), (), ())
Identified bottleneck state: ((3, 3), (), ())
Identified bottleneck state: ((3, 3), (), ())
Converged after 7 iterations.
Converged after 7 iterations.
Converged after 7 iterations.
Converged after 7 iterations.
Converged after 7 iterations.
Converged after 8 iterations.
Converged after 7 iterations.
Converged after 7 iterations.
Converged after 9 iterations.
Converged after 7 iterations.
Converged after 10 iterations.
Converged after 10 iterations.
Converged after 7 iterations.
Converged after 7 iterations.
Converged after 7 iterations.
Converged after 7 iterations.
Converged after 7 iterations.
Converged after 9 iterations.
Converged after 7 iterations.
Converged after 7 iterations.
Converged after 7 iterations.
Converged after 8 iterations.
Converged after 7 iterations.
Converged after 2 iterations.
Identified bottleneck state: ((3, 2), (), ())
Converged after 7 iterations.
Converged after 8 iterations.
Converged after 7 iterations.
Converged after 7 iterations.
Converged after 7 iterations.
Converged after 7 iterations.
Converged after 8 iterations.
Converged after 9 iterations.
Converged after 7 iterations.
Converged after 7 iterations.
Converged after 7 iterations.
Converged after 7 iterations.
Converged after 7 iterations.
Converged after 7 iterations.
Converged after 7 iterations.
Converged after 7 iterations.
Converged after 7 iterations.
Converged after 8 iterations.
Converged after 7 iterations.
Converged after 9 iterations.
Converged after 7 iterations.
Converged after 9 iterations.
Converged after 7 iterations.
Converged after 7 iterations.
Converged after 7 iterations.
Converged after 7 iterations.
Converged after 7 iterations.
Converged after 8 iterations.
Converged after 7 iterations.
Converged after 7 iterations.
Converged after 7 iterations.
Converged after 7 iterations.
Converged after 7 iterations.
Converged after 7 iterations.
Converged after 7 iterations.
Converged after 7 iterations.
Converged after 7 iterations.
Converged after 7 iterations.
Converged after 8 iterations.
Converged after 7 iterations.
Converged after 7 iterations.
Converged after 7 iterations.
Converged after 8 iterations.
Converged after 2 iterations.
Identified bottleneck state: ((2, 3), (), ())
Converged after 7 iterations.
Converged after 7 iterations.
Converged after 7 iterations.
Converged after 8 iterations.
Converged after 9 iterations.
Converged after 7 iterations.
Converged after 10 iterations.
Converged after 8 iterations.
Converged after 7 iterations.
Converged after 7 iterations.
Converged after 11 iterations.
Converged after 7 iterations.
Converged after 7 iterations.
Converged after 7 iterations.
Converged after 6 iterations.
Identified bottleneck state: ((0, 1), (), ())
Converged after 7 iterations.
Converged after 7 iterations.
Converged after 7 iterations.
Converged after 7 iterations.
Converged after 7 iterations.
Converged after 7 iterations.
Converged after 7 iterations.
Converged after 7 iterations.
Converged after 7 iterations.
Converged after 7 iterations.
Converged after 7 iterations.
Converged after 7 iterations.
Converged after 7 iterations.
Converged after 7 iterations.
Converged after 7 iterations.
Converged after 7 iterations.
Converged after 8 iterations.
Converged after 7 iterations.
Converged after 8 iterations.
Converged after 3 iterations.
Identified bottleneck state: ((2, 2), (), ())
Converged after 7 iterations.
Converged after 7 iterations.
Converged after 7 iterations.
Converged after 7 iterations.
Converged after 7 iterations.
Converged after 8 iterations.
Converged after 9 iterations.
Converged after 11 iterations.
Converged after 9 iterations.
Converged after 9 iterations.
Converged after 11 iterations.
Converged after 9 iterations.
Converged after 9 iterations.
Converged after 9 iterations.
Converged after 2 iterations.
Identified bottleneck state: ((3, 2), (), ())
Number of states 81
Time to build the sparse matrix: 0.011006832122802734
Time to run value iteration: 0.014716863632202148
Number of states 81
Time to build the sparse matrix: 0.011150121688842773
Time to run value iteration: 0.014631032943725586
Identified bottleneck state: ((3, 2), (), ())
Identified bottleneck state: ((3, 3), (), ())
Identified bottleneck state: ((3, 3), (), ())
Identified bottleneck state: ((3, 3), (), ())
Identified bottleneck state: ((0, 1), (), ())
Identified bottleneck state: ((2, 3), (), ())
Identified bottleneck state: ((3, 3), (), ())
Identified bottleneck state: ((1, 0), (), ())
Identified bottleneck state: ((2, 0), (), ())
Identified bottleneck state: ((3, 3), (), ())
Converged after 7 iterations.
Converged after 8 iterations.
Converged after 7 iterations.
Converged after 7 iterations.
Converged after 11 iterations.
Converged after 7 iterations.
Converged after 8 iterations.
Converged after 7 iterations.
Converged after 11 iterations.
Converged after 7 iterations.
Converged after 7 iterations.
Converged after 2 iterations.
Identified bottleneck state: ((3, 2), (), ())
Converged after 7 iterations.
Converged after 8 iterations.
Converged after 9 iterations.
Converged after 7 iterations.
Converged after 7 iterations.
Converged after 10 iterations.
Converged after 8 iterations.
Converged after 7 iterations.
Converged after 11 iterations.
Converged after 9 iterations.
Converged after 10 iterations.
Converged after 11 iterations.
Converged after 7 iterations.
Converged after 7 iterations.
Converged after 8 iterations.
Converged after 7 iterations.
Converged after 7 iterations.
Converged after 7 iterations.
Converged after 7 iterations.
Converged after 7 iterations.
Converged after 7 iterations.
Converged after 7 iterations.
Converged after 7 iterations.
Converged after 6 iterations.
Identified bottleneck state: ((0, 1), (), ())
Converged after 7 iterations.
Converged after 7 iterations.
Converged after 7 iterations.
Converged after 7 iterations.
Converged after 7 iterations.
Converged after 7 iterations.
Converged after 7 iterations.
Converged after 8 iterations.
Converged after 2 iterations.
Identified bottleneck state: ((2, 3), (), ())
Converged after 7 iterations.
Converged after 7 iterations.
Converged after 8 iterations.
Converged after 8 iterations.
Converged after 6 iterations.
Identified bottleneck state: ((1, 0), (), ())
Converged after 8 iterations.
Converged after 8 iterations.
Converged after 5 iterations.
Identified bottleneck state: ((2, 0), (), ())
Converged after 8 iterations.
Converged after 8 iterations.
Converged after 8 iterations.
Converged after 8 iterations.
Converged after 8 iterations.
Converged after 8 iterations.
Converged after 7 iterations.
Converged after 8 iterations.
Converged after 7 iterations.
Converged after 7 iterations.
Converged after 11 iterations.
Converged after 7 iterations.
Converged after 8 iterations.
Converged after 7 iterations.
Converged after 11 iterations.
Converged after 7 iterations.
Converged after 7 iterations.
Converged after 2 iterations.
Identified bottleneck state: ((3, 2), (), ())
Converged after 7 iterations.
Converged after 8 iterations.
Converged after 9 iterations.
Converged after 7 iterations.
Converged after 7 iterations.
Converged after 10 iterations.
Converged after 8 iterations.
Converged after 7 iterations.
Converged after 11 iterations.
Converged after 9 iterations.
Converged after 10 iterations.
Converged after 11 iterations.
Converged after 7 iterations.
Converged after 7 iterations.
Converged after 8 iterations.
Converged after 7 iterations.
Converged after 7 iterations.
Converged after 7 iterations.
Converged after 7 iterations.
Converged after 7 iterations.
Converged after 7 iterations.
Converged after 7 iterations.
Converged after 7 iterations.
Converged after 6 iterations.
Identified bottleneck state: ((0, 1), (), ())
Converged after 7 iterations.
Converged after 7 iterations.
Converged after 7 iterations.
Converged after 7 iterations.
Converged after 7 iterations.
Converged after 7 iterations.
Converged after 7 iterations.
Converged after 8 iterations.
Converged after 2 iterations.
Identified bottleneck state: ((2, 3), (), ())
Converged after 7 iterations.
Converged after 7 iterations.
Converged after 8 iterations.
Converged after 8 iterations.
Converged after 6 iterations.
Identified bottleneck state: ((1, 0), (), ())
Converged after 8 iterations.
Converged after 8 iterations.
Converged after 5 iterations.
Identified bottleneck state: ((2, 0), (), ())
Converged after 8 iterations.
Converged after 8 iterations.
Converged after 8 iterations.
Converged after 8 iterations.
Converged after 8 iterations.
Converged after 8 iterations.
Number of states 243
Time to build the sparse matrix: 0.11662507057189941
Time to run value iteration: 0.02118515968322754
Number of states 243
Time to build the sparse matrix: 0.11714386940002441
Time to run value iteration: 0.02206110954284668
Identified bottleneck state: ((3, 3), (), ())
Identified bottleneck state: ((3, 2), (), ())
Identified bottleneck state: ((3, 3), (), ())
Identified bottleneck state: ((3, 2), (), ())
Identified bottleneck state: ((3, 3), (), ())
Identified bottleneck state: ((0, 1), (), ())
Identified bottleneck state: ((3, 3), (), ())
Identified bottleneck state: ((3, 3), (), ())
Converged after 7 iterations.
Converged after 8 iterations.
Converged after 7 iterations.
Converged after 7 iterations.
Converged after 7 iterations.
Converged after 10 iterations.
Converged after 8 iterations.
Converged after 7 iterations.
Converged after 11 iterations.
Converged after 7 iterations.
Converged after 10 iterations.
Converged after 11 iterations.
Converged after 7 iterations.
Converged after 7 iterations.
Converged after 7 iterations.
Converged after 7 iterations.
Converged after 8 iterations.
Converged after 9 iterations.
Converged after 7 iterations.
Converged after 7 iterations.
Converged after 8 iterations.
Converged after 7 iterations.
Converged after 7 iterations.
Converged after 2 iterations.
Identified bottleneck state: ((3, 2), (), ())
Converged after 7 iterations.
Converged after 7 iterations.
Converged after 7 iterations.
Converged after 7 iterations.
Converged after 7 iterations.
Converged after 7 iterations.
Converged after 7 iterations.
Converged after 8 iterations.
Converged after 7 iterations.
Converged after 7 iterations.
Converged after 7 iterations.
Converged after 8 iterations.
Converged after 2 iterations.
Identified bottleneck state: ((2, 3), (), ())
Converged after 7 iterations.
Converged after 7 iterations.
Converged after 7 iterations.
Converged after 7 iterations.
Converged after 6 iterations.
Identified bottleneck state: ((1, 0), (), ())
Converged after 7 iterations.
Converged after 7 iterations.
Converged after 7 iterations.
Converged after 7 iterations.
Converged after 7 iterations.
Converged after 7 iterations.
Converged after 7 iterations.
Converged after 7 iterations.
Converged after 7 iterations.
Number of states 9
Time to build the sparse matrix: 0.0002639293670654297
Time to run value iteration: 0.008954286575317383
Number of states 9
Time to build the sparse matrix: 0.00018787384033203125
Time to run value iteration: 0.00886988639831543
Identified bottleneck state: ((3, 3), (), ())
Identified bottleneck state: ((1, 0), (), ())
Identified bottleneck state: ((3, 3), (), ())
Identified bottleneck state: ((3, 3), (), ())
Identified bottleneck state: ((1, 3), (), ())
Identified bottleneck state: ((2, 3), (), ())
Identified bottleneck state: ((3, 3), (), ())
Identified bottleneck state: ((1, 1), (), ())
Identified bottleneck state: ((3, 3), (), ())
Converged after 7 iterations.
Converged after 8 iterations.
Converged after 7 iterations.
Converged after 7 iterations.
Converged after 7 iterations.
Converged after 7 iterations.
Converged after 8 iterations.
Converged after 7 iterations.
Converged after 7 iterations.
Converged after 9 iterations.
Converged after 10 iterations.
Converged after 11 iterations.
Converged after 7 iterations.
Converged after 7 iterations.
Converged after 6 iterations.
Identified bottleneck state: ((1, 0), (), ())
Converged after 7 iterations.
Converged after 7 iterations.
Converged after 7 iterations.
Converged after 7 iterations.
Converged after 7 iterations.
Converged after 7 iterations.
Converged after 7 iterations.
Converged after 7 iterations.
Converged after 7 iterations.
Converged after 7 iterations.
Converged after 7 iterations.
Converged after 7 iterations.
Converged after 7 iterations.
Converged after 8 iterations.
Converged after 7 iterations.
Converged after 7 iterations.
Converged after 7 iterations.
Converged after 7 iterations.
Converged after 7 iterations.
Converged after 7 iterations.
Converged after 7 iterations.
Converged after 8 iterations.
Converged after 8 iterations.
Converged after 8 iterations.
Converged after 8 iterations.
Converged after 10 iterations.
Converged after 10 iterations.
Converged after 3 iterations.
Identified bottleneck state: ((1, 3), (), ())
Converged after 7 iterations.
Converged after 8 iterations.
Converged after 2 iterations.
Identified bottleneck state: ((2, 3), (), ())
Converged after 8 iterations.
Converged after 8 iterations.
Converged after 7 iterations.
Converged after 7 iterations.
Converged after 7 iterations.
Converged after 5 iterations.
Identified bottleneck state: ((1, 1), (), ())
Converged after 7 iterations.
Converged after 7 iterations.
Converged after 7 iterations.
Converged after 7 iterations.
Converged after 7 iterations.
Converged after 7 iterations.
Converged after 7 iterations.
Converged after 7 iterations.
Converged after 7 iterations.
Converged after 8 iterations.
Converged after 7 iterations.
Converged after 7 iterations.
Converged after 7 iterations.
Converged after 7 iterations.
Converged after 8 iterations.
Converged after 7 iterations.
Converged after 7 iterations.
Converged after 9 iterations.
Converged after 10 iterations.
Converged after 11 iterations.
Converged after 7 iterations.
Converged after 7 iterations.
Converged after 6 iterations.
Identified bottleneck state: ((1, 0), (), ())
Converged after 7 iterations.
Converged after 7 iterations.
Converged after 7 iterations.
Converged after 7 iterations.
Converged after 7 iterations.
Converged after 7 iterations.
Converged after 7 iterations.
Converged after 7 iterations.
Converged after 7 iterations.
Converged after 7 iterations.
Converged after 7 iterations.
Converged after 7 iterations.
Converged after 7 iterations.
Converged after 8 iterations.
Converged after 7 iterations.
Converged after 7 iterations.
Converged after 7 iterations.
Converged after 7 iterations.
Converged after 7 iterations.
Converged after 7 iterations.
Converged after 7 iterations.
Converged after 8 iterations.
Converged after 8 iterations.
Converged after 8 iterations.
Converged after 8 iterations.
Converged after 10 iterations.
Converged after 10 iterations.
Converged after 3 iterations.
Identified bottleneck state: ((1, 3), (), ())
Converged after 7 iterations.
Converged after 8 iterations.
Converged after 2 iterations.
Identified bottleneck state: ((2, 3), (), ())
Converged after 8 iterations.
Converged after 8 iterations.
Converged after 7 iterations.
Converged after 7 iterations.
Converged after 7 iterations.
Converged after 5 iterations.
Identified bottleneck state: ((1, 1), (), ())
Converged after 7 iterations.
Converged after 7 iterations.
Converged after 7 iterations.
Converged after 7 iterations.
Converged after 7 iterations.
Converged after 7 iterations.
Converged after 7 iterations.
Converged after 7 iterations.
Number of states 81
Time to build the sparse matrix: 0.011207818984985352
Time to run value iteration: 0.015396833419799805
Number of states 81
Time to build the sparse matrix: 0.011098861694335938
Time to run value iteration: 0.015415191650390625
No path found
No path found
No path found
No path found
No path found
No path found
No path found
No path found
No path found
No path found
No path found
No path found
No path found
No path found
No path found
No path found
No path found
No path found
No path found
No path found
No path found
No path found
No path found
No path found
No path found
No path found
No path found
No path found
No path found
No path found
No path found
No path found
No path found
No path found
No path found
No path found
No path found
No path found
No path found
No path found
No path found
No path found
No path found
No path found
No path found
No path found
No path found
No path found
No path found
No path found
No path found
No path found
No path found
No path found
No path found
No path found
No path found
No path found
No path found
No path found
No path found
No path found
No path found
No path found
No path found
No path found
No path found
No path found
No path found
No path found
No path found
No path found
No path found
No path found
No path found
No path found
No path found
No path found
No path found
No path found
No path found
No path found
No path found
No path found
No path found
No path found
No path found
No path found
No path found
No path found
No path found
No path found
No path found
No path found
No path found
No path found
No path found
No path found
No path found
No path found
Identified bottleneck state: ((1, 1), (), ())
Identified bottleneck state: ((3, 2), (), ())
Identified bottleneck state: ((3, 3), (), ())
Identified bottleneck state: ((3, 3), (), ())
Identified bottleneck state: ((3, 3), (), ())
Identified bottleneck state: ((3, 3), (), ())
Identified bottleneck state: ((0, 1), (), ())
Identified bottleneck state: ((0, 2), (), ())
Identified bottleneck state: ((1, 2), (), ())
Identified bottleneck state: ((2, 2), (), ())
Identified bottleneck state: ((3, 3), (), ())
Converged after 7 iterations.
Converged after 7 iterations.
Converged after 7 iterations.
Converged after 6 iterations.
Identified bottleneck state: ((1, 1), (), ())
Converged after 7 iterations.
Converged after 7 iterations.
Converged after 7 iterations.
Converged after 8 iterations.
Converged after 7 iterations.
Converged after 7 iterations.
Converged after 2 iterations.
Identified bottleneck state: ((3, 2), (), ())
Converged after 7 iterations.
Converged after 7 iterations.
Converged after 7 iterations.
Converged after 7 iterations.
Converged after 7 iterations.
Converged after 7 iterations.
Converged after 8 iterations.
Converged after 9 iterations.
Converged after 7 iterations.
Converged after 7 iterations.
Converged after 8 iterations.
Converged after 7 iterations.
Converged after 7 iterations.
Converged after 2 iterations.
Identified bottleneck state: ((3, 2), (), ())
Converged after 6 iterations.
Identified bottleneck state: ((0, 1), (), ())
Converged after 7 iterations.
Converged after 7 iterations.
Converged after 7 iterations.
Converged after 8 iterations.
Converged after 7 iterations.
Converged after 7 iterations.
Converged after 7 iterations.
Converged after 9 iterations.
Converged after 7 iterations.
Converged after 7 iterations.
Converged after 7 iterations.
Converged after 7 iterations.
Converged after 7 iterations.
Converged after 7 iterations.
Converged after 7 iterations.
Converged after 7 iterations.
Converged after 7 iterations.
Converged after 7 iterations.
Converged after 7 iterations.
Converged after 7 iterations.
Converged after 7 iterations.
Converged after 7 iterations.
Converged after 7 iterations.
Converged after 7 iterations.
Converged after 8 iterations.
Converged after 7 iterations.
Converged after 7 iterations.
Converged after 7 iterations.
Converged after 10 iterations.
Converged after 8 iterations.
Converged after 7 iterations.
Converged after 11 iterations.
Converged after 7 iterations.
Converged after 10 iterations.
Converged after 11 iterations.
Converged after 7 iterations.
Converged after 7 iterations.
Converged after 7 iterations.
Converged after 7 iterations.
Converged after 8 iterations.
Converged after 9 iterations.
Converged after 7 iterations.
Converged after 7 iterations.
Converged after 8 iterations.
Converged after 7 iterations.
Converged after 7 iterations.
Converged after 2 iterations.
Identified bottleneck state: ((3, 2), (), ())
Converged after 7 iterations.
Converged after 7 iterations.
Converged after 7 iterations.
Converged after 7 iterations.
Converged after 8 iterations.
Converged after 9 iterations.
Converged after 7 iterations.
Converged after 7 iterations.
Converged after 8 iterations.
Converged after 7 iterations.
Converged after 7 iterations.
Converged after 2 iterations.
Identified bottleneck state: ((3, 2), (), ())
Converged after 6 iterations.
Identified bottleneck state: ((0, 1), (), ())
Converged after 7 iterations.
Converged after 7 iterations.
Converged after 7 iterations.
Converged after 8 iterations.
Converged after 7 iterations.
Converged after 7 iterations.
Converged after 7 iterations.
Converged after 9 iterations.
Converged after 7 iterations.
Converged after 7 iterations.
Converged after 7 iterations.
Converged after 7 iterations.
Converged after 7 iterations.
Converged after 7 iterations.
Converged after 7 iterations.
Converged after 7 iterations.
Converged after 7 iterations.
Converged after 7 iterations.
Converged after 7 iterations.
Converged after 7 iterations.
Converged after 7 iterations.
Converged after 7 iterations.
Converged after 7 iterations.
Number of states 9
Time to build the sparse matrix: 0.00026798248291015625
Time to run value iteration: 0.008729219436645508
Number of states 9
Time to build the sparse matrix: 0.00017499923706054688
Time to run value iteration: 0.008690834045410156
No path found
No path found
No path found
No path found
No path found
No path found
No path found
No path found
No path found
No path found
No path found
No path found
No path found
No path found
No path found
No path found
No path found
No path found
No path found
No path found
No path found
No path found
No path found
No path found
No path found
No path found
No path found
No path found
No path found
No path found
No path found
No path found
No path found
No path found
No path found
No path found
No path found
No path found
No path found
No path found
No path found
No path found
No path found
No path found
No path found
No path found
No path found
No path found
No path found
No path found
No path found
No path found
No path found
No path found
No path found
No path found
No path found
No path found
No path found
No path found
No path found
No path found
No path found
No path found
No path found
No path found
No path found
No path found
No path found
No path found
No path found
No path found
No path found
No path found
No path found
No path found
No path found
No path found
No path found
No path found
No path found
No path found
No path found
No path found
No path found
No path found
No path found
No path found
No path found
No path found
No path found
No path found
No path found
No path found
No path found
No path found
No path found
No path found
No path found
No path found
No path found
No path found
No path found
No path found
No path found
No path found
No path found
No path found
No path found
No path found
No path found
No path found
No path found
No path found
No path found
No path found
No path found
No path found
No path found
No path found
No path found
No path found
No path found
No path found
No path found
No path found
No path found
No path found
No path found
No path found
No path found
No path found
No path found
No path found
No path found
No path found
No path found
No path found
No path found
No path found
No path found
No path found
No path found
No path found
No path found
No path found
No path found
No path found
No path found
No path found
No path found
No path found
No path found
No path found
No path found
No path found
No path found
No path found
No path found
No path found
No path found
No path found
No path found
No path found
No path found
No path found
No path found
No path found
No path found
No path found
No path found
No path found
No path found
No path found
No path found
No path found
No path found
No path found
No path found
No path found
No path found
No path found
No path found
No path found
No path found
No path found
No path found
No path found
No path found
No path found
No path found
No path found
No path found
No path found
No path found
No path found
No path found
No path found
No path found
No path found
Identified bottleneck state: ((1, 0), (), ())
Identified bottleneck state: ((3, 3), (), ())
Identified bottleneck state: ((3, 2), (), ())
Identified bottleneck state: ((3, 3), (), ())
Identified bottleneck state: ((3, 3), (), ())
Identified bottleneck state: ((3, 3), (), ())
Identified bottleneck state: ((1, 0), (), ())
Identified bottleneck state: ((2, 0), (), ())
Identified bottleneck state: ((3, 3), (), ())
Converged after 7 iterations.
Converged after 6 iterations.
Identified bottleneck state: ((1, 0), (), ())
Converged after 7 iterations.
Converged after 7 iterations.
Converged after 7 iterations.
Converged after 7 iterations.
Converged after 7 iterations.
Converged after 7 iterations.
Converged after 7 iterations.
Converged after 8 iterations.
Converged after 9 iterations.
Converged after 7 iterations.
Converged after 7 iterations.
Converged after 7 iterations.
Converged after 8 iterations.
Converged after 8 iterations.
Converged after 7 iterations.
Converged after 7 iterations.
Converged after 10 iterations.
Converged after 7 iterations.
Converged after 8 iterations.
Converged after 2 iterations.
Identified bottleneck state: ((3, 2), (), ())
Converged after 7 iterations.
Converged after 7 iterations.
Converged after 7 iterations.
Converged after 7 iterations.
Converged after 7 iterations.
Converged after 7 iterations.
Converged after 7 iterations.
Converged after 7 iterations.
Converged after 7 iterations.
Converged after 7 iterations.
Converged after 7 iterations.
Converged after 7 iterations.
Converged after 7 iterations.
Converged after 7 iterations.
Converged after 7 iterations.
Converged after 7 iterations.
Converged after 7 iterations.
Converged after 7 iterations.
Converged after 7 iterations.
Converged after 7 iterations.
Converged after 7 iterations.
Converged after 7 iterations.
Converged after 7 iterations.
Converged after 7 iterations.
Converged after 7 iterations.
Converged after 7 iterations.
Converged after 7 iterations.
Converged after 7 iterations.
Converged after 7 iterations.
Converged after 7 iterations.
Converged after 6 iterations.
Identified bottleneck state: ((1, 0), (), ())
Converged after 7 iterations.
Converged after 5 iterations.
Identified bottleneck state: ((2, 0), (), ())
Converged after 7 iterations.
Converged after 7 iterations.
Converged after 7 iterations.
Converged after 7 iterations.
Converged after 7 iterations.
Converged after 7 iterations.
Converged after 7 iterations.
Converged after 6 iterations.
Identified bottleneck state: ((1, 0), (), ())
Converged after 7 iterations.
Converged after 7 iterations.
Converged after 7 iterations.
Converged after 7 iterations.
Converged after 7 iterations.
Converged after 7 iterations.
Converged after 7 iterations.
Converged after 8 iterations.
Converged after 9 iterations.
Converged after 7 iterations.
Converged after 7 iterations.
Converged after 7 iterations.
Converged after 8 iterations.
Converged after 8 iterations.
Converged after 7 iterations.
Converged after 7 iterations.
Converged after 10 iterations.
Converged after 7 iterations.
Converged after 8 iterations.
Converged after 2 iterations.
Identified bottleneck state: ((3, 2), (), ())
Converged after 7 iterations.
Converged after 7 iterations.
Converged after 7 iterations.
Converged after 7 iterations.
Converged after 7 iterations.
Converged after 7 iterations.
Converged after 7 iterations.
Converged after 7 iterations.
Converged after 7 iterations.
Converged after 7 iterations.
Converged after 7 iterations.
Converged after 7 iterations.
Converged after 7 iterations.
Converged after 7 iterations.
Converged after 7 iterations.
Converged after 7 iterations.
Converged after 7 iterations.
Converged after 7 iterations.
Converged after 7 iterations.
Converged after 7 iterations.
Converged after 7 iterations.
Converged after 7 iterations.
Converged after 7 iterations.
Converged after 7 iterations.
Converged after 7 iterations.
Converged after 7 iterations.
Converged after 7 iterations.
Converged after 7 iterations.
Converged after 7 iterations.
Converged after 7 iterations.
Converged after 6 iterations.
Identified bottleneck state: ((1, 0), (), ())
Converged after 7 iterations.
Converged after 5 iterations.
Identified bottleneck state: ((2, 0), (), ())
Converged after 7 iterations.
Converged after 7 iterations.
Converged after 7 iterations.
Converged after 7 iterations.
Converged after 7 iterations.
Converged after 7 iterations.
Number of states 27
Time to build the sparse matrix: 0.0012407302856445312
Time to run value iteration: 0.011858940124511719
Number of states 27
Time to build the sparse matrix: 0.0011951923370361328
Time to run value iteration: 0.011644124984741211
No path found
No path found
No path found
No path found
No path found
No path found
No path found
No path found
No path found
No path found
No path found
No path found
No path found
No path found
No path found
No path found
No path found
No path found
No path found
No path found
No path found
No path found
No path found
No path found
No path found
No path found
No path found
No path found
No path found
No path found
No path found
No path found
No path found
No path found
No path found
No path found
No path found
No path found
No path found
No path found
No path found
No path found
No path found
No path found
No path found
No path found
No path found
No path found
No path found
No path found
No path found
No path found
No path found
No path found
No path found
No path found
No path found
No path found
No path found
No path found
No path found
No path found
No path found
No path found
No path found
No path found
No path found
No path found
No path found
No path found
No path found
No path found
No path found
No path found
No path found
No path found
No path found
No path found
No path found
No path found
No path found
No path found
No path found
No path found
No path found
No path found
No path found
No path found
No path found
No path found
No path found
No path found
No path found
No path found
No path found
No path found
No path found
No path found
No path found
No path found
Identified bottleneck state: ((3, 3), (), ())
Identified bottleneck state: ((0, 1), (), ())
Identified bottleneck state: ((1, 1), (), ())
Identified bottleneck state: ((3, 2), (), ())
Identified bottleneck state: ((3, 3), (), ())
Identified bottleneck state: ((2, 3), (), ())
Identified bottleneck state: ((3, 3), (), ())
Identified bottleneck state: ((3, 3), (), ())
Identified bottleneck state: ((0, 1), (), ())
Identified bottleneck state: ((0, 2), (), ())
Identified bottleneck state: ((0, 3), (), ())
Identified bottleneck state: ((1, 3), (), ())
Identified bottleneck state: ((2, 3), (), ())
Identified bottleneck state: ((3, 3), (), ())
Converged after 7 iterations.
Converged after 7 iterations.
Converged after 7 iterations.
Converged after 7 iterations.
Converged after 7 iterations.
Converged after 7 iterations.
Converged after 7 iterations.
Converged after 7 iterations.
Converged after 7 iterations.
Converged after 7 iterations.
Converged after 7 iterations.
Converged after 7 iterations.
Converged after 7 iterations.
Converged after 7 iterations.
Converged after 6 iterations.
Identified bottleneck state: ((0, 1), (), ())
Converged after 7 iterations.
Converged after 6 iterations.
Identified bottleneck state: ((1, 1), (), ())
Converged after 7 iterations.
Converged after 7 iterations.
Converged after 7 iterations.
Converged after 7 iterations.
Converged after 8 iterations.
Converged after 7 iterations.
Converged after 7 iterations.
Converged after 2 iterations.
Identified bottleneck state: ((3, 2), (), ())
Converged after 7 iterations.
Converged after 7 iterations.
Converged after 7 iterations.
Converged after 8 iterations.
Converged after 7 iterations.
Converged after 7 iterations.
Converged after 7 iterations.
Converged after 8 iterations.
Converged after 2 iterations.
Identified bottleneck state: ((2, 3), (), ())
Converged after 7 iterations.
Converged after 7 iterations.
Converged after 7 iterations.
Converged after 7 iterations.
Converged after 8 iterations.
Converged after 7 iterations.
Converged after 7 iterations.
Converged after 8 iterations.
Converged after 7 iterations.
Converged after 7 iterations.
Converged after 7 iterations.
Converged after 7 iterations.
Converged after 7 iterations.
Converged after 6 iterations.
Identified bottleneck state: ((0, 1), (), ())
Converged after 5 iterations.
Identified bottleneck state: ((0, 2), (), ())
Converged after 4 iterations.
Identified bottleneck state: ((0, 3), (), ())
Converged after 10 iterations.
Converged after 10 iterations.
Converged after 3 iterations.
Identified bottleneck state: ((1, 3), (), ())
Converged after 9 iterations.
Converged after 10 iterations.
Converged after 2 iterations.
Identified bottleneck state: ((2, 3), (), ())
Converged after 10 iterations.
Converged after 10 iterations.
Converged after 7 iterations.
Converged after 7 iterations.
Converged after 7 iterations.
Converged after 7 iterations.
Converged after 7 iterations.
Converged after 7 iterations.
Converged after 7 iterations.
Converged after 7 iterations.
Converged after 7 iterations.
Converged after 7 iterations.
Converged after 7 iterations.
Converged after 7 iterations.
Converged after 7 iterations.
Converged after 7 iterations.
Converged after 6 iterations.
Identified bottleneck state: ((0, 1), (), ())
Converged after 7 iterations.
Converged after 6 iterations.
Identified bottleneck state: ((1, 1), (), ())
Converged after 7 iterations.
Converged after 7 iterations.
Converged after 7 iterations.
Converged after 7 iterations.
Converged after 8 iterations.
Converged after 7 iterations.
Converged after 7 iterations.
Converged after 2 iterations.
Identified bottleneck state: ((3, 2), (), ())
Converged after 7 iterations.
Converged after 7 iterations.
Converged after 7 iterations.
Converged after 8 iterations.
Converged after 7 iterations.
Converged after 7 iterations.
Converged after 7 iterations.
Converged after 8 iterations.
Converged after 2 iterations.
Identified bottleneck state: ((2, 3), (), ())
Converged after 7 iterations.
Converged after 7 iterations.
Converged after 7 iterations.
Converged after 7 iterations.
Converged after 8 iterations.
Converged after 7 iterations.
Converged after 8 iterations.
Converged after 7 iterations.
Converged after 9 iterations.
Converged after 9 iterations.
Converged after 9 iterations.
Converged after 7 iterations.
Converged after 7 iterations.
Converged after 7 iterations.
Converged after 8 iterations.
Converged after 7 iterations.
Converged after 8 iterations.
Converged after 7 iterations.
Converged after 7 iterations.
Converged after 7 iterations.
Converged after 7 iterations.
Converged after 7 iterations.
Converged after 7 iterations.
Converged after 7 iterations.
Converged after 8 iterations.
Converged after 7 iterations.
Converged after 8 iterations.
Converged after 7 iterations.
Converged after 7 iterations.
Converged after 7 iterations.
Converged after 7 iterations.
Converged after 7 iterations.
Converged after 6 iterations.
Identified bottleneck state: ((0, 1), (), ())
Converged after 5 iterations.
Identified bottleneck state: ((0, 2), (), ())
Converged after 7 iterations.
Converged after 5 iterations.
Identified bottleneck state: ((1, 2), (), ())
Converged after 7 iterations.
Converged after 7 iterations.
Converged after 5 iterations.
Identified bottleneck state: ((2, 2), (), ())
Converged after 7 iterations.
Converged after 7 iterations.
Converged after 7 iterations.
Converged after 7 iterations.
Converged after 7 iterations.
Converged after 7 iterations.
Converged after 7 iterations.
Converged after 6 iterations.
Identified bottleneck state: ((1, 1), (), ())
Converged after 7 iterations.
Converged after 7 iterations.
Converged after 7 iterations.
Converged after 8 iterations.
Converged after 7 iterations.
Converged after 7 iterations.
Converged after 2 iterations.
Identified bottleneck state: ((3, 2), (), ())
Converged after 7 iterations.
Converged after 7 iterations.
Converged after 7 iterations.
Converged after 7 iterations.
Converged after 7 iterations.
Converged after 8 iterations.
Converged after 7 iterations.
Converged after 9 iterations.
Converged after 9 iterations.
Converged after 9 iterations.
Converged after 7 iterations.
Converged after 7 iterations.
Converged after 7 iterations.
Converged after 8 iterations.
Converged after 7 iterations.
Converged after 8 iterations.
Converged after 7 iterations.
Converged after 7 iterations.
Converged after 7 iterations.
Converged after 7 iterations.
Converged after 7 iterations.
Converged after 7 iterations.
Converged after 7 iterations.
Converged after 8 iterations.
Converged after 7 iterations.
Converged after 8 iterations.
Converged after 7 iterations.
Converged after 7 iterations.
Converged after 7 iterations.
Converged after 7 iterations.
Converged after 7 iterations.
Converged after 6 iterations.
Identified bottleneck state: ((0, 1), (), ())
Converged after 5 iterations.
Identified bottleneck state: ((0, 2), (), ())
Converged after 7 iterations.
Converged after 5 iterations.
Identified bottleneck state: ((1, 2), (), ())
Converged after 7 iterations.
Converged after 7 iterations.
Converged after 5 iterations.
Identified bottleneck state: ((2, 2), (), ())
Converged after 7 iterations.
Converged after 7 iterations.
Converged after 7 iterations.
Converged after 7 iterations.
Number of states 729
Time to build the sparse matrix: 1.2081289291381836
Time to run value iteration: 0.03619384765625
Number of states 729
Time to build the sparse matrix: 1.2036218643188477
Time to run value iteration: 0.037339210510253906
Identified bottleneck state: ((1, 0), (), ())
Identified bottleneck state: ((3, 3), (), ())
Identified bottleneck state: ((3, 3), (), ())
Identified bottleneck state: ((1, 0), (), ())
Identified bottleneck state: ((2, 0), (), ())
Identified bottleneck state: ((3, 0), (), ())
Identified bottleneck state: ((3, 1), (), ())
Identified bottleneck state: ((3, 2), (), ())
Identified bottleneck state: ((3, 3), (), ())
Identified bottleneck state: ((3, 2), (), ())
Identified bottleneck state: ((3, 3), (), ())
Identified bottleneck state: ((1, 0), (), ())
Identified bottleneck state: ((3, 3), (), ())
Converged after 7 iterations.
Converged after 6 iterations.
Identified bottleneck state: ((1, 0), (), ())
Converged after 7 iterations.
Converged after 7 iterations.
Converged after 7 iterations.
Converged after 7 iterations.
Converged after 7 iterations.
Converged after 7 iterations.
Converged after 7 iterations.
Converged after 8 iterations.
Converged after 9 iterations.
Converged after 7 iterations.
Converged after 8 iterations.
Converged after 7 iterations.
Converged after 7 iterations.
Converged after 7 iterations.
Converged after 7 iterations.
Converged after 8 iterations.
Converged after 9 iterations.
Converged after 10 iterations.
Converged after 7 iterations.
Converged after 7 iterations.
Converged after 8 iterations.
Converged after 9 iterations.
Converged after 6 iterations.
Identified bottleneck state: ((1, 0), (), ())
Converged after 9 iterations.
Converged after 9 iterations.
Converged after 5 iterations.
Identified bottleneck state: ((2, 0), (), ())
Converged after 9 iterations.
Converged after 9 iterations.
Converged after 4 iterations.
Identified bottleneck state: ((3, 0), (), ())
Converged after 3 iterations.
Identified bottleneck state: ((3, 1), (), ())
Converged after 3 iterations.
Identified bottleneck state: ((3, 2), (), ())
Converged after 7 iterations.
Converged after 7 iterations.
Converged after 7 iterations.
Converged after 8 iterations.
Converged after 7 iterations.
Converged after 7 iterations.
Converged after 7 iterations.
Converged after 7 iterations.
Converged after 8 iterations.
Converged after 7 iterations.
Converged after 2 iterations.
Identified bottleneck state: ((3, 2), (), ())
Converged after 7 iterations.
Converged after 6 iterations.
Identified bottleneck state: ((1, 0), (), ())
Converged after 7 iterations.
Converged after 7 iterations.
Converged after 7 iterations.
Converged after 7 iterations.
Converged after 7 iterations.
Converged after 7 iterations.
Converged after 7 iterations.
Converged after 8 iterations.
Converged after 9 iterations.
Converged after 7 iterations.
Converged after 6 iterations.
Identified bottleneck state: ((1, 0), (), ())
Converged after 7 iterations.
Converged after 7 iterations.
Converged after 7 iterations.
Converged after 7 iterations.
Converged after 7 iterations.
Converged after 7 iterations.
Converged after 7 iterations.
Converged after 8 iterations.
Converged after 9 iterations.
Converged after 7 iterations.
Converged after 8 iterations.
Converged after 7 iterations.
Converged after 7 iterations.
Converged after 7 iterations.
Converged after 7 iterations.
Converged after 8 iterations.
Converged after 9 iterations.
Converged after 10 iterations.
Converged after 7 iterations.
Converged after 7 iterations.
Converged after 8 iterations.
Converged after 9 iterations.
Converged after 6 iterations.
Identified bottleneck state: ((1, 0), (), ())
Converged after 9 iterations.
Converged after 9 iterations.
Converged after 5 iterations.
Identified bottleneck state: ((2, 0), (), ())
Converged after 9 iterations.
Converged after 9 iterations.
Converged after 4 iterations.
Identified bottleneck state: ((3, 0), (), ())
Converged after 3 iterations.
Identified bottleneck state: ((3, 1), (), ())
Converged after 3 iterations.
Identified bottleneck state: ((3, 2), (), ())
Converged after 7 iterations.
Converged after 7 iterations.
Converged after 7 iterations.
Converged after 8 iterations.
Converged after 7 iterations.
Converged after 7 iterations.
Converged after 7 iterations.
Converged after 7 iterations.
Converged after 8 iterations.
Converged after 7 iterations.
Converged after 2 iterations.
Identified bottleneck state: ((3, 2), (), ())
Converged after 7 iterations.
Converged after 6 iterations.
Identified bottleneck state: ((1, 0), (), ())
Converged after 7 iterations.
Converged after 7 iterations.
Converged after 7 iterations.
Converged after 7 iterations.
Converged after 7 iterations.
Converged after 7 iterations.
Converged after 7 iterations.
Converged after 8 iterations.
Converged after 9 iterations.
Number of states 243
Time to build the sparse matrix: 0.1154329776763916
Time to run value iteration: 0.022242069244384766
Number of states 243
Time to build the sparse matrix: 0.11525297164916992
Time to run value iteration: 0.022375822067260742
Identified bottleneck state: ((0, 1), (), ())
Identified bottleneck state: ((2, 2), (), ())
Identified bottleneck state: ((3, 2), (), ())
Identified bottleneck state: ((3, 3), (), ())
Identified bottleneck state: ((2, 3), (), ())
Identified bottleneck state: ((3, 3), (), ())
Identified bottleneck state: ((1, 0), (), ())
Identified bottleneck state: ((3, 3), (), ())
Identified bottleneck state: ((1, 0), (), ())
Identified bottleneck state: ((2, 0), (), ())
Identified bottleneck state: ((3, 3), (), ())
Identified bottleneck state: ((0, 1), (), ())
Identified bottleneck state: ((3, 3), (), ())
Converged after 6 iterations.
Identified bottleneck state: ((0, 1), (), ())
Converged after 7 iterations.
Converged after 7 iterations.
Converged after 7 iterations.
Converged after 9 iterations.
Converged after 7 iterations.
Converged after 7 iterations.
Converged after 7 iterations.
Converged after 3 iterations.
Identified bottleneck state: ((2, 2), (), ())
Converged after 7 iterations.
Converged after 2 iterations.
Identified bottleneck state: ((3, 2), (), ())
Converged after 7 iterations.
Converged after 7 iterations.
Converged after 7 iterations.
Converged after 8 iterations.
Converged after 7 iterations.
Converged after 7 iterations.
Converged after 7 iterations.
Converged after 7 iterations.
Converged after 7 iterations.
Converged after 2 iterations.
Identified bottleneck state: ((2, 3), (), ())
Converged after 7 iterations.
Converged after 6 iterations.
Identified bottleneck state: ((1, 0), (), ())
Converged after 7 iterations.
Converged after 7 iterations.
Converged after 7 iterations.
Converged after 7 iterations.
Converged after 7 iterations.
Converged after 7 iterations.
Converged after 7 iterations.
Converged after 7 iterations.
Converged after 7 iterations.
Converged after 8 iterations.
Converged after 6 iterations.
Identified bottleneck state: ((1, 0), (), ())
Converged after 8 iterations.
Converged after 5 iterations.
Identified bottleneck state: ((2, 0), (), ())
Converged after 8 iterations.
Converged after 8 iterations.
Converged after 8 iterations.
Converged after 8 iterations.
Converged after 8 iterations.
Converged after 8 iterations.
Converged after 6 iterations.
Identified bottleneck state: ((0, 1), (), ())
Converged after 7 iterations.
Converged after 7 iterations.
Converged after 7 iterations.
Converged after 7 iterations.
Converged after 7 iterations.
Converged after 7 iterations.
Converged after 7 iterations.
Converged after 7 iterations.
Converged after 7 iterations.
Converged after 7 iterations.
Converged after 6 iterations.
Identified bottleneck state: ((0, 1), (), ())
Converged after 7 iterations.
Converged after 7 iterations.
Converged after 7 iterations.
Converged after 9 iterations.
Converged after 7 iterations.
Converged after 7 iterations.
Converged after 7 iterations.
Converged after 3 iterations.
Identified bottleneck state: ((2, 2), (), ())
Converged after 7 iterations.
Converged after 2 iterations.
Identified bottleneck state: ((3, 2), (), ())
Converged after 7 iterations.
Converged after 7 iterations.
Converged after 7 iterations.
Converged after 8 iterations.
Converged after 7 iterations.
Converged after 7 iterations.
Converged after 7 iterations.
Converged after 7 iterations.
Converged after 7 iterations.
Converged after 2 iterations.
Identified bottleneck state: ((2, 3), (), ())
Converged after 7 iterations.
Converged after 6 iterations.
Identified bottleneck state: ((1, 0), (), ())
Converged after 7 iterations.
Converged after 7 iterations.
Converged after 7 iterations.
Converged after 7 iterations.
Converged after 7 iterations.
Converged after 7 iterations.
Converged after 7 iterations.
Converged after 7 iterations.
Converged after 7 iterations.
Converged after 8 iterations.
Converged after 6 iterations.
Identified bottleneck state: ((1, 0), (), ())
Converged after 8 iterations.
Converged after 5 iterations.
Identified bottleneck state: ((2, 0), (), ())
Converged after 8 iterations.
Converged after 8 iterations.
Converged after 8 iterations.
Converged after 8 iterations.
Converged after 8 iterations.
Converged after 8 iterations.
Converged after 6 iterations.
Identified bottleneck state: ((0, 1), (), ())
Converged after 7 iterations.
Converged after 7 iterations.
Converged after 7 iterations.
Converged after 7 iterations.
Converged after 7 iterations.
Converged after 7 iterations.
Converged after 7 iterations.
Converged after 7 iterations.
Converged after 7 iterations.
Converged after 7 iterations.
Number of states 729
Time to build the sparse matrix: 1.2049450874328613
Time to run value iteration: 0.03708004951477051
Number of states 729
Time to build the sparse matrix: 1.1998062133789062
Time to run value iteration: 0.037026166915893555
Identified bottleneck state: ((1, 1), (), ())
Identified bottleneck state: ((3, 3), (), ())
Identified bottleneck state: ((1, 1), (), ())
Identified bottleneck state: ((3, 3), (), ())
Identified bottleneck state: ((3, 3), (), ())
Identified bottleneck state: ((3, 3), (), ())
Identified bottleneck state: ((3, 3), (), ())
Converged after 7 iterations.
Converged after 7 iterations.
Converged after 7 iterations.
Converged after 5 iterations.
Identified bottleneck state: ((1, 1), (), ())
Converged after 7 iterations.
Converged after 7 iterations.
Converged after 7 iterations.
Converged after 8 iterations.
Converged after 7 iterations.
Converged after 7 iterations.
Converged after 8 iterations.
Converged after 7 iterations.
Converged after 7 iterations.
Converged after 7 iterations.
Converged after 5 iterations.
Identified bottleneck state: ((1, 1), (), ())
Converged after 7 iterations.
Converged after 7 iterations.
Converged after 7 iterations.
Converged after 8 iterations.
Converged after 7 iterations.
Converged after 7 iterations.
Converged after 8 iterations.
Converged after 7 iterations.
Converged after 8 iterations.
Converged after 9 iterations.
Converged after 7 iterations.
Converged after 7 iterations.
Converged after 10 iterations.
Converged after 8 iterations.
Converged after 11 iterations.
Converged after 9 iterations.
Converged after 10 iterations.
Converged after 11 iterations.
Converged after 7 iterations.
Converged after 7 iterations.
Converged after 7 iterations.
Converged after 8 iterations.
Converged after 8 iterations.
Converged after 8 iterations.
Converged after 7 iterations.
Converged after 10 iterations.
Converged after 7 iterations.
Converged after 8 iterations.
Converged after 9 iterations.
Converged after 7 iterations.
Converged after 8 iterations.
Converged after 9 iterations.
Converged after 7 iterations.
Converged after 7 iterations.
Converged after 10 iterations.
Converged after 8 iterations.
Converged after 11 iterations.
Converged after 9 iterations.
Converged after 10 iterations.
Converged after 11 iterations.
Converged after 7 iterations.
Converged after 7 iterations.
Converged after 7 iterations.
Converged after 5 iterations.
Identified bottleneck state: ((1, 1), (), ())
Converged after 7 iterations.
Converged after 7 iterations.
Converged after 7 iterations.
Converged after 8 iterations.
Converged after 7 iterations.
Converged after 7 iterations.
Converged after 8 iterations.
Converged after 7 iterations.
Converged after 7 iterations.
Converged after 7 iterations.
Converged after 5 iterations.
Identified bottleneck state: ((1, 1), (), ())
Converged after 7 iterations.
Converged after 7 iterations.
Converged after 7 iterations.
Converged after 8 iterations.
Converged after 7 iterations.
Converged after 7 iterations.
Converged after 8 iterations.
Converged after 7 iterations.
Converged after 8 iterations.
Converged after 9 iterations.
Converged after 7 iterations.
Converged after 7 iterations.
Converged after 10 iterations.
Converged after 8 iterations.
Converged after 11 iterations.
Converged after 9 iterations.
Converged after 10 iterations.
Converged after 11 iterations.
Converged after 7 iterations.
Converged after 7 iterations.
Converged after 7 iterations.
Converged after 8 iterations.
Converged after 8 iterations.
Converged after 8 iterations.
Converged after 7 iterations.
Converged after 10 iterations.
Converged after 7 iterations.
Converged after 8 iterations.
Converged after 9 iterations.
Converged after 7 iterations.
Converged after 8 iterations.
Converged after 9 iterations.
Converged after 7 iterations.
Converged after 7 iterations.
Converged after 10 iterations.
Converged after 8 iterations.
Converged after 11 iterations.
Converged after 9 iterations.
Converged after 10 iterations.
Converged after 11 iterations.
Number of states 3
Time to build the sparse matrix: 0.00010395050048828125
Time to run value iteration: 0.006044149398803711
Number of states 3
Time to build the sparse matrix: 0.00010204315185546875
Time to run value iteration: 0.006025075912475586
Identified bottleneck state: ((1, 1), (), ())
Identified bottleneck state: ((3, 3), (), ())
Identified bottleneck state: ((1, 1), (), ())
Identified bottleneck state: ((3, 3), (), ())
Identified bottleneck state: ((1, 1), (), ())
Identified bottleneck state: ((3, 3), (), ())
Identified bottleneck state: ((3, 3), (), ())
Identified bottleneck state: ((3, 3), (), ())
Converged after 7 iterations.
Converged after 7 iterations.
Converged after 7 iterations.
Converged after 5 iterations.
Identified bottleneck state: ((1, 1), (), ())
Converged after 7 iterations.
Converged after 7 iterations.
Converged after 7 iterations.
Converged after 8 iterations.
Converged after 7 iterations.
Converged after 7 iterations.
Converged after 8 iterations.
Converged after 7 iterations.
Converged after 7 iterations.
Converged after 7 iterations.
Converged after 5 iterations.
Identified bottleneck state: ((1, 1), (), ())
Converged after 7 iterations.
Converged after 7 iterations.
Converged after 7 iterations.
Converged after 8 iterations.
Converged after 7 iterations.
Converged after 7 iterations.
Converged after 8 iterations.
Converged after 7 iterations.
Converged after 7 iterations.
Converged after 7 iterations.
Converged after 5 iterations.
Identified bottleneck state: ((1, 1), (), ())
Converged after 7 iterations.
Converged after 7 iterations.
Converged after 7 iterations.
Converged after 8 iterations.
Converged after 7 iterations.
Converged after 7 iterations.
Converged after 8 iterations.
Converged after 7 iterations.
Converged after 8 iterations.
Converged after 9 iterations.
Converged after 7 iterations.
Converged after 7 iterations.
Converged after 10 iterations.
Converged after 8 iterations.
Converged after 11 iterations.
Converged after 9 iterations.
Converged after 10 iterations.
Converged after 11 iterations.
Converged after 7 iterations.
Converged after 7 iterations.
Converged after 7 iterations.
Converged after 8 iterations.
Converged after 8 iterations.
Converged after 8 iterations.
Converged after 7 iterations.
Converged after 10 iterations.
Converged after 7 iterations.
Converged after 8 iterations.
Converged after 9 iterations.
Converged after 7 iterations.
Converged after 7 iterations.
Converged after 7 iterations.
Converged after 5 iterations.
Identified bottleneck state: ((1, 1), (), ())
Converged after 7 iterations.
Converged after 7 iterations.
Converged after 7 iterations.
Converged after 8 iterations.
Converged after 7 iterations.
Converged after 7 iterations.
Converged after 8 iterations.
Converged after 7 iterations.
Converged after 7 iterations.
Converged after 7 iterations.
Converged after 5 iterations.
Identified bottleneck state: ((1, 1), (), ())
Converged after 7 iterations.
Converged after 7 iterations.
Converged after 7 iterations.
Converged after 8 iterations.
Converged after 7 iterations.
Converged after 7 iterations.
Converged after 8 iterations.
Converged after 7 iterations.
Converged after 7 iterations.
Converged after 7 iterations.
Converged after 5 iterations.
Identified bottleneck state: ((1, 1), (), ())
Converged after 7 iterations.
Converged after 7 iterations.
Converged after 7 iterations.
Converged after 8 iterations.
Converged after 7 iterations.
Converged after 7 iterations.
Converged after 8 iterations.
Converged after 7 iterations.
Converged after 8 iterations.
Converged after 9 iterations.
Converged after 7 iterations.
Converged after 7 iterations.
Converged after 10 iterations.
Converged after 8 iterations.
Converged after 11 iterations.
Converged after 9 iterations.
Converged after 10 iterations.
Converged after 11 iterations.
Converged after 7 iterations.
Converged after 7 iterations.
Converged after 7 iterations.
Converged after 8 iterations.
Converged after 8 iterations.
Converged after 8 iterations.
Converged after 7 iterations.
Converged after 10 iterations.
Converged after 7 iterations.
Converged after 8 iterations.
Converged after 9 iterations.
Number of states 3
Time to build the sparse matrix: 9.799003601074219e-05
Time to run value iteration: 0.00591588020324707
Number of states 3
Time to build the sparse matrix: 9.775161743164062e-05
Time to run value iteration: 0.005791902542114258
Identified bottleneck state: ((3, 3), (), ())
Identified bottleneck state: ((3, 3), (), ())
Identified bottleneck state: ((3, 3), (), ())
Identified bottleneck state: ((3, 3), (), ())
Identified bottleneck state: ((3, 3), (), ())
Converged after 7 iterations.
Converged after 7 iterations.
Converged after 7 iterations.
Converged after 8 iterations.
Converged after 8 iterations.
Converged after 8 iterations.
Converged after 7 iterations.
Converged after 10 iterations.
Converged after 7 iterations.
Converged after 8 iterations.
Converged after 9 iterations.
Converged after 7 iterations.
Converged after 7 iterations.
Converged after 7 iterations.
Converged after 7 iterations.
Converged after 8 iterations.
Converged after 8 iterations.
Converged after 8 iterations.
Converged after 9 iterations.
Converged after 7 iterations.
Converged after 8 iterations.
Converged after 10 iterations.
Converged after 7 iterations.
Converged after 8 iterations.
Converged after 9 iterations.
Converged after 7 iterations.
Converged after 7 iterations.
Converged after 10 iterations.
Converged after 8 iterations.
Converged after 11 iterations.
Converged after 9 iterations.
Converged after 10 iterations.
Converged after 11 iterations.
Converged after 7 iterations.
Converged after 7 iterations.
Converged after 7 iterations.
Converged after 8 iterations.
Converged after 8 iterations.
Converged after 8 iterations.
Converged after 7 iterations.
Converged after 10 iterations.
Converged after 7 iterations.
Converged after 8 iterations.
Converged after 9 iterations.
Converged after 7 iterations.
Converged after 7 iterations.
Converged after 7 iterations.
Converged after 8 iterations.
Converged after 8 iterations.
Converged after 8 iterations.
Converged after 7 iterations.
Converged after 10 iterations.
Converged after 7 iterations.
Converged after 8 iterations.
Converged after 9 iterations.
Converged after 7 iterations.
Converged after 7 iterations.
Converged after 7 iterations.
Converged after 8 iterations.
Converged after 8 iterations.
Converged after 8 iterations.
Converged after 7 iterations.
Converged after 10 iterations.
Converged after 7 iterations.
Converged after 8 iterations.
Converged after 9 iterations.
Converged after 7 iterations.
Converged after 7 iterations.
Converged after 7 iterations.
Converged after 7 iterations.
Converged after 8 iterations.
Converged after 8 iterations.
Converged after 8 iterations.
Converged after 9 iterations.
Converged after 7 iterations.
Converged after 8 iterations.
Converged after 10 iterations.
Converged after 7 iterations.
Converged after 8 iterations.
Converged after 9 iterations.
Converged after 7 iterations.
Converged after 7 iterations.
Converged after 10 iterations.
Converged after 8 iterations.
Converged after 11 iterations.
Converged after 9 iterations.
Converged after 10 iterations.
Converged after 11 iterations.
Converged after 7 iterations.
Converged after 7 iterations.
Converged after 7 iterations.
Converged after 8 iterations.
Converged after 8 iterations.
Converged after 8 iterations.
Converged after 7 iterations.
Converged after 10 iterations.
Converged after 7 iterations.
Converged after 8 iterations.
Converged after 9 iterations.
Converged after 7 iterations.
Converged after 7 iterations.
Converged after 7 iterations.
Converged after 7 iterations.
Converged after 7 iterations.
Converged after 7 iterations.
Converged after 7 iterations.
Converged after 8 iterations.
Converged after 7 iterations.
Converged after 7 iterations.
Converged after 9 iterations.
Converged after 7 iterations.
Converged after 10 iterations.
Converged after 10 iterations.
Converged after 7 iterations.
Converged after 7 iterations.
Converged after 7 iterations.
Converged after 7 iterations.
Converged after 7 iterations.
Converged after 9 iterations.
Converged after 7 iterations.
Converged after 7 iterations.
Converged after 7 iterations.
Converged after 8 iterations.
Converged after 7 iterations.
Converged after 2 iterations.
Identified bottleneck state: ((3, 2), (), ())
Converged after 7 iterations.
Converged after 8 iterations.
Converged after 7 iterations.
Converged after 7 iterations.
Converged after 7 iterations.
Converged after 7 iterations.
Converged after 8 iterations.
Converged after 9 iterations.
Converged after 7 iterations.
Converged after 7 iterations.
Converged after 7 iterations.
Converged after 7 iterations.
Converged after 7 iterations.
Converged after 7 iterations.
Converged after 7 iterations.
Converged after 7 iterations.
Converged after 7 iterations.
Converged after 8 iterations.
Converged after 7 iterations.
Converged after 9 iterations.
Converged after 7 iterations.
Converged after 9 iterations.
Converged after 7 iterations.
Converged after 7 iterations.
Converged after 7 iterations.
Converged after 7 iterations.
Converged after 7 iterations.
Converged after 8 iterations.
Converged after 7 iterations.
Converged after 7 iterations.
Converged after 7 iterations.
Converged after 7 iterations.
Converged after 7 iterations.
Converged after 7 iterations.
Converged after 7 iterations.
Converged after 7 iterations.
Number of states 3
Time to build the sparse matrix: 0.00011491775512695312
Time to run value iteration: 0.0058481693267822266
Number of states 3
Time to build the sparse matrix: 5.1975250244140625e-05
Time to run value iteration: 0.0059661865234375
Identified bottleneck state: ((2, 2), (), ())
Identified bottleneck state: ((3, 2), (), ())
Identified bottleneck state: ((3, 3), (), ())
Identified bottleneck state: ((1, 0), (), ())
Identified bottleneck state: ((1, 1), (), ())
Identified bottleneck state: ((3, 2), (), ())
Identified bottleneck state: ((3, 3), (), ())
Identified bottleneck state: ((1, 0), (), ())
Identified bottleneck state: ((2, 0), (), ())
Identified bottleneck state: ((2, 1), (), ())
Identified bottleneck state: ((2, 2), (), ())
Identified bottleneck state: ((3, 3), (), ())
Identified bottleneck state: ((0, 1), (), ())
Identified bottleneck state: ((0, 2), (), ())
Identified bottleneck state: ((3, 3), (), ())
Identified bottleneck state: ((0, 1), (), ())
Identified bottleneck state: ((1, 1), (), ())
Identified bottleneck state: ((1, 2), (), ())
Identified bottleneck state: ((3, 3), (), ())
Converged after 7 iterations.
Converged after 7 iterations.
Converged after 7 iterations.
Converged after 7 iterations.
Converged after 7 iterations.
Converged after 7 iterations.
Converged after 7 iterations.
Converged after 8 iterations.
Converged after 3 iterations.
Identified bottleneck state: ((2, 2), (), ())
Converged after 7 iterations.
Converged after 2 iterations.
Identified bottleneck state: ((3, 2), (), ())
Converged after 7 iterations.
Converged after 7 iterations.
Converged after 6 iterations.
Identified bottleneck state: ((1, 0), (), ())
Converged after 6 iterations.
Identified bottleneck state: ((1, 1), (), ())
Converged after 7 iterations.
Converged after 7 iterations.
Converged after 7 iterations.
Converged after 8 iterations.
Converged after 7 iterations.
Converged after 7 iterations.
Converged after 2 iterations.
Identified bottleneck state: ((3, 2), (), ())
Converged after 7 iterations.
Converged after 7 iterations.
Converged after 6 iterations.
Identified bottleneck state: ((1, 0), (), ())
Converged after 7 iterations.
Converged after 7 iterations.
Converged after 5 iterations.
Identified bottleneck state: ((2, 0), (), ())
Converged after 5 iterations.
Identified bottleneck state: ((2, 1), (), ())
Converged after 5 iterations.
Identified bottleneck state: ((2, 2), (), ())
Converged after 7 iterations.
Converged after 7 iterations.
Converged after 7 iterations.
Converged after 6 iterations.
Identified bottleneck state: ((0, 1), (), ())
Converged after 5 iterations.
Identified bottleneck state: ((0, 2), (), ())
Converged after 7 iterations.
Converged after 7 iterations.
Converged after 7 iterations.
Converged after 7 iterations.
Converged after 7 iterations.
Converged after 7 iterations.
Converged after 7 iterations.
Converged after 7 iterations.
Converged after 7 iterations.
Converged after 6 iterations.
Identified bottleneck state: ((0, 1), (), ())
Converged after 7 iterations.
Converged after 5 iterations.
Identified bottleneck state: ((1, 1), (), ())
Converged after 5 iterations.
Identified bottleneck state: ((1, 2), (), ())
Converged after 7 iterations.
Converged after 7 iterations.
Converged after 7 iterations.
Converged after 7 iterations.
Converged after 7 iterations.
Converged after 7 iterations.
Converged after 7 iterations.
Converged after 7 iterations.
Converged after 7 iterations.
Converged after 7 iterations.
Converged after 7 iterations.
Converged after 7 iterations.
Converged after 7 iterations.
Converged after 7 iterations.
Converged after 8 iterations.
Converged after 3 iterations.
Identified bottleneck state: ((2, 2), (), ())
Converged after 7 iterations.
Converged after 2 iterations.
Identified bottleneck state: ((3, 2), (), ())
Converged after 7 iterations.
Converged after 7 iterations.
Converged after 6 iterations.
Identified bottleneck state: ((1, 0), (), ())
Converged after 6 iterations.
Identified bottleneck state: ((1, 1), (), ())
Converged after 7 iterations.
Converged after 7 iterations.
Converged after 7 iterations.
Converged after 8 iterations.
Converged after 7 iterations.
Converged after 7 iterations.
Converged after 2 iterations.
Identified bottleneck state: ((3, 2), (), ())
Converged after 7 iterations.
Converged after 7 iterations.
Converged after 6 iterations.
Identified bottleneck state: ((1, 0), (), ())
Converged after 7 iterations.
Converged after 7 iterations.
Converged after 5 iterations.
Identified bottleneck state: ((2, 0), (), ())
Converged after 5 iterations.
Identified bottleneck state: ((2, 1), (), ())
Converged after 5 iterations.
Identified bottleneck state: ((2, 2), (), ())
Converged after 7 iterations.
Converged after 7 iterations.
Converged after 7 iterations.
Converged after 6 iterations.
Identified bottleneck state: ((0, 1), (), ())
Converged after 5 iterations.
Identified bottleneck state: ((0, 2), (), ())
Converged after 7 iterations.
Converged after 7 iterations.
Converged after 7 iterations.
Converged after 7 iterations.
Converged after 7 iterations.
Converged after 7 iterations.
Converged after 7 iterations.
Converged after 7 iterations.
Converged after 7 iterations.
Converged after 6 iterations.
Identified bottleneck state: ((0, 1), (), ())
Converged after 7 iterations.
Converged after 5 iterations.
Identified bottleneck state: ((1, 1), (), ())
Converged after 5 iterations.
Identified bottleneck state: ((1, 2), (), ())
Converged after 7 iterations.
Converged after 7 iterations.
Converged after 7 iterations.
Converged after 7 iterations.
Converged after 7 iterations.
Converged after 7 iterations.
Converged after 7 iterations.
Number of states 19683
Time to build the sparse matrix: 1291.020831823349
Time to run value iteration: 0.7078359127044678
Number of states 19683
Time to build the sparse matrix: 1684.3854098320007
Time to run value iteration: 0.7163782119750977
Identified bottleneck state: ((0, 1), (), ())
Identified bottleneck state: ((3, 3), (), ())
Identified bottleneck state: ((0, 1), (), ())
Identified bottleneck state: ((3, 3), (), ())
Identified bottleneck state: ((3, 3), (), ())
Identified bottleneck state: ((3, 3), (), ())
Identified bottleneck state: ((0, 1), (), ())
Identified bottleneck state: ((3, 3), (), ())
Converged after 6 iterations.
Identified bottleneck state: ((0, 1), (), ())
Converged after 7 iterations.
Converged after 7 iterations.
Converged after 7 iterations.
Converged after 7 iterations.
Converged after 7 iterations.
Converged after 7 iterations.
Converged after 7 iterations.
Converged after 7 iterations.
Converged after 7 iterations.
Converged after 7 iterations.
Converged after 6 iterations.
Identified bottleneck state: ((0, 1), (), ())
Converged after 7 iterations.
Converged after 7 iterations.
Converged after 7 iterations.
Converged after 7 iterations.
Converged after 7 iterations.
Converged after 7 iterations.
Converged after 7 iterations.
Converged after 7 iterations.
Converged after 7 iterations.
Converged after 7 iterations.
Converged after 7 iterations.
Converged after 7 iterations.
Converged after 8 iterations.
Converged after 8 iterations.
Converged after 7 iterations.
Converged after 7 iterations.
Converged after 7 iterations.
Converged after 7 iterations.
Converged after 7 iterations.
Converged after 8 iterations.
Converged after 9 iterations.
Converged after 7 iterations.
Converged after 8 iterations.
Converged after 7 iterations.
Converged after 7 iterations.
Converged after 7 iterations.
Converged after 10 iterations.
Converged after 8 iterations.
Converged after 11 iterations.
Converged after 9 iterations.
Converged after 10 iterations.
Converged after 11 iterations.
Converged after 6 iterations.
Identified bottleneck state: ((0, 1), (), ())
Converged after 7 iterations.
Converged after 7 iterations.
Converged after 7 iterations.
Converged after 8 iterations.
Converged after 7 iterations.
Converged after 7 iterations.
Converged after 9 iterations.
Converged after 7 iterations.
Converged after 10 iterations.
Converged after 10 iterations.
Converged after 6 iterations.
Identified bottleneck state: ((0, 1), (), ())
Converged after 7 iterations.
Converged after 7 iterations.
Converged after 7 iterations.
Converged after 7 iterations.
Converged after 7 iterations.
Converged after 7 iterations.
Converged after 7 iterations.
Converged after 7 iterations.
Converged after 7 iterations.
Converged after 7 iterations.
Converged after 6 iterations.
Identified bottleneck state: ((0, 1), (), ())
Converged after 7 iterations.
Converged after 7 iterations.
Converged after 7 iterations.
Converged after 7 iterations.
Converged after 7 iterations.
Converged after 7 iterations.
Converged after 7 iterations.
Converged after 7 iterations.
Converged after 7 iterations.
Converged after 7 iterations.
Converged after 7 iterations.
Converged after 7 iterations.
Converged after 8 iterations.
Converged after 8 iterations.
Converged after 7 iterations.
Converged after 7 iterations.
Converged after 7 iterations.
Converged after 7 iterations.
Converged after 7 iterations.
Converged after 8 iterations.
Converged after 9 iterations.
Converged after 7 iterations.
Converged after 8 iterations.
Converged after 7 iterations.
Converged after 7 iterations.
Converged after 7 iterations.
Converged after 10 iterations.
Converged after 8 iterations.
Converged after 11 iterations.
Converged after 9 iterations.
Converged after 10 iterations.
Converged after 11 iterations.
Converged after 6 iterations.
Identified bottleneck state: ((0, 1), (), ())
Converged after 7 iterations.
Converged after 7 iterations.
Converged after 7 iterations.
Converged after 8 iterations.
Converged after 7 iterations.
Converged after 7 iterations.
Converged after 9 iterations.
Converged after 7 iterations.
Converged after 10 iterations.
Converged after 10 iterations.
Number of states 3
Time to build the sparse matrix: 0.00011396408081054688
Time to run value iteration: 0.005905866622924805
Number of states 3
Time to build the sparse matrix: 5.3882598876953125e-05
Time to run value iteration: 0.005719900131225586
Identified bottleneck state: ((1, 1), (), ())
Identified bottleneck state: ((2, 1), (), ())
Identified bottleneck state: ((3, 3), (), ())
Identified bottleneck state: ((0, 1), (), ())
Identified bottleneck state: ((3, 2), (), ())
Identified bottleneck state: ((3, 3), (), ())
Identified bottleneck state: ((3, 3), (), ())
Identified bottleneck state: ((2, 2), (), ())
Identified bottleneck state: ((3, 3), (), ())
Identified bottleneck state: ((3, 3), (), ())
Converged after 7 iterations.
Converged after 7 iterations.
Converged after 8 iterations.
Converged after 8 iterations.
Converged after 5 iterations.
Identified bottleneck state: ((1, 1), (), ())
Converged after 4 iterations.
Identified bottleneck state: ((2, 1), (), ())
Converged after 8 iterations.
Converged after 8 iterations.
Converged after 8 iterations.
Converged after 8 iterations.
Converged after 8 iterations.
Converged after 6 iterations.
Identified bottleneck state: ((0, 1), (), ())
Converged after 7 iterations.
Converged after 7 iterations.
Converged after 7 iterations.
Converged after 8 iterations.
Converged after 7 iterations.
Converged after 7 iterations.
Converged after 8 iterations.
Converged after 7 iterations.
Converged after 7 iterations.
Converged after 2 iterations.
Identified bottleneck state: ((3, 2), (), ())
Converged after 7 iterations.
Converged after 7 iterations.
Converged after 7 iterations.
Converged after 7 iterations.
Converged after 8 iterations.
Converged after 8 iterations.
Converged after 7 iterations.
Converged after 7 iterations.
Converged after 7 iterations.
Converged after 7 iterations.
Converged after 7 iterations.
Converged after 7 iterations.
Converged after 7 iterations.
Converged after 7 iterations.
Converged after 7 iterations.
Converged after 7 iterations.
Converged after 7 iterations.
Converged after 8 iterations.
Converged after 3 iterations.
Identified bottleneck state: ((2, 2), (), ())
Converged after 7 iterations.
Converged after 7 iterations.
Converged after 7 iterations.
Converged after 7 iterations.
Converged after 7 iterations.
Converged after 8 iterations.
Converged after 8 iterations.
Converged after 7 iterations.
Converged after 7 iterations.
Converged after 7 iterations.
Converged after 7 iterations.
Converged after 7 iterations.
Converged after 8 iterations.
Converged after 9 iterations.
Converged after 7 iterations.
Converged after 7 iterations.
Converged after 8 iterations.
Converged after 8 iterations.
Converged after 5 iterations.
Identified bottleneck state: ((1, 1), (), ())
Converged after 4 iterations.
Identified bottleneck state: ((2, 1), (), ())
Converged after 8 iterations.
Converged after 8 iterations.
Converged after 8 iterations.
Converged after 8 iterations.
Converged after 8 iterations.
Converged after 6 iterations.
Identified bottleneck state: ((0, 1), (), ())
Converged after 7 iterations.
Converged after 7 iterations.
Converged after 7 iterations.
Converged after 8 iterations.
Converged after 7 iterations.
Converged after 7 iterations.
Converged after 8 iterations.
Converged after 7 iterations.
Converged after 7 iterations.
Converged after 2 iterations.
Identified bottleneck state: ((3, 2), (), ())
Converged after 7 iterations.
Converged after 7 iterations.
Converged after 7 iterations.
Converged after 7 iterations.
Converged after 8 iterations.
Converged after 8 iterations.
Converged after 7 iterations.
Converged after 7 iterations.
Converged after 7 iterations.
Converged after 7 iterations.
Converged after 7 iterations.
Converged after 7 iterations.
Converged after 7 iterations.
Converged after 7 iterations.
Converged after 7 iterations.
Converged after 7 iterations.
Converged after 7 iterations.
Converged after 8 iterations.
Converged after 3 iterations.
Identified bottleneck state: ((2, 2), (), ())
Converged after 7 iterations.
Converged after 7 iterations.
Converged after 7 iterations.
Converged after 7 iterations.
Converged after 7 iterations.
Converged after 8 iterations.
Converged after 8 iterations.
Converged after 7 iterations.
Converged after 7 iterations.
Converged after 7 iterations.
Converged after 7 iterations.
Converged after 7 iterations.
Converged after 8 iterations.
Converged after 9 iterations.
Number of states 243
Time to build the sparse matrix: 0.11431503295898438
Converged after 7 iterations.
Converged after 7 iterations.
Converged after 7 iterations.
Converged after 8 iterations.
Converged after 8 iterations.
Converged after 8 iterations.
Converged after 7 iterations.
Converged after 10 iterations.
Converged after 7 iterations.
Converged after 8 iterations.
Converged after 9 iterations.
Converged after 7 iterations.
Converged after 8 iterations.
Converged after 7 iterations.
Converged after 7 iterations.
Converged after 7 iterations.
Converged after 7 iterations.
Converged after 7 iterations.
Converged after 6 iterations.
Identified bottleneck state: ((0, 1), (), ())
Converged after 5 iterations.
Identified bottleneck state: ((0, 2), (), ())
Converged after 4 iterations.
Identified bottleneck state: ((0, 3), (), ())
Converged after 10 iterations.
Converged after 10 iterations.
Converged after 3 iterations.
Identified bottleneck state: ((1, 3), (), ())
Converged after 9 iterations.
Converged after 10 iterations.
Converged after 2 iterations.
Identified bottleneck state: ((2, 3), (), ())
Converged after 10 iterations.
Converged after 10 iterations.
Number of states 2187
Time to build the sparse matrix: 12.694049835205078
Time to run value iteration: 0.0810401439666748
Number of states 2187
Time to build the sparse matrix: 12.569124937057495
Time to run value iteration: 0.07867693901062012
Identified bottleneck state: ((2, 2), (), ())
Identified bottleneck state: ((2, 3), (), ())
Identified bottleneck state: ((3, 3), (), ())
Identified bottleneck state: ((1, 0), (), ())
Identified bottleneck state: ((2, 0), (), ())
Identified bottleneck state: ((3, 1), (), ())
Identified bottleneck state: ((3, 2), (), ())
Identified bottleneck state: ((3, 3), (), ())
Identified bottleneck state: ((0, 1), (), ())
Identified bottleneck state: ((1, 1), (), ())
Identified bottleneck state: ((3, 3), (), ())
Identified bottleneck state: ((2, 2), (), ())
Identified bottleneck state: ((2, 3), (), ())
Identified bottleneck state: ((3, 3), (), ())
Identified bottleneck state: ((1, 2), (), ())
Identified bottleneck state: ((2, 2), (), ())
Identified bottleneck state: ((3, 3), (), ())
Converged after 7 iterations.
Converged after 7 iterations.
Converged after 7 iterations.
Converged after 7 iterations.
Converged after 7 iterations.
Converged after 8 iterations.
Converged after 7 iterations.
Converged after 8 iterations.
Converged after 3 iterations.
Identified bottleneck state: ((2, 2), (), ())
Converged after 2 iterations.
Identified bottleneck state: ((2, 3), (), ())
Converged after 7 iterations.
Converged after 7 iterations.
Converged after 7 iterations.
Converged after 6 iterations.
Identified bottleneck state: ((1, 0), (), ())
Converged after 7 iterations.
Converged after 7 iterations.
Converged after 5 iterations.
Identified bottleneck state: ((2, 0), (), ())
Converged after 7 iterations.
Converged after 7 iterations.
Converged after 7 iterations.
Converged after 5 iterations.
Identified bottleneck state: ((3, 1), (), ())
Converged after 5 iterations.
Identified bottleneck state: ((3, 2), (), ())
Converged after 6 iterations.
Identified bottleneck state: ((0, 1), (), ())
Converged after 7 iterations.
Converged after 5 iterations.
Identified bottleneck state: ((1, 1), (), ())
Converged after 7 iterations.
Converged after 7 iterations.
Converged after 7 iterations.
Converged after 7 iterations.
Converged after 7 iterations.
Converged after 7 iterations.
Converged after 7 iterations.
Converged after 7 iterations.
Converged after 7 iterations.
Converged after 7 iterations.
Converged after 7 iterations.
Converged after 7 iterations.
Converged after 7 iterations.
Converged after 8 iterations.
Converged after 7 iterations.
Converged after 7 iterations.
Converged after 3 iterations.
Identified bottleneck state: ((2, 2), (), ())
Converged after 2 iterations.
Identified bottleneck state: ((2, 3), (), ())
Converged after 7 iterations.
Converged after 7 iterations.
Converged after 7 iterations.
Converged after 7 iterations.
Converged after 7 iterations.
Converged after 8 iterations.
Converged after 4 iterations.
Identified bottleneck state: ((1, 2), (), ())
Converged after 4 iterations.
Identified bottleneck state: ((2, 2), (), ())
Converged after 7 iterations.
Converged after 7 iterations.
Converged after 7 iterations.
Converged after 7 iterations.
Converged after 7 iterations.
Converged after 7 iterations.
Converged after 7 iterations.
Converged after 7 iterations.
Converged after 7 iterations.
Converged after 8 iterations.
Converged after 7 iterations.
Converged after 8 iterations.
Converged after 3 iterations.
Identified bottleneck state: ((2, 2), (), ())
Converged after 2 iterations.
Identified bottleneck state: ((2, 3), (), ())
Converged after 7 iterations.
Converged after 7 iterations.
Converged after 7 iterations.
Converged after 6 iterations.
Identified bottleneck state: ((1, 0), (), ())
Converged after 7 iterations.
Converged after 7 iterations.
Converged after 5 iterations.
Identified bottleneck state: ((2, 0), (), ())
Converged after 7 iterations.
Converged after 7 iterations.
Converged after 7 iterations.
Converged after 5 iterations.
Identified bottleneck state: ((3, 1), (), ())
Converged after 5 iterations.
Identified bottleneck state: ((3, 2), (), ())
Converged after 6 iterations.
Identified bottleneck state: ((0, 1), (), ())
Converged after 7 iterations.
Converged after 5 iterations.
Identified bottleneck state: ((1, 1), (), ())
Converged after 7 iterations.
Converged after 7 iterations.
Converged after 7 iterations.
Converged after 7 iterations.
Converged after 7 iterations.
Converged after 7 iterations.
Converged after 7 iterations.
Converged after 7 iterations.
Converged after 7 iterations.
Converged after 7 iterations.
Converged after 7 iterations.
Converged after 7 iterations.
Converged after 7 iterations.
Converged after 8 iterations.
Converged after 7 iterations.
Converged after 7 iterations.
Converged after 3 iterations.
Identified bottleneck state: ((2, 2), (), ())
Converged after 2 iterations.
Identified bottleneck state: ((2, 3), (), ())
Converged after 7 iterations.
Converged after 7 iterations.
Converged after 7 iterations.
Converged after 7 iterations.
Converged after 7 iterations.
Converged after 8 iterations.
Converged after 4 iterations.
Identified bottleneck state: ((1, 2), (), ())
Converged after 4 iterations.
Identified bottleneck state: ((2, 2), (), ())
Converged after 7 iterations.
Converged after 7 iterations.
Converged after 7 iterations.
Converged after 7 iterations.
Number of states 19683
Time to build the sparse matrix: 1313.2969100475311
Time to run value iteration: 0.6970789432525635
Number of states 19683
Time to build the sparse matrix: 1318.0866129398346
Time to run value iteration: 0.7250523567199707
Time to run value iteration: 0.02173304557800293
Number of states 243
Time to build the sparse matrix: 0.11315417289733887
Time to run value iteration: 0.02160191535949707
Identified bottleneck state: ((1, 0), (), ())
Identified bottleneck state: ((3, 3), (), ())
Identified bottleneck state: ((3, 3), (), ())
Identified bottleneck state: ((3, 3), (), ())
Identified bottleneck state: ((3, 3), (), ())
Identified bottleneck state: ((0, 1), (), ())
Identified bottleneck state: ((3, 3), (), ())
Converged after 7 iterations.
Converged after 7 iterations.
Converged after 6 iterations.
Identified bottleneck state: ((1, 0), (), ())
Converged after 7 iterations.
Converged after 7 iterations.
Converged after 7 iterations.
Converged after 7 iterations.
Converged after 7 iterations.
Converged after 7 iterations.
Converged after 7 iterations.
Converged after 7 iterations.
Converged after 7 iterations.
Converged after 7 iterations.
Converged after 7 iterations.
Converged after 8 iterations.
Converged after 7 iterations.
Converged after 7 iterations.
Converged after 7 iterations.
Converged after 7 iterations.
Converged after 8 iterations.
Converged after 7 iterations.
Converged after 7 iterations.
Converged after 7 iterations.
Converged after 7 iterations.
Converged after 7 iterations.
Converged after 7 iterations.
Converged after 7 iterations.
Converged after 7 iterations.
Converged after 7 iterations.
Converged after 7 iterations.
Converged after 7 iterations.
Converged after 8 iterations.
Converged after 7 iterations.
Converged after 7 iterations.
Converged after 8 iterations.
Converged after 7 iterations.
Converged after 7 iterations.
Converged after 7 iterations.
Converged after 7 iterations.
Converged after 7 iterations.
Converged after 7 iterations.
Converged after 7 iterations.
Converged after 7 iterations.
Converged after 8 iterations.
Converged after 7 iterations.
Converged after 7 iterations.
Converged after 7 iterations.
Converged after 7 iterations.
Converged after 7 iterations.
Converged after 7 iterations.
Converged after 7 iterations.
Converged after 7 iterations.
Converged after 6 iterations.
Identified bottleneck state: ((0, 1), (), ())
Converged after 7 iterations.
Converged after 7 iterations.
Converged after 7 iterations.
Converged after 7 iterations.
Converged after 7 iterations.
Converged after 7 iterations.
Converged after 7 iterations.
Converged after 7 iterations.
Converged after 7 iterations.
Converged after 7 iterations.
Converged after 7 iterations.
Converged after 7 iterations.
Converged after 7 iterations.
Converged after 7 iterations.
Converged after 6 iterations.
Identified bottleneck state: ((1, 0), (), ())
Converged after 7 iterations.
Converged after 7 iterations.
Converged after 7 iterations.
Converged after 7 iterations.
Converged after 7 iterations.
Converged after 7 iterations.
Converged after 7 iterations.
Converged after 7 iterations.
Converged after 7 iterations.
Converged after 7 iterations.
Converged after 7 iterations.
Converged after 8 iterations.
Converged after 7 iterations.
Converged after 7 iterations.
Converged after 7 iterations.
Converged after 7 iterations.
Converged after 8 iterations.
Converged after 7 iterations.
Converged after 7 iterations.
Converged after 7 iterations.
Converged after 7 iterations.
Converged after 7 iterations.
Converged after 7 iterations.
Converged after 7 iterations.
Converged after 7 iterations.
Converged after 7 iterations.
Converged after 7 iterations.
Converged after 7 iterations.
Converged after 8 iterations.
Converged after 7 iterations.
Converged after 7 iterations.
Converged after 8 iterations.
Converged after 7 iterations.
Converged after 7 iterations.
Converged after 7 iterations.
Converged after 7 iterations.
Converged after 7 iterations.
Converged after 7 iterations.
Converged after 7 iterations.
Converged after 7 iterations.
Converged after 8 iterations.
Converged after 7 iterations.
Converged after 7 iterations.
Converged after 7 iterations.
Converged after 7 iterations.
Converged after 7 iterations.
Converged after 7 iterations.
Converged after 7 iterations.
Converged after 7 iterations.
Converged after 6 iterations.
Identified bottleneck state: ((0, 1), (), ())
Converged after 7 iterations.
Converged after 7 iterations.
Converged after 7 iterations.
Converged after 7 iterations.
Converged after 7 iterations.
Converged after 7 iterations.
Converged after 7 iterations.
Converged after 7 iterations.
Converged after 7 iterations.
Converged after 7 iterations.
Converged after 7 iterations.
Converged after 7 iterations.
Number of states 9
Time to build the sparse matrix: 0.00039196014404296875
Time to run value iteration: 0.008764982223510742
Number of states 9
Time to build the sparse matrix: 0.00017881393432617188
Time to run value iteration: 0.008722066879272461
Identified bottleneck state: ((0, 1), (), ())
Identified bottleneck state: ((3, 3), (), ())
Identified bottleneck state: ((3, 2), (), ())
Identified bottleneck state: ((3, 3), (), ())
Identified bottleneck state: ((3, 3), (), ())
Identified bottleneck state: ((3, 3), (), ())
Identified bottleneck state: ((3, 3), (), ())
Converged after 6 iterations.
Identified bottleneck state: ((0, 1), (), ())
Converged after 7 iterations.
Converged after 7 iterations.
Converged after 7 iterations.
Converged after 7 iterations.
Converged after 7 iterations.
Converged after 7 iterations.
Converged after 7 iterations.
Converged after 7 iterations.
Converged after 7 iterations.
Converged after 7 iterations.
Converged after 7 iterations.
Converged after 7 iterations.
Converged after 7 iterations.
Converged after 7 iterations.
Converged after 7 iterations.
Converged after 7 iterations.
Converged after 7 iterations.
Converged after 9 iterations.
Converged after 7 iterations.
Converged after 7 iterations.
Converged after 7 iterations.
Converged after 8 iterations.
Converged after 7 iterations.
Converged after 7 iterations.
Converged after 2 iterations.
Identified bottleneck state: ((3, 2), (), ())
Converged after 7 iterations.
Converged after 7 iterations.
Converged after 7 iterations.
Converged after 7 iterations.
Converged after 7 iterations.
Converged after 7 iterations.
Converged after 8 iterations.
Converged after 7 iterations.
Converged after 7 iterations.
Converged after 8 iterations.
Converged after 7 iterations.
Converged after 8 iterations.
Converged after 8 iterations.
Converged after 7 iterations.
Converged after 7 iterations.
Converged after 7 iterations.
Converged after 7 iterations.
Converged after 7 iterations.
Converged after 8 iterations.
Converged after 7 iterations.
Converged after 7 iterations.
Converged after 7 iterations.
Converged after 9 iterations.
Converged after 7 iterations.
Converged after 7 iterations.
Converged after 7 iterations.
Converged after 7 iterations.
Converged after 7 iterations.
Converged after 7 iterations.
Converged after 7 iterations.
Converged after 7 iterations.
Converged after 8 iterations.
Converged after 7 iterations.
Converged after 7 iterations.
Converged after 8 iterations.
Converged after 7 iterations.
Converged after 7 iterations.
Converged after 7 iterations.
Converged after 7 iterations.
Converged after 6 iterations.
Identified bottleneck state: ((0, 1), (), ())
Converged after 7 iterations.
Converged after 7 iterations.
Converged after 7 iterations.
Converged after 7 iterations.
Converged after 7 iterations.
Converged after 7 iterations.
Converged after 7 iterations.
Converged after 7 iterations.
Converged after 7 iterations.
Converged after 7 iterations.
Converged after 7 iterations.
Converged after 7 iterations.
Converged after 7 iterations.
Converged after 7 iterations.
Converged after 7 iterations.
Converged after 7 iterations.
Converged after 7 iterations.
Converged after 9 iterations.
Converged after 7 iterations.
Converged after 7 iterations.
Converged after 7 iterations.
Converged after 8 iterations.
Converged after 7 iterations.
Converged after 7 iterations.
Converged after 2 iterations.
Identified bottleneck state: ((3, 2), (), ())
Converged after 7 iterations.
Converged after 7 iterations.
Converged after 7 iterations.
Converged after 7 iterations.
Converged after 7 iterations.
Converged after 7 iterations.
Converged after 8 iterations.
Converged after 7 iterations.
Converged after 7 iterations.
Converged after 8 iterations.
Identified bottleneck state: ((3, 3), (), ())
Identified bottleneck state: ((3, 3), (), ())
Identified bottleneck state: ((3, 3), (), ())
Identified bottleneck state: ((1, 1), (), ())
Identified bottleneck state: ((3, 3), (), ())
Identified bottleneck state: ((3, 3), (), ())
Converged after 7 iterations.
Converged after 7 iterations.
Converged after 7 iterations.
Converged after 7 iterations.
Converged after 8 iterations.
Converged after 8 iterations.
Converged after 8 iterations.
Converged after 9 iterations.
Converged after 7 iterations.
Converged after 8 iterations.
Converged after 10 iterations.
Converged after 7 iterations.
Converged after 8 iterations.
Converged after 9 iterations.
Converged after 7 iterations.
Converged after 7 iterations.
Converged after 10 iterations.
Converged after 8 iterations.
Converged after 11 iterations.
Converged after 9 iterations.
Converged after 10 iterations.
Converged after 11 iterations.
Converged after 7 iterations.
Converged after 7 iterations.
Converged after 7 iterations.
Converged after 8 iterations.
Converged after 8 iterations.
Converged after 8 iterations.
Converged after 7 iterations.
Converged after 10 iterations.
Converged after 7 iterations.
Converged after 8 iterations.
Converged after 9 iterations.
Converged after 7 iterations.
Converged after 7 iterations.
Converged after 7 iterations.
Converged after 5 iterations.
Identified bottleneck state: ((1, 1), (), ())
Converged after 7 iterations.
Converged after 7 iterations.
Converged after 7 iterations.
Converged after 8 iterations.
Converged after 7 iterations.
Converged after 7 iterations.
Converged after 8 iterations.
Converged after 7 iterations.
Converged after 7 iterations.
Converged after 7 iterations.
Converged after 7 iterations.
Converged after 8 iterations.
Converged after 8 iterations.
Converged after 8 iterations.
Converged after 9 iterations.
Converged after 7 iterations.
Converged after 8 iterations.
Converged after 10 iterations.
Converged after 7 iterations.
Converged after 7 iterations.
Converged after 7 iterations.
Converged after 7 iterations.
Converged after 8 iterations.
Converged after 8 iterations.
Converged after 8 iterations.
Converged after 9 iterations.
Converged after 7 iterations.
Converged after 8 iterations.
Converged after 10 iterations.
Converged after 7 iterations.
Converged after 8 iterations.
Converged after 9 iterations.
Converged after 7 iterations.
Converged after 7 iterations.
Converged after 10 iterations.
Converged after 8 iterations.
Converged after 11 iterations.
Converged after 9 iterations.
Converged after 10 iterations.
Converged after 11 iterations.
Converged after 7 iterations.
Converged after 7 iterations.
Converged after 7 iterations.
Converged after 8 iterations.
Converged after 8 iterations.
Converged after 8 iterations.
Converged after 7 iterations.
Converged after 10 iterations.
Converged after 7 iterations.
Converged after 8 iterations.
Converged after 9 iterations.
Converged after 7 iterations.
Converged after 7 iterations.
Converged after 7 iterations.
Converged after 5 iterations.
Identified bottleneck state: ((1, 1), (), ())
Converged after 7 iterations.
Converged after 7 iterations.
Converged after 7 iterations.
Converged after 8 iterations.
Converged after 7 iterations.
Converged after 7 iterations.
Converged after 8 iterations.
Converged after 7 iterations.
Converged after 7 iterations.
Converged after 7 iterations.
Converged after 7 iterations.
Converged after 8 iterations.
Converged after 8 iterations.
Converged after 8 iterations.
Converged after 9 iterations.
Converged after 7 iterations.
Converged after 8 iterations.
Converged after 10 iterations.
Number of states 3
Time to build the sparse matrix: 0.000209808349609375
Time to run value iteration: 0.006018877029418945
Number of states 3
Time to build the sparse matrix: 7.605552673339844e-05
Time to run value iteration: 0.006057024002075195
Identified bottleneck state: ((1, 1), (), ())
Identified bottleneck state: ((3, 3), (), ())
Identified bottleneck state: ((1, 1), (), ())
Identified bottleneck state: ((3, 3), (), ())
Identified bottleneck state: ((1, 1), (), ())
Identified bottleneck state: ((3, 3), (), ())
Identified bottleneck state: ((1, 1), (), ())
Identified bottleneck state: ((3, 3), (), ())
Identified bottleneck state: ((3, 3), (), ())
Converged after 7 iterations.
Converged after 7 iterations.
Converged after 7 iterations.
Converged after 5 iterations.
Identified bottleneck state: ((1, 1), (), ())
Converged after 7 iterations.
Converged after 7 iterations.
Converged after 7 iterations.
Converged after 8 iterations.
Converged after 7 iterations.
Converged after 7 iterations.
Converged after 8 iterations.
Converged after 7 iterations.
Converged after 7 iterations.
Converged after 7 iterations.
Converged after 5 iterations.
Identified bottleneck state: ((1, 1), (), ())
Converged after 7 iterations.
Converged after 7 iterations.
Converged after 7 iterations.
Converged after 8 iterations.
Converged after 7 iterations.
Converged after 7 iterations.
Converged after 8 iterations.
Converged after 7 iterations.
Converged after 7 iterations.
Converged after 7 iterations.
Converged after 5 iterations.
Identified bottleneck state: ((1, 1), (), ())
Converged after 7 iterations.
Converged after 7 iterations.
Converged after 7 iterations.
Converged after 8 iterations.
Converged after 7 iterations.
Converged after 7 iterations.
Converged after 8 iterations.
Converged after 7 iterations.
Converged after 7 iterations.
Converged after 7 iterations.
Converged after 5 iterations.
Identified bottleneck state: ((1, 1), (), ())
Converged after 7 iterations.
Converged after 7 iterations.
Converged after 7 iterations.
Converged after 8 iterations.
Converged after 7 iterations.
Converged after 7 iterations.
Converged after 8 iterations.
Converged after 7 iterations.
Converged after 8 iterations.
Converged after 9 iterations.
Converged after 7 iterations.
Converged after 7 iterations.
Converged after 10 iterations.
Converged after 8 iterations.
Converged after 11 iterations.
Converged after 9 iterations.
Converged after 10 iterations.
Converged after 11 iterations.
Converged after 7 iterations.
Converged after 7 iterations.
Converged after 7 iterations.
Converged after 5 iterations.
Identified bottleneck state: ((1, 1), (), ())
Converged after 7 iterations.
Converged after 7 iterations.
Converged after 7 iterations.
Converged after 8 iterations.
Converged after 7 iterations.
Converged after 7 iterations.
Converged after 8 iterations.
Converged after 7 iterations.
Converged after 7 iterations.
Converged after 7 iterations.
Converged after 5 iterations.
Identified bottleneck state: ((1, 1), (), ())
Converged after 7 iterations.
Converged after 7 iterations.
Converged after 7 iterations.
Converged after 8 iterations.
Converged after 7 iterations.
Converged after 7 iterations.
Converged after 8 iterations.
Converged after 7 iterations.
Converged after 7 iterations.
Converged after 7 iterations.
Converged after 5 iterations.
Identified bottleneck state: ((1, 1), (), ())
Converged after 7 iterations.
Converged after 7 iterations.
Converged after 7 iterations.
Converged after 8 iterations.
Converged after 7 iterations.
Converged after 7 iterations.
Converged after 8 iterations.
Converged after 7 iterations.
Converged after 7 iterations.
Converged after 7 iterations.
Converged after 5 iterations.
Identified bottleneck state: ((1, 1), (), ())
Converged after 7 iterations.
Converged after 7 iterations.
Converged after 7 iterations.
Converged after 8 iterations.
Converged after 7 iterations.
Converged after 7 iterations.
Converged after 8 iterations.
Converged after 7 iterations.
Converged after 8 iterations.
Converged after 9 iterations.
Converged after 7 iterations.
Converged after 7 iterations.
Converged after 10 iterations.
Converged after 8 iterations.
Converged after 11 iterations.
Converged after 9 iterations.
Converged after 10 iterations.
Converged after 11 iterations.
Number of states 3
Time to build the sparse matrix: 0.00012302398681640625
Time to run value iteration: 0.005845308303833008
Number of states 3
Identified bottleneck state: ((3, 3), (), ())
Identified bottleneck state: ((3, 3), (), ())
Identified bottleneck state: ((3, 3), (), ())
Identified bottleneck state: ((3, 3), (), ())
Identified bottleneck state: ((3, 3), (), ())
Converged after 7 iterations.
Converged after 8 iterations.
Converged after 9 iterations.
Converged after 7 iterations.
Converged after 7 iterations.
Converged after 10 iterations.
Converged after 8 iterations.
Converged after 11 iterations.
Converged after 9 iterations.
Converged after 10 iterations.
Converged after 11 iterations.
Converged after 7 iterations.
Converged after 7 iterations.
Converged after 7 iterations.
Converged after 7 iterations.
Converged after 8 iterations.
Converged after 8 iterations.
Converged after 8 iterations.
Converged after 9 iterations.
Converged after 7 iterations.
Converged after 8 iterations.
Converged after 10 iterations.
Converged after 7 iterations.
Converged after 7 iterations.
Converged after 7 iterations.
Converged after 7 iterations.
Converged after 8 iterations.
Converged after 8 iterations.
Converged after 8 iterations.
Converged after 9 iterations.
Converged after 7 iterations.
Converged after 8 iterations.
Converged after 10 iterations.
Converged after 7 iterations.
Converged after 7 iterations.
Converged after 7 iterations.
Converged after 8 iterations.
Converged after 8 iterations.
Converged after 8 iterations.
Converged after 7 iterations.
Converged after 10 iterations.
Converged after 7 iterations.
Converged after 8 iterations.
Converged after 9 iterations.
Converged after 7 iterations.
Converged after 7 iterations.
Converged after 7 iterations.
Converged after 7 iterations.
Converged after 8 iterations.
Converged after 8 iterations.
Converged after 8 iterations.
Converged after 9 iterations.
Converged after 7 iterations.
Converged after 8 iterations.
Converged after 10 iterations.
Converged after 7 iterations.
Converged after 8 iterations.
Converged after 9 iterations.
Converged after 7 iterations.
Converged after 7 iterations.
Converged after 10 iterations.
Converged after 8 iterations.
Converged after 11 iterations.
Converged after 9 iterations.
Converged after 10 iterations.
Converged after 11 iterations.
Converged after 7 iterations.
Converged after 7 iterations.
Converged after 7 iterations.
Converged after 7 iterations.
Converged after 8 iterations.
Converged after 8 iterations.
Converged after 8 iterations.
Converged after 9 iterations.
Converged after 7 iterations.
Converged after 8 iterations.
Converged after 10 iterations.
Converged after 7 iterations.
Converged after 7 iterations.
Converged after 7 iterations.
Converged after 7 iterations.
Converged after 8 iterations.
Converged after 8 iterations.
Converged after 8 iterations.
Converged after 9 iterations.
Converged after 7 iterations.
Converged after 8 iterations.
Converged after 10 iterations.
Converged after 7 iterations.
Converged after 7 iterations.
Converged after 7 iterations.
Converged after 8 iterations.
Converged after 8 iterations.
Converged after 8 iterations.
Converged after 7 iterations.
Converged after 10 iterations.
Converged after 7 iterations.
Converged after 8 iterations.
Converged after 9 iterations.
Converged after 7 iterations.
Converged after 7 iterations.
Converged after 7 iterations.
Converged after 7 iterations.
Converged after 8 iterations.
Converged after 8 iterations.
Converged after 8 iterations.
Converged after 9 iterations.
Converged after 7 iterations.
Converged after 8 iterations.
Converged after 10 iterations.
Identified bottleneck state: ((1, 1), (), ())
Identified bottleneck state: ((3, 3), (), ())
Identified bottleneck state: ((3, 3), (), ())
Identified bottleneck state: ((1, 1), (), ())
Identified bottleneck state: ((3, 3), (), ())
Identified bottleneck state: ((1, 1), (), ())
Identified bottleneck state: ((3, 3), (), ())
Identified bottleneck state: ((3, 3), (), ())
Converged after 7 iterations.
Converged after 7 iterations.
Converged after 7 iterations.
Converged after 5 iterations.
Identified bottleneck state: ((1, 1), (), ())
Converged after 7 iterations.
Converged after 7 iterations.
Converged after 7 iterations.
Converged after 8 iterations.
Converged after 7 iterations.
Converged after 7 iterations.
Converged after 8 iterations.
Converged after 7 iterations.
Converged after 8 iterations.
Converged after 9 iterations.
Converged after 7 iterations.
Converged after 7 iterations.
Converged after 10 iterations.
Converged after 8 iterations.
Converged after 11 iterations.
Converged after 9 iterations.
Converged after 10 iterations.
Converged after 11 iterations.
Converged after 7 iterations.
Converged after 7 iterations.
Converged after 7 iterations.
Converged after 5 iterations.
Identified bottleneck state: ((1, 1), (), ())
Converged after 7 iterations.
Converged after 7 iterations.
Converged after 7 iterations.
Converged after 8 iterations.
Converged after 7 iterations.
Converged after 7 iterations.
Converged after 8 iterations.
Converged after 7 iterations.
Converged after 7 iterations.
Converged after 7 iterations.
Converged after 5 iterations.
Identified bottleneck state: ((1, 1), (), ())
Converged after 7 iterations.
Converged after 7 iterations.
Converged after 7 iterations.
Converged after 8 iterations.
Converged after 7 iterations.
Converged after 7 iterations.
Converged after 8 iterations.
Converged after 7 iterations.
Converged after 7 iterations.
Converged after 7 iterations.
Converged after 8 iterations.
Converged after 8 iterations.
Converged after 8 iterations.
Converged after 7 iterations.
Converged after 10 iterations.
Converged after 7 iterations.
Converged after 8 iterations.
Converged after 9 iterations.
Converged after 7 iterations.
Converged after 7 iterations.
Converged after 7 iterations.
Converged after 5 iterations.
Identified bottleneck state: ((1, 1), (), ())
Converged after 7 iterations.
Converged after 7 iterations.
Converged after 7 iterations.
Converged after 8 iterations.
Converged after 7 iterations.
Converged after 7 iterations.
Converged after 8 iterations.
Converged after 7 iterations.
Converged after 8 iterations.
Converged after 9 iterations.
Converged after 7 iterations.
Converged after 7 iterations.
Converged after 10 iterations.
Converged after 8 iterations.
Converged after 11 iterations.
Converged after 9 iterations.
Converged after 10 iterations.
Converged after 11 iterations.
Converged after 7 iterations.
Converged after 7 iterations.
Converged after 7 iterations.
Converged after 5 iterations.
Identified bottleneck state: ((1, 1), (), ())
Converged after 7 iterations.
Converged after 7 iterations.
Converged after 7 iterations.
Converged after 8 iterations.
Converged after 7 iterations.
Converged after 7 iterations.
Converged after 8 iterations.
Converged after 7 iterations.
Converged after 7 iterations.
Converged after 7 iterations.
Converged after 5 iterations.
Identified bottleneck state: ((1, 1), (), ())
Converged after 7 iterations.
Converged after 7 iterations.
Converged after 7 iterations.
Converged after 8 iterations.
Converged after 7 iterations.
Converged after 7 iterations.
Converged after 8 iterations.
Converged after 7 iterations.
Converged after 7 iterations.
Converged after 7 iterations.
Converged after 8 iterations.
Converged after 8 iterations.
Converged after 8 iterations.
Converged after 7 iterations.
Converged after 10 iterations.
Converged after 7 iterations.
Converged after 8 iterations.
Converged after 9 iterations.
Number of states 3
Time to build the sparse matrix: 0.00021505355834960938
Time to run value iteration: 0.005897045135498047
Number of states 3
Time to build the sparse matrix: 5.6743621826171875e-05
Time to run value iteration: 0.0058858394622802734
Identified bottleneck state: ((3, 3), (), ())
Identified bottleneck state: ((3, 3), (), ())
Identified bottleneck state: ((1, 1), (), ())
Identified bottleneck state: ((3, 3), (), ())
Identified bottleneck state: ((1, 1), (), ())
Identified bottleneck state: ((3, 3), (), ())
Identified bottleneck state: ((3, 3), (), ())
Converged after 7 iterations.
Converged after 8 iterations.
Converged after 9 iterations.
Converged after 7 iterations.Converged after 7 iterations.
Converged after 8 iterations.
Converged after 8 iterations.
Converged after 7 iterations.
Converged after 7 iterations.
Converged after 7 iterations.
Converged after 7 iterations.
Converged after 7 iterations.
Converged after 8 iterations.
Converged after 7 iterations.
Converged after 7 iterations.
Converged after 7 iterations.
Converged after 9 iterations.
Converged after 7 iterations.
Converged after 7 iterations.
Converged after 7 iterations.
Converged after 7 iterations.
Converged after 7 iterations.
Converged after 7 iterations.
Converged after 7 iterations.
Converged after 7 iterations.
Converged after 8 iterations.
Converged after 7 iterations.
Converged after 7 iterations.
Converged after 8 iterations.
Converged after 7 iterations.
Converged after 7 iterations.
Converged after 7 iterations.
Converged after 7 iterations.
Number of states 9
Time to build the sparse matrix: 0.0002789497375488281
Time to run value iteration: 0.00900721549987793
Number of states 9
Time to build the sparse matrix: 0.00021409988403320312
Time to run value iteration: 0.008539915084838867
Identified bottleneck state: ((3, 3), (), ())
Identified bottleneck state: ((3, 3), (), ())
Identified bottleneck state: ((3, 3), (), ())
Identified bottleneck state: ((3, 2), (), ())
Identified bottleneck state: ((3, 3), (), ())
Identified bottleneck state: ((3, 2), (), ())
Identified bottleneck state: ((3, 3), (), ())
Converged after 7 iterations.
Converged after 7 iterations.
Converged after 7 iterations.
Converged after 7 iterations.
Converged after 7 iterations.
Converged after 8 iterations.
Converged after 7 iterations.
Converged after 7 iterations.
Converged after 8 iterations.
Converged after 7 iterations.
Converged after 7 iterations.
Converged after 7 iterations.
Converged after 7 iterations.
Converged after 7 iterations.
Converged after 7 iterations.
Converged after 7 iterations.
Converged after 7 iterations.
Converged after 7 iterations.
Converged after 8 iterations.
Converged after 7 iterations.
Converged after 7 iterations.
Converged after 8 iterations.
Converged after 7 iterations.
Converged after 7 iterations.
Converged after 7 iterations.
Converged after 7 iterations.
Converged after 7 iterations.
Converged after 7 iterations.
Converged after 7 iterations.
Converged after 7 iterations.
Converged after 7 iterations.
Converged after 7 iterations.
Converged after 7 iterations.
Converged after 7 iterations.
Converged after 8 iterations.
Converged after 8 iterations.
Converged after 7 iterations.
Converged after 7 iterations.
Converged after 7 iterations.
Converged after 7 iterations.
Converged after 7 iterations.
Converged after 7 iterations.
Converged after 7 iterations.
Converged after 7 iterations.
Converged after 9 iterations.
Converged after 7 iterations.
Converged after 7 iterations.
Converged after 7 iterations.
Converged after 8 iterations.
Converged after 7 iterations.
Converged after 7 iterations.
Converged after 2 iterations.
Identified bottleneck state: ((3, 2), (), ())
Converged after 7 iterations.
Converged after 7 iterations.
Converged after 7 iterations.
Converged after 7 iterations.
Converged after 7 iterations.
Converged after 9 iterations.
Converged after 7 iterations.
Converged after 7 iterations.
Converged after 7 iterations.
Converged after 8 iterations.
Converged after 7 iterations.
Converged after 7 iterations.
Converged after 2 iterations.
Identified bottleneck state: ((3, 2), (), ())
Converged after 7 iterations.
Converged after 7 iterations.
Converged after 7 iterations.
Converged after 7 iterations.
Converged after 7 iterations.
Converged after 8 iterations.
Converged after 7 iterations.
Converged after 7 iterations.
Converged after 8 iterations.
Converged after 7 iterations.
Converged after 7 iterations.
Converged after 7 iterations.
Converged after 7 iterations.
Converged after 7 iterations.
Converged after 7 iterations.
Converged after 7 iterations.
Converged after 7 iterations.
Converged after 7 iterations.
Converged after 8 iterations.
Converged after 7 iterations.
Converged after 7 iterations.
Converged after 8 iterations.
Converged after 7 iterations.
Converged after 7 iterations.
Converged after 7 iterations.
Converged after 7 iterations.
Converged after 7 iterations.
Converged after 7 iterations.
Converged after 7 iterations.
Converged after 7 iterations.
Converged after 7 iterations.
Converged after 7 iterations.
Converged after 7 iterations.
Converged after 7 iterations.
Converged after 8 iterations.
Converged after 8 iterations.
Converged after 7 iterations.
Converged after 7 iterations.
Converged after 7 iterations.
Converged after 7 iterations.
Converged after 7 iterations.
Converged after 7 iterations.
Converged after 7 iterations.
Converged after 7 iterations.
Converged after 9 iterations.
Converged after 7 iterations.
Converged after 7 iterations.
Converged after 7 iterations.
Converged after 8 iterations.
Converged after 7 iterations.
Converged after 7 iterations.
Converged after 2 iterations.
Identified bottleneck state: ((3, 2), (), ())
Converged after 7 iterations.
Converged after 7 iterations.
Converged after 7 iterations.
Converged after 7 iterations.
Converged after 7 iterations.
Converged after 9 iterations.
Converged after 7 iterations.
Converged after 7 iterations.
Converged after 7 iterations.
Converged after 8 iterations.
Converged after 7 iterations.
Converged after 7 iterations.
Converged after 2 iterations.
Identified bottleneck state: ((3, 2), (), ())
Number of states 3
Time to build the sparse matrix: 0.00011205673217773438
Time to run value iteration: 0.005906820297241211
Number of states 3
Time to build the sparse matrix: 7.510185241699219e-05
Time to run value iteration: 0.005738735198974609
Identified bottleneck state: ((3, 3), (), ())
Identified bottleneck state: ((0, 1), (), ())
Identified bottleneck state: ((3, 3), (), ())
Identified bottleneck state: ((3, 3), (), ())
Identified bottleneck state: ((3, 3), (), ())
Identified bottleneck state: ((3, 3), (), ())
Converged after 7 iterations.
Converged after 7 iterations.
Converged after 7 iterations.
Converged after 7 iterations.
Converged after 7 iterations.
Converged after 7 iterations.
Converged after 8 iterations.
Converged after 7 iterations.
Converged after 7 iterations.
Converged after 8 iterations.
Converged after 7 iterations.
Converged after 8 iterations.
Converged after 8 iterations.
Converged after 6 iterations.
Identified bottleneck state: ((0, 1), (), ())
Converged after 7 iterations.
Converged after 7 iterations.
Converged after 7 iterations.
Converged after 7 iterations.
Converged after 7 iterations.
Converged after 7 iterations.
Converged after 7 iterations.
Converged after 7 iterations.
Converged after 7 iterations.
Converged after 7 iterations.
Converged after 7 iterations.
Converged after 7 iterations.
Converged after 7 iterations.
Converged after 7 iterations.
Converged after 7 iterations.
Converged after 8 iterations.
Converged after 7 iterations.
Converged after 7 iterations.
Converged after 7 iterations.
Converged after 7 iterations.
Converged after 7 iterations.
Converged after 7 iterations.
Converged after 7 iterations.
Converged after 7 iterations.
Converged after 7 iterations.
Converged after 7 iterations.
Converged after 7 iterations.
Converged after 7 iterations.
Converged after 7 iterations.
Converged after 7 iterations.
Converged after 8 iterations.
Converged after 7 iterations.
Converged after 7 iterations.
Converged after 8 iterations.
Converged after 7 iterations.
Converged after 7 iterations.
Converged after 7 iterations.
Converged after 7 iterations.
Converged after 7 iterations.
Converged after 7 iterations.
Converged after 7 iterations.
Converged after 7 iterations.
Converged after 7 iterations.
Converged after 7 iterations.
Converged after 8 iterations.
Converged after 7 iterations.
Converged after 7 iterations.
Converged after 8 iterations.
Converged after 7 iterations.
Converged after 8 iterations.
Converged after 8 iterations.
Converged after 7 iterations.
Converged after 7 iterations.
Converged after 7 iterations.
Converged after 7 iterations.

Converged after 7 iterations.
Converged after 10 iterations.
Converged after 8 iterations.
Converged after 11 iterations.
Converged after 9 iterations.
Converged after 10 iterations.
Converged after 11 iterations.
Converged after 7 iterations.
Converged after 7 iterations.
Converged after 7 iterations.
Converged after 7 iterations.
Converged after 8 iterations.
Converged after 8 iterations.
Converged after 8 iterations.
Converged after 9 iterations.
Converged after 7 iterations.
Converged after 8 iterations.
Converged after 10 iterations.
Converged after 7 iterations.
Converged after 7 iterations.
Converged after 7 iterations.
Converged after 5 iterations.
Identified bottleneck state: ((1, 1), (), ())
Converged after 7 iterations.
Converged after 7 iterations.
Converged after 7 iterations.
Converged after 8 iterations.
Converged after 7 iterations.
Converged after 7 iterations.
Converged after 8 iterations.
Converged after 7 iterations.
Converged after 7 iterations.
Converged after 7 iterations.
Converged after 5 iterations.
Identified bottleneck state: ((1, 1), (), ())
Converged after 7 iterations.
Converged after 7 iterations.
Converged after 7 iterations.
Converged after 8 iterations.
Converged after 7 iterations.
Converged after 7 iterations.
Converged after 8 iterations.
Converged after 7 iterations.
Converged after 8 iterations.
Converged after 9 iterations.
Converged after 7 iterations.
Converged after 7 iterations.
Converged after 10 iterations.
Converged after 8 iterations.
Converged after 11 iterations.
Converged after 9 iterations.
Converged after 10 iterations.
Converged after 11 iterations.
Converged after 7 iterations.
Converged after 8 iterations.
Converged after 9 iterations.
Converged after 7 iterations.
Converged after 7 iterations.
Converged after 10 iterations.
Converged after 8 iterations.
Converged after 11 iterations.
Converged after 9 iterations.
Converged after 10 iterations.
Converged after 11 iterations.
Converged after 7 iterations.
Converged after 7 iterations.
Converged after 7 iterations.
Converged after 7 iterations.
Converged after 8 iterations.
Converged after 8 iterations.
Converged after 8 iterations.
Converged after 9 iterations.
Converged after 7 iterations.
Converged after 8 iterations.
Converged after 10 iterations.
Converged after 7 iterations.
Converged after 7 iterations.
Converged after 7 iterations.
Converged after 5 iterations.
Identified bottleneck state: ((1, 1), (), ())
Converged after 7 iterations.
Converged after 7 iterations.
Converged after 7 iterations.
Converged after 8 iterations.
Converged after 7 iterations.
Converged after 7 iterations.
Converged after 8 iterations.
Converged after 7 iterations.
Converged after 7 iterations.
Converged after 7 iterations.
Converged after 5 iterations.
Identified bottleneck state: ((1, 1), (), ())
Converged after 7 iterations.
Converged after 7 iterations.
Converged after 7 iterations.
Converged after 8 iterations.
Converged after 7 iterations.
Converged after 7 iterations.
Converged after 8 iterations.
Converged after 7 iterations.
Converged after 8 iterations.
Converged after 9 iterations.
Converged after 7 iterations.
Converged after 7 iterations.
Converged after 10 iterations.
Converged after 8 iterations.
Converged after 11 iterations.
Converged after 9 iterations.
Converged after 10 iterations.
Converged after 11 iterations.
Number of states 3
Time to build the sparse matrix: 0.00011181831359863281
Time to run value iteration: 0.0061719417572021484
Number of states 3
Time to build the sparse matrix: 7.796287536621094e-05
Time to run value iteration: 0.005980968475341797
Identified bottleneck state: ((3, 3), (), ())
Identified bottleneck state: ((3, 3), (), ())
Identified bottleneck state: ((3, 3), (), ())
Identified bottleneck state: ((2, 3), (), ())
Identified bottleneck state: ((3, 3), (), ())
Identified bottleneck state: ((2, 3), (), ())
Identified bottleneck state: ((3, 3), (), ())
Converged after 7 iterations.
Converged after 7 iterations.
Converged after 7 iterations.
Converged after 7 iterations.
Converged after 7 iterations.
Converged after 8 iterations.
Converged after 7 iterations.
Converged after 7 iterations.
Converged after 8 iterations.
Converged after 7 iterations.
Converged after 7 iterations.
Converged after 7 iterations.
Converged after 7 iterations.
Converged after 7 iterations.
Converged after 7 iterations.
Converged after 7 iterations.
Converged after 7 iterations.
Converged after 7 iterations.
Converged after 8 iterations.
Converged after 7 iterations.
Converged after 7 iterations.
Converged after 7 iterations.
Converged after 9 iterations.
Converged after 7 iterations.
Converged after 7 iterations.
Converged after 7 iterations.
Converged after 7 iterations.
Converged after 7 iterations.
Converged after 7 iterations.
Converged after 7 iterations.
Converged after 7 iterations.
Converged after 7 iterations.
Converged after 7 iterations.
Converged after 7 iterations.
Converged after 7 iterations.
Converged after 7 iterations.
Converged after 7 iterations.
Converged after 8 iterations.
Converged after 9 iterations.
Converged after 7 iterations.
Converged after 7 iterations.
Converged after 7 iterations.
Converged after 7 iterations.
Converged after 7 iterations.
Converged after 7 iterations.
Converged after 7 iterations.
Converged after 7 iterations.
Converged after 9 iterations.
Converged after 8 iterations.
Converged after 2 iterations.
Identified bottleneck state: ((2, 3), (), ())
Converged after 7 iterations.
Converged after 7 iterations.
Converged after 7 iterations.
Converged after 7 iterations.
Converged after 7 iterations.
Converged after 7 iterations.
Converged after 7 iterations.
Converged after 7 iterations.
Converged after 7 iterations.
Converged after 7 iterations.
Converged after 9 iterations.
Converged after 8 iterations.
Converged after 2 iterations.
Identified bottleneck state: ((2, 3), (), ())
Converged after 7 iterations.
Converged after 7 iterations.
Converged after 7 iterations.
Converged after 7 iterations.
Converged after 7 iterations.
Converged after 7 iterations.
Converged after 7 iterations.
Converged after 8 iterations.
Converged after 7 iterations.
Converged after 7 iterations.
Converged after 8 iterations.
Converged after 7 iterations.
Converged after 7 iterations.
Converged after 7 iterations.
Converged after 7 iterations.
Converged after 7 iterations.
Converged after 7 iterations.
Converged after 7 iterations.
Converged after 7 iterations.
Converged after 7 iterations.
Converged after 8 iterations.
Converged after 7 iterations.
Converged after 7 iterations.
Converged after 7 iterations.
Converged after 9 iterations.
Converged after 7 iterations.
Converged after 7 iterations.
Converged after 7 iterations.
Converged after 7 iterations.
Converged after 7 iterations.
Converged after 7 iterations.
Converged after 7 iterations.
Converged after 7 iterations.
Converged after 7 iterations.
Converged after 7 iterations.
Converged after 7 iterations.
Converged after 7 iterations.
Converged after 7 iterations.
Converged after 7 iterations.
Converged after 8 iterations.
Converged after 9 iterations.
Converged after 7 iterations.
Converged after 7 iterations.
Converged after 7 iterations.
Converged after 7 iterations.
Converged after 7 iterations.
Converged after 7 iterations.
Converged after 7 iterations.
Converged after 7 iterations.
Converged after 9 iterations.
Converged after 8 iterations.
Converged after 2 iterations.
Identified bottleneck state: ((2, 3), (), ())
Converged after 7 iterations.
Converged after 7 iterations.
Converged after 7 iterations.
Converged after 7 iterations.
Converged after 7 iterations.
Converged after 7 iterations.
Converged after 7 iterations.
Converged after 7 iterations.
Converged after 7 iterations.
Converged after 7 iterations.
Converged after 9 iterations.
Converged after 8 iterations.
Converged after 2 iterations.
Identified bottleneck state: ((2, 3), (), ())
Converged after 7 iterations.
Converged after 7 iterations.
Number of states 3
Time to build the sparse matrix: 0.0001220703125
Time to run value iteration: 0.005827188491821289
Number of states 3
Time to build the sparse matrix: 5.1021575927734375e-05
Time to run value iteration: 0.006222963333129883
Identified bottleneck state: ((3, 3), (), ())
Identified bottleneck state: ((3, 3), (), ())
Identified bottleneck state: ((3, 3), (), ())
Identified bottleneck state: ((3, 3), (), ())
Identified bottleneck state: ((3, 3), (), ())
Converged after 7 iterations.
Converged after 7 iterations.
Converged after 7 iterations.
Converged after 8 iterations.
Converged after 8 iterations.
Converged after 8 iterations.
Converged after 7 iterations.
Converged after 10 iterations.
Converged after 7 iterations.
Converged after 8 iterations.
Converged after 9 iterations.
Converged after 7 iterations.
Converged after 8 iterations.
Converged after 9 iterations.
Converged after 7 iterations.
Converged after 7 iterations.
Converged after 10 iterations.
Converged after 8 iterations.
Converged after 11 iterations.
Converged after 9 iterations.
Converged after 10 iterations.
Converged after 11 iterations.
Converged after 7 iterations.
Converged after 8 iterations.
Converged after 9 iterations.
Converged after 7 iterations.
Converged after 7 iterations.
Converged after 10 iterations.
Converged after 8 iterations.
Converged after 11 iterations.
Converged after 9 iterations.
Converged after 10 iterations.
Converged after 11 iterations.
Converged after 7 iterations.
Converged after 7 iterations.
Converged after 7 iterations.
Converged after 7 iterations.
Converged after 8 iterations.
Converged after 8 iterations.
Converged after 8 iterations.
Converged after 9 iterations.
Converged after 7 iterations.
Converged after 8 iterations.
Converged after 10 iterations.
Converged after 7 iterations.
Converged after 7 iterations.
Converged after 7 iterations.
Converged after 8 iterations.
Converged after 8 iterations.
Converged after 8 iterations.
Converged after 7 iterations.
Converged after 10 iterations.
Converged after 7 iterations.
Converged after 8 iterations.
Converged after 9 iterations.
Converged after 7 iterations.
Converged after 7 iterations.
Converged after 7 iterations.
Converged after 8 iterations.
Converged after 8 iterations.
Converged after 8 iterations.
Converged after 7 iterations.
Converged after 10 iterations.
Converged after 7 iterations.
Converged after 8 iterations.
Converged after 9 iterations.
Converged after 7 iterations.
Converged after 8 iterations.
Converged after 9 iterations.
Converged after 7 iterations.
Converged after 7 iterations.
Converged after 10 iterations.
Converged after 8 iterations.
Converged after 11 iterations.
Converged after 9 iterations.
Converged after 10 iterations.
Converged after 11 iterations.
Converged after 7 iterations.
Converged after 8 iterations.
Converged after 9 iterations.
Converged after 7 iterations.
Converged after 7 iterations.
Converged after 10 iterations.
Converged after 8 iterations.
Converged after 11 iterations.
Converged after 9 iterations.
Converged after 10 iterations.
Converged after 11 iterations.
Converged after 7 iterations.
Converged after 7 iterations.
Converged after 7 iterations.
Converged after 7 iterations.
Converged after 8 iterations.
Converged after 8 iterations.
Converged after 8 iterations.
Converged after 9 iterations.
Converged after 7 iterations.
Converged after 8 iterations.
Converged after 10 iterations.
Converged after 7 iterations.
Converged after 7 iterations.
Converged after 7 iterations.
Converged after 8 iterations.
Converged after 8 iterations.
Converged after 8 iterations.
Converged after 7 iterations.
Converged after 10 iterations.
Converged after 7 iterations.
Converged after 8 iterations.
Converged after 9 iterations.
Identified bottleneck state: ((3, 3), (), ())
Identified bottleneck state: ((2, 3), (), ())
Identified bottleneck state: ((3, 3), (), ())
Identified bottleneck state: ((3, 3), (), ())
Identified bottleneck state: ((1, 0), (), ())
Identified bottleneck state: ((2, 0), (), ())
Identified bottleneck state: ((3, 3), (), ())
Identified bottleneck state: ((2, 2), (), ())
Identified bottleneck state: ((2, 3), (), ())
Identified bottleneck state: ((3, 3), (), ())
Converged after 7 iterations.
Converged after 8 iterations.
Converged after 7 iterations.
Converged after 7 iterations.
Converged after 7 iterations.
Converged after 7 iterations.
Converged after 8 iterations.
Converged after 10 iterations.
Converged after 10 iterations.
Converged after 7 iterations.
Converged after 7 iterations.
Converged after 7 iterations.
Converged after 7 iterations.
Converged after 7 iterations.
Converged after 7 iterations.
Converged after 7 iterations.
Converged after 7 iterations.
Converged after 7 iterations.
Converged after 7 iterations.
Converged after 9 iterations.
Converged after 8 iterations.
Converged after 2 iterations.
Identified bottleneck state: ((2, 3), (), ())
Converged after 7 iterations.
Converged after 7 iterations.
Converged after 7 iterations.
Converged after 7 iterations.
Converged after 7 iterations.
Converged after 7 iterations.
Converged after 7 iterations.
Converged after 7 iterations.
Converged after 7 iterations.
Converged after 7 iterations.
Converged after 7 iterations.
Converged after 7 iterations.
Converged after 7 iterations.
Converged after 7 iterations.
Converged after 7 iterations.
Converged after 7 iterations.
Converged after 6 iterations.
Identified bottleneck state: ((1, 0), (), ())
Converged after 7 iterations.
Converged after 7 iterations.
Converged after 5 iterations.
Identified bottleneck state: ((2, 0), (), ())
Converged after 7 iterations.
Converged after 7 iterations.
Converged after 7 iterations.
Converged after 7 iterations.
Converged after 7 iterations.
Converged after 7 iterations.
Converged after 7 iterations.
Converged after 7 iterations.
Converged after 7 iterations.
Converged after 7 iterations.
Converged after 7 iterations.
Converged after 8 iterations.
Converged after 7 iterations.
Converged after 9 iterations.
Converged after 3 iterations.
Identified bottleneck state: ((2, 2), (), ())
Converged after 2 iterations.
Identified bottleneck state: ((2, 3), (), ())
Converged after 7 iterations.
Converged after 7 iterations.
Converged after 7 iterations.
Converged after 8 iterations.
Converged after 7 iterations.
Converged after 7 iterations.
Converged after 7 iterations.
Converged after 7 iterations.
Converged after 8 iterations.
Converged after 10 iterations.
Converged after 10 iterations.
Converged after 7 iterations.
Converged after 7 iterations.
Converged after 7 iterations.
Converged after 7 iterations.
Converged after 7 iterations.
Converged after 7 iterations.
Converged after 7 iterations.
Converged after 7 iterations.
Converged after 7 iterations.
Converged after 7 iterations.
Converged after 9 iterations.
Converged after 8 iterations.
Converged after 2 iterations.
Identified bottleneck state: ((2, 3), (), ())
Converged after 7 iterations.
Converged after 7 iterations.
Converged after 7 iterations.
Converged after 7 iterations.
Converged after 7 iterations.
Converged after 7 iterations.
Converged after 7 iterations.
Converged after 7 iterations.
Converged after 7 iterations.
Converged after 7 iterations.
Converged after 7 iterations.
Converged after 7 iterations.
Converged after 7 iterations.
Converged after 7 iterations.
Converged after 7 iterations.
Converged after 7 iterations.
Converged after 6 iterations.
Identified bottleneck state: ((1, 0), (), ())
Converged after 7 iterations.
Converged after 7 iterations.
Converged after 5 iterations.
Identified bottleneck state: ((2, 0), (), ())
Converged after 7 iterations.
Converged after 7 iterations.
Converged after 7 iterations.
Converged after 7 iterations.
Converged after 7 iterations.
Converged after 7 iterations.
Converged after 7 iterations.
Converged after 7 iterations.
Converged after 7 iterations.
Converged after 7 iterations.
Converged after 7 iterations.
Converged after 8 iterations.
Converged after 7 iterations.
Converged after 9 iterations.
Converged after 3 iterations.
Identified bottleneck state: ((2, 2), (), ())
Converged after 2 iterations.
Identified bottleneck state: ((2, 3), (), ())
Converged after 7 iterations.
Converged after 7 iterations.
Converged after 7 iterations.
Converged after 7 iterations.
Converged after 8 iterations.
Converged after 7 iterations.
Converged after 7 iterations.
Converged after 8 iterations.
Converged after 7 iterations.
Converged after 8 iterations.
Converged after 8 iterations.
Converged after 6 iterations.
Identified bottleneck state: ((0, 1), (), ())
Converged after 7 iterations.
Converged after 7 iterations.
Converged after 7 iterations.
Converged after 7 iterations.
Converged after 7 iterations.
Converged after 7 iterations.
Converged after 7 iterations.
Converged after 7 iterations.
Converged after 7 iterations.
Converged after 7 iterations.
Converged after 7 iterations.
Converged after 7 iterations.
Converged after 7 iterations.
Converged after 7 iterations.
Converged after 7 iterations.
Converged after 8 iterations.
Converged after 7 iterations.
Converged after 7 iterations.
Converged after 7 iterations.
Converged after 7 iterations.
Converged after 7 iterations.
Converged after 7 iterations.
Converged after 7 iterations.
Converged after 7 iterations.
Converged after 7 iterations.
Converged after 7 iterations.
Converged after 7 iterations.
Converged after 7 iterations.
Converged after 7 iterations.
Converged after 7 iterations.
Converged after 8 iterations.
Converged after 7 iterations.
Converged after 7 iterations.
Converged after 8 iterations.
Converged after 7 iterations.
Converged after 7 iterations.
Converged after 7 iterations.
Converged after 7 iterations.
Converged after 7 iterations.
Converged after 7 iterations.
Converged after 7 iterations.
Converged after 7 iterations.
Converged after 7 iterations.
Converged after 7 iterations.
Converged after 8 iterations.
Converged after 7 iterations.
Converged after 7 iterations.
Converged after 8 iterations.
Converged after 7 iterations.
Converged after 8 iterations.
Converged after 8 iterations.
Number of states 3
Time to build the sparse matrix: 0.00011610984802246094
Time to run value iteration: 0.005800008773803711
Number of states 3
Time to build the sparse matrix: 5.1975250244140625e-05
Time to run value iteration: 0.0059010982513427734
Identified bottleneck state: ((3, 3), (), ())
Identified bottleneck state: ((1, 0), (), ())
Identified bottleneck state: ((3, 3), (), ())
Identified bottleneck state: ((3, 2), (), ())
Identified bottleneck state: ((3, 3), (), ())
Identified bottleneck state: ((3, 3), (), ())
Identified bottleneck state: ((3, 3), (), ())
Converged after 7 iterations.
Converged after 7 iterations.
Converged after 7 iterations.
Converged after 7 iterations.
Converged after 7 iterations.
Converged after 8 iterations.
Converged after 7 iterations.
Converged after 7 iterations.
Converged after 7 iterations.
Converged after 9 iterations.
Converged after 7 iterations.
Converged after 7 iterations.
Converged after 7 iterations.
Converged after 7 iterations.
Converged after 7 iterations.
Converged after 6 iterations.
Identified bottleneck state: ((1, 0), (), ())
Converged after 7 iterations.
Converged after 7 iterations.
Converged after 7 iterations.
Converged after 7 iterations.
Converged after 7 iterations.
Converged after 7 iterations.
Converged after 7 iterations.
Converged after 7 iterations.
Converged after 7 iterations.
Converged after 7 iterations.
Converged after 7 iterations.
Converged after 7 iterations.
Converged after 7 iterations.
Converged after 7 iterations.
Converged after 7 iterations.
Converged after 9 iterations.
Converged after 7 iterations.
Converged after 7 iterations.
Converged after 7 iterations.
Converged after 8 iterations.
Converged after 7 iterations.
Converged after 7 iterations.
Converged after 2 iterations.
Identified bottleneck state: ((3, 2), (), ())
Converged after 7 iterations.
Converged after 7 iterations.
Converged after 7 iterations.
Converged after 7 iterations.
Converged after 8 iterations.
Converged after 7 iterations.
Converged after 7 iterations.
Converged after 7 iterations.
Converged after 7 iterations.
Converged after 7 iterations.
Converged after 7 iterations.
Converged after 7 iterations.
Converged after 7 iterations.
Converged after 7 iterations.
Converged after 8 iterations.
Converged after 7 iterations.
Converged after 7 iterations.
Converged after 7 iterations.
Converged after 7 iterations.
Converged after 8 iterations.
Converged after 7 iterations.
Converged after 7 iterations.
Converged after 7 iterations.
Converged after 7 iterations.
Converged after 7 iterations.
Converged after 7 iterations.
Converged after 7 iterations.
Converged after 7 iterations.
Converged after 7 iterations.
Converged after 7 iterations.
Converged after 7 iterations.
Converged after 8 iterations.
Converged after 7 iterations.
Converged after 7 iterations.
Converged after 7 iterations.
Converged after 9 iterations.
Converged after 7 iterations.
Converged after 7 iterations.
Converged after 7 iterations.
Converged after 7 iterations.
Converged after 7 iterations.
Converged after 6 iterations.
Identified bottleneck state: ((1, 0), (), ())
Converged after 7 iterations.
Converged after 7 iterations.
Converged after 7 iterations.
Converged after 7 iterations.
Converged after 7 iterations.
Converged after 7 iterations.
Converged after 7 iterations.
Converged after 7 iterations.
Converged after 7 iterations.
Converged after 7 iterations.
Converged after 7 iterations.
Converged after 7 iterations.
Converged after 7 iterations.
Converged after 7 iterations.
Converged after 7 iterations.
Converged after 9 iterations.
Converged after 7 iterations.
Converged after 7 iterations.
Converged after 7 iterations.
Converged after 8 iterations.
Converged after 7 iterations.
Converged after 7 iterations.
Converged after 2 iterations.
Identified bottleneck state: ((3, 2), (), ())
Converged after 7 iterations.
Converged after 7 iterations.
Converged after 7 iterations.
Converged after 7 iterations.
Converged after 8 iterations.
Converged after 7 iterations.
Converged after 7 iterations.
Converged after 7 iterations.
Converged after 7 iterations.
Converged after 7 iterations.
Converged after 7 iterations.
Converged after 7 iterations.
Converged after 7 iterations.
Converged after 7 iterations.
Converged after 8 iterations.
Converged after 7 iterations.
Converged after 7 iterations.
Converged after 7 iterations.
Converged after 7 iterations.
Converged after 8 iterations.
Converged after 7 iterations.
Converged after 7 iterations.
Converged after 7 iterations.
Converged after 7 iterations.
Converged after 7 iterations.
Converged after 7 iterations.
Number of states 9
Time to build the sparse matrix: 0.0002522468566894531
Time to run value iteration: 0.008750200271606445
Number of states 9
Time to build the sparse matrix: 0.0001709461212158203
Time to run value iteration: 0.008580923080444336
Identified bottleneck state: ((3, 3), (), ())
Identified bottleneck state: ((3, 3), (), ())
Identified bottleneck state: ((2, 3), (), ())
Identified bottleneck state: ((3, 3), (), ())
Identified bottleneck state: ((3, 2), (), ())
Identified bottleneck state: ((3, 3), (), ())
Identified bottleneck state: ((3, 3), (), ())
Converged after 7 iterations.
Converged after 7 iterations.
Converged after 7 iterations.
Converged after 7 iterations.
Converged after 8 iterations.
Converged after 7 iterations.
Converged after 7 iterations.
Converged after 7 iterations.
Converged after 7 iterations.
Converged after 7 iterations.
Converged after 7 iterations.
Converged after 7 iterations.
Converged after 7 iterations.
Converged after 7 iterations.
Converged after 7 iterations.
Converged after 7 iterations.
Converged after 7 iterations.
Converged after 7 iterations.
Converged after 7 iterations.
Converged after 7 iterations.
Converged after 7 iterations.
Converged after 7 iterations.
Converged after 7 iterations.
Converged after 7 iterations.
Converged after 7 iterations.
Converged after 7 iterations.
Converged after 7 iterations.
Converged after 7 iterations.
Converged after 7 iterations.
Converged after 7 iterations.
Converged after 7 iterations.
Converged after 7 iterations.
Converged after 7 iterations.
Converged after 7 iterations.
Converged after 9 iterations.
Converged after 8 iterations.
Time to build the sparse matrix: 7.605552673339844e-05
Time to run value iteration: 0.005865812301635742
Identified bottleneck state: ((3, 3), (), ())
Identified bottleneck state: ((3, 3), (), ())
Identified bottleneck state: ((3, 3), (), ())
Identified bottleneck state: ((3, 3), (), ())
Identified bottleneck state: ((3, 3), (), ())
Converged after 7 iterations.
Converged after 7 iterations.
Converged after 7 iterations.
Converged after 7 iterations.
Converged after 7 iterations.
Converged after 8 iterations.
Converged after 7 iterations.
Converged after 7 iterations.
Converged after 8 iterations.
Converged after 7 iterations.
Converged after 7 iterations.
Converged after 7 iterations.
Converged after 7 iterations.
Converged after 7 iterations.
Converged after 7 iterations.
Converged after 7 iterations.
Converged after 8 iterations.
Converged after 7 iterations.
Converged after 7 iterations.
Converged after 7 iterations.
Converged after 7 iterations.
Converged after 7 iterations.
Converged after 7 iterations.
Converged after 7 iterations.
Converged after 7 iterations.
Converged after 7 iterations.
Converged after 7 iterations.
Converged after 7 iterations.
Converged after 7 iterations.
Converged after 7 iterations.
Converged after 8 iterations.
Converged after 7 iterations.
Converged after 7 iterations.
Converged after 7 iterations.
Converged after 7 iterations.
Converged after 7 iterations.
Converged after 7 iterations.
Converged after 7 iterations.
Converged after 7 iterations.
Converged after 7 iterations.
Converged after 7 iterations.
Converged after 7 iterations.
Converged after 7 iterations.
Converged after 8 iterations.
Converged after 7 iterations.
Converged after 7 iterations.
Converged after 7 iterations.
Converged after 7 iterations.
Converged after 7 iterations.
Converged after 7 iterations.
Converged after 7 iterations.
Converged after 7 iterations.
Converged after 7 iterations.
Converged after 7 iterations.
Converged after 7 iterations.
Converged after 8 iterations.
Converged after 7 iterations.
Converged after 7 iterations.
Converged after 7 iterations.
Converged after 7 iterations.
Converged after 7 iterations.
Converged after 7 iterations.
Converged after 7 iterations.
Converged after 7 iterations.
Converged after 7 iterations.
Converged after 7 iterations.
Converged after 7 iterations.
Converged after 7 iterations.
Converged after 7 iterations.
Converged after 7 iterations.
Converged after 8 iterations.
Converged after 7 iterations.
Converged after 7 iterations.
Converged after 8 iterations.
Converged after 7 iterations.
Converged after 7 iterations.
Converged after 7 iterations.
Converged after 7 iterations.
Converged after 7 iterations.
Converged after 7 iterations.
Converged after 7 iterations.
Converged after 8 iterations.
Converged after 7 iterations.
Converged after 7 iterations.
Converged after 7 iterations.
Converged after 7 iterations.
Converged after 7 iterations.
Converged after 7 iterations.
Converged after 7 iterations.
Converged after 7 iterations.
Converged after 7 iterations.
Converged after 7 iterations.
Converged after 7 iterations.
Converged after 7 iterations.
Converged after 7 iterations.
Converged after 8 iterations.
Converged after 7 iterations.
Converged after 7 iterations.
Converged after 7 iterations.
Converged after 7 iterations.
Converged after 7 iterations.
Converged after 7 iterations.
Converged after 7 iterations.
Converged after 7 iterations.
Converged after 7 iterations.
Converged after 7 iterations.
Converged after 7 iterations.
Converged after 7 iterations.
Converged after 8 iterations.
Converged after 7 iterations.
Converged after 7 iterations.
Converged after 7 iterations.
Converged after 7 iterations.
Converged after 7 iterations.
Converged after 7 iterations.
Converged after 7 iterations.
Converged after 7 iterations.
Converged after 7 iterations.
Converged after 7 iterations.
Converged after 7 iterations.
Converged after 8 iterations.
Converged after 7 iterations.
Converged after 7 iterations.
Converged after 7 iterations.
Converged after 7 iterations.
Converged after 7 iterations.
Converged after 7 iterations.
Converged after 7 iterations.
Converged after 7 iterations.
Converged after 7 iterations.
Identified bottleneck state: ((3, 3), (), ())
Identified bottleneck state: ((0, 1), (), ())
Identified bottleneck state: ((3, 3), (), ())
Identified bottleneck state: ((2, 3), (), ())
Identified bottleneck state: ((3, 3), (), ())
Identified bottleneck state: ((3, 3), (), ())
Identified bottleneck state: ((3, 3), (), ())
Converged after 7 iterations.
Converged after 7 iterations.
Converged after 7 iterations.
Converged after 8 iterations.
Converged after 7 iterations.
Converged after 7 iterations.
Converged after 7 iterations.
Converged after 7 iterations.
Converged after 7 iterations.
Converged after 7 iterations.
Converged after 7 iterations.
Converged after 7 iterations.
Converged after 7 iterations.
Converged after 6 iterations.
Identified bottleneck state: ((0, 1), (), ())
Converged after 7 iterations.
Converged after 7 iterations.
Converged after 7 iterations.
Converged after 7 iterations.
Converged after 7 iterations.
Converged after 7 iterations.
Converged after 7 iterations.
Converged after 7 iterations.
Converged after 7 iterations.
Converged after 7 iterations.
Converged after 7 iterations.
Converged after 7 iterations.
Converged after 7 iterations.
Converged after 7 iterations.
Converged after 7 iterations.
Converged after 7 iterations.
Converged after 7 iterations.
Converged after 7 iterations.
Converged after 7 iterations.
Converged after 7 iterations.
Converged after 9 iterations.
Converged after 8 iterations.
Converged after 2 iterations.
Identified bottleneck state: ((2, 3), (), ())
Converged after 7 iterations.
Converged after 7 iterations.
Converged after 7 iterations.
Converged after 7 iterations.
Converged after 7 iterations.
Converged after 8 iterations.
Converged after 7 iterations.
Converged after 7 iterations.
Converged after 7 iterations.
Converged after 7 iterations.
Converged after 7 iterations.
Converged after 7 iterations.
Converged after 7 iterations.
Converged after 7 iterations.
Converged after 7 iterations.
Converged after 7 iterations.
Converged after 7 iterations.
Converged after 7 iterations.
Converged after 7 iterations.
Converged after 7 iterations.
Converged after 7 iterations.
Converged after 8 iterations.
Converged after 7 iterations.
Converged after 7 iterations.
Converged after 8 iterations.
Converged after 7 iterations.
Converged after 8 iterations.
Converged after 8 iterations.
Converged after 7 iterations.
Converged after 7 iterations.
Converged after 7 iterations.
Converged after 8 iterations.
Converged after 7 iterations.
Converged after 7 iterations.
Converged after 7 iterations.
Converged after 7 iterations.
Converged after 7 iterations.
Converged after 7 iterations.
Converged after 7 iterations.
Converged after 7 iterations.
Converged after 7 iterations.
Converged after 6 iterations.
Identified bottleneck state: ((0, 1), (), ())
Converged after 7 iterations.
Converged after 7 iterations.
Converged after 7 iterations.
Converged after 7 iterations.
Converged after 7 iterations.
Converged after 7 iterations.
Converged after 7 iterations.
Converged after 7 iterations.
Converged after 7 iterations.
Converged after 7 iterations.
Converged after 7 iterations.
Converged after 7 iterations.
Converged after 7 iterations.
Converged after 7 iterations.
Converged after 7 iterations.
Converged after 7 iterations.
Converged after 7 iterations.
Converged after 7 iterations.
Converged after 7 iterations.
Converged after 7 iterations.
Converged after 9 iterations.
Converged after 8 iterations.
Converged after 2 iterations.
Identified bottleneck state: ((2, 3), (), ())
Converged after 7 iterations.
Converged after 7 iterations.
Converged after 7 iterations.
Converged after 7 iterations.
Converged after 7 iterations.
Converged after 8 iterations.
Converged after 7 iterations.
Converged after 7 iterations.
Converged after 7 iterations.
Converged after 7 iterations.
Converged after 7 iterations.
Converged after 7 iterations.
Converged after 7 iterations.
Number of states 81
Time to build the sparse matrix: 0.011636018753051758
Time to run value iteration: 0.015766143798828125
Number of states 81
Time to build the sparse matrix: 0.01117086410522461
Time to run value iteration: 0.015208959579467773
Identified bottleneck state: ((3, 3), (), ())
Identified bottleneck state: ((3, 3), (), ())
Identified bottleneck state: ((0, 1), (), ())
Identified bottleneck state: ((0, 2), (), ())
Identified bottleneck state: ((3, 3), (), ())
Identified bottleneck state: ((3, 3), (), ())
Identified bottleneck state: ((1, 0), (), ())
Identified bottleneck state: ((3, 3), (), ())
Converged after 7 iterations.
Converged after 8 iterations.
Converged after 7 iterations.
Converged after 7 iterations.
Converged after 7 iterations.
Converged after 10 iterations.
Converged after 8 iterations.
Converged after 7 iterations.
Converged after 11 iterations.
Converged after 7 iterations.
Converged after 10 iterations.
Converged after 11 iterations.
Converged after 7 iterations.
Converged after 7 iterations.
Converged after 7 iterations.
Converged after 7 iterations.
Converged after 8 iterations.
Converged after 7 iterations.
Converged after 8 iterations.
Converged after 7 iterations.
Converged after 8 iterations.
Converged after 7 iterations.
Converged after 7 iterations.
Converged after 8 iterations.
Converged after 6 iterations.
Identified bottleneck state: ((0, 1), (), ())
Converged after 5 iterations.
Identified bottleneck state: ((0, 2), (), ())
Converged after 7 iterations.
Converged after 7 iterations.
Converged after 7 iterations.
Converged after 7 iterations.
Converged after 7 iterations.
Converged after 7 iterations.
Converged after 7 iterations.
Converged after 7 iterations.
Converged after 7 iterations.
Converged after 7 iterations.
Converged after 7 iterations.
Converged after 7 iterations.
Converged after 7 iterations.
Converged after 7 iterations.
Converged after 7 iterations.
Converged after 7 iterations.
Converged after 7 iterations.
Converged after 7 iterations.
Converged after 7 iterations.
Converged after 7 iterations.
Converged after 7 iterations.
Converged after 7 iterations.
Converged after 7 iterations.
Converged after 7 iterations.
Converged after 6 iterations.
Identified bottleneck state: ((1, 0), (), ())
Converged after 7 iterations.
Converged after 7 iterations.
Converged after 7 iterations.
Converged after 7 iterations.
Converged after 8 iterations.
Converged after 7 iterations.
Converged after 7 iterations.
Converged after 7 iterations.
Converged after 7 iterations.
Converged after 7 iterations.
Converged after 8 iterations.
Converged after 7 iterations.
Converged after 7 iterations.
Converged after 7 iterations.
Converged after 10 iterations.
Converged after 8 iterations.
Converged after 7 iterations.
Converged after 11 iterations.
Converged after 7 iterations.
Converged after 10 iterations.
Converged after 11 iterations.
Converged after 7 iterations.
Converged after 7 iterations.
Converged after 7 iterations.
Converged after 7 iterations.
Converged after 8 iterations.
Converged after 7 iterations.
Converged after 8 iterations.
Converged after 7 iterations.
Converged after 8 iterations.
Converged after 7 iterations.
Converged after 7 iterations.
Converged after 8 iterations.
Converged after 6 iterations.
Identified bottleneck state: ((0, 1), (), ())
Converged after 5 iterations.
Identified bottleneck state: ((0, 2), (), ())
Converged after 7 iterations.
Converged after 7 iterations.
Converged after 7 iterations.
Converged after 7 iterations.
Converged after 7 iterations.
Converged after 7 iterations.
Converged after 7 iterations.
Converged after 7 iterations.
Converged after 7 iterations.
Converged after 7 iterations.
Converged after 7 iterations.
Converged after 7 iterations.
Converged after 7 iterations.
Converged after 7 iterations.
Converged after 7 iterations.
Converged after 7 iterations.
Converged after 7 iterations.
Converged after 7 iterations.
Converged after 7 iterations.
Converged after 7 iterations.
Converged after 7 iterations.
Converged after 7 iterations.
Converged after 7 iterations.
Converged after 7 iterations.
Converged after 6 iterations.
Identified bottleneck state: ((1, 0), (), ())
Converged after 7 iterations.
Converged after 7 iterations.
Converged after 7 iterations.
Converged after 7 iterations.
Converged after 8 iterations.
Converged after 7 iterations.
Converged after 7 iterations.
Converged after 7 iterations.
Converged after 7 iterations.
Number of states 27
Time to build the sparse matrix: 0.0012688636779785156
Time to run value iteration: 0.011626005172729492
Number of states 27
Time to build the sparse matrix: 0.0011420249938964844
Time to run value iteration: 0.011826038360595703
Identified bottleneck state: ((3, 3), (), ())
Identified bottleneck state: ((3, 3), (), ())
Identified bottleneck state: ((2, 3), (), ())
Identified bottleneck state: ((3, 3), (), ())
Identified bottleneck state: ((3, 2), (), ())
Identified bottleneck state: ((3, 3), (), ())
Identified bottleneck state: ((3, 3), (), ())
Converged after 7 iterations.
Converged after 8 iterations.
Converged after 9 iterations.
Converged after 7 iterations.
Converged after 7 iterations.
Converged after 10 iterations.
Converged after 8 iterations.
Converged after 7 iterations.
Converged after 11 iterations.
Converged after 9 iterations.
Converged after 10 iterations.
Converged after 11 iterations.
Converged after 7 iterations.
Converged after 7 iterations.
Converged after 7 iterations.
Converged after 7 iterations.
Converged after 7 iterations.
Converged after 7 iterations.
Converged after 8 iterations.
Converged after 7 iterations.
Converged after 7 iterations.
Converged after 8 iterations.
Converged after 7 iterations.
Converged after 7 iterations.
Converged after 7 iterations.
Converged after 7 iterations.
Converged after 7 iterations.
Converged after 7 iterations.
Converged after 7 iterations.
Converged after 8 iterations.
Converged after 7 iterations.
Converged after 11 iterations.
Converged after 10 iterations.
Converged after 2 iterations.
Identified bottleneck state: ((2, 3), (), ())
Converged after 7 iterations.
Converged after 7 iterations.
Converged after 7 iterations.
Converged after 7 iterations.
Converged after 7 iterations.
Converged after 8 iterations.
Converged after 7 iterations.
Converged after 7 iterations.
Converged after 7 iterations.
Converged after 7 iterations.
Converged after 8 iterations.
Converged after 7 iterations.
Converged after 7 iterations.
Converged after 2 iterations.
Identified bottleneck state: ((3, 2), (), ())
Converged after 7 iterations.
Converged after 7 iterations.
Converged after 7 iterations.
Converged after 7 iterations.
Converged after 7 iterations.
Converged after 10 iterations.
Converged after 7 iterations.
Converged after 10 iterations.
Converged after 7 iterations.
Converged after 7 iterations.
Converged after 8 iterations.
Converged after 9 iterations.
Converged after 7 iterations.
Converged after 8 iterations.
Converged after 9 iterations.
Converged after 7 iterations.
Converged after 7 iterations.
Converged after 10 iterations.
Converged after 8 iterations.
Converged after 7 iterations.
Converged after 11 iterations.
Converged after 9 iterations.
Converged after 10 iterations.
Converged after 11 iterations.
Converged after 7 iterations.
Converged after 7 iterations.
Converged after 7 iterations.
Converged after 7 iterations.
Converged after 7 iterations.
Converged after 7 iterations.
Converged after 8 iterations.
Converged after 7 iterations.
Converged after 7 iterations.
Converged after 8 iterations.
Converged after 7 iterations.
Converged after 7 iterations.
Converged after 7 iterations.
Converged after 7 iterations.
Converged after 7 iterations.
Converged after 7 iterations.
Converged after 7 iterations.
Converged after 8 iterations.
Converged after 7 iterations.
Converged after 11 iterations.
Converged after 10 iterations.
Converged after 2 iterations.
Identified bottleneck state: ((2, 3), (), ())
Converged after 7 iterations.
Converged after 7 iterations.
Converged after 7 iterations.
Converged after 7 iterations.
Converged after 7 iterations.Converged after 2 iterations.
Identified bottleneck state: ((2, 3), (), ())
Converged after 7 iterations.
Converged after 7 iterations.
Converged after 7 iterations.
Converged after 7 iterations.
Converged after 7 iterations.
Converged after 7 iterations.
Converged after 7 iterations.
Converged after 9 iterations.
Converged after 7 iterations.
Converged after 7 iterations.
Converged after 7 iterations.
Converged after 8 iterations.
Converged after 7 iterations.
Converged after 7 iterations.
Converged after 2 iterations.
Identified bottleneck state: ((3, 2), (), ())
Converged after 7 iterations.
Converged after 7 iterations.
Converged after 7 iterations.
Converged after 7 iterations.
Converged after 7 iterations.
Converged after 8 iterations.
Converged after 7 iterations.
Converged after 7 iterations.
Converged after 7 iterations.
Converged after 9 iterations.
Converged after 7 iterations.
Converged after 7 iterations.
Converged after 7 iterations.
Converged after 7 iterations.
Converged after 7 iterations.
Converged after 7 iterations.
Converged after 7 iterations.
Converged after 8 iterations.
Converged after 7 iterations.
Converged after 7 iterations.
Converged after 7 iterations.
Converged after 7 iterations.
Converged after 7 iterations.
Converged after 7 iterations.
Converged after 7 iterations.
Converged after 7 iterations.
Converged after 7 iterations.
Converged after 7 iterations.
Converged after 7 iterations.
Converged after 7 iterations.
Converged after 7 iterations.
Converged after 7 iterations.
Converged after 7 iterations.
Converged after 7 iterations.
Converged after 7 iterations.
Converged after 7 iterations.
Converged after 7 iterations.
Converged after 7 iterations.
Converged after 7 iterations.
Converged after 7 iterations.
Converged after 7 iterations.
Converged after 7 iterations.
Converged after 7 iterations.
Converged after 7 iterations.
Converged after 7 iterations.
Converged after 7 iterations.
Converged after 7 iterations.
Converged after 9 iterations.
Converged after 8 iterations.
Converged after 2 iterations.
Identified bottleneck state: ((2, 3), (), ())
Converged after 7 iterations.
Converged after 7 iterations.
Converged after 7 iterations.
Converged after 7 iterations.
Converged after 7 iterations.
Converged after 7 iterations.
Converged after 7 iterations.
Converged after 9 iterations.
Converged after 7 iterations.
Converged after 7 iterations.
Converged after 7 iterations.
Converged after 8 iterations.
Converged after 7 iterations.
Converged after 7 iterations.
Converged after 2 iterations.
Identified bottleneck state: ((3, 2), (), ())
Converged after 7 iterations.
Converged after 7 iterations.
Converged after 7 iterations.
Converged after 7 iterations.
Converged after 7 iterations.
Converged after 8 iterations.
Converged after 7 iterations.
Converged after 7 iterations.
Converged after 7 iterations.
Converged after 9 iterations.
Converged after 7 iterations.
Converged after 7 iterations.
Converged after 7 iterations.
Number of states 9
Time to build the sparse matrix: 0.00024962425231933594
Time to run value iteration: 0.008891820907592773
Number of states 9
Time to build the sparse matrix: 0.00020885467529296875
Time to run value iteration: 0.008697032928466797
Identified bottleneck state: ((3, 3), (), ())
Identified bottleneck state: ((0, 1), (), ())
Identified bottleneck state: ((3, 3), (), ())
Identified bottleneck state: ((3, 3), (), ())
Identified bottleneck state: ((3, 2), (), ())
Identified bottleneck state: ((3, 3), (), ())
Identified bottleneck state: ((3, 3), (), ())
Converged after 7 iterations.
Converged after 7 iterations.
Converged after 7 iterations.
Converged after 7 iterations.
Converged after 7 iterations.
Converged after 7 iterations.
Converged after 7 iterations.
Converged after 7 iterations.
Converged after 7 iterations.
Converged after 7 iterations.
Converged after 8 iterations.
Converged after 8 iterations.
Converged after 6 iterations.
Identified bottleneck state: ((0, 1), (), ())
Converged after 7 iterations.
Converged after 7 iterations.
Converged after 7 iterations.
Converged after 7 iterations.
Converged after 8 iterations.
Converged after 7 iterations.
Converged after 7 iterations.
Converged after 8 iterations.
Converged after 7 iterations.
Converged after 8 iterations.
Converged after 8 iterations.
Converged after 7 iterations.
Converged after 7 iterations.
Converged after 7 iterations.
Converged after 7 iterations.
Converged after 7 iterations.
Converged after 8 iterations.
Converged after 7 iterations.
Converged after 7 iterations.
Converged after 9 iterations.
Converged after 7 iterations.
Converged after 10 iterations.
Converged after 10 iterations.
Converged after 7 iterations.
Converged after 8 iterations.
Converged after 7 iterations.
Converged after 7 iterations.
Converged after 11 iterations.
Converged after 7 iterations.
Converged after 8 iterations.
Converged after 7 iterations.
Converged after 11 iterations.
Converged after 7 iterations.
Converged after 7 iterations.
Converged after 2 iterations.
Identified bottleneck state: ((3, 2), (), ())
Converged after 7 iterations.
Converged after 7 iterations.
Converged after 7 iterations.
Converged after 8 iterations.
Converged after 7 iterations.
Converged after 7 iterations.
Converged after 8 iterations.
Converged after 7 iterations.
Converged after 7 iterations.
Converged after 7 iterations.
Converged after 7 iterations.
Converged after 7 iterations.
Converged after 7 iterations.
Converged after 7 iterations.
Converged after 7 iterations.
Converged after 7 iterations.
Converged after 7 iterations.
Converged after 7 iterations.
Converged after 7 iterations.
Converged after 7 iterations.
Converged after 7 iterations.
Converged after 7 iterations.
Converged after 8 iterations.
Converged after 8 iterations.
Converged after 6 iterations.
Identified bottleneck state: ((0, 1), (), ())
Converged after 7 iterations.
Converged after 7 iterations.
Converged after 7 iterations.
Converged after 7 iterations.
Converged after 8 iterations.
Converged after 7 iterations.
Converged after 7 iterations.
Converged after 8 iterations.
Converged after 7 iterations.
Converged after 8 iterations.
Converged after 8 iterations.
Converged after 7 iterations.
Converged after 7 iterations.
Converged after 7 iterations.
Converged after 7 iterations.
Converged after 7 iterations.
Converged after 8 iterations.
Converged after 7 iterations.
Converged after 7 iterations.
Converged after 9 iterations.
Converged after 7 iterations.
Converged after 10 iterations.
Converged after 10 iterations.
Converged after 7 iterations.
Converged after 8 iterations.
Converged after 7 iterations.
Converged after 7 iterations.
Converged after 11 iterations.
Converged after 7 iterations.
Converged after 8 iterations.
Converged after 7 iterations.
Converged after 11 iterations.
Converged after 7 iterations.
Converged after 7 iterations.
Converged after 2 iterations.
Identified bottleneck state: ((3, 2), (), ())
Converged after 7 iterations.
Converged after 7 iterations.
Converged after 7 iterations.
Converged after 8 iterations.
Converged after 7 iterations.
Converged after 7 iterations.
Converged after 8 iterations.
Converged after 7 iterations.
Converged after 7 iterations.
Converged after 7 iterations.
Converged after 7 iterations.
Converged after 7 iterations.
Number of states 9
Time to build the sparse matrix: 0.00024771690368652344
Time to run value iteration: 0.008830070495605469
Number of states 9
Time to build the sparse matrix: 0.00017404556274414062
Time to run value iteration: 0.008831977844238281
Identified bottleneck state: ((3, 3), (), ())
Identified bottleneck state: ((1, 0), (), ())
Identified bottleneck state: ((3, 3), (), ())
Identified bottleneck state: ((3, 2), (), ())
Identified bottleneck state: ((3, 3), (), ())
Identified bottleneck state: ((3, 3), (), ())
Identified bottleneck state: ((0, 1), (), ())
Identified bottleneck state: ((0, 2), (), ())
Identified bottleneck state: ((3, 3), (), ())
Converged after 7 iterations.
Converged after 7 iterations.
Converged after 7 iterations.
Converged after 8 iterations.
Converged after 7 iterations.
Converged after 7 iterations.
Converged after 7 iterations.
Converged after 7 iterations.
Converged after 7 iterations.
Converged after 7 iterations.
Converged after 7 iterations.
Converged after 7 iterations.
Converged after 7 iterations.
Converged after 8 iterations.
Converged after 7 iterations.
Converged after 7 iterations.
Converged after 8 iterations.
Converged after 7 iterations.
Converged after 8 iterations.
Converged after 8 iterations.
Number of states 9
Time to build the sparse matrix: 0.00023221969604492188
Time to run value iteration: 0.009001970291137695
Number of states 9
Time to build the sparse matrix: 0.00021386146545410156
Time to run value iteration: 0.008838891983032227
Identified bottleneck state: ((3, 3), (), ())
Identified bottleneck state: ((3, 3), (), ())
Identified bottleneck state: ((1, 3), (), ())
Identified bottleneck state: ((2, 3), (), ())
Identified bottleneck state: ((3, 3), (), ())
Identified bottleneck state: ((3, 3), (), ())
Identified bottleneck state: ((3, 3), (), ())
Converged after 7 iterations.
Converged after 8 iterations.
Converged after 7 iterations.
Converged after 7 iterations.
Converged after 7 iterations.
Converged after 7 iterations.
Converged after 8 iterations.
Converged after 9 iterations.
Converged after 7 iterations.
Converged after 7 iterations.
Converged after 7 iterations.
Converged after 7 iterations.
Converged after 7 iterations.
Converged after 8 iterations.
Converged after 9 iterations.
Converged after 7 iterations.
Converged after 7 iterations.
Converged after 10 iterations.
Converged after 8 iterations.
Converged after 7 iterations.
Converged after 11 iterations.
Converged after 9 iterations.
Converged after 10 iterations.
Converged after 11 iterations.
Converged after 8 iterations.
Converged after 8 iterations.
Converged after 8 iterations.
Converged after 8 iterations.
Converged after 10 iterations.
Converged after 10 iterations.
Converged after 3 iterations.
Identified bottleneck state: ((1, 3), (), ())
Converged after 7 iterations.
Converged after 8 iterations.
Converged after 2 iterations.
Identified bottleneck state: ((2, 3), (), ())
Converged after 8 iterations.
Converged after 8 iterations.
Converged after 7 iterations.
Converged after 7 iterations.
Converged after 7 iterations.
Converged after 7 iterations.
Converged after 7 iterations.
Converged after 8 iterations.
Converged after 7 iterations.
Converged after 7 iterations.
Converged after 9 iterations.
Converged after 7 iterations.
Converged after 10 iterations.
Converged after 10 iterations.
Converged after 7 iterations.
Converged after 7 iterations.
Converged after 7 iterations.
Converged after 7 iterations.
Converged after 7 iterations.
Converged after 8 iterations.
Converged after 7 iterations.
Converged after 10 iterations.
Converged after 10 iterations.
Converged after 9 iterations.
Converged after 7 iterations.
Converged after 7 iterations.
Converged after 7 iterations.
Converged after 8 iterations.
Converged after 7 iterations.
Converged after 7 iterations.
Converged after 7 iterations.
Converged after 7 iterations.
Converged after 8 iterations.
Converged after 9 iterations.
Converged after 7 iterations.
Converged after 7 iterations.
Converged after 7 iterations.
Converged after 7 iterations.
Converged after 7 iterations.
Converged after 8 iterations.
Converged after 9 iterations.
Converged after 7 iterations.
Converged after 7 iterations.
Converged after 10 iterations.
Converged after 8 iterations.
Converged after 7 iterations.
Converged after 11 iterations.
Converged after 9 iterations.
Converged after 10 iterations.
Converged after 11 iterations.
Converged after 8 iterations.
Converged after 8 iterations.
Converged after 8 iterations.
Converged after 8 iterations.
Converged after 10 iterations.
Converged after 10 iterations.
Converged after 3 iterations.
Identified bottleneck state: ((1, 3), (), ())
Converged after 7 iterations.
Converged after 8 iterations.
Converged after 2 iterations.
Identified bottleneck state: ((2, 3), (), ())
Converged after 8 iterations.
Converged after 8 iterations.
Converged after 7 iterations.
Converged after 7 iterations.
Converged after 7 iterations.
Converged after 7 iterations.
Converged after 7 iterations.
Converged after 8 iterations.
Converged after 7 iterations.
Converged after 7 iterations.
Converged after 9 iterations.
Converged after 7 iterations.
Converged after 10 iterations.
Converged after 10 iterations.
Converged after 7 iterations.
Converged after 7 iterations.
Converged after 7 iterations.
Converged after 7 iterations.
Converged after 7 iterations.
Converged after 8 iterations.
Converged after 7 iterations.
Converged after 10 iterations.
Converged after 10 iterations.
Converged after 9 iterations.
Converged after 7 iterations.
Converged after 7 iterations.
Number of states 9
Time to build the sparse matrix: 0.0002560615539550781
Time to run value iteration: 0.008990764617919922
Number of states 9
Time to build the sparse matrix: 0.00017523765563964844
Time to run value iteration: 0.008897066116333008
Identified bottleneck state: ((0, 1), (), ())
Identified bottleneck state: ((3, 3), (), ())
Identified bottleneck state: ((3, 3), (), ())
Identified bottleneck state: ((3, 3), (), ())
Identified bottleneck state: ((3, 3), (), ())
Identified bottleneck state: ((3, 3), (), ())
Converged after 6 iterations.
Identified bottleneck state: ((0, 1), (), ())
Converged after 7 iterations.
Converged after 7 iterations.
Converged after 7 iterations.
Converged after 7 iterations.
Converged after 7 iterations.
Converged after 7 iterations.
Converged after 7 iterations.
Converged after 7 iterations.
Converged after 7 iterations.
Converged after 7 iterations.
Converged after 7 iterations.
Converged after 7 iterations.
Converged after 7 iterations.
Converged after 7 iterations.
Converged after 7 iterations.
Converged after 7 iterations.
Converged after 7 iterations.
Converged after 7 iterations.
Converged after 7 iterations.
Converged after 7 iterations.
Converged after 7 iterations.
Converged after 8 iterations.
Converged after 8 iterations.
Converged after 7 iterations.
Converged after 8 iterations.
Converged after 7 iterations.
Converged after 7 iterations.
Converged after 10 iterations.
Converged after 8 iterations.
Converged after 7 iterations.
Converged after 10 iterations.
Converged after 7 iterations.
Converged after 7 iterations.
Converged after 7 iterations.
Converged after 7 iterations.
Converged after 7 iterations.
Converged after 7 iterations.
Converged after 7 iterations.
Converged after 9 iterations.
Converged after 7 iterations.
Converged after 7 iterations.
Converged after 9 iterations.
Converged after 7 iterations.
Converged after 7 iterations.
Converged after 7 iterations.
Converged after 7 iterations.
Converged after 7 iterations.
Converged after 7 iterations.
Converged after 7 iterations.
Converged after 7 iterations.
Converged after 8 iterations.
Converged after 7 iterations.
Converged after 7 iterations.
Converged after 7 iterations.
Converged after 7 iterations.
Converged after 7 iterations.
Converged after 7 iterations.
Converged after 7 iterations.
Converged after 7 iterations.
Converged after 6 iterations.
Identified bottleneck state: ((0, 1), (), ())
Converged after 7 iterations.
Converged after 7 iterations.
Converged after 7 iterations.
Converged after 7 iterations.
Converged after 7 iterations.
Converged after 7 iterations.
Converged after 7 iterations.
Converged after 7 iterations.
Converged after 7 iterations.
Converged after 7 iterations.
Converged after 7 iterations.
Converged after 7 iterations.
Converged after 7 iterations.
Converged after 7 iterations.
Converged after 7 iterations.
Converged after 7 iterations.
Converged after 7 iterations.
Converged after 7 iterations.
Converged after 7 iterations.
Converged after 7 iterations.
Converged after 7 iterations.
Converged after 8 iterations.
Converged after 8 iterations.
Converged after 7 iterations.
Converged after 8 iterations.
Converged after 7 iterations.
Converged after 7 iterations.
Converged after 10 iterations.
Converged after 8 iterations.
Converged after 7 iterations.
Converged after 7 iterations.
Converged after 7 iterations.
Converged after 7 iterations.
Converged after 7 iterations.
Converged after 7 iterations.
Converged after 7 iterations.
Converged after 7 iterations.
Converged after 7 iterations.
Converged after 7 iterations.
Converged after 6 iterations.
Identified bottleneck state: ((1, 0), (), ())
Converged after 7 iterations.
Converged after 7 iterations.
Converged after 7 iterations.
Converged after 7 iterations.
Converged after 7 iterations.
Converged after 7 iterations.
Converged after 7 iterations.
Converged after 8 iterations.
Converged after 9 iterations.
Converged after 7 iterations.
Converged after 7 iterations.
Converged after 8 iterations.
Converged after 9 iterations.
Converged after 11 iterations.
Converged after 9 iterations.
Converged after 9 iterations.
Converged after 11 iterations.
Converged after 9 iterations.
Converged after 9 iterations.
Converged after 9 iterations.
Converged after 2 iterations.
Identified bottleneck state: ((3, 2), (), ())
Converged after 7 iterations.
Converged after 8 iterations.
Converged after 7 iterations.
Converged after 9 iterations.
Converged after 7 iterations.
Converged after 8 iterations.
Converged after 7 iterations.
Converged after 7 iterations.
Converged after 7 iterations.
Converged after 7 iterations.
Converged after 7 iterations.
Converged after 7 iterations.
Converged after 6 iterations.
Identified bottleneck state: ((0, 1), (), ())
Converged after 5 iterations.
Identified bottleneck state: ((0, 2), (), ())
Converged after 7 iterations.
Converged after 7 iterations.
Converged after 7 iterations.
Converged after 7 iterations.
Converged after 7 iterations.
Converged after 7 iterations.
Converged after 7 iterations.
Converged after 7 iterations.
Converged after 7 iterations.
Converged after 7 iterations.
Converged after 7 iterations.
Converged after 7 iterations.
Converged after 7 iterations.
Converged after 8 iterations.
Converged after 7 iterations.
Converged after 7 iterations.
Converged after 7 iterations.
Converged after 7 iterations.
Converged after 7 iterations.
Converged after 7 iterations.
Converged after 7 iterations.
Converged after 7 iterations.
Converged after 7 iterations.
Converged after 7 iterations.
Converged after 6 iterations.
Identified bottleneck state: ((1, 0), (), ())
Converged after 7 iterations.
Converged after 7 iterations.
Converged after 7 iterations.
Converged after 7 iterations.
Converged after 7 iterations.
Converged after 7 iterations.
Converged after 7 iterations.
Converged after 8 iterations.
Converged after 9 iterations.
Converged after 7 iterations.
Converged after 7 iterations.
Converged after 8 iterations.
Converged after 9 iterations.
Converged after 11 iterations.
Converged after 9 iterations.
Converged after 9 iterations.
Converged after 11 iterations.
Converged after 9 iterations.
Converged after 9 iterations.
Converged after 9 iterations.
Converged after 2 iterations.
Identified bottleneck state: ((3, 2), (), ())
Converged after 7 iterations.
Converged after 8 iterations.
Converged after 7 iterations.
Converged after 9 iterations.
Converged after 7 iterations.
Converged after 8 iterations.
Converged after 7 iterations.
Converged after 7 iterations.
Converged after 7 iterations.
Converged after 7 iterations.
Converged after 7 iterations.
Converged after 7 iterations.
Converged after 6 iterations.
Identified bottleneck state: ((0, 1), (), ())
Converged after 5 iterations.
Identified bottleneck state: ((0, 2), (), ())
Converged after 7 iterations.
Converged after 7 iterations.
Converged after 7 iterations.
Converged after 7 iterations.
Converged after 7 iterations.
Converged after 7 iterations.
Converged after 7 iterations.
Converged after 7 iterations.
Converged after 7 iterations.
Converged after 7 iterations.
Number of states 81
Time to build the sparse matrix: 0.011846780776977539
Time to run value iteration: 0.015794992446899414
Number of states 81
Time to build the sparse matrix: 0.010948896408081055
Time to run value iteration: 0.015211105346679688
Identified bottleneck state: ((1, 3), (), ())
Identified bottleneck state: ((2, 3), (), ())
Identified bottleneck state: ((3, 3), (), ())
Identified bottleneck state: ((3, 3), (), ())
Identified bottleneck state: ((3, 3), (), ())
Identified bottleneck state: ((2, 3), (), ())
Identified bottleneck state: ((3, 3), (), ())
Identified bottleneck state: ((0, 1), (), ())
Identified bottleneck state: ((1, 1), (), ())
Identified bottleneck state: ((3, 3), (), ())
Converged after 8 iterations.
Converged after 8 iterations.
Converged after 8 iterations.
Converged after 8 iterations.
Converged after 11 iterations.
Converged after 10 iterations.
Converged after 3 iterations.
Identified bottleneck state: ((1, 3), (), ())
Converged after 8 iterations.
Converged after 9 iterations.
Converged after 2 iterations.
Identified bottleneck state: ((2, 3), (), ())
Converged after 8 iterations.
Converged after 8 iterations.
Converged after 7 iterations.
Converged after 7 iterations.
Converged after 7 iterations.
Converged after 8 iterations.
Converged after 8 iterations.
Converged after 7 iterations.
Converged after 7 iterations.
Converged after 7 iterations.
Converged after 7 iterations.
Converged after 7 iterations.
Converged after 8 iterations.
Converged after 9 iterations.
Converged after 7 iterations.
Converged after 7 iterations.
Converged after 7 iterations.
Converged after 8 iterations.
Converged after 7 iterations.
Converged after 7 iterations.
Converged after 8 iterations.
Converged after 7 iterations.
Converged after 7 iterations.
Converged after 7 iterations.
Converged after 7 iterations.
Converged after 7 iterations.
Converged after 7 iterations.
Converged after 7 iterations.
Converged after 7 iterations.
Converged after 7 iterations.
Converged after 7 iterations.
Converged after 8 iterations.
Converged after 7 iterations.
Converged after 11 iterations.
Converged after 10 iterations.
Converged after 2 iterations.
Identified bottleneck state: ((2, 3), (), ())
Converged after 7 iterations.
Converged after 7 iterations.
Converged after 6 iterations.
Identified bottleneck state: ((0, 1), (), ())
Converged after 7 iterations.
Converged after 5 iterations.
Identified bottleneck state: ((1, 1), (), ())
Converged after 7 iterations.
Converged after 7 iterations.
Converged after 7 iterations.
Converged after 7 iterations.
Converged after 7 iterations.
Converged after 7 iterations.
Converged after 7 iterations.
Converged after 7 iterations.
Converged after 7 iterations.
Converged after 8 iterations.
Converged after 8 iterations.
Converged after 8 iterations.
Converged after 8 iterations.
Converged after 11 iterations.
Converged after 10 iterations.
Converged after 3 iterations.
Identified bottleneck state: ((1, 3), (), ())
Converged after 8 iterations.
Converged after 9 iterations.
Converged after 2 iterations.
Identified bottleneck state: ((2, 3), (), ())
Converged after 8 iterations.
Converged after 8 iterations.
Converged after 7 iterations.
Converged after 7 iterations.
Converged after 7 iterations.
Converged after 8 iterations.
Converged after 8 iterations.
Converged after 7 iterations.
Converged after 7 iterations.
Converged after 7 iterations.
Converged after 7 iterations.
Converged after 7 iterations.
Converged after 8 iterations.
Converged after 9 iterations.
Converged after 7 iterations.
Converged after 7 iterations.
Converged after 7 iterations.
Converged after 8 iterations.
Converged after 7 iterations.
Converged after 7 iterations.
Converged after 8 iterations.
Converged after 7 iterations.
Converged after 7 iterations.
Converged after 7 iterations.
Converged after 7 iterations.
Converged after 7 iterations.
Converged after 7 iterations.
Converged after 7 iterations.
Converged after 7 iterations.
Converged after 7 iterations.
Converged after 7 iterations.
Converged after 8 iterations.
Converged after 7 iterations.
Converged after 11 iterations.
Converged after 10 iterations.
Converged after 2 iterations.
Identified bottleneck state: ((2, 3), (), ())
Converged after 7 iterations.
Converged after 7 iterations.
Converged after 6 iterations.
Identified bottleneck state: ((0, 1), (), ())
Converged after 7 iterations.
Converged after 5 iterations.
Identified bottleneck state: ((1, 1), (), ())
Converged after 7 iterations.
Converged after 7 iterations.
Converged after 7 iterations.
Converged after 7 iterations.
Converged after 7 iterations.
Converged after 7 iterations.
Converged after 7 iterations.
Converged after 7 iterations.
Converged after 7 iterations.
Number of states 81
Time to build the sparse matrix: 0.011085748672485352
Time to run value iteration: 0.015391111373901367
Number of states 81
Time to build the sparse matrix: 0.011356115341186523
Time to run value iteration: 0.015412092208862305
Identified bottleneck state: ((2, 3), (), ())
Identified bottleneck state: ((3, 3), (), ())
Identified bottleneck state: ((3, 1), (), ())
Identified bottleneck state: ((3, 2), (), ())
Identified bottleneck state: ((3, 3), (), ())
Identified bottleneck state: ((2, 2), (), ())
Identified bottleneck state: ((3, 2), (), ())
Identified bottleneck state: ((3, 3), (), ())
Identified bottleneck state: ((0, 1), (), ())
Identified bottleneck state: ((1, 1), (), ())
Identified bottleneck state: ((3, 3), (), ())
Identified bottleneck state: ((3, 3), (), ())
Converged after 7 iterations.
Converged after 7 iterations.
Converged after 7 iterations.
Converged after 7 iterations.
Converged after 7 iterations.
Converged after 8 iterations.
Converged after 7 iterations.
Converged after 10 iterations.
Converged after 10 iterations.
Converged after 2 iterations.
Identified bottleneck state: ((2, 3), (), ())
Converged after 7 iterations.
Converged after 8 iterations.
Converged after 7 iterations.
Converged after 8 iterations.
Converged after 8 iterations.
Converged after 10 iterations.
Converged after 8 iterations.
Converged after 8 iterations.
Converged after 10 iterations.
Converged after 8 iterations.
Converged after 3 iterations.
Identified bottleneck state: ((3, 1), (), ())
Converged after 2 iterations.
Identified bottleneck state: ((3, 2), (), ())
Converged after 7 iterations.
Converged after 8 iterations.
Converged after 7 iterations.
Converged after 7 iterations.
Converged after 11 iterations.
Converged after 7 iterations.
Converged after 8 iterations.
Converged after 10 iterations.
Converged after 3 iterations.
Identified bottleneck state: ((2, 2), (), ())
Converged after 7 iterations.
Converged after 2 iterations.
Identified bottleneck state: ((3, 2), (), ())
Converged after 6 iterations.
Identified bottleneck state: ((0, 1), (), ())
Converged after 7 iterations.
Converged after 5 iterations.
Identified bottleneck state: ((1, 1), (), ())
Converged after 7 iterations.
Converged after 7 iterations.
Converged after 7 iterations.
Converged after 7 iterations.
Converged after 7 iterations.
Converged after 7 iterations.
Converged after 7 iterations.
Converged after 7 iterations.
Converged after 7 iterations.
Converged after 7 iterations.
Converged after 8 iterations.
Converged after 8 iterations.
Converged after 7 iterations.
Converged after 7 iterations.
Converged after 7 iterations.
Converged after 7 iterations.
Converged after 7 iterations.
Converged after 8 iterations.
Converged after 9 iterations.
Converged after 7 iterations.
Converged after 7 iterations.
Converged after 7 iterations.
Converged after 7 iterations.
Converged after 7 iterations.
Converged after 8 iterations.
Converged after 7 iterations.
Converged after 10 iterations.
Converged after 10 iterations.
Converged after 2 iterations.
Identified bottleneck state: ((2, 3), (), ())
Converged after 7 iterations.
Converged after 8 iterations.
Converged after 7 iterations.
Converged after 8 iterations.
Converged after 8 iterations.
Converged after 10 iterations.
Converged after 8 iterations.
Converged after 8 iterations.
Converged after 10 iterations.
Converged after 8 iterations.
Converged after 3 iterations.
Identified bottleneck state: ((3, 1), (), ())
Converged after 2 iterations.
Identified bottleneck state: ((3, 2), (), ())
Converged after 7 iterations.
Converged after 8 iterations.
Converged after 7 iterations.
Converged after 7 iterations.
Converged after 11 iterations.
Converged after 7 iterations.
Converged after 8 iterations.
Converged after 10 iterations.
Converged after 3 iterations.
Identified bottleneck state: ((2, 2), (), ())
Converged after 7 iterations.
Converged after 2 iterations.
Identified bottleneck state: ((3, 2), (), ())
Converged after 6 iterations.
Identified bottleneck state: ((0, 1), (), ())
Converged after 7 iterations.
Converged after 5 iterations.
Identified bottleneck state: ((1, 1), (), ())
Converged after 7 iterations.
Converged after 7 iterations.
Converged after 7 iterations.
Converged after 7 iterations.
Converged after 7 iterations.
Converged after 7 iterations.
Converged after 7 iterations.
Converged after 7 iterations.
Converged after 7 iterations.
Converged after 7 iterations.
Converged after 8 iterations.
Converged after 8 iterations.
Converged after 7 iterations.
Converged after 7 iterations.
Converged after 7 iterations.
Converged after 7 iterations.
Converged after 7 iterations.
Converged after 8 iterations.
Converged after 9 iterations.
Number of states 729
Time to build the sparse matrix: 1.2356717586517334
Time to run value iteration: 0.042378902435302734
Number of states 729
Time to build the sparse matrix: 1.2213609218597412
Time to run value iteration: 0.037699222564697266
No path found
No path found
No path found
No path found
No path found
No path found
No path found
No path found
No path found
No path found
No path found
No path found
No path found
No path found
No path found
No path found
No path found
No path found
No path found
No path found
No path found
No path found
No path found
No path found
No path found
No path found
No path found
No path found
No path found
No path found
No path found
No path found
No path found
No path found
No path found
No path found
No path found
No path found
No path found
No path found
No path found
No path found
No path found
No path found
No path found
No path found
No path found
No path found
No path found
No path found
No path found
No path found
No path found
No path found
No path found
No path found
No path found
No path found
No path found
No path found
No path found
No path found
No path found
No path found
No path found
No path found
No path found
No path found
No path found
No path found
No path found
No path found
No path found
No path found
No path found
No path found
No path found
No path found
No path found
No path found
No path found
No path found
No path found
No path found
No path found
No path found
No path found
No path found
No path found
No path found
No path found
No path found
No path found
No path found
No path found
No path found
No path found
No path found
No path found
No path found
Identified bottleneck state: ((1, 0), (), ())
Identified bottleneck state: ((3, 1), (), ())
Identified bottleneck state: ((3, 2), (), ())
Identified bottleneck state: ((3, 3), (), ())
Identified bottleneck state: ((1, 3), (), ())
Identified bottleneck state: ((2, 3), (), ())
Identified bottleneck state: ((3, 3), (), ())
Identified bottleneck state: ((2, 1), (), ())
Identified bottleneck state: ((2, 2), (), ())
Identified bottleneck state: ((3, 3), (), ())
Identified bottleneck state: ((0, 1), (), ())
Identified bottleneck state: ((1, 1), (), ())
Identified bottleneck state: ((2, 1), (), ())
Identified bottleneck state: ((3, 1), (), ())
Identified bottleneck state: ((3, 2), (), ())
Identified bottleneck state: ((3, 3), (), ())
Identified bottleneck state: ((1, 2), (), ())
Identified bottleneck state: ((2, 2), (), ())
Identified bottleneck state: ((3, 3), (), ())
Converged after 7 iterations.
Converged after 7 iterations.
Converged after 6 iterations.
Identified bottleneck state: ((1, 0), (), ())
Converged after 7 iterations.
Converged after 7 iterations.
Converged after 7 iterations.
Converged after 7 iterations.
Converged after 7 iterations.
Converged after 7 iterations.
Converged after 5 iterations.
Identified bottleneck state: ((3, 1), (), ())
Converged after 5 iterations.
Identified bottleneck state: ((3, 2), (), ())
/Users/silvia/anaconda3/lib/python3.12/multiprocessing/resource_tracker.py:254: UserWarning: resource_tracker: There appear to be 13 leaked semaphore objects to clean up at shutdown
  warnings.warn('resource_tracker: There appear to be %d '
