game,room_side,rooms_per_side,board_side,num_humans,num_simu,rep,seed,n_states,n_reachable,n_actions,n_humans,n_draws,n_B_nofilter,n_B,n_I,n_columns,t_build,t_rejected,t_bottlenecks,t_toboggan_filter,t_algorithm1,t_oracle_sets,t_solve_strategic_exact,t_solve_info_gain,t_solve_proximity,t_solve_frequency,t_sim_query_all,t_sim_strategic_exact,t_sim_info_gain,t_sim_proximity,t_sim_frequency,t_total,success,query_all,strategic_exact,info_gain,proximity,frequency,skipped
gridworld,5,5,25,12,50,0,0,625,524,4,12,2,10,10,4,10,0.27409624900064955,0.33217174999845156,0.12250391799716454,nan,0.0020132910012762295,0.0,0.004315750000387197,3.354199907334987e-05,9.954200140782632e-05,2.2084001102484763e-05,6.933300028322265e-05,0.00040416699994239025,0.0002100830006384058,9.791599950403906e-05,0.00011966600141022354,0.40456012499998906,1,9,2,5,4,5,
gridworld,5,5,25,12,50,1,1,625,500,4,12,3,13,13,4,13,0.26539083300122,0.582082040999012,0.14668112700201164,nan,0.006812375000663451,0.0,0.10913450000043667,3.383300099812914e-05,9.200000022246968e-05,2.224999843747355e-05,4.2958001358783804e-05,0.0006866669991723029,9.845800013863482e-05,9.825000051932875e-05,0.0001996669998334255,0.5296573340001487,1,5,2,2,5,9,
gridworld,5,5,25,12,50,2,2,625,523,4,12,23,16,16,6,16,0.2665227079978649,7.324770999000975,0.06387491700115788,nan,0.02802750000046217,0.0,3.8998295000001235,4.729099964606576e-05,0.00015449999955308158,2.8374999601510353e-05,7.999999979801942e-05,0.02980924999974377,0.00035037499947065953,0.00014087499948800541,0.00021508300051209517,4.289472917000239,1,14,4,10,8,10,
gridworld,5,5,25,12,50,3,3,625,594,4,12,4,14,14,4,14,0.24822732900065603,1.1248223339989636,0.06153270799404709,nan,0.013015709000683273,0.0,0.33643149999988964,5.375000000640284e-05,0.0001460839994251728,2.695800139917992e-05,8.791700020083226e-05,0.0029162080008973135,0.0004378749999887077,0.00012758299999404699,0.0002787079993140651,0.6637523329991382,1,13,3,13,6,13,
gridworld,5,5,25,12,50,4,4,625,594,4,12,21,16,16,4,16,0.2779477490021236,6.675135085011789,0.07825391700316686,nan,0.023542790999272256,0.0,3.5058138749991485,4.3582998841884546e-05,0.00012316699940129183,2.45829996856628e-05,7.129199912014883e-05,0.017518832999485312,0.0003563329992175568,0.00015312499999708962,0.00022545800129591953,3.9045652089989744,1,12,3,10,7,10,
gridworld,5,5,25,12,50,5,5,625,473,4,12,5,16,16,4,16,0.27419841800474387,1.461789958000736,0.06010329299715522,nan,0.0830947920003382,0.0,3.8175455829987186,4.1833998693618923e-05,0.00011212499885004945,2.5749999622348696e-05,4.875000013271347e-05,0.011725874999683583,0.00026199999956588726,7.379199996648822e-05,0.00026591599998937454,4.247915040999942,1,6,2,7,4,11,
gridworld,5,5,25,12,50,6,6,625,571,4,12,7,17,17,4,17,0.27299016699726053,1.9690927899991948,0.065178291999473,nan,0.0326046669997595,0.0,28.280229084000894,0.000149583000165876,0.00024408299941569567,4.4499998693936504e-05,0.00014575000022887252,0.4063123750001978,0.0005470839987538056,0.00018324999837204814,0.0003007079994858941,29.059479708001163,1,16,5,13,7,13,
gridworld,5,5,25,12,50,7,7,625,594,4,12,10,15,15,4,15,0.26858733399967605,2.8770998749969294,0.07110133299647714,nan,0.013323125000169966,0.0,1.350493790998371,4.595800055540167e-05,0.00012454100033210125,2.5666000510682352e-05,7.47499998396961e-05,0.007648582999536302,0.0005484169996634591,0.00015816700033610687,0.00021420799930638168,1.7130600000000413,1,11,3,9,6,9,
gridworld,5,5,25,12,50,8,8,625,548,4,12,1,15,15,4,15,0.286459166003624,0.0,0.0630900020005356,nan,0.035610999999335036,0.0,1.3761390409999876,4.425000042829197e-05,0.00013266599853523076,2.870900061680004e-05,5.708299977413844e-05,0.004431084000316332,0.00030183300077624153,8.64590001583565e-05,0.00022241700025915634,1.7670865840027545,1,7,2,8,4,10,
gridworld,5,5,25,12,50,9,9,625,594,4,12,2,9,9,4,9,0.29309320699576347,0.3643169579991081,0.06554895599947486,nan,0.0014944169997761492,0.0,0.0018307500013179379,2.1333000404410996e-05,7.91669990576338e-05,2.0040999515913427e-05,3.7166999391047284e-05,7.487499897251837e-05,8.004199844435789e-05,6.341700100165326e-05,0.00011616700066952035,0.36287629199978255,1,5,2,2,3,5,
gridworld,5,5,25,12,50,10,10,625,498,4,12,2,14,14,4,14,0.2733436660018924,0.25669312499849184,0.07091450100051588,nan,0.003937041999961366,0.0,0.35000987499915936,4.6875000407453626e-05,0.00013899999976274557,2.2707999960402958e-05,8.345900096173864e-05,0.0032769170011306414,0.0003448749994277023,0.00015837499995541293,0.000217415999941295,0.7028412090003258,1,13,4,10,8,10,
gridworld,5,5,25,12,50,11,11,625,520,4,12,6,17,17,4,17,0.26989633300036076,1.702449581998735,0.05373245800183213,nan,0.13279679100014619,0.0,28.284431541998856,0.00011962499957007822,0.00021387500055425335,4.045799869345501e-05,0.00012074999904143624,0.27490462499918067,0.0004567079995467793,0.0001765830002113944,0.0002329580001969589,29.017732083999363,1,9,2,9,6,11,
gridworld,5,5,25,12,50,12,12,625,594,4,12,16,12,12,4,12,0.2579955830024119,5.086804458998813,0.06341700199845945,nan,0.004582792000292102,0.0,0.0356065830001171,3.933299922209699e-05,0.00017020799896272365,2.283300091221463e-05,6.454199865402188e-05,0.0003418750002310844,0.00010033299986389466,7.070799983921461e-05,0.00013854200005880557,0.3632829590005713,1,9,2,2,3,6,
gridworld,5,5,25,12,50,13,13,625,526,4,12,14,12,12,4,12,0.26908641600493866,4.073017873999561,0.05381887600015034,nan,0.00601374999860127,0.0,0.03339504099858459,3.449999894655775e-05,0.00010566600030870177,2.1208999896771275e-05,4.599999920174014e-05,0.00034337499891989864,0.00021262500013108365,8.666699977766257e-05,0.00015062499915075023,0.3653680000006716,1,6,3,7,5,7,
gridworld,5,5,25,12,50,14,14,625,548,4,12,2,11,11,4,11,0.2899648749971675,0.3420701250015554,0.06615154199971585,nan,0.0026672090007195948,0.0,0.011185125000338303,3.574999936972745e-05,9.649999992689118e-05,2.0916999346809462e-05,3.9583999750902876e-05,0.00016599999980826396,9.537500045553315e-05,6.741600009263493e-05,0.00011316699965391308,0.3709829590006848,1,5,2,2,3,5,
gridworld,5,5,25,12,50,15,15,625,548,4,12,4,13,13,4,13,0.2682503319992975,0.9160859580006218,0.06521845899987966,nan,0.01571187499939697,0.0,0.13856783299888775,3.912499960279092e-05,0.00011137500041513704,2.274999860674143e-05,5.458300074678846e-05,0.0006987919987295754,9.775000035006087e-05,7.279200144694187e-05,0.00015912500020931475,0.48938229200030037,1,8,2,2,3,7,
gridworld,5,5,25,12,50,16,16,625,594,4,12,4,12,12,4,12,0.2714630420014146,0.9775862490005238,0.05938066399903619,nan,0.004352459000074305,0.0,0.0374956249997922,9.750000026542693e-05,0.0001404999984515598,2.975000097649172e-05,5.562499973166268e-05,0.00042658399979700334,9.249999857274815e-05,8.200000047509093e-05,0.00018000000090978574,0.3742070419993979,1,4,3,2,4,7,
gridworld,5,5,25,12,50,17,17,625,524,4,12,1,14,14,4,14,0.2648821639995731,0.0,0.06472766600381874,nan,0.01737837500149908,0.0,0.42890491700018174,4.4874999730382115e-05,0.00012975000026926864,2.3624999812454917e-05,7.48330003261799e-05,0.0034830829990823986,0.00033104200156230945,9.595899973646738e-05,0.00021058299898868427,0.7806985839997651,1,12,5,10,5,10,
gridworld,5,5,25,12,50,18,18,625,573,4,12,1,14,14,4,14,0.2718713749982271,0.0,0.07301999700212036,nan,0.01483275000100548,0.0,0.38197874999968917,4.1541999962646514e-05,0.00010870900041481946,2.4124999981722794e-05,7.029200060060248e-05,0.001642500001253211,0.00011508299940032884,0.00010179199853155296,0.00015262499982782174,0.7443740829985472,1,12,2,2,5,7,
gridworld,5,5,25,12,50,19,19,625,522,4,12,1,11,11,4,11,0.2656506250004895,0.0,0.07003637499838078,nan,0.0038537920008820947,0.0,0.010663791999832029,2.4917000700952485e-05,8.587500087742228e-05,1.941700065799523e-05,5.254200004856102e-05,0.00010733299859566614,0.00019520899877534248,8.037500083446503e-05,0.00013295800090418197,0.3512917500011099,1,8,2,6,4,6,
gridworld,5,5,25,12,50,20,20,625,547,4,12,5,15,15,4,15,0.2666760819975025,1.3319239180036675,0.1327096260029066,nan,0.03643083400129399,0.0,1.3828392499999609,4.1125000279862434e-05,0.00012108299961255398,2.3374999727820978e-05,6.07919992035022e-05,0.004474417000892572,0.00029808300132572185,8.437500036961865e-05,0.0001805419997253921,1.8243038749988045,1,10,2,8,4,8,
gridworld,5,5,25,12,50,21,21,625,546,4,12,1,14,14,4,14,0.27257654100139916,0.0,0.06412975400053256,nan,0.01317399999970803,0.0,0.37847433400020236,4.187499871477485e-05,0.00011962499957007822,2.3624999812454917e-05,5.1666998842847534e-05,0.0009736249994602986,0.00017791699974623043,3.162500070175156e-05,7.391600047412794e-05,0.7306869169988204,0,6,1,4,1,3,
gridworld,5,5,25,12,50,22,22,625,594,4,12,3,14,14,4,14,0.27618845899633016,0.7017072919970815,0.0519410839988268,nan,0.02135495799848286,0.0,0.37396712500049034,4.3166999603272416e-05,0.0001254580001841532,2.4625000150990672e-05,4.9917000069399364e-05,0.001654416999372188,0.0001099580003938172,6.749999920430128e-05,0.0001997500003199093,0.7261594169976888,1,5,2,2,3,9,
gridworld,5,5,25,12,50,23,23,625,499,4,12,2,15,15,4,15,0.2726483339974948,0.3298733329993411,0.0721384560019942,nan,0.03795750000062981,0.0,1.220867541998814,4.224999975122046e-05,0.00012400000014167745,2.245799987576902e-05,6.141699850559235e-05,0.004900541998722474,0.00011249999988649506,8.670799979881849e-05,0.00018970800010720268,1.6095586249994085,1,10,2,2,4,8,
gridworld,5,5,25,12,50,24,24,625,570,4,12,3,11,11,4,11,0.2714324979988305,0.6965883749981003,0.11261254200144322,nan,0.002860667000277317,0.0,0.01128262499878474,3.6916999306413345e-05,0.00010466599997016601,2.062499879684765e-05,5.62919994990807e-05,0.0003194170003553154,0.00024333299916179385,7.812500007275958e-05,0.00013587499961431604,0.39962212499995076,1,5,3,6,4,6,
gridworld,5,5,25,12,50,25,25,625,549,4,12,1,13,13,4,13,0.2739966240042122,0.0,0.06501866599865025,nan,0.010796333001053426,0.0,0.1158041670005332,4.3541000195546076e-05,0.0001189579998026602,2.3333999706665054e-05,7.833400013623759e-05,0.000697166000463767,0.0002970000005007023,0.00011966700003540609,0.0002043330005108146,0.4676177080018533,1,12,2,8,6,9,
gridworld,5,5,25,12,50,26,26,625,594,4,12,3,11,11,4,11,0.2605044590000034,0.7389575420002075,0.06980574700355646,nan,0.004252000000633416,0.0,0.01734420800130465,7.704100062255748e-05,0.00021025000023655593,4.833399907511193e-05,4.7792000259505585e-05,0.00022779199935030192,0.0002899999999499414,0.0002296250004292233,0.00022662499941361602,0.3537104159986484,1,3,2,2,3,6,
gridworld,5,5,25,12,50,27,27,625,593,4,12,7,12,12,4,12,0.2704910829997971,2.135007459000917,0.06450195699835604,nan,0.0037005419999331934,0.0,0.03718433300127799,4.07919997087447e-05,0.00011995800014119595,2.3582999347127043e-05,4.729200009023771e-05,0.00043300000106683,0.00012412500109348912,0.00011212500066903885,0.00012137500016251579,0.3775142920003418,1,3,2,2,5,5,
gridworld,5,5,25,12,50,28,28,625,593,4,12,4,11,11,4,11,0.2745920000015758,0.9900377079993632,0.05710012400049891,nan,0.0028863330007879995,0.0,0.014188541001203703,3.749999996216502e-05,0.00010620899956848007,2.158299867005553e-05,4.850000004807953e-05,0.00017908300105773378,9.47499993344536e-05,6.75409992254572e-05,0.00013937499898020178,0.34994312500020897,1,5,2,2,3,6,
gridworld,5,5,25,12,50,29,29,625,548,4,12,5,16,16,4,16,0.27029529200262914,1.328167208997911,0.0569533349989797,nan,0.03286654200019257,0.0,3.7555804169987823,4.2749999920488335e-05,0.00012487500134739093,2.3874999897088856e-05,7.041699973342475e-05,0.00600779100022919,0.00014208399989001919,3.0291999792098068e-05,7.14999987394549e-05,4.1226129999995464,0,11,1,3,1,3,
gridworld,5,5,25,12,50,30,30,625,594,4,12,3,14,14,4,14,0.270221541997671,0.7088924159997987,0.05775887500021781,nan,0.016846624999743653,0.0,0.36436937500002387,4.3957999878330156e-05,0.00012108400005672593,2.325000059499871e-05,7.787499998812564e-05,0.002351875000385917,0.0002257920004922198,0.00011129099948448129,0.00021616599951812532,0.7127801249989716,1,13,3,6,6,10,
gridworld,5,5,25,12,50,31,31,625,525,4,12,15,10,10,4,10,0.26223204100097064,4.453312915999049,0.0662089960060257,nan,0.0020489589987846557,0.0,0.003962499999033753,2.1833000573678873e-05,8.379199971386697e-05,1.8417000319459476e-05,3.7166999391047284e-05,8.058299863478169e-05,7.708299926889595e-05,6.308299998636357e-05,0.00013674999900104012,0.3353647510011797,1,5,2,2,3,6,
gridworld,5,5,25,12,50,32,32,625,594,4,12,5,12,12,3,12,0.26075512600255024,1.3957490429984318,0.05626912400111905,nan,0.0032730829989304766,0.0,0.03197516600084782,2.620899977046065e-05,9.358399984193966e-05,1.758299913490191e-05,5.529200097953435e-05,0.0002348750003875466,7.900000127847306e-05,7.795799865562003e-05,0.0001329159986198647,0.3533364570012054,1,10,2,2,4,6,
gridworld,5,5,25,12,50,33,33,625,594,4,12,6,17,17,4,17,0.27029412600131764,1.571888710001076,0.07080728800247016,nan,0.02532500000052096,0.0,19.427318999998533,0.00012695799887296744,0.00022616699970967602,3.6082999940845184e-05,0.00014845900113868993,0.29517862499960756,0.0004587919993355172,0.00015754100058984477,0.00023687499924562871,20.09085366599902,1,16,5,11,7,11,
gridworld,5,5,25,12,50,34,34,625,525,4,12,18,14,14,4,14,0.21823625200158858,5.495166289996632,0.04694875000132015,nan,0.004783917000168003,0.0,0.33359041699986847,4.0083999920170754e-05,0.00013062499965599272,2.4957998903119005e-05,6.849999954283703e-05,0.002921833000073093,0.0002975000006699702,0.00013183299961383455,0.00019112500012852252,0.6080457080006454,1,11,4,9,7,9,
gridworld,5,5,25,12,50,35,35,625,594,4,12,4,11,11,4,11,0.26726582999981474,1.053073041000971,0.06648512600258982,nan,0.0027297090000502067,0.0,0.01082704199870932,2.4166998628061265e-05,8.191699998860713e-05,1.9374998373677954e-05,5.429199882200919e-05,0.00010474999908183236,7.6374999480322e-05,6.112500159360934e-05,0.00011191700104973279,0.34826012499979697,1,10,2,2,3,5,
gridworld,5,5,25,12,50,36,36,625,545,4,12,1,16,16,4,16,0.26853662499706843,0.0,0.0687759990014456,nan,0.07475125000019034,0.0,4.143794583000272,4.320799962442834e-05,0.0001258750016859267,2.5041999833774753e-05,6.53749993944075e-05,0.013013750000027358,0.00011416599954827689,7.945799916342366e-05,0.0002059580001514405,4.569905291999021,1,10,2,2,4,10,
gridworld,5,5,25,12,50,37,37,625,592,4,12,24,14,14,4,14,0.19041854099850752,7.072965540995938,0.043301873998643714,nan,0.009057207998921513,0.0,0.34943816600025457,4.166599865129683e-05,0.00011625000115600415,2.2958000045036897e-05,7.895899943832774e-05,0.0035183340005460195,0.00041083299947786145,9.845900058280677e-05,0.00026979199901688844,0.5971833750027145,1,14,5,13,5,13,
gridworld,5,5,25,12,50,38,38,625,523,4,12,9,15,15,4,15,0.266592957003013,2.601045791996512,0.06411737499911396,nan,0.023110292000637855,0.0,1.2018155419991672,4.3000000005122274e-05,0.0001237500000570435,2.2125001123640686e-05,8.062499910010956e-05,0.006125791998783825,0.0002775409993773792,0.00012983300075575244,0.00019249999968451448,1.5630600419990515,1,14,3,8,7,9,
gridworld,5,5,25,12,50,39,39,625,523,4,12,20,12,12,4,12,0.19118629299555323,5.944103415999052,0.04555574999903911,nan,0.0038920420010981616,0.0,0.033239041000342695,2.85420010186499e-05,8.854199950292241e-05,1.995899947360158e-05,3.683399881992955e-05,0.00022454099962487817,0.000276917000519461,7.845799882488791e-05,0.0001936249991558725,0.2752270410019264,1,4,2,9,4,9,
gridworld,5,5,25,12,50,40,40,625,594,4,12,4,9,9,4,9,0.263312331004272,1.047375957999975,0.11511770899960538,nan,0.0015716660000180127,0.0,0.0017230419998668367,2.087500070047099e-05,8.916600017983001e-05,1.7124999430961907e-05,3.087499862886034e-05,9.254200085706543e-05,7.508300041081384e-05,6.062500142434146e-05,0.00011212500066903885,0.38258145799954946,1,4,3,2,3,5,
gridworld,5,5,25,12,50,41,41,625,593,4,12,1,13,13,4,13,0.2695352910050133,0.0,0.06750987600389635,nan,0.009246375000657281,0.0,0.10777841699928103,3.2500000088475645e-05,0.00010312500126019586,2.1666000975528732e-05,5.80830001126742e-05,0.0009019169992825482,0.00034724999932223,7.662499956495594e-05,0.00022887500017532147,0.4561830420007027,1,10,3,11,4,11,
gridworld,5,5,25,12,50,42,42,625,594,4,12,11,14,14,6,14,0.24293566800406552,3.28606237400345,0.04951958300443948,nan,0.006604041998798493,0.0,0.3615090000002965,4.662500032281969e-05,0.0001307500006078044,2.72919987764908e-05,7.004199869697914e-05,0.002896584001064184,0.00029808299950673245,0.00012887499906355515,0.00017437499991501682,0.6647518340014358,1,11,4,8,7,8,
gridworld,5,5,25,12,50,43,43,625,480,4,12,7,14,14,4,14,0.27114212599917664,1.9282680410051398,0.07169112599694927,nan,0.02251520800018625,0.0,0.355117250001058,3.699999979289714e-05,0.00012095899910491426,2.341700019314885e-05,3.895800000464078e-05,0.0022690419991704402,9.341700024378952e-05,5.6332999520236626e-05,0.00017170899991469923,0.7236931679999543,1,4,3,2,3,8,
gridworld,5,5,25,12,50,44,44,625,594,4,12,25,9,9,4,9,0.1874240019969875,6.300603663996299,0.04287087600096129,nan,0.0014207500007614726,0.0,0.001708124998913263,2.0249999579391442e-05,6.770800064259674e-05,1.6916999811655842e-05,4.345799970906228e-05,6.787500024074689e-05,7.283400009328034e-05,5.97079997533001e-05,0.00011012499999196734,0.23424962500030233,1,8,2,2,3,5,
gridworld,5,5,25,12,50,45,45,625,525,4,12,1,16,16,6,16,0.266455914999824,0.0,0.063191627001288,nan,0.02330683299987868,0.0,3.7687585840012616,4.254200030118227e-05,0.00013195800056564622,2.8124999516876414e-05,6.279199988057371e-05,0.022782833000746905,0.0003122079997410765,0.00015991700092854444,0.00022616700152866542,4.145794376001504,1,10,4,9,9,11,
gridworld,5,5,25,12,50,46,46,625,594,4,12,1,15,15,4,15,0.27021425099701446,0.0,0.06173458400189702,nan,0.044287458000326296,0.0,1.1881348750011966,4.337499922257848e-05,0.0001421249999111751,2.5499999537714757e-05,5.695899926649872e-05,0.004068291998919449,0.000291750000542379,8.316599996760488e-05,0.0001752499993017409,1.569683708001321,1,7,2,8,4,8,
gridworld,5,5,25,12,50,47,47,625,473,4,12,1,15,15,4,15,0.2611668759964232,0.0,0.06554716799837479,nan,0.034859125000366475,0.0,1.196457250000094,3.6625000575440936e-05,0.00011795799946412444,2.3791999410605058e-05,6.387499888660386e-05,0.004196833000605693,9.287500142818317e-05,9.883300117508043e-05,0.0001984999998967396,1.5632605840000906,1,11,2,2,5,9,
gridworld,5,5,25,12,50,48,48,625,498,4,12,1,13,13,4,13,0.25644083299994236,0.0,0.07776933400054986,nan,0.008624750000308268,0.0,0.10518000000047323,4.2083000153070316e-05,0.00012045800031046383,2.4000000848900527e-05,4.616700061887968e-05,0.0007630830004927702,8.112500108836684e-05,5.7750001360545866e-05,0.00013870800103177316,0.4496882919993368,1,4,2,2,3,7,
gridworld,5,5,25,12,50,49,49,625,594,4,12,10,10,10,4,10,0.19289299800038862,2.4990367499976855,0.04331704099968192,nan,0.001886915999421035,0.0,0.003966666999986046,2.141699951607734e-05,7.129100049496628e-05,1.8167000234825537e-05,4.179200004728045e-05,7.449999975506216e-05,7.370899948000442e-05,6.004100032441784e-05,0.0001114999995479593,0.24287654199906683,1,7,2,2,3,5,
gridworld,5,5,25,16,50,0,50,625,572,4,16,2,14,14,4,14,0.34354691700173134,0.430616875000851,0.07544920499640284,nan,0.023079749998942134,0.0,0.36721050000051036,4.362499930721242e-05,0.0001049170004989719,2.5082999854930677e-05,6.42079994577216e-05,0.0017260839995287824,0.000271999999313266,9.970799874281511e-05,0.0001609169994480908,0.8122049999983574,1,9,2,7,4,7,
gridworld,5,5,25,16,50,1,51,625,594,4,16,1,11,11,4,11,0.35418170900447876,0.0,0.08740058200964995,nan,0.00419254199914576,0.0,0.010741709000285482,2.3374999727820978e-05,7.233299947984051e-05,1.912500010803342e-05,2.9999999242136255e-05,0.00010724999992817175,7.983300019986928e-05,6.399999983841553e-05,0.0001140000003942987,0.45746012500239885,1,3,2,2,3,5,
gridworld,5,5,25,16,50,2,52,625,547,4,16,2,16,16,4,16,0.3640124149951589,0.3375235419989622,0.07351016500433616,nan,0.024011208000956685,0.0,3.4253385000010894,4.258399894752074e-05,0.00010883300092245918,2.4167000447050668e-05,5.108299956191331e-05,0.006215208000867278,0.00048183299986703787,2.954199953819625e-05,0.00030766700001549907,3.894490748998578,0,6,1,15,1,15,
gridworld,5,5,25,16,50,3,53,625,571,4,16,27,16,16,4,16,0.31923595500302326,10.25159662200349,0.07266120599888382,nan,0.05889199999910488,0.0,3.7543098330006615,4.174999958195258e-05,0.00011124999946332537,2.5416000426048413e-05,8.308399992529303e-05,0.028386791000230005,0.0002963329989142949,0.0001000419997581048,0.00021333400036382955,4.234780083999794,1,15,5,8,5,10,
gridworld,5,5,25,16,50,4,54,625,571,4,16,8,15,15,4,15,0.35394962199825386,2.9854323319977993,0.08167158200194535,nan,0.016857458000231418,0.0,1.1464432079992548,4.108299981453456e-05,0.00010383399967395235,2.3291000616154633e-05,7.958300011523534e-05,0.006287374999374151,0.00022704100047121756,0.00011337500109220855,0.00019216700093238614,1.6063992499985034,1,14,3,6,6,9,
gridworld,5,5,25,16,50,5,55,625,594,4,16,1,15,15,4,15,0.36075983100454323,0.0,0.09273887500239653,nan,0.02712545900067198,0.0,1.1722810830015078,3.895800000464078e-05,0.00010333299906051252,2.300000051036477e-05,6.241599839995615e-05,0.007869166998716537,0.00038741699972888455,0.00012774999959219713,0.0002545420011301758,1.6655492919999233,1,10,4,12,7,12,
gridworld,5,5,25,16,50,6,56,625,594,4,16,1,13,13,4,13,0.3619913729999098,0.0,0.08202645700293942,nan,0.009151792000920977,0.0,0.10414012499859382,3.3125001209555194e-05,8.887500007404014e-05,2.0666000636992976e-05,3.8333000702550635e-05,0.0007134579991543433,9.099999988393392e-05,9.570899965183344e-05,0.0001925410015246598,0.5590136660011922,1,4,2,2,5,9,
gridworld,5,5,25,16,50,7,57,625,593,4,16,2,14,14,4,14,0.34002404299826594,0.5042527499990683,0.07470441499572189,nan,0.014974832998632337,0.0,0.33547229199939466,4.2208999730064534e-05,0.00010649999967426993,2.3749998945277184e-05,7.48330003261799e-05,0.0022880840006109793,0.0003049589995498536,9.683300049800891e-05,0.000189124999451451,0.7687144170013198,1,13,3,9,5,9,
gridworld,5,5,25,16,50,8,58,625,524,4,16,4,11,11,4,11,0.35626116700041166,1.0549166660002811,0.09723946299891395,nan,0.0032566249992669327,0.0,0.010663249999197433,2.354199932597112e-05,7.229199945868459e-05,1.9207998775527813e-05,5.0999999075429514e-05,0.00010291699982190039,7.779199950164184e-05,6.037499952071812e-05,0.00013279199993121438,0.4683576669995091,1,9,2,2,3,6,
gridworld,5,5,25,16,50,9,59,625,523,4,16,15,15,15,3,15,0.3563411250052013,5.788845042003231,0.0829797110036452,nan,0.02520008300052723,0.0,1.1477443749990925,3.083299998252187e-05,9.362499986309558e-05,2.0375000531203113e-05,7.458400068571791e-05,0.011590083000555751,0.00039941599970916286,0.0001278749987250194,0.0002679579993127845,1.6252176679990953,1,15,6,13,7,13,
gridworld,5,5,25,16,50,10,60,625,546,4,16,2,14,14,4,14,0.37145879000127024,0.44844212499992864,0.08384812599797442,nan,0.016887750000023516,0.0,0.3611969579997094,4.012499994132668e-05,0.00010062500041385647,2.3791999410605058e-05,6.637499973294325e-05,0.0016253750000032596,0.00010495899914531037,8.38329997350229e-05,0.0001557080013299128,0.8360004580008535,1,11,2,2,4,7,
gridworld,5,5,25,16,50,11,61,625,594,4,16,8,11,11,4,11,0.3628201240026101,3.199386792999576,0.09237441499499255,nan,0.006787374999476015,0.0,0.01069025000106194,2.3791999410605058e-05,6.475000009231735e-05,1.9166000129189342e-05,3.220899998268578e-05,0.00010108300011779647,7.695900058024563e-05,6.083300104364753e-05,0.0001339999998890562,0.4735981249996257,1,4,2,2,3,6,
gridworld,5,5,25,16,50,12,62,625,528,4,16,4,15,15,4,15,0.3562807900070766,1.3189222920009342,0.15250295800433378,nan,0.03737029200055986,0.0,1.1890799999982846,3.654099964478519e-05,9.829200098465662e-05,2.3333999706665054e-05,6.787500024074689e-05,0.004004083000836545,0.0003434999998717103,7.91670008766232e-05,0.00023191599939309526,1.7404563749987574,1,12,2,11,4,11,
gridworld,5,5,25,16,50,13,63,625,430,4,16,2,17,17,4,17,0.3637865020045865,0.47753737500170246,0.10160758399797487,nan,0.14458604200081027,0.0,21.28217762499844,0.00011491700024635065,0.0002446670005156193,3.724999987753108e-05,0.00014866599849483464,0.21947929199995997,0.0005474169993249234,0.00014858299982734025,0.0003795000011450611,22.113925625000775,1,16,3,13,6,13,
gridworld,5,5,25,16,50,14,64,625,502,4,16,3,14,14,4,14,0.3575229199941532,0.7260198329986451,0.07564462199843547,nan,0.011004291000062949,0.0,0.3708525420006481,4.17909996031085e-05,0.00013570900046033785,2.2166999769979157e-05,7.483400077035185e-05,0.0046274589985841885,0.0002474170014465926,0.00013208299969846848,0.00016274999870802276,0.8212302920001093,1,11,5,6,7,8,
gridworld,5,5,25,16,50,15,65,625,594,4,16,1,15,15,4,15,0.3657030830017902,0.0,0.08255862500118383,nan,0.018554457999925944,0.0,1.4189929169988318,4.533300125331152e-05,0.00012775000141118653,2.4458999178023078e-05,5.966599928797223e-05,0.006211166999491979,0.0003141670003969921,9.975000102713238e-05,0.00019591700038290583,1.8933226670014847,1,7,3,9,5,9,
gridworld,5,5,25,16,50,16,66,625,594,4,16,6,15,15,4,15,0.3436974590040336,2.058784166998521,0.07301445799930661,nan,0.034375917000943446,0.0,1.3157692080003471,4.437500138010364e-05,0.00014466599895968102,2.525000127207022e-05,6.050000047252979e-05,0.004063292000864749,0.00011579099918890279,8.841599992592819e-05,0.0002017090009758249,1.7720710829999007,1,8,2,2,4,9,
gridworld,5,5,25,16,50,17,67,625,455,4,16,7,12,12,4,12,0.35223179000422533,2.3200575850023597,0.08207091399890487,nan,0.004479584000364412,0.0,0.03215970800010837,3.8333000702550635e-05,0.0001240839992533438,2.2750000425730832e-05,6.270799894991796e-05,0.0003709169996000128,0.0002192920001107268,8.133300070767291e-05,0.0001336250006716,0.47240741700079525,1,9,3,6,4,6,
gridworld,5,5,25,16,50,18,68,625,570,4,16,1,11,11,4,11,0.3480451670020557,0.0,0.10135158100456465,nan,0.002891500000259839,0.0,0.01069729199844005,2.9582999559352174e-05,8.804199933365453e-05,1.9666998923639767e-05,5.4041000112192705e-05,0.00012820899974030908,0.00020162500004516914,7.899999945948366e-05,0.0001392499998473795,0.4641228750006121,1,9,2,6,4,6,
gridworld,5,5,25,16,50,19,69,625,569,4,16,1,11,11,4,11,0.3495472900031018,0.0,0.08718758500435797,nan,0.002894041999752517,0.0,0.010689791999539011,2.4375000066356733e-05,9.099999988393392e-05,1.9208000594517216e-05,5.3875000958214514e-05,0.00011812500088126399,0.0002455419999023434,6.008299897075631e-05,0.00017012499847623985,0.4514557509992301,1,10,2,8,3,8,
gridworld,5,5,25,16,50,20,70,625,594,4,16,3,17,17,4,17,0.37036729300234583,0.9913994159996946,0.08101008199992066,nan,0.1101844170007098,0.0,28.66681087500001,0.00011870900016219821,0.0002625840006658109,4.625000110536348e-05,0.00010020800073107239,0.19617708400073752,0.0004575830007524928,0.0001756250003381865,0.00022766700021747965,29.428472249999686,1,4,2,11,8,11,
gridworld,5,5,25,16,50,21,71,625,548,4,16,1,14,14,3,14,0.3607811249930819,0.0,0.08742541700121365,nan,0.018719582998528494,0.0,0.36505545799991523,3.991599987784866e-05,0.00011758300024666823,2.1249999917927198e-05,6.9874999098829e-05,0.0022787500001868466,0.0002888750004785834,0.00011350000022503082,0.000173624999661115,0.8357646670010581,1,11,3,8,6,8,
gridworld,5,5,25,16,50,22,72,625,571,4,16,1,13,13,4,13,0.3507601670007716,0.0,0.17269358100566023,nan,0.0042355419991508825,0.0,0.10497954099992057,3.2625001040287316e-05,0.00010745899999164976,2.11669994314434e-05,5.266600055620074e-05,0.0009080830004677409,0.0001189579998026602,9.504200170340482e-05,0.0001725410002109129,0.6346025839993672,1,8,3,3,5,8,
gridworld,5,5,25,16,50,23,73,625,477,4,16,5,15,15,4,15,0.3522959990041272,1.6785252080007922,0.07875062399944,nan,0.01165416600088065,0.0,1.200530209000135,3.883300087181851e-05,0.00012904100003652275,2.3750000764266588e-05,6.28749985480681e-05,0.00648933400043461,0.0003017090002686018,0.00011741600064851809,0.00021179200120968744,1.6510176659994613,1,9,3,9,6,10,
gridworld,5,5,25,16,50,24,74,625,594,4,16,1,12,12,4,12,0.3722942909971607,0.0,0.0748962930028938,nan,0.00818749999962165,0.0,0.03194312499908847,3.1834000765229575e-05,0.00010158299846807495,2.1042000298621133e-05,3.6833000194747e-05,0.0002673330000106944,8.308299948112108e-05,6.36669992672978e-05,0.000155416000779951,0.4885075420006615,1,4,2,2,3,7,
gridworld,5,5,25,16,50,25,75,625,594,4,16,2,16,16,4,16,0.34797125100158155,0.46449199999915436,0.08435362399904989,nan,0.07413749999977881,0.0,4.238721458001237,6.795800072723068e-05,0.00019691699890245218,2.787500125123188e-05,9.908300125971437e-05,0.012899332999950275,0.00014954099970054813,0.00010270799975842237,0.00020320799922046717,4.759368666998853,1,15,2,2,4,9,
gridworld,5,5,25,16,50,26,76,625,594,4,16,2,11,11,4,11,0.3527289180037769,0.4628389999998035,0.09004037500017148,nan,0.0028759999986505136,0.0,0.011200833001566934,2.9582999559352174e-05,0.0001025829988066107,2.0458999642869458e-05,4.0499999158782884e-05,0.00014441699931921903,9.341700024378952e-05,6.437500087486114e-05,0.00014216599993233103,0.4579944160013838,1,4,2,2,3,6,
gridworld,5,5,25,16,50,27,77,625,594,4,16,2,14,14,4,14,0.3526724600033049,0.2666563340007997,0.08125733400265744,nan,0.018250582999826293,0.0,0.3716487080000661,4.3541000195546076e-05,0.00012345899995125365,2.45829996856628e-05,5.616699854726903e-05,0.0017354580013488885,0.00025683299827505834,8.283399984065909e-05,0.0002013749999605352,0.8267487089997303,1,7,2,7,4,9,
gridworld,5,5,25,16,50,28,78,625,594,4,16,10,14,14,4,14,0.35785470999690006,3.214091626996378,0.1318983329965704,nan,0.017558708999786177,0.0,0.3611237080003775,4.2749999920488335e-05,0.00013866700101061724,2.3999999029911123e-05,6.841699905635323e-05,0.0016492499999003485,0.0002840830002242001,9.825000051932875e-05,0.00017529100114188623,0.871347041998888,1,11,2,8,5,8,
gridworld,5,5,25,16,50,29,79,625,522,4,16,1,11,11,3,11,0.35560766399794375,0.0,0.08370970799842326,nan,0.0065275839988316875,0.0,0.010779541998999775,2.2375001208274625e-05,8.900000102585182e-05,1.7458000002079643e-05,3.712499892571941e-05,0.00011512499986565672,8.245800017903093e-05,6.587499956367537e-05,0.0001221249985974282,0.45757645800040336,1,5,2,2,3,5,
gridworld,5,5,25,16,50,30,80,625,449,4,16,1,14,14,3,14,0.34777599899643974,0.0,0.08577003899881674,nan,0.0050947920008184155,0.0,0.3035271669996291,3.666600059659686e-05,0.000116165998406359,1.9458000679151155e-05,7.058300070639234e-05,0.003614082999774837,0.00026616700051818043,0.00011283400090178475,0.00017008400027407333,0.7469277089985553,1,12,5,8,6,8,
gridworld,5,5,25,16,50,31,81,625,593,4,16,11,17,17,4,17,0.343849457000033,4.46638650100067,0.1378601670039643,nan,0.03380375000051572,0.0,24.514397375000044,0.00012550000064948108,0.0002619160004542209,3.4249998861923814e-05,0.00015066599917190615,0.30134041700148373,0.00035704100082512014,0.0001569579999340931,0.00018995800019183662,25.333151582999562,1,16,4,8,7,9,
gridworld,5,5,25,16,50,32,82,625,551,4,16,5,13,13,4,13,0.3483471669987921,1.600619667000501,0.07872303800104419,nan,0.018772125000396045,0.0,0.11378104100003839,3.716700121003669e-05,0.00011187500058440492,2.325000059499871e-05,4.1250001231674105e-05,0.0007957079997140681,0.00010400000064691994,6.970799950067885e-05,0.0001588750001246808,0.5616540000009991,1,4,2,2,3,7,
gridworld,5,5,25,16,50,33,83,625,546,4,16,1,17,17,4,17,0.3664979989953281,0.0,0.09026333300244005,nan,0.11622758299927227,0.0,26.457612125001106,0.00011216700113436673,0.00026383299882581923,4.537499989964999e-05,0.00011658299990813248,0.20401841700004297,0.0005726250001316657,0.00014991600073699374,0.00027904099988518283,27.2367727919991,1,9,2,13,6,13,
gridworld,5,5,25,16,50,34,84,625,594,4,16,8,13,13,4,13,0.3438965850018576,2.967548706999878,0.08167662500272854,nan,0.012119583001549472,0.0,0.11658937500033062,3.429099888307974e-05,0.00011749999976018444,2.0792000213987194e-05,5.3249999837134965e-05,0.0007198339990281966,0.00021437500072352123,8.470800094073638e-05,0.0001789580001059221,0.5565766660001827,1,6,2,6,4,8,
gridworld,5,5,25,16,50,35,85,625,546,4,16,2,15,15,4,15,0.3457316669955617,0.4827593749996595,0.07042949799688358,nan,0.012350999999398482,0.0,1.155992874999356,4.279200038581621e-05,0.00012583300122059882,2.308400144102052e-05,8.312499994644895e-05,0.008623207999335136,0.00031149999995250255,0.0001126669994846452,0.00023091699949873146,1.5944947510015481,1,15,4,9,6,11,
gridworld,5,5,25,16,50,36,86,625,569,4,16,2,14,14,4,14,0.3530379170006199,0.4657175829997868,0.0886960790012381,nan,0.01868829100021685,0.0,0.3643678340013139,4.295899998396635e-05,0.00013979200048197526,2.3959000827744603e-05,6.491699969046749e-05,0.002906749999965541,0.00031599999965692405,7.995799933269154e-05,0.00020212500021443702,0.8290034169986029,1,11,4,10,4,10,
gridworld,5,5,25,16,50,37,87,625,523,4,16,6,16,16,4,16,0.34832479000033345,1.9366174160004448,0.08765812500314496,nan,0.06057183299890312,0.0,3.997316958999363,4.225000157020986e-05,0.00016350000078091398,2.5334000383736566e-05,5.029199928685557e-05,0.011572167000849731,0.00011170899961143732,9.920900083670858e-05,0.00019504199917719234,4.506554833998962,1,6,2,2,5,9,
gridworld,5,5,25,16,50,38,88,625,520,4,16,2,13,13,4,13,0.3378435420036112,0.4329706669996085,0.15365266399930988,nan,0.00813495799957309,0.0,0.10486074999971606,4.1291999878012575e-05,0.0001114999995479593,2.325000059499871e-05,4.229199839755893e-05,0.0007821660001354758,0.00010316699990653433,6.804199983889703e-05,0.00015766599972266704,0.6062562909992266,1,3,2,2,3,7,
gridworld,5,5,25,16,50,39,89,625,569,4,16,3,12,12,4,12,0.348806414001956,0.9904346250023082,0.08253933199375751,nan,0.005312499999490683,0.0,0.03107179200014798,2.9208000341895968e-05,0.00010312500126019586,2.00829999812413e-05,5.2833000154350884e-05,0.0003172920005454216,0.00014045900024939328,7.658300091861747e-05,0.00014966700109653175,0.469034499999907,1,9,3,4,4,7,
gridworld,5,5,25,16,50,40,90,625,594,4,16,6,13,13,4,13,0.34947583099710755,1.8050750419988617,0.1001492489976954,nan,0.008685499999046442,0.0,0.10401745899980597,3.295799979241565e-05,0.00011179200009792112,2.1916999685345218e-05,3.79169996449491e-05,0.0007587090003653429,8.645799971418455e-05,6.12499989074422e-05,0.00017116699928010348,0.5639979999978095,1,4,2,2,3,8,
gridworld,5,5,25,16,50,41,91,625,571,4,16,3,15,15,3,15,0.35482470899842156,0.8774087919991871,0.08317420799539832,nan,0.012581124999996973,0.0,1.122986165999464,3.950000063923653e-05,0.00011587500011955854,2.1082998500787653e-05,7.195900070655625e-05,0.00626212499992107,0.0002877080005418975,9.945899910235312e-05,0.00017229099830728956,1.5810535000000527,1,12,3,8,5,8,
gridworld,5,5,25,16,50,42,92,625,502,4,16,10,15,15,3,15,0.2506734999969922,3.169546334000188,0.06035579400122515,nan,0.011037250000299537,0.0,1.1446329999998852,3.9417000152752735e-05,0.00013033400136919226,2.1249999917927198e-05,7.837500015739352e-05,0.006000374998620828,0.00027520799994817935,8.075000005192123e-05,0.0001720000000204891,1.4739240410017374,1,14,3,8,4,8,
gridworld,5,5,25,16,50,43,93,625,569,4,16,2,14,14,4,14,0.34982675000173913,0.4945076660005725,0.08445799999572046,nan,0.01860566599862068,0.0,0.3752067499990517,3.7125000744708814e-05,0.00011633399844868109,2.312499964318704e-05,6.037499952071812e-05,0.0016246249997493578,0.00010074999954667874,8.629100011603441e-05,0.00013637499978358392,0.8306971670008352,1,10,2,2,4,6,
gridworld,5,5,25,16,50,44,94,625,500,4,16,6,14,14,3,14,0.26843608200215385,1.7739508739996381,0.06570649800414685,nan,0.0034773749994201353,0.0,0.3018402920006338,3.229200046916958e-05,0.0001262500009033829,1.8750000890577212e-05,6.9874999098829e-05,0.0035186250006518094,0.00023354100085271057,0.00012387500100885518,0.0001510420006525237,0.6441359579985146,1,13,5,7,7,7,
gridworld,5,5,25,16,50,45,95,625,594,4,16,1,14,14,4,14,0.3559787080012029,0.0,0.14232895799977996,nan,0.016712792001271737,0.0,0.35566300000027695,4.020899905299302e-05,0.00011487499978102278,2.2791999072069302e-05,6.812500032538082e-05,0.0016367079988413025,9.712499922898132e-05,0.00011395799992897082,0.00019291699936729856,0.8733719169995311,1,10,2,2,6,9,
gridworld,5,5,25,16,50,46,96,625,594,4,16,8,15,15,4,15,0.24560529100199346,2.5818665839979076,0.057313418001285754,nan,0.009781000000657514,0.0,1.1309344580004108,4.166699909546878e-05,0.00012966699978278484,2.312499964318704e-05,8.424999941780698e-05,0.005924667000726913,0.000373500000932836,0.00013133299944456667,0.00023020800108497497,1.4509840409991739,1,15,3,11,7,11,
gridworld,5,5,25,16,50,47,97,625,594,4,16,4,13,13,4,13,0.26893041499897663,1.2643777099983708,0.06394841699875542,nan,0.006331624999802443,0.0,0.1060888750016602,3.254200055380352e-05,0.00011008299952663947,2.099999983329326e-05,7.062499935273081e-05,0.0013416669989965158,0.00018950000048789661,9.408300138602499e-05,0.0001522090005892096,0.44773787500162143,1,13,5,5,5,7,
gridworld,5,5,25,16,50,48,98,625,450,4,16,4,14,14,3,14,0.2922997480036429,0.9309670420007023,0.06687003900333366,nan,0.011710417000358575,0.0,0.34715379100089194,3.2083000405691564e-05,0.00012616599997272715,1.9915998564101756e-05,7.224999899335671e-05,0.001589291001437232,0.00033983300090767443,7.712499973422382e-05,0.00023062499894876964,0.7208990409999387,1,14,2,11,4,11,
gridworld,5,5,25,16,50,49,99,625,525,4,16,1,13,13,4,13,0.3511849579954287,0.0,0.09621674900336075,nan,0.008974582999144332,0.0,0.10351425000044401,3.6459001421462744e-05,0.00010645799920894206,2.2583999452763237e-05,4.954200085194316e-05,0.0007477079998352565,9.441699876333587e-05,6.450000000768341e-05,0.00014974999976402614,0.5615621260003536,1,6,2,2,3,7,
gridworld,5,5,25,20,50,0,100,625,571,4,20,5,13,13,4,13,0.4240219579951372,1.9574634169985075,0.17510070699245261,nan,0.008633082999949693,0.0,0.10680137499912234,4.6458000724669546e-05,9.92499990388751e-05,2.3292001060326584e-05,4.691600042860955e-05,0.0007681660008529434,0.00021962500068184454,8.187500134226866e-05,0.00018095899940817617,0.7164304590005486,1,5,2,6,4,8,
gridworld,5,5,25,20,50,1,101,625,455,4,20,9,13,13,4,13,0.4432017909930437,3.4345908340001188,0.18597045599926787,nan,0.008654459001263604,0.0,0.10447958300028404,3.408399970794562e-05,9.183299880533013e-05,2.1500000002561137e-05,5.8666000768425874e-05,0.0007043749992590165,8.941600026446395e-05,7.812500007275958e-05,0.00018929199904960115,0.7439677920010581,1,10,2,2,4,8,
gridworld,5,5,25,20,50,2,102,625,548,4,20,5,15,15,3,15,0.43598500200641865,2.0386153330000525,0.11081537400605157,nan,0.01498524999988149,0.0,1.1007440829998814,3.904200093529653e-05,0.00010250000013911631,2.1334000848582946e-05,6.245800068427343e-05,0.005907708000449929,0.00030650000007881317,0.00012687500020547304,0.0001903749998746207,1.6696992909983237,1,9,3,9,7,9,
gridworld,5,5,25,20,50,3,103,625,474,4,20,7,13,13,4,13,0.43931362600415014,2.7789987929991185,0.17548566800360277,nan,0.014441499999520602,0.0,0.10337841700129502,3.508299960230943e-05,8.895800056052394e-05,2.195799970650114e-05,5.116600004839711e-05,0.0009355829988635378,0.00033595900094951503,6.166699859022629e-05,0.00022779099890612997,0.734780957998737,1,7,3,11,3,11,
gridworld,5,5,25,20,50,4,104,625,594,4,20,4,15,15,4,15,0.44201016599254217,1.675959458001671,0.1011482510039059,nan,0.03414120799970988,0.0,1.1889477919994533,3.6499999623629265e-05,9.241599946108181e-05,2.3209000573842786e-05,3.6709001506096683e-05,0.0040351250008825446,0.0002379159996053204,9.262499952455983e-05,0.00016962500012596138,1.7713812499987398,1,3,2,7,5,8,
gridworld,5,5,25,20,50,5,105,625,571,4,20,1,17,17,3,17,0.44257300100071006,0.0,0.1151266690067132,nan,0.09247491699898092,0.0,22.497075957999186,0.0001225420000992017,0.0005456660001073033,4.650000118999742e-05,0.00010991599992848933,0.30479920800098625,0.0003976659991167253,0.00011325000014039688,0.00017270799980906304,23.46219383300013,1,9,3,8,4,8,
gridworld,5,5,25,20,50,6,106,625,570,4,20,9,15,15,4,15,0.4327689570000075,4.4303552500023216,0.15857729399795062,nan,0.03528895899944473,0.0,1.2187289579997014,4.3665999328368343e-05,0.00013558399950852618,2.470800063747447e-05,9.329199929197785e-05,0.004033957999126869,0.00030758399952901527,8.029099990380928e-05,0.00020249999943189323,1.851003623998622,1,14,2,9,4,9,
gridworld,5,5,25,20,50,7,107,625,449,4,20,11,13,13,4,13,0.4401089570055774,4.511958083998252,0.10765666299084842,nan,0.008129417001327965,0.0,0.0997619579993625,3.550000110408291e-05,0.00010179200035054237,2.058300015050918e-05,6.570900040969718e-05,0.0009919170006469358,0.00030583300031139515,0.0001160000010713702,0.00019587499991757795,0.65790437600117,1,11,3,9,6,9,
gridworld,5,5,25,20,50,8,108,625,570,4,20,3,11,11,4,11,0.44157508500211406,1.210928624999724,0.10374133199911739,nan,0.002860500000679167,0.0,0.010732792001363123,2.2666001314064488e-05,9.941700045601465e-05,1.9167000573361292e-05,4.283400085114408e-05,0.00010420900071039796,7.783299952279776e-05,6.149999899207614e-05,0.00013420899995253421,0.5598865000010846,1,7,2,2,3,6,
gridworld,5,5,25,20,50,9,109,625,594,4,20,2,17,17,6,17,0.4286186240042298,0.5371949580003275,0.10697716799950285,nan,0.10586166600114666,0.0,29.153397916001268,0.00013837499864166602,0.0002985419996548444,5.037499977333937e-05,0.0001278749987250194,0.23065379099898564,0.005148792000909452,0.00022495799930766225,0.00023549999968963675,30.034824374997697,1,15,3,12,8,12,
gridworld,5,5,25,20,50,10,110,625,474,4,20,3,15,15,4,15,0.4405740410020371,0.7745001250004862,0.11222629099938786,nan,0.035256875000413856,0.0,1.2892652919999819,4.2749999920488335e-05,0.0001217500011989614,2.4541999664506875e-05,4.57499991171062e-05,0.004048082999361213,0.00010966700028802734,8.54580011946382e-05,0.00017708300038066227,1.8838975420003408,1,3,2,2,4,8,
gridworld,5,5,25,20,50,11,111,625,594,4,20,3,13,13,4,13,0.43299995900270005,0.9540042499993433,0.1036286690068664,nan,0.011971542000537738,0.0,0.10643349999918428,3.712499892571941e-05,0.0001112080008169869,2.1624999135383405e-05,5.8040999647346325e-05,0.0007537500005128095,0.00010245900011796039,8.462500045425259e-05,0.00017499999921710696,0.6568253330005973,1,9,2,2,4,8,
gridworld,5,5,25,20,50,12,112,625,594,4,20,1,14,14,4,14,0.43326603899913607,0.0,0.09894974999770056,nan,0.018437041999277426,0.0,0.3688200830001733,4.120799894735683e-05,0.0001299579998885747,2.4249999114545062e-05,5.104200135974679e-05,0.0015422910000779666,0.00010783300058392342,8.749999869905878e-05,0.00018904100033978466,0.9220810000006168,1,6,2,2,4,8,
gridworld,5,5,25,20,50,13,113,625,594,4,20,7,17,17,4,17,0.43544091600415413,3.120986999998422,0.11107341699971585,nan,0.06346279099852836,0.0,27.910177375000785,0.00011870799971802626,0.00025437499971303623,3.787500099861063e-05,0.00012674999925366137,0.30912562500088825,0.0004181669992249226,0.00017787499928090256,0.00021225000091362745,28.833126792000257,1,13,6,10,8,10,
gridworld,5,5,25,20,50,14,114,625,571,4,20,6,16,16,4,16,0.4347287089985912,2.482698915997389,0.11886633299400273,nan,0.05723691599996528,0.0,4.248239000000467,0.00011883400111400988,0.0002455419999023434,3.366700002516154e-05,0.00011370799984433688,0.013734500000282424,0.00014283299969974905,0.0001081669997802237,0.00021429200023703743,4.886977499998466,1,15,2,2,6,10,
gridworld,5,5,25,20,50,15,115,625,570,4,20,4,16,16,4,16,0.42197966699495737,1.4112000000004628,0.16687387499587203,nan,0.06486108299941407,0.0,3.777489833999425,4.429199907463044e-05,0.00013529199895856436,2.5208000806742348e-05,7.958300011523534e-05,0.03423174999988987,0.00034587499976623803,0.00011304200052109081,0.00021224999909463804,4.466921500001263,1,14,6,10,6,10,
gridworld,5,5,25,20,50,16,116,625,594,4,20,3,12,12,4,12,0.44185395800013794,0.6323519159996067,0.10677724800370925,nan,0.004567124999084626,0.0,0.03199641699939093,2.937499994004611e-05,0.00011604200153669808,2.0957999367965385e-05,4.1000001147040166e-05,0.0002292079989274498,9.737500113260467e-05,6.266700074775144e-05,0.00013841599866282195,0.5864022909991036,1,5,2,2,3,6,
gridworld,5,5,25,20,50,17,117,625,594,4,20,4,16,16,4,16,0.4368431650000275,1.3357084579984075,0.10228016700420994,nan,0.05154095800025971,0.0,3.7607715829999506,4.2208999730064534e-05,0.00013550000039685983,2.4291999579872936e-05,6.533300074806903e-05,0.011545458999535185,0.00033983299908868503,0.0001267910010938067,0.00020766700072272215,4.364866582998729,1,10,2,10,7,10,
gridworld,5,5,25,20,50,18,118,625,547,4,20,1,16,16,4,16,0.4355550430063886,0.0,0.1122500800047419,nan,0.04396700000143028,0.0,3.6671922920013458,4.316700142226182e-05,0.00012612499995157123,2.5249999453080818e-05,7.179200110840611e-05,0.017191167000419227,0.00014687499970023055,7.595900024170987e-05,0.00020941699949617032,4.277282291999654,1,12,3,3,4,10,
gridworld,5,5,25,20,50,19,119,625,545,4,20,11,16,16,3,16,0.44487641799605626,5.005212376001509,0.10199345600813103,nan,0.019759499999054242,0.0,3.4497282079992146,3.945800017390866e-05,0.0001485840002715122,2.1292000383255072e-05,6.504100019810721e-05,0.022931750001589535,0.00031179200050246436,0.0001298340011999244,0.00019216699911339674,4.056849832999433,1,10,4,9,7,9,
gridworld,5,5,25,20,50,20,120,625,520,4,20,5,14,14,4,14,0.4486425440027233,1.7391666250005073,0.11680795799838961,nan,0.011125916000310099,0.0,0.3401848749999772,4.0749999243416823e-05,0.0001257919993804535,2.350000067963265e-05,5.500000042957254e-05,0.002286291999553214,0.00019545800023479387,8.066699956543744e-05,0.00017300000035902485,0.9201842499987833,1,7,3,5,4,8,
gridworld,5,5,25,20,50,21,121,625,592,4,20,3,17,17,5,17,0.43511387200123863,1.045835041999453,0.10501437600396457,nan,0.08151541700135567,0.0,28.69108162500015,0.00013374999980442226,0.0002638340010889806,5.0458000259823166e-05,0.00010804200064740144,0.20660262499950477,0.00043704100062313955,0.00015775000065332279,0.00022775000070396345,29.52417925000009,1,9,3,11,7,11,
gridworld,5,5,25,20,50,22,122,625,594,4,20,7,12,12,4,12,0.43637725100052194,2.335141042000032,0.16630137499851116,nan,0.004844625000259839,0.0,0.03199579099964467,3.17920002999017e-05,0.00010891700003412552,2.074999974865932e-05,4.350000017439015e-05,0.0002664580006239703,0.00010295799984305631,6.304199996520765e-05,0.00015125000027182978,0.6410209160003433,1,5,2,2,3,7,
gridworld,5,5,25,20,50,23,123,625,570,4,20,4,17,17,4,17,0.44269766999241256,1.3857818339984078,0.1040309599993634,nan,0.07701975000054517,0.0,27.33737716699943,0.00013595899872598238,0.0002776670007733628,4.116700074519031e-05,0.00014116599959379528,0.2661915829994541,0.0005262909999146359,0.00013079199925414287,0.00027587499971559737,28.232254915999874,1,16,4,13,5,13,
gridworld,5,5,25,20,50,24,124,625,594,4,20,2,13,13,3,13,0.4300179600049887,0.4671651250009745,0.1565368710034818,nan,0.007987208999111317,0.0,0.1112789580001845,3.975000072387047e-05,0.00011166700096509885,2.0375000531203113e-05,4.770800114783924e-05,0.0010116659996128874,0.00026612500005285256,9.775000035006087e-05,0.00017333299911115319,0.7083031670008495,1,5,3,7,5,8,
gridworld,5,5,25,20,50,25,125,625,501,4,20,1,14,14,4,14,0.44364820800183224,0.0,0.10796383499837248,nan,0.00841625000066415,0.0,0.3620314999989205,3.7957999666105025e-05,0.00012108299961255398,2.2791000446886756e-05,6.145900078990962e-05,0.0023248329998750705,0.0003637080008047633,0.00011074999929405749,0.0002496250017429702,0.9257792920016072,1,9,3,12,6,12,
gridworld,5,5,25,20,50,26,126,625,500,4,20,15,17,17,3,17,0.41114300100343826,6.313635163996878,0.10054129299533088,nan,0.04874562500117463,0.0,28.203363459000684,0.00011520799853315111,0.0002435829992464278,3.795800148509443e-05,0.00012412499927449971,0.26902466699903016,0.000457500000266009,0.00016158299877133686,0.00021837500025867485,29.040807125002175,1,11,5,10,7,10,
gridworld,5,5,25,20,50,27,127,625,569,4,20,3,17,17,4,17,0.42757441599678714,0.9887871259998064,0.16248670999266324,nan,0.11782816699997056,0.0,28.391897582998354,0.00014550000014423858,0.0003007079994858941,3.570800072338898e-05,0.0001382080008625053,0.2081121669998538,0.0003786249999393476,0.00014800000099057797,0.00021458399896800984,29.31269379100013,1,12,2,8,6,10,
gridworld,5,5,25,20,50,28,128,625,594,4,20,12,17,17,4,17,0.4327240830007213,5.7798692070009565,0.10338395800317812,nan,0.13372466600048938,0.0,29.182984084000054,0.00012616599997272715,0.00027962500098510645,3.825000021606684e-05,0.00013349999971978832,0.21870599999965634,0.00023175000023911707,0.00011100000119768083,0.00022620799973083194,30.07634450000114,1,16,2,2,4,10,
gridworld,5,5,25,20,50,29,129,625,472,4,20,1,16,16,3,16,0.4441147940015071,0.0,0.15660837699579133,nan,0.01494670799911546,0.0,3.5644332080009917,5.224999949859921e-05,0.0001748750000842847,2.8750000637955964e-05,5.6792001487337984e-05,0.00888933400165115,0.00016954099919530563,3.149999974993989e-05,6.229199971130583e-05,4.191374625999742,0,5,1,4,1,2,
gridworld,5,5,25,20,50,30,130,625,594,4,20,4,17,17,6,17,0.4390308360034396,1.4663856250008394,0.1094001660021604,nan,0.06761708299927705,0.0,21.339024458000495,0.00013062500147498213,0.0002976670002681203,4.5540999053628184e-05,0.0001300410003750585,0.2875117080002383,0.0003857079991576029,0.00016095799946924672,0.0001965829997061519,22.244612915999824,1,11,4,9,7,9,
gridworld,5,5,25,20,50,31,131,625,549,4,20,3,17,17,4,17,0.4443107930055703,1.030762041998969,0.10323329199491127,nan,0.03396629199960444,0.0,19.158965624999837,0.00012391699965519365,0.00027770799897552934,3.716600076586474e-05,0.00011350000022503082,0.20769862499946612,0.0005851249989063945,6.687499990221113e-05,0.0002927920013462426,19.950559291999525,0,8,2,14,1,14,
gridworld,5,5,25,20,50,32,132,625,594,4,20,9,16,16,4,16,0.4326547099990421,3.311408081000991,0.10616762599966023,nan,0.0679066659995442,0.0,4.063237915999707,4.183300006843638e-05,0.00013512499936041422,2.5667000954854302e-05,6.345899964799173e-05,0.011548417000085465,0.0002607080004963791,9.812500138650648e-05,0.00018924999858427327,4.6830818749986065,1,8,2,7,5,9,
gridworld,5,5,25,20,50,33,133,625,594,4,20,3,14,14,4,14,0.42982216700329445,0.8816282080006204,0.10939812099240953,nan,0.016531291999854147,0.0,0.3675824170004489,4.1125000279862434e-05,0.00012733299990941305,2.3750000764266588e-05,5.8000001445179805e-05,0.0016269169991574017,0.0002770830014924286,7.97079992480576e-05,0.0001548329983052099,0.9261779159987782,1,8,2,8,4,8,
gridworld,5,5,25,20,50,34,134,625,594,4,20,2,15,15,4,15,0.4388756239986833,0.5519609999992099,0.10401462499430636,nan,0.025573625000106404,0.0,1.1685572919996048,3.979199937020894e-05,0.00011758400069084018,2.3624999812454917e-05,5.824999971082434e-05,0.004728915999294259,0.0003756670012080576,0.00012879200039606076,0.00023508300000685267,1.7431527499975346,1,8,2,11,7,11,
gridworld,5,5,25,20,50,35,135,625,501,4,20,3,16,16,3,16,0.43123453900079767,1.0628557080017345,0.10796924900387239,nan,0.03267704200152366,0.0,3.728561083000386,3.720799941220321e-05,0.0001345409982604906,2.1833000573678873e-05,6.820800081186462e-05,0.017277417000514106,0.0003120000001217704,0.00012775000141118653,0.00019245899966335855,4.319044833000589,1,12,3,9,7,9,
gridworld,5,5,25,20,50,36,136,625,594,4,20,1,12,12,4,12,0.4440348799998901,0.0,0.12234037599773728,nan,0.004885916998318862,0.0,0.03202766699905624,3.058299989788793e-05,9.358299939776771e-05,2.074999974865932e-05,4.29579995397944e-05,0.00022291700042842422,7.983399882505182e-05,6.208299964782782e-05,0.0001536250001663575,0.6044202510001924,1,6,2,2,3,7,
gridworld,5,5,25,20,50,37,137,625,594,4,20,4,17,17,4,17,0.42737874900012685,1.3427792080001382,0.10945508199620235,nan,0.08596366700112412,0.0,20.8157282079992,0.0001278750005440088,0.00026591599998937454,3.9208998714457266e-05,0.0001347920006082859,0.25089699999989534,0.00048341700130549725,0.00019329099995957222,0.00024079200011328794,21.693078873999184,1,12,3,11,8,11,
gridworld,5,5,25,20,50,38,138,625,550,4,20,5,13,13,4,13,0.44233187600184465,1.4467809569996462,0.10336658500091289,nan,0.010831874998984858,0.0,0.10870950000025914,3.9958000343176536e-05,0.00011325000014039688,2.2833999537397176e-05,5.0582999392645434e-05,0.0008073340013652341,0.00024429099903500173,0.00010070800090034027,0.00018070800069835968,0.6675162499996077,1,6,2,6,5,8,
gridworld,5,5,25,20,50,39,139,625,570,4,20,2,16,16,4,16,0.44143983300637046,0.6046266670000477,0.10956012600399845,nan,0.025859665998723358,0.0,4.004556916999718,4.291700133762788e-05,0.00013533400124288164,2.4540999220334925e-05,4.891699973086361e-05,0.024171166000087396,0.00028745799863827415,0.0001316660000156844,0.00017320799997833092,4.606910333999622,1,4,4,8,7,8,
gridworld,5,5,25,20,50,40,140,625,498,4,20,2,14,14,4,14,0.442905707994214,0.5222250419992633,0.10103221000281337,nan,0.00852462500006368,0.0,0.36290841700065357,4.041700049128849e-05,0.00011866699969687033,2.3208000129670836e-05,6.599999869649764e-05,0.0023026670005492633,0.00013529100033338182,0.00010054099948320072,0.00020975000006728806,0.9188126670014753,1,11,3,3,5,9,
gridworld,5,5,25,20,50,41,141,625,571,4,20,1,14,14,4,14,0.4408266299942625,0.0,0.11355854199973692,nan,0.021735207999881823,0.0,0.3512617090000276,4.345799970906228e-05,0.00011912499940081034,2.433400004520081e-05,4.995800009055529e-05,0.0016522080004506279,0.00010529099927225616,6.666700028290506e-05,0.00019412500114412978,0.9300598329991772,1,5,2,2,3,9,
gridworld,5,5,25,20,50,42,142,625,594,4,20,4,15,15,4,15,0.4320407920022262,1.6608851250020962,0.1042218349975883,nan,0.04382087499834597,0.0,1.1957269169997744,3.9667000237386674e-05,0.00012412500109348912,2.5041999833774753e-05,5.416699968918692e-05,0.004055375000461936,0.00010333299906051252,5.879200034542009e-05,0.0002074169988190988,1.7809183330009546,1,7,2,2,3,10,
gridworld,5,5,25,20,50,43,143,625,523,4,20,1,16,16,3,16,0.44023524800104497,0.0,0.10735145799844759,nan,0.02556762499989418,0.0,3.119730124999478,4.016700040665455e-05,0.00012954200064996257,2.1666000975528732e-05,7.887499850767199e-05,0.028627458999835653,0.00048304200026905164,0.000128707999465405,0.0003088749999733409,3.723086666999734,1,14,5,15,7,15,
gridworld,5,5,25,20,50,44,144,625,523,4,20,1,13,13,4,13,0.4275713299957715,0.0,0.10817100200074492,nan,0.010291332999258884,0.0,0.1007484170004318,3.325000034237746e-05,0.00010587499855319038,2.1208001271588728e-05,5.9208001403021626e-05,0.0008470829998259433,0.0003618749997258419,7.708300108788535e-05,0.00024891700013540685,0.6489719170021999,1,10,3,12,4,12,
gridworld,5,5,25,20,50,45,145,625,498,4,20,5,16,16,4,16,0.34607562799828884,1.8957241250009247,0.0828626680013258,nan,0.017198541998368455,0.0,3.3654124999993655,3.991599987784866e-05,0.0001372500009892974,2.391700036241673e-05,7.666700003028382e-05,0.02300654200007557,0.0003578329997253604,9.508299990557134e-05,0.00024945800032583065,3.835941208000804,1,14,4,11,5,12,
gridworld,5,5,25,20,50,46,146,625,548,4,20,3,15,15,4,15,0.4412427920033224,1.175944750999406,0.10828804100128764,nan,0.024874125001588254,0.0,1.1882516670011682,3.991700032202061e-05,0.00013983299868414178,2.362500163144432e-05,6.65420011500828e-05,0.004572582998662256,0.0003226669996365672,0.00011074999929405749,0.0002087499997287523,1.7685732500012818,1,11,2,10,6,10,
gridworld,5,5,25,20,50,47,147,625,477,4,20,4,15,15,6,15,0.3842730809992645,1.4592532490005397,0.09419471000001067,nan,0.012609957999302424,0.0,1.1793577080006798,4.2749999920488335e-05,0.00012437500117812306,2.7332998797646724e-05,6.887499876029324e-05,0.008128292000037618,0.00021366600049077533,0.00012241699914739002,0.00021241699869278818,1.6797974569999496,1,12,4,6,7,10,
gridworld,5,5,25,20,50,48,148,625,594,4,20,3,17,17,4,17,0.4260115799934283,1.0261217080005736,0.10214733600150794,nan,0.10269816700019874,0.0,21.507091750001564,0.00011795799946412444,0.0002674999996088445,3.6625000575440936e-05,0.00011524999899847899,0.3369020829995861,0.0005737080009566853,0.0001622079998924164,0.00030066599902056623,22.480202251001174,1,11,7,14,7,14,
gridworld,5,5,25,20,50,49,149,625,522,4,20,11,15,15,4,15,0.3034732920023089,4.1512993769993045,0.10361178999846743,nan,0.007902375000412576,0.0,1.2070395829996414,4.095899930689484e-05,0.0001310419993387768,2.341700019314885e-05,6.774999928893521e-05,0.007897749999756343,0.00027283300005365163,0.00010379199920862447,0.0001695829996606335,1.6328520000006392,1,11,4,8,5,8,
puddleworld,5,5,25,12,50,0,150,625,573,4,12,6,13,13,4,13,0.25929412499863247,1.6710232499990525,0.06426458299756632,nan,0.006710124998789979,0.0,0.10713470799964853,3.5582999771577306e-05,9.225000030710362e-05,2.1624999135383405e-05,5.520899867406115e-05,0.0008102920000965241,0.0003125419989373768,0.00013287499859870877,0.00019754100139834918,0.4394599989991548,1,7,2,9,7,9,
puddleworld,5,5,25,12,50,1,151,625,594,4,12,1,14,14,3,14,0.27655158400193613,0.0,0.059859457998754806,nan,0.01840658399851236,0.0,0.35996549999981653,4.0749999243416823e-05,9.512500037089922e-05,2.204200063715689e-05,7.69159996707458e-05,0.002263624999613967,0.000305417001072783,8.129200068651699e-05,0.0001937079996423563,0.7182867920000717,1,13,3,9,4,9,
puddleworld,5,5,25,12,50,2,152,625,547,4,12,12,14,14,6,14,0.27405054199880396,3.713259165002455,0.06653170700337796,nan,0.010082499999043648,0.0,0.35690095799873234,4.4874999730382115e-05,9.675000001152512e-05,2.720800148381386e-05,8.04999999672873e-05,0.0035620420003397157,0.0003910000014002435,0.0001331249986833427,0.0002554580005380558,0.712567874999877,1,14,5,12,7,12,
puddleworld,5,5,25,12,50,3,153,625,594,4,12,7,12,12,4,12,0.2740504180001153,2.092735290003475,0.06612325200148916,nan,0.004694291999840061,0.0,0.03250945899890212,3.0375000278581865e-05,7.725000068603549e-05,2.0707999283331446e-05,4.704200000560377e-05,0.0002463330001774011,8.333299956575502e-05,9.541700092086103e-05,0.00017270799980906304,0.37856779099820415,1,7,2,2,5,8,
puddleworld,5,5,25,12,50,4,154,625,592,4,12,5,13,13,4,13,0.26244891300666495,1.4589550420023443,0.05976966799607908,nan,0.005606041999271838,0.0,0.09533562499927939,4.025000089313835e-05,9.329199929197785e-05,2.183299875468947e-05,6.595900049433112e-05,0.0012587909986905288,0.0002957090000563767,0.00010841699986485764,0.00018879100025515072,0.4256216249996214,1,10,4,9,5,9,
puddleworld,5,5,25,12,50,5,155,625,572,4,12,1,10,10,4,10,0.2773797529989679,0.0,0.06508850000500388,nan,0.0023995000010472722,0.0,0.003962125001635286,2.2250000256462954e-05,7.374999950116035e-05,1.820800025598146e-05,4.212500061839819e-05,7.874999937484972e-05,7.76249999034917e-05,6.075000055716373e-05,0.00013154199950804468,0.3497430829993391,1,7,2,2,3,6,
puddleworld,5,5,25,12,50,6,156,625,568,4,12,6,12,12,4,12,0.26493799799936824,1.6360162909950304,0.05877962600061437,nan,0.0037824579994776286,0.0,0.03137320899986662,3.195899989805184e-05,7.699999878241215e-05,1.9999999494757503e-05,3.34169999405276e-05,0.00032620800084259827,0.0001077090000762837,7.662500138394535e-05,0.00015008300033514388,0.3600173340018955,1,4,3,3,4,7,
puddleworld,5,5,25,12,50,7,157,625,593,4,12,11,11,11,4,11,0.2635874559964577,3.056874167996284,0.06574320800245914,nan,0.0028727919998345897,0.0,0.010543458000029204,2.3374999727820978e-05,6.358300015563145e-05,1.941700065799523e-05,3.449999894655775e-05,0.00010504199963179417,7.324999933189247e-05,7.01669996487908e-05,0.00012954199883097317,0.3435953329990298,1,5,2,2,3,6,
puddleworld,5,5,25,12,50,8,158,625,521,4,12,12,17,17,4,17,0.26381003999449604,3.6489229979997617,0.06242458400083706,nan,0.05304570800035435,0.0,21.60127695799929,0.0001218329998664558,0.00027066700022260193,4.037499820697121e-05,0.00014045900024939328,0.30924162500014063,0.0005216669997025747,0.00020495799981290475,0.0002524580013414379,22.29191612500108,1,14,3,12,10,12,
puddleworld,5,5,25,12,50,9,159,625,570,4,12,10,15,15,4,15,0.26962087400352175,2.7068440840012045,0.05928391599445604,nan,0.004607250000844942,0.0,1.031509250000454,3.8750000385334715e-05,0.00012112500007788185,2.2375001208274625e-05,7.229099901451264e-05,0.014295625000158907,0.0003408329994272208,0.00015750000056868885,0.0002096250009344658,1.38101049999932,1,12,6,10,9,10,
puddleworld,5,5,25,12,50,10,160,625,593,4,12,47,13,13,4,13,0.18852941800105327,14.869695502000468,0.07669279099718551,nan,0.00818345900006534,0.0,0.10716066700115334,3.5999999454361387e-05,0.00010512500011827797,2.2125001123640686e-05,4.987499960407149e-05,0.0007612500012328383,9.462500020163134e-05,6.204099918249995e-05,0.00017083400052797515,0.38238654199994926,1,7,2,2,3,8,
puddleworld,5,5,25,12,50,11,161,625,594,4,12,5,14,14,4,14,0.2694088320022274,1.450921166999251,0.0611094999985653,nan,0.013599666999652982,0.0,0.36455362500055344,4.3959000322502106e-05,0.00013720899914915208,2.4417000531684607e-05,6.045800000720192e-05,0.0029340000000956934,0.00038933399991947226,0.00011379199895600323,0.0002557080006226897,0.7130642499996611,1,7,4,12,6,12,
puddleworld,5,5,25,12,50,12,162,625,590,4,12,5,16,16,4,16,0.27052853899840557,1.380136207999385,0.05703770700347377,nan,0.03571529200053192,0.0,3.942517041999963,0.00010533400018175598,0.00023283299924514722,3.433299934840761e-05,0.000112292000267189,0.029992666999532958,0.00045191699973656796,0.0001266250001208391,0.00026854200041270815,4.3376539170003525,1,12,3,13,7,13,
puddleworld,5,5,25,12,50,13,163,625,474,4,12,9,15,15,4,15,0.2829929989966331,3.0510814579993166,0.13191579199883563,nan,0.04180533299950184,0.0,1.236565207998865,4.533300125331152e-05,0.00012929199874633923,2.6290999812772498e-05,6.633300108660478e-05,0.0062396659996011294,0.00026545800028543454,8.399999933317304e-05,0.00015612499919370748,1.7007722090002062,1,9,3,7,3,7,
puddleworld,5,5,25,12,50,14,164,625,474,4,12,2,13,13,4,13,0.26918629000465444,0.33644045799883315,0.13443891600036295,nan,0.006633999999394291,0.0,0.10824979100107157,3.883299905282911e-05,0.00011720800102921203,2.2290998458629474e-05,6.345800102280919e-05,0.0007276249998540152,9.850000060396269e-05,8.424999941780698e-05,0.00013512499936041422,0.5202612079992832,1,10,2,2,4,6,
puddleworld,5,5,25,12,50,15,165,625,594,4,12,10,13,13,4,13,0.25963087100171833,2.9250770849994296,0.0634828730035224,nan,0.005581749999691965,0.0,0.098659208000754,3.1584000680595636e-05,0.00011604199971770868,2.0208000933052972e-05,7.029099833744112e-05,0.0011393749991839286,0.00020574999871314503,0.00012654099919018336,0.00019179199989594053,0.4296868330002326,1,13,4,6,7,9,
puddleworld,5,5,25,12,50,16,166,625,547,4,12,8,13,13,4,13,0.269314999002745,2.3994971250012895,0.061027543002637685,nan,0.008091790999969817,0.0,0.10456141699978616,4.191699918010272e-05,0.00012120800056436565,2.300000051036477e-05,7.216700032586232e-05,0.0007904590001999168,0.00025424999876122456,9.866700020211283e-05,0.00015404199984914158,0.44495570800063433,1,12,2,7,5,7,
puddleworld,5,5,25,12,50,17,167,625,520,4,12,25,14,14,4,14,0.27050479099671065,8.266783291999673,0.06570929099689238,nan,0.020409000000654487,0.0,0.35654287500074133,4.145800085098017e-05,0.00014062499940337148,2.3874999897088856e-05,6.54579998808913e-05,0.0016291249994537793,0.0003052079991903156,9.620800119591877e-05,0.00019087500004388858,0.7161045000011654,1,10,2,9,5,9,
puddleworld,5,5,25,12,50,18,168,625,594,4,12,8,17,17,4,17,0.2737775000059628,2.3449545839994244,0.12908929099648958,nan,0.09841220800080919,0.0,17.73366616599924,0.00012241699914739002,0.0002672910013643559,4.0082999475998804e-05,0.0001275409995287191,0.2651678330003051,0.0004790840011992259,0.0001990410000871634,0.00025016699873958714,18.50462670900015,1,13,2,12,9,12,
puddleworld,5,5,25,12,50,19,169,625,546,4,12,3,16,16,6,16,0.27395466699817916,0.9269040000017412,0.05817599999681988,nan,0.03560316699986288,0.0,3.9181874160003645,6.129200119175948e-05,0.00014987500071583781,3.6249999538995326e-05,8.262499977718107e-05,0.02554591599982814,0.0003423750004003523,0.00013054199916950893,0.00025962499967135955,4.313256249000915,1,14,4,8,6,10,
puddleworld,5,5,25,12,50,20,170,625,523,4,12,7,16,16,4,16,0.27006616599828703,1.8646530009991693,0.06472829099948285,nan,0.037842917001398746,0.0,3.825229666999803,4.549999903247226e-05,0.00013337500058696605,2.6416999389766715e-05,8.262499977718107e-05,0.029695541999899433,0.0002913750013249228,0.00011395799992897082,0.0002516669992473908,4.229020543001752,1,15,5,8,6,12,
puddleworld,5,5,25,12,50,21,171,625,572,4,12,9,15,15,4,15,0.2690779980039224,2.5361116690000927,0.05687141700036591,nan,0.03245870799946715,0.0,1.2577943750002305,4.291699951863848e-05,0.00012195800081826746,2.5167000785586424e-05,6.058300095901359e-05,0.004068499998538755,0.00011162500049977098,0.00011925000035262201,0.00013533399942389224,1.621337874999881,1,8,2,2,5,6,
puddleworld,5,5,25,12,50,22,172,625,571,4,12,1,13,13,4,13,0.27562937500260887,0.0,0.0624346679996961,nan,0.006246875000215368,0.0,0.10793441700116091,3.7292000342858955e-05,0.00010612499863782432,2.245799987576902e-05,3.8584001231356524e-05,0.0007360840008914238,0.00024329100051545538,9.679200047685299e-05,0.0001538340002298355,0.45410733300013817,1,3,2,7,5,7,
puddleworld,5,5,25,12,50,23,173,625,569,4,12,3,14,14,4,14,0.2739187929946638,0.6739004579994798,0.056929041998955654,nan,0.017888083999423543,0.0,0.3676248330011731,3.895900044881273e-05,0.00011045900100725703,2.3292001060326584e-05,5.733299985877238e-05,0.0016926669995882548,0.00010624999958963599,0.00010512500011827797,0.00020187500012980308,0.7191072929999791,1,8,2,2,5,9,
puddleworld,5,5,25,12,50,24,174,625,593,4,12,5,14,14,4,14,0.271364126001572,1.3224582090006152,0.06542266799806384,nan,0.013633624999783933,0.0,0.35772712499965564,3.683400063891895e-05,0.00011312500100757461,2.3209000573842786e-05,3.333300082886126e-05,0.001600999999936903,9.708300058264285e-05,8.187499952327926e-05,0.00019491599960019812,0.7107440409999981,1,2,2,2,4,9,
puddleworld,5,5,25,12,50,25,175,625,594,4,12,7,14,14,4,14,0.2725178769978811,2.124885582999923,0.06395866600541922,nan,0.01933616600035748,0.0,0.36198804099876725,3.575000118871685e-05,0.00011883300066983793,2.3874999897088856e-05,5.279200013319496e-05,0.0015892920000624144,9.549999958835542e-05,8.08750010037329e-05,0.00019670800065796357,0.720418459000939,1,8,2,2,4,9,
puddleworld,5,5,25,12,50,26,176,625,546,4,12,6,14,14,3,14,0.27354920899961144,1.7585657080016972,0.07013791400095215,nan,0.0058317090006312355,0.0,0.326616541000476,3.6499999623629265e-05,0.000110041000880301,1.9999999494757503e-05,6.004100032441784e-05,0.0026181249995715916,0.00033229200016648974,8.225000055972487e-05,0.0002130840002791956,0.6799967080005445,1,9,3,10,4,10,
puddleworld,5,5,25,12,50,27,177,625,594,4,12,2,14,14,4,14,0.2647962489954807,0.33470916700025555,0.06486291500004882,nan,0.023952166999151814,0.0,0.34899924999990617,3.833299888356123e-05,0.00011766699935833458,2.3042000975692645e-05,4.558300133794546e-05,0.0016237079998973059,0.00010483299956831615,8.24999988253694e-05,0.00021662500148522668,0.7052920830010407,1,5,2,2,4,10,
puddleworld,5,5,25,12,50,28,178,625,571,4,12,13,17,17,6,17,0.2713082080063032,4.050915834002808,0.05339150199688447,nan,0.041908832999979495,0.0,14.810362707999957,0.00012408300062816124,0.00028458299857447855,4.479199924389832e-05,0.00011466700016171671,0.3107827500007261,0.0003251250000175787,0.00021166700025787577,0.00025333399935334455,15.489785915999164,1,10,4,6,10,12,
puddleworld,5,5,25,12,50,29,179,625,593,4,12,6,10,10,4,10,0.26945795899882796,1.452792001000489,0.0522839590030344,nan,0.004681374999563559,0.0,0.004093040999578079,2.408299951639492e-05,9.154100007435773e-05,2.429200139886234e-05,4.720800097857136e-05,8.208300096157473e-05,7.77080003899755e-05,6.066699825169053e-05,0.0001320000010309741,0.3317810839998856,1,7,2,2,3,6,
puddleworld,5,5,25,12,50,30,180,625,594,4,12,5,15,15,4,15,0.2742664559991681,1.3965007080005307,0.06131100000311562,nan,0.02672179199907987,0.0,1.267812750000303,3.749999996216502e-05,0.00010695899982238188,2.2750000425730832e-05,3.641700095613487e-05,0.004687791000833386,0.00012891699952888303,0.00012700000115728471,0.000200542001039139,1.6368451260004804,1,2,2,2,6,9,
puddleworld,5,5,25,12,50,31,181,625,447,4,12,1,14,14,3,14,0.26738845800173294,0.0,0.11291779100065469,nan,0.010658832999979495,0.0,0.3473458339994977,3.408299926377367e-05,0.00011712500054272823,1.9875000361935236e-05,6.624999878113158e-05,0.0028943340003024787,0.00029104200075380504,0.0001257090007129591,0.00018975000057253055,0.7424680000003718,1,12,4,9,7,9,
puddleworld,5,5,25,12,50,32,182,625,477,4,12,1,14,14,6,14,0.271721791004893,0.0,0.06306116600171663,nan,0.0056696249994274694,0.0,0.3349473329999455,4.454200097825378e-05,0.00012095800047973171,2.620899977046065e-05,8.070900003076531e-05,0.004742499999338179,0.0003244580002501607,0.00012887499906355515,0.00019608299953688402,0.6814714590000222,1,14,7,9,7,9,
puddleworld,5,5,25,12,50,33,183,625,547,4,12,21,15,15,4,15,0.2172528329956549,6.540771751006105,0.04786579200117558,nan,0.01979270799893129,0.0,1.1870900410012837,3.691700112540275e-05,0.00012191600035293959,2.3374999727820978e-05,6.162499994388781e-05,0.004024124998977641,0.00032862499938346446,0.00012791600056516472,0.00021262499831209425,1.477360791001047,1,10,2,10,7,10,
puddleworld,5,5,25,12,50,34,184,625,522,4,12,7,11,11,4,11,0.27650333299607155,2.0419887079988257,0.07118641700253647,nan,0.0032464999985677423,0.0,0.0106751669991354,2.3291000616154633e-05,7.783399996696971e-05,1.9042001440539025e-05,4.975000047124922e-05,0.00014162500156089664,0.00021345799905247986,7.616699986101594e-05,0.00015129200073715765,0.3627702909998334,1,9,3,7,4,7,
puddleworld,5,5,25,12,50,35,185,625,568,4,12,3,14,14,4,14,0.26713916400149174,0.5497304999989865,0.05941766799878678,nan,0.013104957999530598,0.0,0.3815030419991672,4.4207999962964095e-05,0.00012533300105133094,2.474999928381294e-05,8.133399933285546e-05,0.002898875000028056,0.00036354100120661315,9.962500007532071e-05,0.00023770799998601433,0.7254011249988253,1,14,4,11,5,11,
puddleworld,5,5,25,12,50,36,186,625,593,4,12,5,16,16,4,16,0.2669622919984249,1.3859399170014512,0.0662198760001047,nan,0.048917709000306786,0.0,3.8491522500007704,4.3125000956933945e-05,0.0001336250006716,2.5000001187436283e-05,6.887499876029324e-05,0.01382341600037762,0.0004220829996484099,0.00013116700029058848,0.000270417000137968,4.246610873999089,1,11,2,13,7,13,
puddleworld,5,5,25,12,50,37,187,625,594,4,12,5,17,17,4,17,0.2718438759966375,1.3635915830000158,0.06798179199722654,nan,0.10207833300046332,0.0,14.835465250000198,0.00012762500045937486,0.00026583299950289074,3.812500108324457e-05,0.00013349999971978832,0.27496358300049906,0.0005431659992609639,0.00016879199938557576,0.0002720829997997498,15.554755250001108,1,16,5,13,7,13,
puddleworld,5,5,25,12,50,38,188,625,594,4,12,20,13,13,4,13,0.19263687500279048,6.005356998002753,0.08226749999630556,nan,0.004425334000188741,0.0,0.10306212499926914,4.075000106240623e-05,0.00012437499935913365,2.2792000891058706e-05,7.691700011491776e-05,0.0009241249990736833,0.00036083400118513964,9.883300117508043e-05,0.00023583399888593704,0.38494545800131164,1,13,3,11,5,11,
puddleworld,5,5,25,12,50,39,189,625,594,4,12,10,14,14,4,14,0.28485887499664386,3.006711374997394,0.06494612699862046,nan,0.01923420900129713,0.0,0.3574365830008901,4.066600013175048e-05,0.00012495900045905728,2.420799864921719e-05,7.554100011475384e-05,0.001629042000786285,0.00031754200063005555,8.42080007714685e-05,0.0001912500010803342,0.7294017089989211,1,13,2,9,4,9,
puddleworld,5,5,25,12,50,40,190,625,496,4,12,6,11,11,4,11,0.26728521100267244,1.7656211680005072,0.07090024900207936,nan,0.0028343750000203727,0.0,0.010654833000444341,2.433400004520081e-05,8.883400005288422e-05,1.970799894479569e-05,5.74589994357666e-05,0.0001055410011758795,7.862500024202745e-05,6.179100091685541e-05,0.00013195800056564622,0.35263762500107987,1,11,2,2,3,6,
puddleworld,5,5,25,12,50,41,191,625,480,4,12,1,11,11,4,11,0.2657818729912833,0.0,0.1239058740065957,nan,0.004908458000500104,0.0,0.01045825000073819,2.1458999981405213e-05,7.462500070687383e-05,1.9041000996367075e-05,4.612500015355181e-05,9.570800102665089e-05,7.158399967011064e-05,6.329099960566964e-05,0.00013029100045969244,0.4058950839971658,1,9,2,2,3,6,
puddleworld,5,5,25,12,50,42,192,625,593,4,12,3,15,15,4,15,0.2712940820001677,0.6807890830004908,0.06242449900128122,nan,0.040548708000642364,0.0,1.2441150419999758,4.033299956063274e-05,0.0001081669997802237,2.5209001250914298e-05,6.983300045249052e-05,0.004574165999656543,0.0003305000009277137,8.14159993751673e-05,0.00024237500110757537,1.6247134160003043,1,12,2,10,4,10,
puddleworld,5,5,25,12,50,43,193,625,494,4,12,8,15,15,3,15,0.2719189160015958,2.3866525830017054,0.07405220899636333,nan,0.003234625000914093,0.0,0.9478595000000496,5.6000000768108293e-05,0.00013025000043853652,2.1166000806260854e-05,8.341700049641076e-05,0.011862916999234585,0.0003280000000813743,0.00013116700029058848,0.0001953329992829822,1.310296625000774,1,12,6,9,7,9,
puddleworld,5,5,25,12,50,44,194,625,594,4,12,3,15,15,4,15,0.2703297490043042,0.6934495000004972,0.06442604099720484,nan,0.013920457999120117,0.0,1.0844646250006917,4.12499994126847e-05,0.00012324999988777563,2.2792000891058706e-05,7.654199907847214e-05,0.007833666999431443,0.0004432079986145254,0.000143749999551801,0.0002902919986809138,1.4425525420010672,1,13,4,14,8,14,
puddleworld,5,5,25,12,50,45,195,625,594,4,12,4,11,11,4,11,0.2783962089961278,1.0286478339985479,0.0638962890006951,nan,0.005014041000322322,0.0,0.01060825000058685,2.362500163144432e-05,8.262499977718107e-05,1.887500002339948e-05,4.9500000386615284e-05,0.00010187500083702616,7.658300091861747e-05,6.0292000853223726e-05,0.0001512079998065019,0.358893958000408,1,9,2,2,3,7,
puddleworld,5,5,25,12,50,46,196,625,522,4,12,4,11,11,4,11,0.27188978899903304,1.0377477510028257,0.06572750000123051,nan,0.0030106249996606493,0.0,0.010540249999394291,2.1750000087195076e-05,7.587499931105413e-05,1.916699875437189e-05,2.912499985541217e-05,9.579099969414528e-05,7.300000106624793e-05,6.245799886528403e-05,0.00013087499974062666,0.3520113750018936,1,4,2,2,3,6,
puddleworld,5,5,25,12,50,47,197,625,594,4,12,9,15,15,4,15,0.19354179200126964,2.2425688750026893,0.04294875000232423,nan,0.025558958999681636,0.0,1.2073898329999793,4.745899968838785e-05,0.0001353330007987097,2.6125000658794306e-05,5.162500019650906e-05,0.0040704579987504985,0.0001140000003942987,8.933299977798015e-05,0.00020591700013028458,1.474542541000119,1,5,2,2,4,8,
puddleworld,5,5,25,12,50,48,198,625,593,4,12,3,14,14,4,14,0.255028499996115,0.6966794579984708,0.05538050100039982,nan,0.01441812499979278,0.0,0.3581339999982447,3.51250000676373e-05,0.0001098749999073334,2.2791999072069302e-05,4.958300087309908e-05,0.0016449160011688946,9.49160003074212e-05,7.954200009407941e-05,0.00017279199892072938,0.6855854179993912,1,7,2,2,4,8,
puddleworld,5,5,25,12,50,49,199,625,594,4,12,2,14,14,4,14,0.243432376999408,0.3329107909994491,0.05597249899801682,nan,0.016142292000949965,0.0,0.35041412499958824,4.46659996669041e-05,0.00013225000111560803,2.499999936844688e-05,5.945799966866616e-05,0.001732542001263937,0.00011124999946332537,7.075000030454248e-05,0.000189124999451451,0.6687178329993912,1,7,2,2,3,8,
puddleworld,5,5,25,16,50,0,200,625,594,4,16,2,17,17,3,17,0.3520534170020255,0.4444965830007277,0.15397083400057454,nan,0.037306541000361904,0.0,20.094681041999138,0.00014358299995365087,0.00031991700052458327,3.454100078670308e-05,0.00011799999992945231,0.2801097909996315,0.0006705409996357048,0.00019466699995973613,0.0003186249996360857,20.92991633299971,1,13,4,15,9,15,
puddleworld,5,5,25,16,50,1,201,625,593,4,16,3,14,14,3,14,0.3529963740056701,0.47645612500127754,0.07640433099186339,nan,0.009009458999571507,0.0,0.306525750000219,3.529200148477685e-05,0.0001348330006294418,1.9375000192667358e-05,6.6917000367539e-05,0.002939874999356107,0.000290833000690327,0.00012737500037474092,0.00018970900055137463,0.749580125000648,1,11,4,9,7,9,
puddleworld,5,5,25,16,50,2,202,625,545,4,16,2,15,15,4,15,0.35450471000149264,0.336905582998952,0.08164554100221721,nan,0.038168834000316565,0.0,1.2505184590008867,4.2083000153070316e-05,0.00036441600059333723,2.454200148349628e-05,6.620800013479311e-05,0.004225500000757165,0.00028383300013956614,0.00010154200026590843,0.00019391699970583431,1.7314212919973215,1,10,2,8,5,9,
puddleworld,5,5,25,16,50,3,203,625,594,4,16,8,16,16,4,16,0.35601050299555936,2.879541790998701,0.0896814589996211,nan,0.044798000000810134,0.0,4.169073541001126,0.00012020800022582989,0.00025483300123596564,4.429100044944789e-05,0.00010800000018207356,0.019542124999134103,0.00039762499909556936,0.00011174999963259324,0.00023429199973179493,4.68262629200035,1,14,3,11,6,11,
puddleworld,5,5,25,16,50,4,204,625,593,4,16,2,17,17,4,17,0.35437245800312667,0.2587373749993276,0.09390750299826323,nan,0.11839745799989032,0.0,23.250732000000426,0.00012991699986741878,0.00031141700128500815,4.3833999370690435e-05,0.00012908399912703317,0.24324020800122526,0.0004899169998680009,0.00014862500029266812,0.00023616700127604418,24.065982874999463,1,14,2,11,6,11,
puddleworld,5,5,25,16,50,5,205,625,567,4,16,2,13,13,4,13,0.35259887599568174,0.47115237500111107,0.09010712599592807,nan,0.009038750000399887,0.0,0.10567195899966464,3.4374999813735485e-05,0.00012583300122059882,2.141699951607734e-05,5.7792000006884336e-05,0.0014157080004224554,0.00031187499916995876,9.387499994772952e-05,0.00020962499911547638,0.5604130419997091,1,9,5,10,5,10,
puddleworld,5,5,25,16,50,6,206,625,570,4,16,2,17,17,4,17,0.3538958370081673,0.4429892499993002,0.07699358399986522,nan,0.07138587500048743,0.0,21.53231945799962,0.00011645899940049276,0.00030374999914783984,4.46659996669041e-05,0.00012925000010000076,0.2725428749999992,0.0005795839988422813,0.00016237499949056655,0.0003088330013270024,22.312052250001216,1,15,3,15,7,15,
puddleworld,5,5,25,16,50,7,207,625,594,4,16,2,13,13,4,13,0.3543026680017647,0.4493732920000184,0.08426795799823594,nan,0.003630957999121165,0.0,0.10628479200022412,4.224999975122046e-05,0.00014387500050361268,2.2083000658312812e-05,6.329200004984159e-05,0.0011882090002472978,0.00024804200074868277,0.00013141599993105046,0.00015491700105485506,0.5512149999995017,1,9,4,7,7,7,
puddleworld,5,5,25,16,50,8,208,625,573,4,16,21,14,14,4,14,0.35886591900089115,8.034149835997596,0.08276362300057372,nan,0.008618333000413259,0.0,0.3482605829995009,3.908299913746305e-05,0.00013612499969894998,2.2833999537397176e-05,7.220899897220079e-05,0.002304584000739851,0.00017033299991453532,8.52920002216706e-05,0.00016800000048533548,0.801974332998725,1,13,3,4,4,8,
puddleworld,5,5,25,16,50,9,209,625,523,4,16,1,14,14,3,14,0.3429193300071347,0.0,0.08316400100193277,nan,0.0053181249986664625,0.0,0.32507104099931894,3.945800017390866e-05,0.00013137499990989454,2.0125000446569175e-05,4.600000102072954e-05,0.0028804579997085966,0.0003299159998277901,0.00011350000022503082,0.00021283400019456167,0.7606782920011028,1,4,4,10,6,10,
puddleworld,5,5,25,16,50,10,210,625,522,4,16,2,16,16,4,16,0.35235945899694343,0.4371211659999972,0.08395370800280944,nan,0.03400937500009604,0.0,3.8951647500016406,8.312499994644895e-05,0.00017995800044445787,3.3542000892339274e-05,9.316600153397303e-05,0.019318709000799572,0.00037883400000282563,0.00014774999908695463,0.0002339589991606772,4.388081208000585,1,15,3,11,8,11,
puddleworld,5,5,25,16,50,11,211,625,547,4,16,5,14,14,4,14,0.34497192000162613,1.9478052080012276,0.08524225099790783,nan,0.016631832999337348,0.0,0.3647191669988388,4.0749999243416823e-05,0.00012370799959171563,2.283300091221463e-05,4.008300129498821e-05,0.001674832999924547,0.00033408300078008324,0.00011262500083830673,0.00021225000091362745,0.8145817080003326,1,3,2,10,6,10,
puddleworld,5,5,25,16,50,12,212,625,520,4,16,8,11,11,4,11,0.359484667000288,3.0764564580022125,0.07512874999883934,nan,0.0019173750006302726,0.0,0.010525374998906045,2.5291999918408692e-05,8.387500020035077e-05,1.8832999558071606e-05,5.337499896995723e-05,0.00014108299910731148,0.00010333300087950192,7.566599924757611e-05,0.00013000000035390258,0.44808779199956916,1,10,3,3,4,6,
puddleworld,5,5,25,16,50,13,213,625,571,4,16,2,14,14,4,14,0.3576413329992647,0.5361297090003063,0.09147316599955957,nan,0.007605500000863685,0.0,0.3348160410005221,3.9959000787348486e-05,0.00012616599997272715,2.4041999495238997e-05,6.145900078990962e-05,0.002276375000292319,0.0003011660010088235,9.708300058264285e-05,0.00019512499966367614,0.7950095000014699,1,9,3,9,5,9,
puddleworld,5,5,25,16,50,14,214,625,572,4,16,2,17,17,6,17,0.3491868740038626,0.4360902079988591,0.07368516600217845,nan,0.038339208000252256,0.0,17.970010834000277,0.000137249999170308,0.001632874998904299,9.066700113180559e-05,0.00012250000145286322,0.27493349999895145,0.00047687500045867637,0.00020645800032070838,0.0002539590004744241,18.709716334000404,1,13,4,12,10,12,
puddleworld,5,5,25,16,50,15,215,625,546,4,16,8,16,16,6,16,0.36684433100344904,3.2590562919995136,0.07848945799742069,nan,0.050236666000273544,0.0,4.144178917000318,5.250000140222255e-05,0.00013800000124319922,3.51250000676373e-05,5.045899888500571e-05,0.018483375000869273,0.00014358400039782282,0.0001306670001213206,0.000231791000260273,4.659811916999388,1,6,3,3,7,11,
puddleworld,5,5,25,16,50,16,216,625,594,4,16,9,16,16,4,16,0.35822758299946145,3.2575642070023605,0.08159954400071001,nan,0.03441074999864213,0.0,3.623402958999577,4.3791000280180015e-05,0.00015637499927834142,2.537500040489249e-05,5.841699930897448e-05,0.017307041000094614,0.0003434999998717103,0.00011062500016123522,0.00020754199977091048,4.116366792999543,1,8,3,10,6,10,
puddleworld,5,5,25,16,50,17,217,625,547,4,16,11,16,16,4,16,0.35582587600038096,4.384473498001171,0.09771725199425418,nan,0.0583569170012197,0.0,3.80095212499873,4.599999920174014e-05,0.0001494999996793922,2.5208999431924894e-05,7.5459000072442e-05,0.0114653750006255,0.00040295899998454843,0.0001454579996789107,0.0002508750003471505,4.325852707999729,1,13,2,12,8,12,
puddleworld,5,5,25,16,50,18,218,625,594,4,16,2,15,15,4,15,0.35332808299790486,0.34434745799990196,0.08313095899939071,nan,0.020788665999134537,0.0,1.120228332998522,4.054199962411076e-05,0.0001260839999304153,2.3874999897088856e-05,7.345800077018794e-05,0.006983332999880076,0.0003370829999767011,9.808300092117861e-05,0.0002161249994969694,1.5858197920006205,1,13,3,10,5,10,
puddleworld,5,5,25,16,50,19,219,625,569,4,16,4,13,13,4,13,0.3620039999968867,1.1884882080012176,0.14046741700803977,nan,0.010389209001004929,0.0,0.10754350000024715,3.383300099812914e-05,0.00011291699956927914,2.1249999917927198e-05,6.0542000937857665e-05,0.001133084000684903,0.00025462499979767017,0.00011012499999196734,0.00017154099987237714,0.6227322499980801,1,10,4,8,6,8,
puddleworld,5,5,25,16,50,20,220,625,497,4,16,3,16,16,4,16,0.3559292479931173,0.8850356679995457,0.08005212499847403,nan,0.07937741599926085,0.0,3.8071488339992356,4.1707999116624705e-05,0.00012295800115680322,2.5707999157020822e-05,6.287500036705751e-05,0.011430791999373469,0.00038654200034216046,7.841600017854944e-05,0.00024870800007192884,4.335303583000496,1,10,2,12,4,12,
puddleworld,5,5,25,16,50,21,221,625,594,4,16,3,15,15,4,15,0.3562356660004298,0.7015876670011494,0.07795958300084749,nan,0.03467275000002701,0.0,1.1735908330010716,3.7042000258225016e-05,0.00012683400018431712,2.4083001335384324e-05,5.97079997533001e-05,0.00444779200006451,0.00010524999925110023,0.0001021249991026707,0.00020199999926262535,1.6480072499980452,1,10,2,2,5,9,
puddleworld,5,5,25,16,50,22,222,625,568,4,16,2,15,15,4,15,0.36792579000029946,0.37902699999904144,0.07485375000214844,nan,0.02258191700093448,0.0,1.1511236250007642,4.479199924389832e-05,0.00014108399955148343,2.4874998416635208e-05,6.195800051500555e-05,0.005915624999033753,0.00036708299921883736,0.00011395799992897082,0.00023345800036622677,1.6237957089997508,1,9,3,11,6,11,
puddleworld,5,5,25,16,50,23,223,625,593,4,16,5,15,15,4,15,0.3423633760012308,1.553532833002464,0.08764749800138816,nan,0.03273616700062121,0.0,1.1577772079999704,4.400000034365803e-05,0.00013916700117988512,2.5249999453080818e-05,7.883299986133352e-05,0.004048541999509325,0.00011241599895583931,0.00012266699923202395,0.0002185829998779809,1.6257747069994366,1,14,2,2,6,10,
puddleworld,5,5,25,16,50,24,224,625,530,4,16,4,12,12,4,12,0.3509427069911908,1.3154142909988877,0.09119528999508475,nan,0.004747832999782986,0.0,0.031624749999537016,2.9332999474718235e-05,9.929199950420298e-05,2.12500017369166e-05,5.337499896995723e-05,0.0002283750000060536,8.162499943864532e-05,6.220899922482204e-05,0.00015479099965887144,0.4796517499980837,1,9,2,2,3,7,
puddleworld,5,5,25,16,50,25,225,625,449,4,16,3,17,17,4,17,0.34918270699563436,0.8081028340002376,0.14442987599613843,nan,0.056345541999689885,0.0,21.26131466700099,0.00014791600005992223,0.0002753750013653189,4.579099913826212e-05,0.0001225420000992017,0.28337570800067624,0.0005105830005049938,0.00014325000120152254,0.00026012500165961683,22.098645043000943,1,13,4,12,6,12,
puddleworld,5,5,25,16,50,26,226,625,474,4,16,6,14,14,4,14,0.35652833099993586,2.108749289996922,0.12581116699948325,nan,0.011574250000194297,0.0,0.35459679199993843,3.46670003636973e-05,0.00012541600153781474,2.1708001440856606e-05,4.0208000427810475e-05,0.001613250000445987,0.00010870899859583005,0.00013337499876797665,0.000216500000533415,0.8516429169994808,1,4,2,2,7,10,
puddleworld,5,5,25,16,50,27,227,625,594,4,16,11,16,16,4,16,0.3619159179961571,4.535725081999772,0.13624820799850568,nan,0.05462299999999232,0.0,4.217408833001173,5.954200059932191e-05,0.00018254099995829165,3.3708000046317466e-05,7.412500053760596e-05,0.01791133299957437,0.00021066699991934001,9.937499999068677e-05,0.00019591700038290583,4.789500875000158,1,10,3,5,5,9,
puddleworld,5,5,25,16,50,28,228,625,594,4,16,1,10,10,4,10,0.3604449599988584,0.0,0.08379229100137309,nan,0.0018844999995053513,0.0,0.004066458001034334,2.9584000003524125e-05,8.804100070847198e-05,2.3874999897088856e-05,4.9917000069399364e-05,9.229199895344209e-05,8.112499926937744e-05,6.329099960566964e-05,0.00011391599946364295,0.4511527089980518,1,8,2,2,3,5,
puddleworld,5,5,25,16,50,29,229,625,547,4,16,7,17,17,4,17,0.35837845699825266,2.046312999998918,0.07578687699970033,nan,0.0755437499992695,0.0,21.183441333998417,0.00011954100045841187,0.0002847079995262902,4.4624999645748176e-05,0.00011920900033146609,0.23694691600030637,0.00060170799952175,0.00016095899991341867,0.00033695799902488943,21.943707083000845,1,11,3,16,7,16,
puddleworld,5,5,25,16,50,30,230,625,545,4,16,5,17,17,6,17,0.3461006239995186,1.9795050820030156,0.08890804599832336,nan,0.03564224999900034,0.0,20.303614749998815,0.00011920799988729414,0.0003064169995923294,4.599999920174014e-05,0.00010450000081618782,0.22814512500008277,0.0004277079988241894,0.00013458399916999042,0.00021433300025819335,21.013071708999632,0,7,4,10,5,10,
puddleworld,5,5,25,16,50,31,231,625,594,4,16,2,14,14,3,14,0.3554162910040759,0.5895952920000127,0.0863952089985105,nan,0.00875333300064085,0.0,0.3504860839984758,3.237499913666397e-05,0.0001165409994428046,2.0166999092907645e-05,6.050000047252979e-05,0.002272625000841799,0.0002202910000050906,9.700000009615906e-05,0.00015320899910875596,0.8048949590011034,1,9,3,6,5,7,
puddleworld,5,5,25,16,50,32,232,625,573,4,16,1,16,16,4,16,0.3462159980026627,0.0,0.08260387199698016,nan,0.09356158300033712,0.0,3.9556607909999,4.387499939184636e-05,0.0001270829998247791,2.7499998395796865e-05,3.887499951815698e-05,0.02298391700060165,0.00011575000098673627,6.637499973294325e-05,0.00018275000002176967,4.502936083001259,1,3,2,2,3,8,
puddleworld,5,5,25,16,50,33,233,625,571,4,16,1,17,17,3,17,0.35819416899903445,0.0,0.08294091600510001,nan,0.03366249999999127,0.0,20.989004292001482,0.00011179200009792112,0.0003298329993413063,3.866699989885092e-05,0.00012729199988825712,0.3186938340004417,0.0005323750010575168,0.0001976670009753434,0.0002965419989777729,21.797430458000235,1,17,7,14,9,14,
puddleworld,5,5,25,16,50,34,234,625,545,4,16,9,15,15,4,15,0.3645275870021578,3.650758665999092,0.09267412500230421,nan,0.02489337499901012,0.0,1.228882125000382,4.050000097777229e-05,0.0001230830002896255,2.45829996856628e-05,6.324999958451372e-05,0.006281500000113738,0.0002955410000140546,9.633400077291299e-05,0.00019679099932545796,1.719971832999363,1,10,3,9,5,9,
puddleworld,5,5,25,16,50,35,235,625,593,4,16,1,16,16,6,16,0.3535834169961163,0.0,0.08927591899737308,nan,0.04096475000005739,0.0,4.006703082999593,4.600000102072954e-05,0.00013587499961431604,2.925000080722384e-05,6.162499994388781e-05,0.022376290999090998,0.00029095899844833184,0.0001440840005670907,0.00023166599930846132,4.514544625000781,1,9,3,8,8,11,
puddleworld,5,5,25,16,50,36,236,625,594,4,16,2,15,15,4,15,0.34226733700415934,0.4356720840005437,0.09821933700004593,nan,0.03352979200099071,0.0,1.205964041999323,6.970799950067885e-05,0.00018233300033898558,3.0499999411404133e-05,8.879200140654575e-05,0.004103167000721442,0.00011091600026702508,8.687499939696863e-05,0.00015979199997673277,1.6854190829981235,1,14,2,2,4,7,
puddleworld,5,5,25,16,50,37,237,625,547,4,16,6,16,16,4,16,0.3671574159998272,2.1011232500004553,0.09687162499540136,nan,0.07595620800020697,0.0,3.8058927080001013,3.841600118903443e-05,0.0001308330010942882,2.5332999939564615e-05,5.1916000302298926e-05,0.011512082999615814,0.00010541700066823978,7.808400005160365e-05,0.0001922920000652084,4.370472124001026,1,8,2,2,4,9,
puddleworld,5,5,25,16,50,38,238,625,547,4,16,1,17,17,3,17,0.35168320699813194,0.0,0.08012391600277624,nan,0.016768791998401866,0.0,19.421784125001068,0.00012349999997240957,0.00028783299967471976,3.8249998397077434e-05,0.00013745800060860347,0.25607316700006777,0.0005359999995562248,0.000204624999241787,0.0003100419999100268,20.129938708998452,1,17,6,15,10,15,
puddleworld,5,5,25,16,50,39,239,625,594,4,16,18,14,14,4,14,0.24264583599324396,6.130073833001006,0.05859250099820201,nan,0.015160999999352498,0.0,0.4022005410006386,4.3375001041567884e-05,0.0002115420011250535,3.270900015195366e-05,4.479100061871577e-05,0.001695750001090346,0.00010549999933573417,6.724999911966734e-05,0.00019741700089070946,0.7217938329995377,1,4,2,2,3,9,
puddleworld,5,5,25,16,50,40,240,625,594,4,16,8,11,11,4,11,0.3562895430040953,2.9149900840020564,0.07594854299532017,nan,0.0029936659993836656,0.0,0.010608749998937128,2.3292001060326584e-05,8.866699863574468e-05,1.929099926201161e-05,4.6458000724669546e-05,0.00010525000107008964,7.670900049561169e-05,6.0874999689986e-05,0.0001314590008405503,0.4469034579997242,1,8,2,2,3,6,
puddleworld,5,5,25,16,50,41,241,625,570,4,16,7,15,15,3,15,0.35949124799844867,2.211597957999402,0.08613074799723108,nan,0.0357307079993916,0.0,1.2248502500005998,3.29590002365876e-05,0.0001204169984703185,2.1166000806260854e-05,5.491699994308874e-05,0.0048208329990302445,9.450000106880907e-05,7.937500049592927e-05,0.00017141600073955487,1.7128904159999365,1,9,2,2,4,8,
puddleworld,5,5,25,16,50,42,242,625,592,4,16,7,11,11,4,11,0.3584942499965109,2.54612412500137,0.08319562599353958,nan,0.00313954100056435,0.0,0.010571583999990253,2.2541998987435363e-05,8.36669987620553e-05,1.912500010803342e-05,2.7833000785904005e-05,0.00010145899977942463,7.512500087614171e-05,6.058300095901359e-05,0.00015187499957391992,0.45631875100116304,1,3,2,2,3,7,
puddleworld,5,5,25,16,50,43,243,625,545,4,16,3,16,16,4,16,0.3553782110066095,0.7867677079975692,0.09764337799788336,nan,0.029489500000636326,0.0,3.742703292000442,3.5958000808022916e-05,0.00013908300024922937,2.325000059499871e-05,4.2083000153070316e-05,0.009812000000238186,0.00042708299952209927,2.7833999411086552e-05,0.0002856249993783422,4.236383084000408,0,5,1,14,1,14,
puddleworld,5,5,25,16,50,44,244,625,594,4,16,2,16,16,4,16,0.3634086659985769,0.46446075000130804,0.09401912299836113,nan,0.043313416999808396,0.0,3.760225291000097,5.9250000049360096e-05,0.00016887499987205956,3.199999991920777e-05,9.504199988441542e-05,0.028394750001098146,0.00036270800046622753,0.0001274170008400688,0.00022758400154998526,4.290874207999877,1,16,5,11,7,11,
puddleworld,5,5,25,16,50,45,245,625,594,4,16,2,15,15,4,15,0.3684290020064509,0.4496599169997353,0.08065546100078791,nan,0.033157541998662055,0.0,1.1948183749991586,3.825000021606684e-05,0.00012162500024714973,2.4000000848900527e-05,6.0708000091835856e-05,0.004037958000481012,9.716600106912665e-05,7.695900058024563e-05,0.00020979100008844398,1.6821210840007552,1,10,2,2,4,10,
puddleworld,5,5,25,16,50,46,246,625,594,4,16,8,16,16,3,16,0.24884970899984182,2.53302083300332,0.05610441699900548,nan,0.047964708999643335,0.0,3.7412610829996993,3.3958000130951405e-05,0.00013016699995205272,2.2250000256462954e-05,3.4249998861923814e-05,0.011451124999439344,0.00015816700033610687,7.683399962843396e-05,8.974999946076423e-05,4.106598501000917,1,3,2,4,4,4,
puddleworld,5,5,25,16,50,47,247,625,499,4,16,3,14,14,4,14,0.25197221000053105,0.6163701250006852,0.0652040009990742,nan,0.015080874998602667,0.0,0.3530417080000916,4.179200004728045e-05,0.00012475000039557926,2.341700019314885e-05,3.3416001315345056e-05,0.0016354580002371222,0.00010437499986437615,6.716699863318354e-05,0.00013616700016427785,0.687855292999302,1,2,2,2,3,6,
puddleworld,5,5,25,16,50,48,248,625,594,4,16,1,13,13,4,13,0.33202116600114095,0.0,0.09038825100287795,nan,0.006891707998875063,0.0,0.10577283299971896,3.237499913666397e-05,0.00011124999946332537,2.166699960071128e-05,5.30420002178289e-05,0.0007196669994300464,0.00025995899886765983,0.00010891700003412552,0.00017233299877261743,0.5369564580014412,1,7,2,8,6,8,
puddleworld,5,5,25,16,50,49,249,625,593,4,16,2,14,14,4,14,0.2537503759995161,0.45313037500091013,0.059873374999369844,nan,0.012215500000820612,0.0,0.35248758400121005,3.5167000532965176e-05,0.00012170900117780548,2.262499947391916e-05,6.558300083270296e-05,0.001609916998859262,0.0002864580001187278,0.00010916599967458751,0.00019079199955740478,0.69712733400047,1,12,2,9,6,9,
puddleworld,5,5,25,20,50,0,250,625,594,4,20,3,15,15,4,15,0.43254900200008706,0.6209414589993685,0.09948608400009107,nan,0.0345570419995056,0.0,1.1971510410003248,6.0375001339707524e-05,0.00010866600132430904,2.645799941092264e-05,7.020799966994673e-05,0.004089332998773898,0.00030049999986658804,0.00010641699918778613,0.00017350000052829273,1.769148707999193,1,11,2,8,5,8,
puddleworld,5,5,25,20,50,1,251,625,571,4,20,2,14,14,4,14,0.4365387949947035,0.5479429590013751,0.10318916799769795,nan,0.018164334000175586,0.0,0.36028866699962236,3.7457999496837147e-05,9.19579997571418e-05,2.1750000087195076e-05,3.379200097697321e-05,0.0016151660001924029,0.00035183399995730724,9.612500070943497e-05,0.00023237500136019662,0.9210649999986344,1,2,2,11,5,11,
puddleworld,5,5,25,20,50,2,252,625,594,4,20,4,17,17,3,17,0.42724904099304695,1.59831104299883,0.10500999999385385,nan,0.01437120900118316,0.0,19.892660749999777,0.00011970800005656201,0.0003062089999730233,4.820800131710712e-05,0.00012508399959187955,0.2178898330002994,0.00047766699935891666,0.0001695000009931391,0.0002477909984008875,20.664205457998833,1,13,6,12,8,12,
puddleworld,5,5,25,20,50,3,253,625,522,4,20,3,16,16,4,16,0.4359886619986355,0.67740779199994,0.10391574999812292,nan,0.04971658300019044,0.0,4.080231333000484,4.6582999857491814e-05,0.00015574999997625127,2.6499999876250513e-05,7.337500028370414e-05,0.01814287500019418,0.0003240830010327045,9.833300100581255e-05,0.0001922920000652084,4.689861792001466,1,11,3,9,5,9,
puddleworld,5,5,25,20,50,4,254,625,547,4,20,8,17,17,4,17,0.43480420599735226,3.2522901249958522,0.10549970799729635,nan,0.13976137499957986,0.0,22.49921445900145,0.00011379100033082068,0.0002912090003519552,3.9541000660392456e-05,0.00011479199929453898,0.2655412919993978,0.00024775000019872095,0.0001233750008395873,0.0002537499985919567,23.448502082999767,1,8,2,2,5,12,
puddleworld,5,5,25,20,50,5,255,625,547,4,20,12,16,16,4,16,0.4367077919996518,6.274528001998988,0.11501479300386563,nan,0.05420799999956216,0.0,4.060615415999564,6.0292000853223726e-05,0.00016979100109892897,3.054199987673201e-05,6.545899850607384e-05,0.011609999999564025,0.00035104199923807755,0.00012795900147466455,0.00021695900068152696,4.680036915999153,1,8,2,10,7,10,
puddleworld,5,5,25,20,50,6,256,625,592,4,20,2,16,16,4,16,0.4321732080006768,0.2119903329985391,0.09597883300557442,nan,0.0528240410003491,0.0,3.730758125000648,4.041699867229909e-05,0.0004393330000311835,2.366700027778279e-05,8.208400140574668e-05,0.028276417000597576,0.00023741699988022447,0.0001311249998252606,0.00017345800006296486,4.341645624999728,1,15,5,6,7,8,
puddleworld,5,5,25,20,50,7,257,625,594,4,20,3,17,17,6,17,0.43519016800382815,0.7258973759999208,0.09984404100032407,nan,0.08428325000022596,0.0,22.469132832999094,0.00011350000022503082,0.0002907090001826873,4.583299960359e-05,0.0001307500006078044,0.25567208400025265,0.0004895000001852168,0.00016687500101397745,0.0002522920003684703,23.35622354199768,1,16,3,12,8,12,
puddleworld,5,5,25,20,50,8,258,625,548,4,20,4,15,15,4,15,0.4228832490007335,1.555433790999814,0.1054419199917902,nan,0.023698334000073373,0.0,1.2398260000009032,3.96249997720588e-05,0.0001251659996341914,2.2791000446886756e-05,5.1875000281143e-05,0.003984917000707355,0.0001000419997581048,0.00012637500003620517,0.00017087500054913107,1.7981131659998937,1,7,2,2,7,8,
puddleworld,5,5,25,20,50,9,259,625,569,4,20,1,13,13,4,13,0.43753187299626006,0.0,0.10061266200318641,nan,0.009288958999604802,0.0,0.10750629100039077,3.258300057495944e-05,0.00010479099910298828,2.1083000319777057e-05,4.174999958195258e-05,0.000719625000783708,8.858399996825028e-05,7.675000051676761e-05,0.00015129199891816825,0.6565961670003162,1,5,2,2,4,7,
puddleworld,5,5,25,20,50,10,260,625,499,4,20,2,13,13,3,13,0.43710800299959374,0.5402288339992083,0.1002899190007156,nan,0.0069983329995011445,0.0,0.10259829099959461,2.9209000786067918e-05,0.00011191699923074339,1.8665999959921464e-05,4.5667000449611805e-05,0.0006671669998468133,0.00011412499952712096,7.687499964958988e-05,6.954099990252871e-05,0.6485208339981909,1,7,2,3,4,3,
puddleworld,5,5,25,20,50,11,261,625,499,4,20,1,14,14,4,14,0.44087437199777924,0.0,0.10687666800367879,nan,0.017786666001484264,0.0,0.35859841700039397,3.920900053344667e-05,0.00011991599967586808,2.300000051036477e-05,5.100000089441892e-05,0.0016064579995145323,0.0003022500004590256,9.533299999020528e-05,0.0001903749998746207,0.9282448750018375,1,6,2,9,5,9,
puddleworld,5,5,25,20,50,12,262,625,498,4,20,13,15,15,4,15,0.43915103799736244,6.473248917000092,0.10317979399769683,nan,0.028343166000922793,0.0,1.1907145420009329,4.066700057592243e-05,0.00013441699957184028,2.433400004520081e-05,7.408300007227808e-05,0.004035665999253979,0.00011245800124015659,0.00010304200077371206,0.00011616699885053094,1.7664574579994223,1,13,2,2,5,5,
puddleworld,5,5,25,20,50,13,263,625,523,4,20,1,10,10,4,10,0.43032779100030893,0.0,0.1787355010092142,nan,0.0038956249991315417,0.0,0.0039698330001556315,2.166699960071128e-05,7.841700062272139e-05,2.141699951607734e-05,2.474999928381294e-05,7.804200140526518e-05,8.408400026382878e-05,6.104199928813614e-05,0.00013383300029090606,0.617839249998724,1,2,2,2,3,6,
puddleworld,5,5,25,20,50,14,264,625,571,4,20,5,17,17,4,17,0.43058137300249655,2.0476855830002023,0.10775145600564429,nan,0.05514450000009674,0.0,21.188738958999238,0.00013333300012163818,0.0003022499986400362,4.362499930721242e-05,0.00012441699982446153,0.2614979169993603,0.00039850000030128285,0.00015816599989193492,0.0002149579995602835,22.057498668000335,1,14,3,8,7,10,
puddleworld,5,5,25,20,50,15,265,625,593,4,20,6,13,13,4,13,0.43312841100487276,2.876777581001079,0.10446254299495195,nan,0.012299457999688457,0.0,0.1100014170006034,3.4249998861923814e-05,0.00011033299961127341,2.11669994314434e-05,5.208400034462102e-05,0.0007235419998323778,0.00020870800108241383,9.524999950372148e-05,0.0001749580005707685,0.6621360409972112,1,8,2,6,5,8,
puddleworld,5,5,25,20,50,16,266,625,546,4,20,17,13,13,3,13,0.44543349699597456,8.863665209004466,0.10204116600471025,nan,0.008818291000352474,0.0,0.10466858299878368,3.141699926345609e-05,0.00011349999840604141,1.929199970618356e-05,5.2833000154350884e-05,0.0007550420014013071,0.00024662500072736293,8.112499926937744e-05,0.00015391600027214736,0.6628605840014643,1,8,2,7,4,7,
puddleworld,5,5,25,20,50,17,267,625,594,4,20,3,15,15,4,15,0.44235979599943676,0.858653957999195,0.17454812600226433,nan,0.038324916999044945,0.0,1.2602713750002295,3.591600034269504e-05,0.0001245419989572838,2.312499964318704e-05,3.9667000237386674e-05,0.004098916000657482,9.43750001169974e-05,7.841700062272139e-05,0.00021666700013156515,1.920650709000256,1,4,2,2,4,10,
puddleworld,5,5,25,20,50,18,268,625,594,4,20,6,14,14,4,14,0.4483600000021397,2.0571905420001713,0.10746087700135831,nan,0.01334987500013085,0.0,0.34307737499875657,3.9000000469968654e-05,0.00011616699885053094,2.2999998691375367e-05,5.774999954155646e-05,0.002238291999674402,0.00037708399941038806,7.887500032666139e-05,0.0002487919991835952,0.9158408340008464,1,9,3,12,4,12,
puddleworld,5,5,25,20,50,19,269,625,594,4,20,2,15,15,4,15,0.43364546000157134,0.5549571250012377,0.09874212599788734,nan,0.025915874999554944,0.0,1.1758998330005852,3.441700027906336e-05,0.00011808400086010806,2.191600106016267e-05,5.145800059835892e-05,0.00405420800052525,0.00010083400047733448,0.00012770799912686925,0.00017379200107825454,1.7393068749988743,1,8,2,2,7,8,
puddleworld,5,5,25,20,50,20,270,625,594,4,20,1,15,15,4,15,0.44367633299953013,0.0,0.10046000199690752,nan,0.034283916998901987,0.0,1.1755016250008339,3.34169999405276e-05,0.00012079199950676411,2.245799987576902e-05,6.349999966914766e-05,0.004032291999465087,0.00023820900059945416,9.279199912270997e-05,0.0001922920000652084,1.7591244989998813,1,11,2,7,5,9,
puddleworld,5,5,25,20,50,21,271,625,594,4,20,16,13,13,4,13,0.43867679399954795,6.561544665997644,0.11004991800291464,nan,0.011591624999709893,0.0,0.10583287499866856,3.1666000722907484e-05,0.00010900000052060932,2.141599907190539e-05,5.425000017567072e-05,0.0007277499989868375,0.00023129200053517707,7.820800055924337e-05,0.00019258400061517023,0.668024417000197,1,9,2,7,4,9,
puddleworld,5,5,25,20,50,22,272,625,594,4,20,5,12,12,4,12,0.43640549999872746,2.2498375410013978,0.11211816699869814,nan,0.0048987500013026875,0.0,0.031738458999825525,3.095800093433354e-05,9.841599967330694e-05,2.058400059468113e-05,3.6749999708263204e-05,0.00022583299869438633,7.708299926889595e-05,6.075000055716373e-05,0.00015154199900280219,0.5862572090009053,1,5,2,2,3,7,
puddleworld,5,5,25,20,50,23,273,625,547,4,20,3,11,11,4,11,0.43471199900159263,0.9424686250004015,0.10050383499765303,nan,0.006015208000462735,0.0,0.010648040999512887,2.3374999727820978e-05,8.554200030630454e-05,1.9374998373677954e-05,3.758300044864882e-05,0.00011266600085946266,8.033300036913715e-05,6.179199954203796e-05,0.00011287499910395127,0.5528272919982555,1,6,2,2,3,5,
puddleworld,5,5,25,20,50,24,274,625,594,4,20,2,12,12,4,12,0.436372707999908,0.3659907920009573,0.10888391499793215,nan,0.0043869169985555345,0.0,0.03206929200132436,2.6125000658794306e-05,9.812499956751708e-05,1.9708000763785094e-05,2.641600076458417e-05,0.0002230829995824024,7.908400039013941e-05,9.320899880549405e-05,0.00015162499948928598,0.5827711679994536,1,2,2,2,5,7,
puddleworld,5,5,25,20,50,25,275,625,501,4,20,3,17,17,4,17,0.44126416300241544,1.1076614589983365,0.1657083319969388,nan,0.03394379100063816,0.0,21.24389074999999,0.00031745900014357176,0.00046012500024517067,4.1667000914458185e-05,0.0001689590008027153,0.30608733400003985,0.00047487499978160486,0.0001412089986843057,0.00023837499975343235,22.19661833400096,1,11,6,11,6,11,
puddleworld,5,5,25,20,50,26,276,625,594,4,20,4,12,12,4,12,0.4389118299986876,1.7407301670009474,0.10611741700085986,nan,0.0039118749991757795,0.0,0.033205249999809894,3.258400101913139e-05,0.0001016669993987307,1.9625000277301297e-05,5.441699977382086e-05,0.00031416599995282013,0.0001961250000022119,0.00010995900083798915,0.00013208400014264043,0.5838711669985059,1,9,3,6,6,6,
puddleworld,5,5,25,20,50,27,277,625,477,4,20,1,14,14,3,14,0.4432384599967918,0.0,0.11302246099694457,nan,0.012694417000602698,0.0,0.3521621250001772,3.8083000617916696e-05,0.00012366600094537716,2.0625000615837052e-05,7.062499935273081e-05,0.002913958000135608,0.00035399999978835694,8.191699998860713e-05,0.00023420799880113918,0.9253503749987431,1,12,4,11,4,11,
puddleworld,5,5,25,20,50,28,278,625,569,4,20,5,13,13,4,13,0.4210639569992054,1.609262124997258,0.10148299700085772,nan,0.008740291999856709,0.0,0.10608604200024274,3.987499985669274e-05,0.0001239159992110217,2.2166999769979157e-05,3.6749999708263204e-05,0.000749459000871866,9.999999929277692e-05,8.333299956575502e-05,0.00019533399972715415,0.6391709170002287,1,2,2,2,4,9,
puddleworld,5,5,25,20,50,29,279,625,594,4,20,4,16,16,5,16,0.43615345699981845,1.7086852090014872,0.108667043994501,nan,0.028766166000423254,0.0,3.8569727079993754,5.849999979545828e-05,0.00016545899961784016,2.804100040521007e-05,9.387499994772952e-05,0.041494250001051114,0.00047766699935891666,0.00014295899927674327,0.00031354199927591253,4.477136584000618,1,16,5,15,8,15,
puddleworld,5,5,25,20,50,30,280,625,594,4,20,10,13,13,4,13,0.44234145599875774,4.023505581999416,0.10352045700346935,nan,0.01379958400139003,0.0,0.10387379200074065,3.34169999405276e-05,0.00011762500071199611,2.1874999220017344e-05,4.2083000153070316e-05,0.0007235419998323778,9.154199869954027e-05,6.229199971130583e-05,0.00015283399989129975,0.6652165839986992,1,4,2,2,3,7,
puddleworld,5,5,25,20,50,31,281,625,569,4,20,12,10,10,4,10,0.4433569989960233,4.760492916997464,0.10478666899689415,nan,0.0019212919996789424,0.0,0.003928416999769979,2.1249999917927198e-05,7.249999907799065e-05,2.0249999579391442e-05,4.133400034334045e-05,7.354199988185428e-05,7.395899956463836e-05,6.324999958451372e-05,0.00011154200001328718,0.5548513339999772,1,7,2,2,3,5,
puddleworld,5,5,25,20,50,32,282,625,593,4,20,1,14,14,4,14,0.44339404300626484,0.0,0.09975587799453933,nan,0.01499083300041093,0.0,0.3719855830004235,3.895800000464078e-05,0.00012858300033258274,2.2832999093225226e-05,7.000000005064066e-05,0.0016847919996507699,0.0002655419993971009,9.562499872117769e-05,0.00017116700109909289,0.9329518739996274,1,12,2,8,5,8,
puddleworld,5,5,25,20,50,33,283,625,590,4,20,2,13,13,4,13,0.435910000000149,0.5434499169987248,0.09998854299738014,nan,0.0075530840003921185,0.0,0.10024612500092189,3.1666000722907484e-05,0.00011712500054272823,2.058400059468113e-05,6.81670007907087e-05,0.0009530000006634509,0.0002506660002836725,9.187500108964741e-05,0.00017004199980874546,0.6458139169990318,1,13,3,8,5,8,
puddleworld,5,5,25,20,50,34,284,625,594,4,20,1,14,14,4,14,0.42922574799740687,0.0,0.10905766800169658,nan,0.018295957999725942,0.0,0.34962470900063636,3.337499947519973e-05,0.00011433399959059898,2.195799970650114e-05,5.91670013818657e-05,0.0015862079999351408,0.00034100000084436033,9.27500004763715e-05,0.00022970799909671769,0.9090784989984968,1,10,2,11,5,11,
puddleworld,5,5,25,20,50,35,285,625,594,4,20,4,15,15,6,15,0.4413395399969886,1.3421228339993831,0.10230404299727525,nan,0.01841574999889417,0.0,1.2328518750000512,3.924999873561319e-05,0.00012962499931745697,2.6957999580190517e-05,6.470900007116143e-05,0.008215500000005704,0.0002445840000291355,0.00012483300088206306,0.00021204199947533198,1.8124725830002717,1,12,4,7,7,10,
puddleworld,5,5,25,20,50,36,286,625,594,4,20,19,15,15,4,15,0.3129759580060636,7.837851542997669,0.07332133200179669,nan,0.019608958000389975,0.0,1.1805476249992353,3.633300002547912e-05,0.00013550000039685983,2.325000059499871e-05,7.170800017775036e-05,0.004016458000478451,0.00010120799925061874,0.00011229100164200645,0.00019224999959988054,1.5915662919996976,1,13,2,2,6,9,
puddleworld,5,5,25,20,50,37,287,625,449,4,20,2,14,14,4,14,0.43074037799669895,0.5921442079998087,0.10523253999417648,nan,0.016866582998773083,0.0,0.3567240000011225,3.400000059627928e-05,0.00011500000073283445,2.154200046788901e-05,4.429200089361984e-05,0.001607250000233762,0.0003087089990003733,9.262499952455983e-05,0.00020987499920011032,0.9123997910010075,1,6,2,10,5,10,
puddleworld,5,5,25,20,50,38,288,625,478,4,20,1,16,16,4,16,0.43389162499806844,0.0,0.09654671100543055,nan,0.019329374999870197,0.0,3.460530916998323,3.925000055460259e-05,0.00012416599929565564,2.3332999262493104e-05,6.995799958531279e-05,0.022793583000748185,0.00020433399913599715,0.00016266599959635641,0.0002345000011700904,4.0343357080000715,1,12,4,5,9,11,
puddleworld,5,5,25,20,50,39,289,625,594,4,20,2,17,17,4,17,0.4295935010068206,0.5490047500006767,0.10652400200160628,nan,0.11776229200040689,0.0,22.610997874999157,0.00012979100029042456,0.0002992919999087462,4.279099994164426e-05,0.00010929099880740978,0.2642720419989928,0.00017537500025355257,0.0001373329996567918,0.0002096250009344658,23.539187333999507,1,10,2,2,6,10,
puddleworld,5,5,25,20,50,40,290,625,594,4,20,5,13,13,4,13,0.44289192100040964,2.210448793000978,0.10610437700051989,nan,0.014311749999251333,0.0,0.10552483399987977,3.4209000659757294e-05,0.00011504099893500097,2.1833000573678873e-05,3.9667000237386674e-05,0.0007731669993518153,9.087500075111166e-05,6.275000123423524e-05,0.00017116700109909289,0.670905250000942,1,4,2,2,3,8,
puddleworld,5,5,25,20,50,41,291,625,593,4,20,5,16,16,4,16,0.442939042002763,2.1535460419981973,0.10703154099974199,nan,0.062136167000062414,0.0,4.146496916000615,3.695899977174122e-05,0.00012495900045905728,2.391700036241673e-05,7.058300070639234e-05,0.011609875000431202,0.00031974999910744373,9.258299905923195e-05,0.00020654199943237472,4.771501249997527,1,14,2,10,5,10,
puddleworld,5,5,25,20,50,42,292,625,546,4,20,19,15,15,3,15,0.309821834001923,6.6568291670046165,0.07550550200357975,nan,0.01086445900000399,0.0,1.1706434170009743,6.679100079054479e-05,0.00018270900000061374,2.8124999516876414e-05,6.458300049416721e-05,0.006114208001235966,0.0001964999992196681,0.00011612500020419247,0.00011358299889252521,1.574158625000564,1,6,3,5,6,5,
puddleworld,5,5,25,20,50,43,293,625,594,4,20,4,13,13,4,13,0.44323520899888535,1.428309792001528,0.10672058300770004,nan,0.008386874998905114,0.0,0.10391091699966637,3.4083001082763076e-05,0.00010762500096461736,2.2416999854613096e-05,4.6875000407453626e-05,0.0007292089994734852,0.00023212500127556268,7.679200098209549e-05,0.00014850000115984585,0.664078875000996,1,7,2,7,4,7,
puddleworld,5,5,25,20,50,44,294,625,570,4,20,4,13,13,4,13,0.44981445600024017,1.6546310409994476,0.1002824579954904,nan,0.012607959000888513,0.0,0.1050924169994687,3.191699943272397e-05,0.00010766699961095583,2.0667001081164926e-05,5.58339997951407e-05,0.001162292001026799,0.0003007079994858941,7.633400127815548e-05,0.00020612500156858005,0.6701473749999423,1,10,4,10,4,10,
puddleworld,5,5,25,20,50,45,295,625,594,4,20,10,13,13,4,13,0.32565974900353467,4.166505209001116,0.08144770699982473,nan,0.0066360420005366905,0.0,0.10451525000098627,3.1584000680595636e-05,0.00012108300143154338,2.0666999262175523e-05,5.874999988009222e-05,0.0007055829992168583,8.737499956623651e-05,9.087500075111166e-05,0.00013095800022711046,0.5198985420011013,1,11,2,2,5,6,
puddleworld,5,5,25,20,50,46,296,625,592,4,20,6,17,17,4,17,0.368623664999177,2.47500079099882,0.08165075000033539,nan,0.03784520900080679,0.0,21.121347541999057,0.00012733299990941305,0.0002981670004373882,4.329100011091214e-05,0.00012108299961255398,0.2668947090005531,0.0005487500002345769,0.000158791999638197,0.0003163330002280418,21.883326709001267,1,10,4,15,7,15,
puddleworld,5,5,25,20,50,47,297,625,500,4,20,14,14,14,3,14,0.301412459997664,5.000513663997481,0.07645629300168366,nan,0.009826374998738174,0.0,0.3542380830003822,3.6249999538995326e-05,0.00011366600119799841,2.0542000129353255e-05,6.504200064227916e-05,0.001633124998988933,0.0001879579995147651,7.845800064387731e-05,0.00011024999912478961,0.7463362920007057,1,11,2,5,4,5,
puddleworld,5,5,25,20,50,48,298,625,592,4,20,1,17,17,4,17,0.43659037700126646,0.0,0.10388804199646984,nan,0.024208959001043695,0.0,19.57801187500081,0.0001206659999297699,0.0003056250006920891,4.5040998884360306e-05,0.0001269169988518115,0.28777120799895783,0.0005940830014878884,0.00018066700067720376,0.00033366600109729916,20.432826166997984,1,16,5,16,8,16,
puddleworld,5,5,25,20,50,49,299,625,593,4,20,2,16,16,6,16,0.3903702110019367,0.5642841669996415,0.14409400200202072,nan,0.022116249998362036,0.0,3.7594865829996706,4.3542000639718026e-05,0.00011858300058520399,2.9167000320740044e-05,8.154100032697897e-05,0.04095733299982385,0.00034912499904748984,0.00014029200065124314,0.00020933400082867593,4.360987417001525,1,16,4,10,8,10,
rockworld,5,5,25,12,50,0,300,1250,1115,4,12,3,12,12,4,12,0.5694705399982922,1.5195767499990325,0.14377816800151777,nan,0.003250791000027675,0.0,0.032419957999081817,3.533400013111532e-05,0.00011604199971770868,2.058400059468113e-05,5.762499858974479e-05,0.0005925830009800848,0.00028212500001245644,0.0001000419997581048,0.0001750410010572523,0.7508935830010159,1,7,3,8,5,8,
rockworld,5,5,25,12,50,1,301,1250,1118,4,12,57,13,13,4,13,0.595605083002738,41.70558862299913,0.13804654099840263,nan,0.014322834000267903,0.0,0.10816358299962303,3.5624998417915776e-05,0.00010149999980058055,2.2291000277618878e-05,3.654100146377459e-05,0.0007319579999602865,9.375000081490725e-05,6.445799954235554e-05,0.00015574999997625127,0.8578401670001767,1,3,2,2,3,7,
rockworld,5,5,25,12,50,2,302,1250,869,4,12,108,12,12,4,12,0.5937796660036838,79.71965995999744,0.10024250100104837,nan,0.007402416998957051,0.0,0.03191270900060772,2.8958998882444575e-05,0.00010250000013911631,2.158299867005553e-05,4.116700074519031e-05,0.0002260409983136924,8.024999988265336e-05,6.100000064179767e-05,0.0001520000005257316,0.7344710409997788,1,5,2,2,3,7,
rockworld,5,5,25,12,50,3,303,1250,1091,4,12,8,17,17,5,17,0.5893595020006615,5.187732834003327,0.13355904000491137,nan,0.038802499999292195,0.0,20.086497874999623,0.00013241600026958622,0.0002910410003096331,4.425000042829197e-05,0.00013262500033306424,0.23242662499978906,0.0004656250002881279,0.00020670900084951427,0.0002476250010658987,21.082798042998547,1,11,4,12,10,12,
rockworld,5,5,25,12,50,4,304,1250,1026,4,12,72,11,11,4,11,0.6595725000006496,53.034037248009554,0.14561579099972732,nan,0.006848916000308236,0.0,0.010906292000072426,2.6625000828062184e-05,0.00013450000005832408,1.991700082726311e-05,5.5250000514206477e-05,0.00018158300008508377,0.00028175000079500023,7.93330000306014e-05,0.00018162499873142224,0.8254320010000811,1,9,3,9,4,9,
rockworld,5,5,25,12,50,5,305,1250,814,4,12,1,14,14,3,14,0.595500000001266,0.0,0.15116249999846332,nan,0.012251541998921311,0.0,0.3355103750000126,3.441599983489141e-05,0.0004460000000108266,1.833400165196508e-05,5.4457999794976786e-05,0.004100750000361586,0.0003370000013092067,0.00011979199916822836,0.00023066700123308692,1.1001999170002819,1,9,6,11,7,11,
rockworld,5,5,25,12,50,6,306,1250,1090,4,12,40,17,17,5,17,0.6036342940005852,28.581391162008003,0.13884862599661574,nan,0.02005000000099244,0.0,19.62168500000007,0.00011758300024666823,0.000317832998916856,4.375000025902409e-05,0.00011341699973854702,0.1487841660000413,0.0004047089987579966,0.00019025000074179843,0.00022545799947693013,20.535082166001303,1,11,5,10,9,11,
rockworld,5,5,25,12,50,7,307,1250,962,4,12,21,15,15,3,15,0.5849085410027328,14.853479581006468,0.18380791599884105,nan,0.018606499999805237,0.0,1.186667750000197,3.495800046948716e-05,0.00014575000022887252,2.033300006587524e-05,5.120900095789693e-05,0.01039745900015987,0.00031074999969860073,7.962500058056321e-05,0.00020016700000269338,1.9861611670003185,1,9,3,10,4,10,
rockworld,5,5,25,12,50,8,308,1250,1028,4,12,1,12,12,4,12,0.590070790000027,0.0,0.1585744580024766,nan,0.005358166999940295,0.0,0.03231183300158591,4.037500002596062e-05,0.00014141700012260117,2.020799911406357e-05,4.216700108372606e-05,0.0002226249998784624,0.0002181250001740409,9.26669999898877e-05,0.00014162499974190723,0.7877049580001767,1,6,2,7,5,7,
rockworld,5,5,25,12,50,9,309,1250,595,4,12,1,15,15,4,15,0.5856775820011535,0.0,0.08043974899737805,nan,0.03378491699913866,0.0,1.190330792000168,4.283299858798273e-05,0.00017133399887825362,2.4625000150990672e-05,5.8042000091518275e-05,0.004048165999847697,0.0002837919982994208,9.779199899639934e-05,0.00016824999875098,1.896314124998753,1,8,2,8,5,8,
rockworld,5,5,25,12,50,10,310,1250,1004,4,12,40,13,13,4,13,0.5975477080046403,29.15585741699033,0.14176195999789343,nan,0.00964962500074762,0.0,0.10459987499962153,3.495800046948716e-05,0.0001534590010123793,2.2416999854613096e-05,5.545800013351254e-05,0.0009481670003879117,9.187499927065801e-05,6.295899947872385e-05,0.0001470829993195366,0.8555794169988076,1,9,3,2,3,7,
rockworld,5,5,25,12,50,11,311,1250,1138,4,12,22,15,15,4,15,0.6010963349981466,15.520307165003032,0.12446537400501256,nan,0.014853083999696537,0.0,1.0536994169997342,3.341599949635565e-05,0.00016449999930046033,2.2166999769979157e-05,6.149999899207614e-05,0.007778416998917237,0.00030095799957052805,0.0001250829991477076,0.00021087499953864608,1.8035449580002023,1,12,4,10,7,10,
rockworld,5,5,25,12,50,12,312,1250,1026,4,12,8,10,10,4,10,0.652659623996442,5.1449692500009405,0.13255612500506686,nan,0.0024125410000124248,0.0,0.0039460000007238705,2.158399911422748e-05,0.00011587500011955854,2.1874999220017344e-05,4.4459000491769984e-05,7.487499897251837e-05,7.333299981837627e-05,5.9916999816778116e-05,0.000130749998788815,0.7925510829991254,1,8,2,2,3,6,
rockworld,5,5,25,12,50,13,313,1250,1045,4,12,8,16,16,4,16,0.5898299169948586,5.176118666999173,0.13433033199726196,nan,0.07683816700046009,0.0,3.992808791999778,4.4624999645748176e-05,0.0001508329987700563,3.2750000173109584e-05,7.945799916342366e-05,0.013160792001144728,0.00010320799992769025,7.499999992433004e-05,0.0001646249984332826,4.825009083002442,1,15,2,2,4,8,
rockworld,5,5,25,12,50,14,314,1250,1003,4,12,27,14,14,3,14,0.587524710002981,19.36228570899766,0.1280189179979061,nan,0.008271458000308485,0.0,0.34867516699887346,3.229200046916958e-05,0.00015429099948960356,1.820800025598146e-05,5.783400047221221e-05,0.0022370409988070605,0.00019987499945273157,9.345800026494544e-05,0.00013037499957135879,1.0758764589991188,1,9,3,6,5,6,
rockworld,5,5,25,12,50,15,315,1250,1048,4,12,11,16,16,3,16,0.5940850860024511,7.5244107079997775,0.1278537510024762,nan,0.06067587500001537,0.0,3.7297526660004223,3.662499875645153e-05,0.0001609999999345746,1.9832999896607362e-05,6.895899969094899e-05,0.011652708000838174,0.000263459000052535,7.891699897299986e-05,0.00016999999934341758,4.525275207999584,1,13,2,8,4,8,
rockworld,5,5,25,12,50,16,316,1250,816,4,12,31,11,11,4,11,0.5995775399987906,22.341074251002283,0.12888849999580998,nan,0.004415374998643529,0.0,0.010699958000259358,2.300000051036477e-05,0.00012083399997209199,1.9249999240855686e-05,4.058299964526668e-05,0.00010312499944120646,7.64579999668058e-05,6.116700023994781e-05,0.00015349999921454582,0.7446026249999704,1,6,2,2,3,7,
rockworld,5,5,25,12,50,17,317,1250,1115,4,12,51,14,14,4,14,0.6471500409988948,37.3582862930034,0.13364791800086095,nan,0.0191594999996596,0.0,0.35776350000014645,3.7582998629659414e-05,0.00014879199989081826,2.4375000066356733e-05,6.075000055716373e-05,0.0015934169987303903,0.00010112500058312435,8.145799984049518e-05,0.00018312499923922587,1.1604002500007482,1,10,2,2,4,9,
rockworld,5,5,25,12,50,18,318,1250,998,4,12,110,16,16,4,16,0.6229235829978279,81.14699991899943,0.13076650100447296,nan,0.09222837500055903,0.0,3.73265420899952,3.466599991952535e-05,0.0001654170009715017,2.2750000425730832e-05,6.641700019827113e-05,0.011498665999170044,0.000317832998916856,6.754200148861855e-05,0.00021420799930638168,4.5929217920001975,1,12,2,10,3,10,
rockworld,5,5,25,12,50,19,319,1250,938,4,12,57,10,10,4,10,0.6519558329982829,42.00006645900612,0.14859804299339885,nan,0.0024482499993609963,0.0,0.003924750000805943,2.2291998902801424e-05,0.0001265420014533447,1.8165999790653586e-05,2.8832999305450357e-05,7.583299884572625e-05,7.441600064339582e-05,6.025000038789585e-05,0.0001318340000580065,0.807873459001712,1,4,2,2,3,6,
rockworld,5,5,25,12,50,20,320,1250,1024,4,12,25,17,17,3,17,0.6067512500012526,17.64519778799695,0.13005979200352158,nan,0.01980704099878494,0.0,20.121477791999496,0.00012112500007788185,0.0002934579988504993,3.2750000173109584e-05,0.00011916699986613821,0.2270684169998276,0.00038183299875527155,0.00019079199955740478,0.00024783299886621535,21.108036790999904,1,13,5,10,9,12,
rockworld,5,5,25,12,50,21,321,1250,1022,4,12,15,13,13,4,13,0.5981985829985206,10.355501501000617,0.11767608599984669,nan,0.008841958000630257,0.0,0.10590020900053787,3.4666998544707894e-05,0.00015316600001824554,2.2374999389285222e-05,4.262500078766607e-05,0.0007337909992202185,8.166699990397319e-05,6.320799911918584e-05,0.00016483400031575002,0.8328218759997981,1,5,2,2,3,7,
rockworld,5,5,25,12,50,22,322,1250,961,4,12,18,12,12,4,12,0.5953004589973716,12.766655878001984,0.12676116500006174,nan,0.0072963340007845545,0.0,0.031669209000028786,3.1583000236423686e-05,0.00014583400115952827,2.116599898727145e-05,5.062499985797331e-05,0.0002402500012976816,0.0002541249996284023,6.53750012133969e-05,0.00016908299949136563,0.7624415840000438,1,7,2,8,3,8,
rockworld,5,5,25,12,50,23,323,1250,842,4,12,4,16,16,3,16,0.5958510010023019,2.27606537399879,0.1254597079969244,nan,0.06423295800050255,0.0,4.0319902499995806,5.983300070511177e-05,0.00020279199998185504,2.4832999770296738e-05,9.433400009584147e-05,0.019992250001450884,0.00026220800100418273,7.299999924725853e-05,0.00017283400120504666,4.838877250000223,1,16,2,8,4,8,
rockworld,5,5,25,12,50,24,324,1250,1013,4,12,168,15,15,3,15,0.44749824999780685,117.2810977940062,0.1040290430009918,nan,0.022205290999409044,0.0,1.2595305830000143,4.054199962411076e-05,0.00016741599938541185,2.179200055252295e-05,6.333300007099751e-05,0.004082916999323061,0.00022120900030131452,7.954200009407941e-05,0.00012429200069163926,1.845254666000983,1,12,2,6,4,6,
rockworld,5,5,25,12,50,25,325,1250,1051,4,12,92,10,10,4,10,0.5967851670011441,67.59518829499939,0.1331664589979482,nan,0.0024908750001486624,0.0,0.00395366699922306,2.2500000341096893e-05,0.0001367090007988736,1.9999999494757503e-05,4.57499991171062e-05,9.120799950323999e-05,0.0001790409987734165,7.541700142610352e-05,0.00013000000035390258,0.7376146249989688,1,7,2,6,4,6,
rockworld,5,5,25,12,50,26,326,1250,1027,4,12,38,15,15,3,15,0.593424499995308,27.020890955996947,0.17663974900278845,nan,0.01851104200068221,0.0,1.090136832999633,3.604199991968926e-05,0.00015745800010336097,2.1500000002561137e-05,5.90839990763925e-05,0.005881917000806425,0.00030595899988838937,9.537500045553315e-05,0.00020787500034202822,1.885898124999585,1,11,3,10,5,10,
rockworld,5,5,25,12,50,27,327,1250,952,4,12,13,16,16,4,16,0.5991352120036026,8.99397000099998,0.11731470700033242,nan,0.07042724999882921,0.0,3.751224416000696,3.775000004679896e-05,0.00015558300037810113,2.2582999008591287e-05,7.341700074903201e-05,0.03411483300078544,0.00033333399915136397,9.870799840427935e-05,0.00020604199926310685,4.573616165998828,1,15,6,10,5,10,
rockworld,5,5,25,12,50,28,328,1250,1049,4,12,3,9,9,4,9,0.5989535429980606,1.484381417001714,0.14320362400030717,nan,0.0018099999997502891,0.0,0.0017260829990846105,2.2166999769979157e-05,0.00012341699948592577,1.7333000869257376e-05,3.7292000342858955e-05,7.087500125635415e-05,0.00021470800129463896,6.045800000720192e-05,0.0001449170013074763,0.7468417920008505,1,6,2,7,3,7,
rockworld,5,5,25,12,50,29,329,1250,1072,4,12,6,14,14,3,14,0.6012899549969006,3.727766456997415,0.20596945800025424,nan,0.006933958000445273,0.0,0.3322627090001333,3.2666999686625786e-05,0.00014937500054656994,1.991600038309116e-05,5.795900142402388e-05,0.0028446249998523854,0.00033199999961652793,0.00012112500007788185,0.00023016699924482964,1.1506524160013214,1,10,4,11,7,11,
rockworld,5,5,25,12,50,30,330,1250,1116,4,12,11,11,11,3,11,0.5858144559952052,7.184883419004109,0.13503699899774801,nan,0.007180500000686152,0.0,0.010546457999225822,1.9082999642705545e-05,0.0001257920011994429,1.5458999769180082e-05,5.13340000907192e-05,0.00010116599878529087,0.00020704099915747065,8.991700087790377e-05,0.00014900000132911373,0.7397904579993337,1,10,2,7,5,7,
rockworld,5,5,25,12,50,31,331,1250,1047,4,12,15,14,14,4,14,0.6525602900019294,10.355409207993944,0.12620579400390852,nan,0.02198891599982744,0.0,0.34957179100092617,3.679099972941913e-05,0.00016708299881429411,2.395799856458325e-05,3.574999936972745e-05,0.0016037500008678762,0.00011483400157885626,5.929199869569857e-05,0.00017549999938637484,1.1529562919986347,1,3,2,2,3,8,
rockworld,5,5,25,12,50,32,332,1250,1004,4,12,3,12,12,4,12,0.5909813330017641,1.5506193339988386,0.13740683500145678,nan,0.006922791999386391,0.0,0.03206829199916683,3.1207999199978076e-05,0.00013420799950836226,1.8542001271271147e-05,4.787499892699998e-05,0.00020958400091330986,7.345800077018794e-05,6.908400064276066e-05,0.00012216699906275608,0.7685197089995199,1,8,2,2,4,6,
rockworld,5,5,25,12,50,33,333,1250,544,4,12,71,12,12,4,12,0.6133530829993106,52.3798236250077,0.08005212599528022,nan,0.0035757920013566036,0.0,0.03214533299978939,2.8250000468688086e-05,0.00014900000132911373,1.9834000340779312e-05,5.254200004856102e-05,0.00019654199968499597,0.00018870799976866692,9.120899994741194e-05,0.00012008399971819017,0.7303261659999407,1,9,2,6,5,6,
rockworld,5,5,25,12,50,34,334,1250,1091,4,12,21,15,15,4,15,0.5894686249957886,14.974445999001546,0.14311275399631995,nan,0.03680487500059826,0.0,1.1783448340011091,3.537500015227124e-05,0.00017500000103609636,2.408299951639492e-05,5.983299888612237e-05,0.0040003340000112075,9.10420003492618e-05,7.300000106624793e-05,0.00019425000027695205,1.9528394999997545,1,12,2,2,4,9,
rockworld,5,5,25,12,50,35,335,1250,1000,4,12,41,15,15,4,15,0.5792314160025853,29.847160129995245,0.14518162500098697,nan,0.033700915999361314,0.0,1.1565026250009396,3.679200017359108e-05,0.0001661669994064141,2.3499998860643245e-05,6.187500002852175e-05,0.00399591700079327,0.0003645840006356593,0.00011754200022551231,0.00025224999990314245,1.9319293329990614,1,11,2,12,7,12,
rockworld,5,5,25,12,50,36,336,1250,1070,4,12,47,11,11,4,11,0.5878834979957901,34.44623445599791,0.127384956997048,nan,0.002193457999965176,0.0,0.010566666000158875,2.4249999114545062e-05,0.0001690420012891991,1.954099934664555e-05,4.6458000724669546e-05,0.00016800000048533548,0.00010716699944168795,7.700000060140155e-05,0.0001266250001208391,0.7292113750008866,1,9,3,3,4,6,
rockworld,5,5,25,12,50,37,337,1250,1071,4,12,5,16,16,3,16,0.6496497920034017,2.852923416001431,0.13351791799505008,nan,0.03303179200156592,0.0,3.3302265840011387,3.300000025774352e-05,0.00019516599968483206,2.0416000552359037e-05,6.091700015531387e-05,0.03956524999921385,0.00041237500045099296,0.0001696660001471173,0.0002732920002017636,4.208298207999178,1,13,7,14,10,14,
rockworld,5,5,25,12,50,38,338,1250,1094,4,12,54,12,12,4,12,0.5930426250015444,39.77324158100055,0.14047887700508,nan,0.005459250000058091,0.0,0.03177349999896251,3.137500061711762e-05,0.0001470829993195366,2.1416000890894793e-05,4.841699956159573e-05,0.00021045899848104455,8.21250014269026e-05,5.96249992668163e-05,0.0001291249991481891,0.7719531660004577,1,8,2,2,3,6,
rockworld,5,5,25,12,50,39,339,1250,1045,4,12,145,10,10,4,10,0.40766275199712254,93.66239696100274,0.08854066599815269,nan,0.0021014590001868783,0.0,0.0038994159986032173,2.033300006587524e-05,0.00015620800149918068,1.8374999854131602e-05,3.3582999094505794e-05,9.458400018047541e-05,0.00015187499957391992,7.324999933189247e-05,0.00010899999870161992,0.5032577499987383,1,5,3,5,4,5,
rockworld,5,5,25,12,50,40,340,1250,1020,4,12,125,11,11,4,11,0.40215674999672046,77.3761370459979,0.0917520839975623,nan,0.0033032079991244245,0.0,0.010523457998715458,2.2124999304651283e-05,0.00013604199921246618,1.966600029845722e-05,2.975000097649172e-05,9.124999996856786e-05,7.208400165836792e-05,5.8457999330130406e-05,0.00014887500037730206,0.5086725010005466,1,4,2,2,3,7,
rockworld,5,5,25,12,50,41,341,1250,1136,4,12,9,14,14,4,14,0.590072622999287,5.9218314989975624,0.1456434179981443,nan,0.021950500000457396,0.0,0.3503780840001127,3.524999920045957e-05,0.00019908300055249128,2.1624999135383405e-05,7.308299973374233e-05,0.002216625000073691,0.0002237919998151483,7.80829996074317e-05,0.00014562500109605026,1.1114461670003948,1,14,3,7,4,7,
rockworld,5,5,25,12,50,42,342,1250,1047,4,12,83,11,11,4,11,0.5282851659976586,54.08857192299365,0.12165662600091309,nan,0.0027751659999921685,0.0,0.010688665999623481,2.325000059499871e-05,0.00013041700003668666,1.9332999727339484e-05,4.875000013271347e-05,9.391699859406799e-05,8.20420009404188e-05,9.266599954571575e-05,0.00011245799942116719,0.664440000002287,1,9,2,2,5,5,
rockworld,5,5,25,12,50,43,343,1250,976,4,12,35,15,15,4,15,0.5250365829979273,24.52814245800073,0.1036904569973558,nan,0.030310916999951587,0.0,1.1836461670009157,3.5999999454361387e-05,0.00018116599858331028,2.366599983361084e-05,5.037499977333937e-05,0.004003625001132605,9.287499960919376e-05,8.533300024282653e-05,0.00020450000010896474,1.8477419580012793,1,9,2,2,5,10,
rockworld,5,5,25,12,50,44,344,1250,1139,4,12,5,11,11,4,11,0.5796839159993397,3.1178645430009055,0.16295312700094655,nan,0.0033361250007146737,0.0,0.010638333998940652,2.2707999960402958e-05,0.00012737500037474092,1.9332999727339484e-05,4.508300116867758e-05,9.89580003079027e-05,7.466600072802976e-05,5.929100007051602e-05,0.00012991699986741878,0.7576061670006311,1,8,2,2,3,6,
rockworld,5,5,25,12,50,45,345,1250,1097,4,12,17,15,15,4,15,0.5688435830052185,11.746415210000123,0.126340374999927,nan,0.022468541999842273,0.0,1.1504811249997147,4.0208000427810475e-05,0.00017595799909031484,2.4000000848900527e-05,7.108399950084276e-05,0.005906417000005604,0.0002835830000549322,9.383300130139105e-05,0.00018845900012820493,1.8753359580023243,1,14,3,9,5,9,
rockworld,5,5,25,12,50,46,346,1250,1088,4,12,3,11,11,4,11,0.5962666680043185,1.5437578330001998,0.1681053329975839,nan,0.005769916999270208,0.0,0.010675583000193,3.1583000236423686e-05,0.0001383339986205101,1.9999999494757503e-05,2.7874999432242475e-05,9.416700049769133e-05,7.495799945900217e-05,5.954100015514996e-05,0.00010945799840555992,0.7818192499998986,1,3,2,2,3,5,
rockworld,5,5,25,12,50,47,347,1250,952,4,12,1,14,14,4,14,0.5949224999985745,0.0,0.11612649900052929,nan,0.011013542000000598,0.0,0.32452562499929627,3.7125000744708814e-05,0.00015462499868590385,2.245799987576902e-05,5.762499858974479e-05,0.002232999999250751,0.0003799999994953396,0.00010795900016091764,0.0002669589994184207,1.0502395420007815,1,9,3,13,6,13,
rockworld,5,5,25,12,50,48,348,1250,1114,4,12,94,12,12,3,12,0.41387208699597977,56.64586487399902,0.08860546000323666,nan,0.005254584000795148,0.0,0.03134029200009536,2.808399949572049e-05,0.00014170800022839103,1.8332999388803728e-05,5.820899968966842e-05,0.00022150000040710438,0.0002624160006234888,0.00010470899906067643,0.00018695799917622935,0.5405316670003231,1,12,2,9,6,9,
rockworld,5,5,25,12,50,49,349,1250,792,4,12,8,14,14,3,14,0.6657526240032894,5.209770331997788,0.11760837499787158,nan,0.002076040998872486,0.0,0.2741477500003384,3.6666999221779406e-05,0.00017245900016860105,1.9333001546328887e-05,6.854099956399295e-05,0.006738083000527695,0.0003660419988591457,0.0001715420003165491,0.00023966700064192992,1.0677973740002926,1,14,9,12,10,12,
rockworld,5,5,25,16,50,0,350,1250,1105,4,16,44,12,12,4,12,0.7787878309973166,41.63785379400906,0.20024412499515165,nan,0.006292708001637948,0.0,0.033240624999962165,3.804199877777137e-05,0.00010304100032954011,2.1707999621867202e-05,6.620800013479311e-05,0.00029279099908308126,0.0002723750003497116,9.891700028674677e-05,0.00016412500008300412,1.0200912910004263,1,10,2,7,5,7,
rockworld,5,5,25,16,50,1,351,1250,999,4,16,7,12,12,4,12,0.7525402100000065,5.645917041001667,0.2244209159998718,nan,0.0081708340003388,0.0,0.03184770900043077,2.8665999707300216e-05,0.00011745799929485656,2.074999974865932e-05,3.8791999031673186e-05,0.00023637500089535024,8.129199886752758e-05,6.208299964782782e-05,0.00015333400006056763,1.018155249999836,1,5,2,2,3,7,
rockworld,5,5,25,16,50,2,352,1250,867,4,16,15,13,13,4,13,0.7434412500006147,13.330730248999316,0.17501095900479413,nan,0.013564959001087118,0.0,0.10606716700021934,3.429199932725169e-05,0.00010187500083702616,2.204100019298494e-05,5.441699977382086e-05,0.0006864999995741528,9.024999963003211e-05,6.266700074775144e-05,0.00011458399967523292,1.0396529580011702,1,9,2,2,3,5,
rockworld,5,5,25,16,50,3,353,1250,1052,4,16,37,14,14,4,14,0.7698529599983885,34.633975750999525,0.18911933500203304,nan,0.019360416999916197,0.0,0.3692246669997985,4.400000034365803e-05,0.00011670800085994415,2.495800072210841e-05,7.070799983921461e-05,0.0016430420000688173,0.00010887499956879765,0.00011325000014039688,0.00018812499911291525,1.350311915997736,1,11,2,2,4,8,
rockworld,5,5,25,16,50,4,354,1250,1050,4,16,36,16,16,5,16,0.7707817919981608,32.92191000400999,0.1792125850006414,nan,0.0583996669993212,0.0,3.8115797500013286,4.012499994132668e-05,0.00011558300138858613,2.700000004551839e-05,7.391700091829989e-05,0.01708962500015332,0.00041104199954133946,0.0001205000007757917,0.0002502919996913988,4.83856975100025,1,14,3,12,7,12,
rockworld,5,5,25,16,50,5,355,1250,755,4,16,12,11,11,3,11,0.7714760830021987,10.641631585000141,0.17895604099612683,nan,0.002244582999992417,0.0,0.010812583001097664,2.1333999029593542e-05,8.38330015540123e-05,1.6832998881000094e-05,4.604099922289606e-05,0.0001004999994620448,0.00021304099936969578,7.520899998780806e-05,0.00014962500063120387,0.9645892070002446,1,8,2,7,4,7,
rockworld,5,5,25,16,50,6,356,1250,987,4,16,14,13,13,4,13,0.7506596669954888,12.11263158300244,0.15999770700364024,nan,0.007163582999055507,0.0,0.10642695800015645,3.708300027938094e-05,0.00010741699952632189,2.2666999939247034e-05,6.370899973262567e-05,0.0007176250001066364,9.891599984257482e-05,8.508300015819259e-05,0.00013662499986821786,1.0259180419998302,1,10,2,2,4,6,
rockworld,5,5,25,16,50,7,357,1250,960,4,16,19,12,12,4,12,0.7670098340022378,17.15352045900363,0.15971179099869914,nan,0.005482665999807068,0.0,0.03180387500106008,3.154099977109581e-05,9.220799984177575e-05,2.099999983329326e-05,3.825000021606684e-05,0.0002213750012742821,8.020800123631489e-05,6.145900078990962e-05,0.00013212500016379636,0.9651311670004361,1,5,2,2,3,6,
rockworld,5,5,25,16,50,8,358,1250,1024,4,16,26,13,13,4,13,0.7677278760002082,23.79450666800585,0.18301066699496005,nan,0.011432166000304278,0.0,0.10589000000072701,3.279200063843746e-05,9.970800056180451e-05,2.087500070047099e-05,6.466699960583355e-05,0.0007288750002771849,0.0002642500003275927,9.308300104748923e-05,0.0001715419984975597,1.0699545009993017,1,12,2,8,5,8,
rockworld,5,5,25,16,50,9,359,1250,888,4,16,31,16,16,6,16,0.7749123749890714,29.013397872005953,0.19268587599799503,nan,0.04753679200075567,0.0,3.756757999999536,4.12499994126847e-05,0.00011554100092325825,2.9415999961202033e-05,6.758300150977448e-05,0.017111250001107692,0.00035070800004177727,0.0001266250001208391,0.00022625000019615982,4.79039633299908,1,12,3,11,7,11,
rockworld,5,5,25,16,50,10,360,1250,937,4,16,12,10,10,4,10,0.7691554190005263,10.55891800000063,0.17196362499817042,nan,0.005029791998822475,0.0,0.003986542000347981,2.2458998500951566e-05,7.958300011523534e-05,1.8290998923475854e-05,3.179099985572975e-05,7.545800144725945e-05,7.350000123551581e-05,5.96249992668163e-05,0.0001299579998885747,0.9510333750022255,1,4,2,2,3,6,
rockworld,5,5,25,16,50,11,361,1250,833,4,16,37,15,15,4,15,0.8209478310000122,34.882936961004816,0.20808116699481616,nan,0.019741249998332933,0.0,1.0882735420000245,4.2334000681876205e-05,0.00011495800026750658,2.341700019314885e-05,7.462500070687383e-05,0.0076083749991084915,0.0004370420010673115,0.00012083399997209199,0.000285459000224364,2.146140041999388,1,12,3,14,7,14,
rockworld,5,5,25,16,50,12,362,1250,1046,4,16,29,11,11,4,11,0.8356650010027806,26.241442336004184,0.18808100200112676,nan,0.006640125000558328,0.0,0.010651500000676606,2.5000001187436283e-05,8.254100066551473e-05,1.925000105984509e-05,3.6375000490807e-05,0.00010441700032970402,7.666700003028382e-05,6.0291000409051776e-05,0.00011604199971770868,1.0419991670005402,1,5,2,2,3,5,
rockworld,5,5,25,16,50,13,363,1250,1114,4,16,15,12,12,3,12,0.7657295410026563,13.632242251002026,0.21042808100173716,nan,0.003273709000495728,0.0,0.031039290999615332,2.895800025726203e-05,8.554200030630454e-05,1.7750000552041456e-05,5.720799890696071e-05,0.0006227909998415271,0.00024287500127684325,0.00012154199976066593,0.0001659579993429361,1.0122107090010104,1,11,7,8,7,8,
rockworld,5,5,25,16,50,14,364,1250,933,4,16,10,17,17,4,17,0.7562188310021156,8.788194042001123,0.16147025199825293,nan,0.03397045899873774,0.0,20.742821417001323,0.00012108400005672593,0.00026333300047554076,4.116700074519031e-05,0.00011691700092342217,0.2421432499995717,0.0004244170013407711,0.00018870899839384947,0.0002331670002604369,21.94155445800061,1,12,4,11,9,11,
rockworld,5,5,25,16,50,15,365,1250,1008,4,16,9,16,16,3,16,0.7782869570019102,7.775385959001142,0.15219653999520233,nan,0.023617041000761674,0.0,3.2970537910005078,4.212500061839819e-05,0.00016062500071711838,2.5332999939564615e-05,7.837499833840411e-05,0.05781625000054191,0.000398666999899433,0.00014120800005912315,0.0002552919995650882,4.311062666001817,1,14,4,13,8,13,
rockworld,5,5,25,16,50,16,366,1250,1045,4,16,3,16,16,4,16,0.7696047900026315,2.0381333330005873,0.1855085820043314,nan,0.06295358300121734,0.0,3.8226635830014857,6.48339992039837e-05,0.00019283300025563221,3.041600029973779e-05,7.170800017775036e-05,0.011652667000817019,0.00011079199975938536,9.549999958835542e-05,0.0001671250010986114,4.853706208001313,1,11,2,2,5,8,
rockworld,5,5,25,16,50,17,367,1250,1074,4,16,26,12,12,4,12,0.7706502509972779,23.827062125999873,0.22286316699864983,nan,0.010411541001303704,0.0,0.03187187500043365,2.979099917865824e-05,0.00013758299974142574,2.0957999367965385e-05,4.279200038581621e-05,0.00022683399947709404,8.245800017903093e-05,6.199999916134402e-05,0.00013433300046017393,1.0370072509977035,1,6,2,2,3,6,
rockworld,5,5,25,16,50,18,368,1250,1004,4,16,21,13,13,4,13,0.7721858730055828,19.675855543004218,0.1729737089935952,nan,0.007806207999237813,0.0,0.10775958399972296,3.34169999405276e-05,0.0001490419999754522,2.1750000087195076e-05,5.9500000133994035e-05,0.0007103339994500857,0.00019412499932514038,7.841699880373199e-05,0.00017375000061292667,1.062563167000917,1,10,2,6,4,8,
rockworld,5,5,25,16,50,19,369,1250,936,4,16,19,13,13,4,13,0.7551008329974138,17.50701145899984,0.20069279099698178,nan,0.014209749999281485,0.0,0.10327683300056378,3.79169996449491e-05,0.0001465420009481022,2.341700019314885e-05,5.395799962570891e-05,0.0007756670001981547,9.229199895344209e-05,6.270799894991796e-05,0.00014737499986949842,1.0750550000011572,1,8,2,2,3,7,
rockworld,5,5,25,16,50,20,370,1250,1073,4,16,58,13,13,4,13,0.8356192950031982,55.1923687529943,0.20344675001069845,nan,0.012124249999033054,0.0,0.10501729199859255,3.308399936940987e-05,0.00015970800086506642,2.183299875468947e-05,5.333300032361876e-05,0.0009137500001088483,0.0001995840011659311,7.308399835892487e-05,0.0001339999998890562,1.1582894590010255,1,8,3,6,4,6,
rockworld,5,5,25,16,50,21,371,1250,1093,4,16,13,12,12,3,12,0.7762979959970835,11.100728249000895,0.18372912399900088,nan,0.004751500000566011,0.0,0.031533874998785905,2.6749999960884452e-05,0.000139667001349153,1.8165999790653586e-05,3.8124999264255166e-05,0.00023800000053597614,0.0002920830011134967,6.958299854886718e-05,0.00020804199994017836,0.9977729160000308,1,6,2,10,4,10,
rockworld,5,5,25,16,50,22,372,1250,1008,4,16,23,12,12,4,12,0.7743140009970375,21.53872925199721,0.17298658000254363,nan,0.010035332999905222,0.0,0.03147362499839801,2.7666001187753864e-05,0.00014941600056772586,2.0542000129353255e-05,3.654200008895714e-05,0.0002237919998151483,7.095799992384855e-05,6.0208998547750525e-05,0.00015420800082210917,0.9899994579991471,1,5,2,2,3,7,
rockworld,5,5,25,16,50,23,373,1250,1040,4,16,37,12,12,4,12,0.7644027489986911,34.684195500993155,0.19129099900055735,nan,0.004671582999435486,0.0,0.031725500000902684,2.633400072227232e-05,0.00013291699906403664,1.7750000552041456e-05,4.3125000956933945e-05,0.00023958400015544612,0.00017549999938637484,8.97919999260921e-05,0.00016862499978742562,0.9934000839984947,1,7,2,6,5,8,
rockworld,5,5,25,16,50,24,374,1250,960,4,16,37,17,17,4,17,0.7672420010021597,34.87693870999101,0.16990583499682543,nan,0.12845062499945925,0.0,21.779260957999213,0.0001238330005435273,0.00024824999854899943,3.775000004679896e-05,0.0001442499997210689,0.37240908300009323,0.00047720899965497665,0.00014258400005928706,0.000247042000410147,23.22311824999997,1,17,6,12,6,12,
rockworld,5,5,25,16,50,25,375,1250,920,4,16,71,15,15,5,15,0.534914543004561,63.47517079399404,0.12681154000347306,nan,0.006351083000481594,0.0,1.0782368750005844,4.2624998968676664e-05,0.006663333000687999,2.499999936844688e-05,5.599999894911889e-05,0.002275374999953783,0.00034699999923759606,2.9999999242136255e-05,0.00022441700093622785,1.7568219999993744,0,8,1,11,1,11,
rockworld,5,5,25,16,50,26,376,1250,1141,4,16,13,12,12,4,12,0.7659830009961297,11.742287748998933,0.18169008499899064,nan,0.00284049999936542,0.0,0.031002749999970547,2.6916999559034593e-05,0.00013475000014295802,1.7833001038525254e-05,5.31250007043127e-05,0.0003068330006499309,0.00018558400006440934,9.458299973630346e-05,0.00013145800039637834,0.9829292920003354,1,9,3,6,5,6,
rockworld,5,5,25,16,50,27,377,1250,927,4,16,4,17,17,4,17,0.7744441240010929,2.9466522090006038,0.16912804300227435,nan,0.036032332998729544,0.0,19.73144854199927,0.00011720799921022262,0.00028487499912444036,3.670899968710728e-05,0.0001181659990834305,0.271275125000102,0.0005192499993427191,0.00013170800048101228,0.0002965420007967623,20.986191291998693,1,15,5,14,6,14,
rockworld,5,5,25,16,50,28,378,1250,1005,4,16,23,15,15,4,15,0.7731096249990514,21.518939622996186,0.21695599900158413,nan,0.038027832999432576,0.0,1.2821909170015715,4.1125000279862434e-05,0.00016275000052701216,2.4249999114545062e-05,6.53749993944075e-05,0.0040360830007557524,0.00029716700009885244,8.279200119432062e-05,0.00019724999947356991,2.3160539169984986,1,10,2,9,4,9,
rockworld,5,5,25,16,50,29,379,1250,1051,4,16,8,14,14,4,14,0.7646872929999518,6.784347499000432,0.1624037049969047,nan,0.011319000001094537,0.0,0.3271807919991261,3.5417000617599115e-05,0.00015700000039942097,2.1500000002561137e-05,5.2041999879293144e-05,0.0022189579995028907,0.0002845409999281401,8.549999984097667e-05,0.0001912500010803342,1.2691418750000594,1,7,3,9,5,9,
rockworld,5,5,25,16,50,30,380,1250,1051,4,16,41,14,14,4,14,0.7802609600039432,38.96129220900548,0.19888958199953777,nan,0.017816790999859222,0.0,0.3467947910012299,4.0916998841566965e-05,0.00016287499965983443,2.2958000045036897e-05,7.862500024202745e-05,0.002257124999232474,0.00035570799991546664,7.783399996696971e-05,0.00023645799956284463,1.3474632910001674,1,14,3,11,4,11,
rockworld,5,5,25,16,50,31,381,1250,1008,4,16,14,13,13,4,13,0.7789902920012537,12.633070376001342,0.1522453739980847,nan,0.005630833000395796,0.0,0.10570479200032423,3.199999991920777e-05,0.00017174999993585516,1.9584000256145373e-05,3.654200008895714e-05,0.0010745830004452728,0.00025816599918471184,7.045900019875262e-05,0.00017499999921710696,1.0448792499992123,1,4,3,9,4,9,
rockworld,5,5,25,16,50,32,382,1250,1022,4,16,32,15,15,4,15,0.7839943730014056,30.20457195700328,0.24458804200185114,nan,0.02649987499898998,0.0,1.1080672909993154,3.537500015227124e-05,0.00016575000154261943,2.3333999706665054e-05,6.270800076890737e-05,0.005939624999882653,0.0004240420003043255,7.825000102457125e-05,0.0002935409993369831,2.17062179200002,1,11,3,14,4,14,
rockworld,5,5,25,16,50,33,383,1250,935,4,16,2,13,13,4,13,0.8086715010012995,0.9671923749992857,0.1773601669974596,nan,0.011479165999844554,0.0,0.10652058300001954,3.3042000723071396e-05,0.00016041599883465096,2.1958001525490545e-05,5.9250000049360096e-05,0.0007407079992844956,0.00019624999913503416,7.900000127847306e-05,0.00017329199908999726,1.105951459001517,1,10,2,6,4,8,
rockworld,5,5,25,16,50,34,384,1250,1050,4,16,2,15,15,4,15,0.7726467490047071,0.9839554169993789,0.17416308100291644,nan,0.009522125001240056,0.0,1.0120455419983045,3.741699947568122e-05,0.0001563340010761749,2.204200063715689e-05,6.387500070559327e-05,0.00786429199979466,0.0003688750002766028,0.00012083300134690944,0.0002469589999236632,1.9777334579994204,1,12,4,12,7,12,
rockworld,5,5,25,16,50,35,385,1250,1007,4,16,5,16,16,3,16,0.8252587499991932,3.8779815000016242,0.16961829100182513,nan,0.05065450000074634,0.0,4.097246457999063,5.383399911806919e-05,0.00016745799985073972,2.474999928381294e-05,7.912500041129533e-05,0.028634207999857608,0.0003412080004636664,0.00010875000043597538,0.00023166699975263327,5.173848624997845,1,14,5,11,6,11,
rockworld,5,5,25,16,50,36,386,1250,1112,4,16,3,13,13,4,13,0.7780863340012729,1.9956740830002673,0.20505896000031498,nan,0.008802207999906386,0.0,0.10563720800018928,3.000000106112566e-05,0.0001494170010118978,1.9042001440539025e-05,5.8833000366576016e-05,0.0007019580007181503,0.0002742910000961274,9.299999874201603e-05,0.00018375000036030542,1.0995749169996998,1,10,2,9,5,9,
rockworld,5,5,25,16,50,37,387,1250,1045,4,16,23,11,11,4,11,0.8462460410009953,21.084670374993948,0.1712387929946999,nan,0.006912250000823406,0.0,0.010604250001051696,2.3208000129670836e-05,0.000118792000648682,1.904199962154962e-05,2.4167000447050668e-05,9.758399937709328e-05,7.02500001352746e-05,5.612499990093056e-05,0.0001296660011576023,1.0359875420017488,1,2,2,2,3,6,
rockworld,5,5,25,16,50,38,388,1250,889,4,16,1,12,12,4,12,0.7672496249979304,0.0,0.17792162600017036,nan,0.0033769999990909128,0.0,0.031231875000230502,2.845800008799415e-05,0.00016229200082307216,1.862499993876554e-05,3.945900061808061e-05,0.0003358750000188593,0.00021187499987718184,7.212499986053444e-05,0.00015033399904496036,0.9811597919997439,1,6,3,7,4,7,
rockworld,5,5,25,16,50,39,389,1250,1048,4,16,23,16,16,6,16,0.7680502089988295,21.319442961006644,0.17819370799588796,nan,0.0318562499996915,0.0,3.6451380830003473,3.804200059676077e-05,0.0001633749998291023,2.5999999706982635e-05,6.512500112876296e-05,0.023100458000044455,0.00023874999897088856,0.00014020900016475935,0.0002214579999417765,4.647688499000651,1,12,4,7,8,11,
rockworld,5,5,25,16,50,40,390,1250,1114,4,16,2,14,14,4,14,0.7629042919998028,0.9699454999990849,0.18249662399830413,nan,0.02226074999998673,0.0,0.362759207999261,4.3416999687906355e-05,0.00015987500046321657,2.487500023562461e-05,5.158299973118119e-05,0.0016096250001282897,9.345799844595604e-05,6.0416999986045994e-05,0.0001680410005064914,1.33311145800144,1,8,2,2,3,8,
rockworld,5,5,25,16,50,41,391,1250,1024,4,16,9,17,17,4,17,0.7632704149982601,7.839538039996114,0.19861125199349772,nan,0.0781581669998559,0.0,21.37909000000036,0.00011025000094377901,0.00028537499929370824,3.766699956031516e-05,0.00012554199929581955,0.2614882919988304,0.00047854200056463014,0.00012016700020467397,0.00024991600002977066,22.691062376001355,1,14,3,12,5,12,
rockworld,5,5,25,16,50,42,392,1250,885,4,16,24,12,12,4,12,0.6216826250019949,21.80108091999864,0.1391494169984071,nan,0.004593207999278093,0.0,0.03350312499969732,3.1167000997811556e-05,0.0001393330003338633,2.1124998966115527e-05,4.545900083030574e-05,0.00023429199973179493,8.379200153285637e-05,5.729199983761646e-05,0.00011370799984433688,0.8004771659998369,1,6,2,2,3,5,
rockworld,5,5,25,16,50,43,393,1250,931,4,16,4,13,13,4,13,0.8005136660012795,2.9316648759995587,0.1893232509992231,nan,0.014420499999687308,0.0,0.10724391700023261,3.404199924261775e-05,0.00014487500084214844,2.2166999769979157e-05,2.8541999199660495e-05,0.0007233750002342276,7.9250001363107e-05,5.608300125459209e-05,0.00016487500033690594,1.1132103759991878,1,2,2,2,3,8,
rockworld,5,5,25,16,50,44,394,1250,913,4,16,4,16,16,4,16,0.765230998995321,2.885780375001559,0.17446450099851063,nan,0.06861145800030499,0.0,4.252422375000606,5.6458999097230844e-05,0.0001937079996423563,2.7834001230075955e-05,7.02500001352746e-05,0.01893250000102853,0.000282959001197014,9.791699994821101e-05,0.00017337500139547046,5.2812684170021384,1,9,2,8,5,8,
rockworld,5,5,25,16,50,45,395,1250,1072,4,16,9,12,12,4,12,0.6934918749993813,7.843894376999742,0.1634370840019983,nan,0.004499667000345653,0.0,0.03223558399986359,3.033299981325399e-05,0.00013954200039734133,2.0417000996530987e-05,6.475000009231735e-05,0.00023987500026123598,8.079100007307716e-05,9.500000123807695e-05,0.00018329200065636542,0.8949851659999695,1,12,2,2,5,8,
rockworld,5,5,25,16,50,46,396,1250,1049,4,16,11,13,13,3,13,0.6186517499954789,9.147017749999577,0.11660691799988854,nan,0.0059419590015750146,0.0,0.10253654200096207,2.9417000405373983e-05,0.00014820800060988404,1.862499993876554e-05,4.149999949731864e-05,0.000939499999731197,0.0002172919994336553,9.399999908055179e-05,0.00015279200124496128,0.8458213750018331,1,6,3,7,5,7,
rockworld,5,5,25,16,50,47,397,1250,979,4,16,6,14,14,4,14,0.7653460029978305,4.867165375000695,0.20020262499747332,nan,0.022713166001267382,0.0,0.34887062500092725,3.720800123119261e-05,0.00015779200111865066,3.6249999538995326e-05,4.308399911678862e-05,0.0016070830006356118,8.737499956623651e-05,6.400000165740494e-05,0.0002214579999417765,1.3398390420006763,1,6,2,2,3,10,
rockworld,5,5,25,16,50,48,398,1250,1050,4,16,8,11,11,4,11,0.6365288300003158,6.091276123999705,0.14309454400245158,nan,0.0025263750012527453,0.0,0.010387708000052953,2.1708001440856606e-05,0.00011212500066903885,1.845900078478735e-05,5.554200106416829e-05,0.0001392920003127074,0.00013349999971978832,7.479200030502398e-05,0.00014379099957295693,0.7936676669996814,1,11,3,4,4,7,
rockworld,5,5,25,16,50,49,399,1250,882,4,16,31,15,15,4,15,0.5658073760059779,20.895330163002654,0.11501962700276636,nan,0.015346500000305241,0.0,1.2553212080001686,3.466599991952535e-05,0.00015183299910859205,2.3458000214304775e-05,7.633300083398353e-05,0.009606540999811841,0.00029424999956972897,0.0001065420001395978,0.00019308300034026615,1.9623802489986701,1,15,5,9,6,9,
rockworld,5,5,25,20,50,0,400,1250,1090,4,20,8,15,15,4,15,0.9569090009990759,8.461948748996292,0.2128943329971662,nan,0.03573254200091469,0.0,1.2362839580000582,4.325000008975621e-05,0.00011662499855447095,2.4791999749140814e-05,5.262500053504482e-05,0.004091667000466259,0.00012370799959171563,9.641700125939678e-05,0.0002017089991568355,2.4471487089995207,1,4,2,2,4,9,
rockworld,5,5,25,20,50,1,401,1250,1069,4,20,9,14,14,4,14,0.9256770000010874,9.511071165999965,0.2156935400034854,nan,0.01753883400124323,0.0,0.36040404199957266,4.1457999031990767e-05,0.00011079100113420282,2.2917000023880973e-05,6.779199975426309e-05,0.0016321250004693866,0.00024337499962712172,0.0001194159995066002,0.00016512500042153988,1.5221846260010352,1,11,2,7,5,7,
rockworld,5,5,25,20,50,2,402,1250,1098,4,20,30,12,12,4,12,0.9352898349989118,34.86748620800245,0.2266227490035817,nan,0.007070958999975119,0.0,0.032300249999025255,2.950000089185778e-05,0.00010775000009743962,2.0540999685181305e-05,3.5458999263937585e-05,0.00023800000053597614,0.00025029099924722686,9.38339999265736e-05,0.0001754160002747085,1.2026945409979817,1,4,2,8,5,8,
rockworld,5,5,25,20,50,3,403,1250,956,4,20,2,15,15,3,15,1.0037103349986864,1.1892723750006553,0.20557978999750048,nan,0.017043709000063245,0.0,1.0896407079999335,4.2958001358783804e-05,0.0001323750002484303,2.1374999050749466e-05,5.6958000641316175e-05,0.00781658399864682,0.00039737500082992483,0.00013987499914946966,0.0002086669992422685,2.325219083000775,1,7,4,10,8,10,
rockworld,5,5,25,20,50,4,404,1250,979,4,20,50,11,11,4,11,0.9302592479998566,58.55418037900563,0.2158743350100849,nan,0.003254999999626307,0.0,0.010576499998933286,2.1874999220017344e-05,9.612499889044557e-05,1.758299913490191e-05,4.579200140142348e-05,9.94160000118427e-05,0.0002345830016565742,5.5917000281624496e-05,0.00016841699834913015,1.1610924589986098,1,8,2,8,3,8,
rockworld,5,5,25,20,50,5,405,1250,945,4,20,4,14,14,4,14,0.9242746640084079,3.5410137069993652,0.22374337700239266,nan,0.02483487500103365,0.0,0.35235033400022076,4.4333000914775766e-05,0.00011133299994980916,2.4291999579872936e-05,6.25829998170957e-05,0.002255040999443736,0.00034983399928023573,6.704099905618932e-05,0.00023308300114877056,1.5287588329993014,1,9,3,11,3,11,
rockworld,5,5,25,20,50,6,406,1250,998,4,20,23,13,13,4,13,0.9460836670004937,25.867827960000795,0.2691635420014791,nan,0.004813125000509899,0.0,0.10995100000036473,4.13329998991685e-05,0.0001245419989572838,2.3208000129670836e-05,6.766600017726887e-05,0.0012672079992626095,0.0002523750008549541,0.00010133400064660236,0.00019462500131339766,1.3325597080001899,1,11,3,7,5,9,
rockworld,5,5,25,20,50,7,407,1250,1023,4,20,12,17,17,4,17,0.9399197080037993,13.0321944169973,0.2961184149953624,nan,0.12384712499988382,0.0,22.64294279099886,0.00010770799963211175,0.0009736249994602986,8.620799962955061e-05,0.0034483750005165348,0.25811574999897857,0.00024041600045165978,0.0001355419990431983,0.00021883299996261485,24.267856417000075,1,9,2,2,5,10,
rockworld,5,5,25,20,50,8,408,1250,926,4,20,7,17,17,3,17,0.9237847459990007,7.06107562500074,0.22086812400448252,nan,0.017361000000164495,0.0,19.626375625000946,0.00010720800128183328,0.0002970420009660302,3.29590002365876e-05,0.00012270799925317988,0.24476004200005264,0.0005169999985810136,0.0001634579984965967,0.0002801669998007128,21.035748332998992,1,16,5,14,7,14,
rockworld,5,5,25,20,50,9,409,1250,908,4,20,10,13,13,4,13,0.9476340820001496,10.66077558500001,0.23430725000253005,nan,0.009303083001213963,0.0,0.10625370799971279,3.495799865049776e-05,0.00015304199951060582,2.224999843747355e-05,3.699999979289714e-05,0.0007078750004438916,0.0002442499990138458,7.787499998812564e-05,0.00016233399946941063,1.3001770000009856,1,3,2,8,4,8,
rockworld,5,5,25,20,50,10,410,1250,1040,4,20,8,11,11,4,11,0.9760320810055418,7.778591501999472,0.20238408499972138,nan,0.005075000000942964,0.0,0.010581832999378094,2.2707999960402958e-05,0.00012758399861922953,1.9749999410123564e-05,3.116699917882215e-05,0.00010029199984273873,6.762500015611295e-05,5.812500057800207e-05,0.00011037500007660128,1.1950520420014072,1,4,2,2,3,5,
rockworld,5,5,25,20,50,11,411,1250,953,4,20,4,15,15,4,15,0.9410737470007007,3.5562870829999156,0.20876854200287198,nan,0.027240334000453004,0.0,1.2068843329998344,3.570800072338898e-05,0.00015087499923538417,2.325000059499871e-05,5.0459000703995116e-05,0.0059806250010296935,0.00040537499990023207,9.408299956703559e-05,0.0002894160006690072,2.3926149580020137,1,8,3,14,5,14,
rockworld,5,5,25,20,50,12,412,1250,837,4,20,2,15,15,4,15,0.9455523769956926,1.1736704579998332,0.2781744600033562,nan,0.031844292001551366,0.0,1.1663322910007992,4.3583999286056496e-05,0.00016512500042153988,2.4708999262657017e-05,5.8042000091518275e-05,0.00972337500024878,0.00031845800003793556,9.695900007500313e-05,0.00020754100114572793,2.4412688339980377,1,9,5,10,5,10,
rockworld,5,5,25,20,50,13,413,1250,947,4,20,2,9,9,4,9,0.9368100819974643,1.183328666998932,0.2228807899991807,nan,0.0016934579998633126,0.0,0.001704292000795249,1.9749999410123564e-05,0.00011654199988697655,1.849999898695387e-05,2.6542000341578387e-05,8.266700024250895e-05,7.566700151073746e-05,6.483299875981174e-05,0.00010470899906067643,1.164032082999256,1,2,2,2,3,5,
rockworld,5,5,25,20,50,14,414,1250,1026,4,20,38,13,13,4,13,0.9533897070014064,44.27614449899556,0.2425935409974045,nan,0.009784416999536916,0.0,0.10489212500033318,3.174999983457383e-05,0.000155416000779951,2.1500000002561137e-05,5.31250007043127e-05,0.0007114580002962612,0.0002127919997292338,7.220800034701824e-05,0.00019062499995925464,1.3125512919996254,1,10,2,7,4,9,
rockworld,5,5,25,20,50,15,415,1250,1095,4,20,5,16,16,3,16,0.9449407089941815,4.882074290999299,0.31122983300156193,nan,0.06488070799969137,0.0,4.049894832998689,5.516700002772268e-05,0.00019466699995973613,2.7459000193630345e-05,6.737500007147901e-05,0.011620290999417193,0.00022820800040790346,7.708299926889595e-05,0.00012774999959219713,5.396939958998701,1,8,2,6,4,6,
rockworld,5,5,25,20,50,16,416,1250,1111,4,20,65,15,15,4,15,0.9623411239990673,75.5221340470016,0.2105041250015347,nan,0.03812929200103099,0.0,1.1872005419991183,3.51250000676373e-05,0.00015329199959523976,2.262499947391916e-05,4.091700066055637e-05,0.0040756250000413274,0.0003254170005675405,7.874999937484972e-05,0.00021962499886285514,2.4036684169986984,1,5,2,11,4,11,
rockworld,5,5,25,20,50,17,417,1250,1020,4,20,4,16,16,4,16,0.9383322080029757,3.5712890840004547,0.24720270900434116,nan,0.058067250000021886,0.0,3.763612082999316,4.5707998651778325e-05,0.00016237499949056655,2.6124998839804903e-05,6.0791000578319654e-05,0.017152874999737833,0.0003384159990673652,9.283299914386589e-05,0.00021387499873526394,5.02662374999818,1,9,3,11,5,11,
rockworld,5,5,25,20,50,18,418,1250,721,4,20,6,12,12,3,12,0.9564748329939903,6.061809875001927,0.2068752930026676,nan,0.003757582999242004,0.0,0.03135479199954716,2.8125001335865818e-05,0.00013441599912766833,1.8250000721309334e-05,5.425000017567072e-05,0.0003071669998462312,0.0001883749991975492,8.675000026414637e-05,0.00013787500029138755,1.1998382080018928,1,9,3,6,5,7,
rockworld,5,5,25,20,50,19,419,1250,1113,4,20,65,17,17,6,17,0.9475658719984494,76.79951566799537,0.26463216700358316,nan,0.07980400000087684,0.0,21.970482667000397,0.00013508299889508635,0.0002979580003739102,4.741700104204938e-05,0.00012112500007788185,0.3006139589997474,0.0004158749998168787,0.00017433299944968894,0.0002604159999464173,23.57262745799926,1,16,7,10,8,12,
rockworld,5,5,25,20,50,20,420,1250,1093,4,20,7,12,12,4,12,0.9395793319999939,7.225141957997039,0.24537250100183883,nan,0.006487874999947962,0.0,0.03190912500031118,3.1457999284612015e-05,0.0001449999999749707,2.0250001398380846e-05,4.691600042860955e-05,0.00039975000072445255,0.0003045409994228976,9.512500037089922e-05,0.0002045419987553032,1.2254591250002704,1,6,4,10,5,10,
rockworld,5,5,25,20,50,21,421,1250,649,4,20,31,15,15,4,15,0.9637438740028301,35.80960441399657,0.2543133749950357,nan,0.01582458300072176,0.0,1.0901834999986022,4.1291999878012575e-05,0.0001715420003165491,2.3624999812454917e-05,6.645800021942705e-05,0.007792874999722699,0.0002974580002046423,9.441699876333587e-05,0.00021454099987749942,2.333318083999984,1,11,4,9,5,10,
rockworld,5,5,25,20,50,22,422,1250,1040,4,20,6,15,15,4,15,1.0120878300003824,6.07762220800214,0.23949729299965838,nan,0.011783292000473011,0.0,1.0007213749995572,3.2875001124921255e-05,0.0001586660000612028,1.904099917737767e-05,7.054200068523642e-05,0.007784249999531312,0.00034679199961829,0.00014829199972155038,0.0002230829995824024,2.273374041998977,1,14,4,11,9,11,
rockworld,5,5,25,20,50,23,423,1250,945,4,20,24,12,12,4,12,0.9696588329989027,26.996171250997577,0.29030249800052843,nan,0.00800566600082675,0.0,0.03176770799836959,2.979199962283019e-05,0.0001441670010535745,2.091599890263751e-05,4.624999928637408e-05,0.00029883299976063427,7.979200017871335e-05,6.133399983809795e-05,0.00013154199950804468,1.3010129169997526,1,7,3,2,3,6,
rockworld,5,5,25,20,50,24,424,1250,1138,4,20,6,11,11,4,11,1.0205689160029578,6.052960125000027,0.23197024999535643,nan,0.003458249999312102,0.0,0.010582291999526205,2.2582999008591287e-05,0.00011124999946332537,1.9208000594517216e-05,4.749999970954377e-05,9.858300109044649e-05,7.329200161620975e-05,5.8957999499398284e-05,0.00012908300050185062,1.2675813750011002,1,9,2,2,3,6,
rockworld,5,5,25,20,50,25,425,1250,998,4,20,18,17,17,4,17,0.9546220439951867,20.76069312200343,0.22379496000030485,nan,0.15210975000081817,0.0,21.827055083000232,0.00011079099931521341,0.00030612499904236756,3.85410003218567e-05,8.925000111048575e-05,0.2424555830002646,0.0004060000010213116,0.00012829199840780348,0.0001995410002564313,23.402120457998535,1,6,3,8,5,9,
rockworld,5,5,25,20,50,26,426,1250,1009,4,20,6,10,10,4,10,1.014776540996536,5.98206675000074,0.22216437400493305,nan,0.00371337499927904,0.0,0.0043045409984188154,2.3291000616154633e-05,0.00012333300037425943,2.0249999579391442e-05,4.1250001231674105e-05,7.979200017871335e-05,7.604200072819367e-05,6.224999924597796e-05,0.0001293340010306565,1.246346124999036,1,6,2,2,3,6,
rockworld,5,5,25,20,50,27,427,1250,959,4,20,3,14,14,3,14,1.016912497998419,2.387851125000452,0.21927841500291834,nan,0.015742207999210223,0.0,0.3531849160008278,3.6875000660074875e-05,0.0001660840007389197,2.1249999917927198e-05,5.8292000176152214e-05,0.0035639159996208036,0.00026008299937529955,0.00011429200094426051,0.00016770799993537366,1.609951958000238,1,9,5,8,6,8,
rockworld,5,5,25,20,50,28,428,1250,859,4,20,3,14,14,4,14,1.0105622940027388,2.3544030410012056,0.23631687400120427,nan,0.010811874999490101,0.0,0.33677970899952925,3.4124999729101546e-05,0.00015416699898196384,2.220799979113508e-05,6.9874999098829e-05,0.002393459000813891,0.0003668330009531928,9.658299859438557e-05,0.0002471250008966308,1.605191708998973,1,14,3,12,5,12,
rockworld,5,5,25,20,50,29,429,1250,1002,4,20,17,16,16,4,16,0.9497289990049467,19.197961038995345,0.22195941799691354,nan,0.07169308300035482,0.0,4.134130459000517,5.908299863222055e-05,0.00018941700000141282,2.89999989036005e-05,7.770900083414745e-05,0.013020124999457039,0.00012116700054320972,9.183300062431954e-05,0.00019925000015064143,5.394019707999178,1,13,2,2,5,10,
rockworld,5,5,25,20,50,30,430,1250,1137,4,20,1,14,14,4,14,0.9638949170039268,0.0,0.2787380000027042,nan,0.006220249999387306,0.0,0.3359780419996241,3.1833000321057625e-05,0.00015904199972283095,1.991700082726311e-05,5.704200157197192e-05,0.002861834000214003,0.00028708300123980734,0.00010441700032970402,0.00019087500004388858,1.5890437489997566,1,9,4,9,6,9,
rockworld,5,5,25,20,50,31,431,1250,1137,4,20,9,14,14,4,14,1.0110671230013395,9.6407504159979,0.24038316800215398,nan,0.02203041699976893,0.0,0.3489864579987625,4.0749999243416823e-05,0.00016187499932129867,2.3624999812454917e-05,7.066600119287614e-05,0.002243916000224999,0.0002659999991010409,7.38340004318161e-05,0.00016962500012596138,1.626000792002742,1,14,3,8,4,8,
rockworld,5,5,25,20,50,32,432,1250,1076,4,20,23,16,16,4,16,0.9802352059996338,26.648991038999156,0.3005936249937804,nan,0.0656381250009872,0.0,3.7522176250004122,3.7959000110276975e-05,0.00017395800023223273,2.420799864921719e-05,4.8624999180901796e-05,0.011475416999019217,9.662499905971345e-05,8.654100020066835e-05,0.00016158300059032626,5.111273999000332,1,8,2,2,5,8,
rockworld,5,5,25,20,50,33,433,1250,895,4,20,13,12,12,4,12,0.961119832994882,13.801345166002648,0.20999770699745568,nan,0.0051723340002354234,0.0,0.03153833299984399,3.0458000765065663e-05,0.00013729199963563588,2.1833000573678873e-05,3.699999979289714e-05,0.00023316599981626496,7.958300011523534e-05,5.674999920302071e-05,0.00014645800001744647,1.2090053749998333,1,5,2,2,3,7,
rockworld,5,5,25,20,50,34,434,1250,1000,4,20,22,16,16,6,16,0.9557607940005255,24.925504294000348,0.2554015409968997,nan,0.04903516700142063,0.0,3.7792427909989783,3.9417000152752735e-05,0.00016841700016811956,2.7958001737715676e-05,5.858300028194208e-05,0.03475779099971987,0.0003536670010362286,0.00012370800141070504,0.00023233300089486875,5.076705833000233,1,10,6,11,7,11,
rockworld,5,5,25,20,50,35,435,1250,989,4,20,14,11,11,4,11,0.958432831994287,15.738055750001877,0.2133742930036533,nan,0.0035219999990658835,0.0,0.010606332998577273,2.4208000468206592e-05,0.00012237500050105155,1.887500002339948e-05,4.012499994132668e-05,0.00010458300130267162,7.65410004532896e-05,6.091700015531387e-05,0.00015220800014503766,1.1869795410002553,1,6,2,2,3,7,
rockworld,5,5,25,20,50,36,436,1250,616,4,20,20,15,15,4,15,0.9635698749898438,22.467111332998684,0.14245116699930804,nan,0.015112499999304418,0.0,1.1933317920011177,3.62920000043232e-05,0.00017512500016891863,2.2999998691375367e-05,6.733400005032308e-05,0.00594995800020115,0.0002386249998380663,0.00011674999950628262,0.00021966599888401106,2.349078749999535,1,12,3,7,6,10,
rockworld,5,5,25,20,50,37,437,1250,970,4,20,21,14,14,3,14,0.94497803899867,24.366021919997365,0.2140515859991865,nan,0.011827874999653432,0.0,0.3276879580007517,2.883300112443976e-05,0.0001489589994889684,1.950000114447903e-05,7.170800017775036e-05,0.004053291999298381,0.00032250000003841706,0.0001237500000570435,0.00022220800019567832,1.5040302079996763,1,14,6,11,7,11,
rockworld,5,5,25,20,50,38,438,1250,1043,4,20,13,17,17,4,17,0.9401448739972693,14.208961459997226,0.29695254400030535,nan,0.11495729099988239,0.0,22.432342291000168,0.00011245899986533914,0.00030495800092467107,3.695800114655867e-05,0.00010400000064691994,0.3277557080000406,0.0003923330004909076,0.00014916699910827447,0.00022383299983630423,24.11842516700017,1,8,4,10,6,11,
rockworld,5,5,25,20,50,39,439,1250,1048,4,20,15,12,12,4,12,0.9614857489996211,16.903183499001898,0.24980049900113954,nan,0.008019582999622799,0.0,0.033054333998734364,3.1042000045999885e-05,0.00014600000031350646,2.112500078510493e-05,5.716700070479419e-05,0.00023554200015496463,7.991600068635307e-05,6.133399983809795e-05,0.00012629200136871077,1.2539564159997099,1,10,2,2,3,6,
rockworld,5,5,25,20,50,40,440,1250,1140,4,20,14,11,11,4,11,0.9547410410032171,15.664077082001313,0.2968805020009313,nan,0.007412208000459941,0.0,0.010555250000834349,2.3208000129670836e-05,0.0001228339988301741,1.912500010803342e-05,3.4124999729101546e-05,0.00010108400056196842,7.354199988185428e-05,5.887500083190389e-05,0.0001305839996348368,1.2706339999986085,1,5,2,2,3,6,
rockworld,5,5,25,20,50,41,441,1250,1073,4,20,7,14,14,3,14,0.9677732480031409,7.334227625004132,0.23689175099207205,nan,0.015736708000986255,0.0,0.3509646669990616,3.591700078686699e-05,0.0001565409984323196,2.0750001567648724e-05,6.791699888708536e-05,0.0035048749996349216,0.00034712500018940773,0.00011308299872325733,0.00023554199833597522,1.576289500000712,1,12,5,11,6,11,
rockworld,5,5,25,20,50,42,442,1250,1088,4,20,52,16,16,4,16,0.6619569979975495,49.46359208400463,0.16453254100088088,nan,0.04746754199913994,0.0,4.025162666999677,4.8417001380585134e-05,0.0001622079998924164,2.5332999939564615e-05,6.237500019778963e-05,0.017488084000433446,0.00029033299870206974,9.737499931361526e-05,0.00021387499873526394,4.9252120410001226,1,10,2,8,5,10,
rockworld,5,5,25,20,50,43,443,1250,789,4,20,21,16,16,5,16,0.8471055019999767,23.083854290998715,0.19193749699843465,nan,0.02868641599889088,0.0,3.6750784999985626,4.454100053408183e-05,0.00017020800078171305,2.704199869185686e-05,5.812500057800207e-05,0.022781749999921885,0.0003255829997215187,0.000128040999697987,0.00020937500084983185,4.767026083000019,1,10,4,10,7,10,
rockworld,5,5,25,20,50,44,444,1250,1076,4,20,29,14,14,4,14,0.7785870410007192,30.036332249994302,0.1846466219958529,nan,0.00819762500032084,0.0,0.32996020800055703,3.470899901003577e-05,0.00014804199963691644,2.1290999939083122e-05,5.9500000133994035e-05,0.004682332999436767,0.0003608329989219783,0.00012504200094554108,0.00024179100000765175,1.3075428339998325,1,10,7,12,7,12,
rockworld,5,5,25,20,50,45,445,1250,838,4,20,27,16,16,4,16,0.7470387050016143,27.68193099999189,0.1642302910113358,nan,0.049392332999559585,0.0,3.7419988330002525,5.837500066263601e-05,0.00019479100046737585,2.979199962283019e-05,5.6999999287654646e-05,0.011516832999404869,0.0002525410000089323,9.341700024378952e-05,0.0001992920006159693,4.715523791999658,1,7,2,7,5,9,
rockworld,5,5,25,20,50,46,446,1250,1091,4,20,37,15,15,3,15,0.6689396639994811,36.326600711996434,0.16060333100540447,nan,0.01988362500014773,0.0,1.21447845900002,3.6458000977290794e-05,0.00016029200014600065,2.1500000002561137e-05,3.499999911582563e-05,0.004046750000270549,9.970900100597646e-05,9.42089991440298e-05,0.00019520899877534248,2.069069249999302,1,2,2,2,5,9,
rockworld,5,5,25,20,50,47,447,1250,1024,4,20,53,16,16,4,16,0.6485363770025288,48.62691074999748,0.1398664579992328,nan,0.023610332998941885,0.0,3.549747208999179,3.816699972958304e-05,0.0001514589985163184,2.4000000848900527e-05,6.054099867469631e-05,0.017098542000894668,0.000261666000369587,0.00010308300079486798,0.0002096660009556217,4.380173749997994,1,11,3,8,6,10,
rockworld,5,5,25,20,50,48,448,1250,1094,4,20,5,16,16,4,16,0.9461659570042684,4.8110429999996995,0.29105012499894656,nan,0.031558499998936895,0.0,3.587563916000363,3.912499960279092e-05,0.00017750000006344635,2.4834000214468688e-05,7.400000140478369e-05,0.01713795899922843,0.0001376250002067536,0.00010795900016091764,0.00019629200141935144,4.885840167002243,1,14,3,3,6,9,
rockworld,5,5,25,20,50,49,449,1250,568,4,20,4,15,15,4,15,0.919004416999087,3.612824375000855,0.17973129100028018,nan,0.006705959000100847,0.0,1.0280818330011243,3.487499998300336e-05,0.00016533300004084595,2.158299867005553e-05,7.100000038917642e-05,0.007786125001075561,0.0003477909995126538,0.00012204199992993381,0.00023129200053517707,2.142748791997292,1,13,4,11,7,11,
taxiworld,5,5,25,12,50,0,450,1875,612,6,12,57,17,17,4,17,0.8008965410008386,24.14419353899575,0.08927862400378217,nan,0.14879216700137476,0.0,21.857620417000362,0.00012070899902028032,0.00031887499972071964,4.337499922257848e-05,0.00013341699923330452,0.25243658399995184,0.00039604199992027134,0.0001111250003305031,0.00018574999921838753,23.157721208999646,1,14,2,8,4,8,
taxiworld,5,5,25,12,50,1,451,1875,571,6,12,2,14,14,4,14,0.7772344150016579,0.29471216700039804,0.0882992499973625,nan,0.018873459001042647,0.0,0.3991260000002512,4.1165998482028954e-05,0.0005204589997447329,2.3999999029911123e-05,6.166700040921569e-05,0.002868625000701286,0.0002479169997968711,7.620799988217186e-05,0.00014666700008092448,1.289147542000137,1,10,4,7,4,7,
taxiworld,5,5,25,12,50,2,452,1875,1046,6,12,110,16,16,4,16,0.8042840010020882,52.16406983498564,0.20815283299634757,nan,0.09383054099998844,0.0,4.1096864999999525,0.00011300000005576294,0.000291959000605857,3.7042000258225016e-05,9.054200017999392e-05,0.01757079200069711,0.00013583300096797757,6.650000068475492e-05,0.00021579200074484106,5.237522708001052,1,6,2,2,3,10,
taxiworld,5,5,25,12,50,3,453,1875,1067,6,12,282,15,15,4,15,0.8126760809991538,137.04952279400277,0.14983916800156294,nan,0.03849950000039826,0.0,1.2866903329995694,3.6625000575440936e-05,0.00020966699958080426,2.2000000171829015e-05,7.045800157357007e-05,0.004362957999546779,9.77910003712168e-05,7.566699969174806e-05,0.00018245800129079726,2.297248208999008,1,14,2,2,4,9,
taxiworld,5,5,25,12,50,4,454,1875,645,6,12,23,16,16,4,16,0.7860928329992021,9.73114274800173,0.09243000200149254,nan,0.06709154199961631,0.0,3.7991940829997475,3.858399941236712e-05,0.00020179199964331929,2.3333001081482507e-05,5.47500003449386e-05,0.011483042000691057,0.00019795800108113326,9.033400056068785e-05,0.00014945800103305373,4.789195082999868,1,7,2,5,5,7,
taxiworld,5,5,25,12,50,5,455,1875,1187,6,12,169,17,17,4,17,0.8048949570020341,90.57871471197905,0.2041235830001824,nan,0.11897324999881675,0.0,15.432645625000077,0.00010641700100677554,0.0003033339999092277,3.400000059627928e-05,0.00010691700117604341,0.2343838329998107,0.00031195799965644255,0.00014133399963611737,0.00021550000019487925,16.79766916600056,1,8,2,6,6,11,
taxiworld,5,5,25,12,50,6,456,1875,640,6,12,83,17,17,4,17,0.8016131679960381,36.117716665989064,0.15317375100130448,nan,0.18302650000077847,0.0,14.846118249999563,0.0001221249985974282,0.0003424160004215082,4.320800144341774e-05,0.00011474999882921111,0.3053648749992135,0.00018391699995845556,0.00010012500024458859,0.00014820799879089464,16.29134566600078,1,7,2,2,3,7,
taxiworld,5,5,25,12,50,7,457,1875,572,6,12,47,15,15,4,15,0.8462719569979527,21.10217783400367,0.09569945899784216,nan,0.030480709001494688,0.0,1.2623349160003272,4.3542000639718026e-05,0.0001919169990287628,2.5208000806742348e-05,5.754099947807845e-05,0.004082041999936337,0.00010262500109092798,9.983299969462678e-05,0.00017224999828613363,2.240348458000881,1,9,2,2,5,8,
taxiworld,5,5,25,12,50,8,458,1875,572,6,12,205,17,17,4,17,0.8016764159983722,94.11540788198181,0.10445516700201551,nan,0.18641487500099174,0.0,14.869731916998717,0.00012304200026846956,0.00031562500043946784,3.654200008895714e-05,0.00011079199975938536,0.16574333300013677,0.00019283400069980416,0.00011120799899799749,0.0001720000000204891,16.1297528340001,1,4,2,2,3,8,
taxiworld,5,5,25,12,50,9,459,1875,1070,6,12,32,17,17,3,17,0.8063916259980033,13.90890279100131,0.15748962500038033,nan,0.06599670799914747,0.0,14.299652666999464,0.0001205000007757917,0.00031362499976239633,3.779200051212683e-05,0.0001230830002896255,0.2719718330008618,0.0005062499985797331,0.00013883300016459543,0.00027416699958848767,15.60439991599742,1,15,5,13,6,13,
taxiworld,5,5,25,12,50,10,460,1875,1187,6,12,77,17,17,4,17,0.8241603310016217,37.919911494995176,0.16135237399794278,nan,0.13201112499882584,0.0,13.228208582999287,0.00010591600039333571,0.0003269579992775107,3.533299968694337e-05,0.00010529099927225616,0.2650579170003766,0.00037741599953733385,0.000152082999193226,0.00018495800031814724,14.61478154299948,1,6,2,9,7,9,
taxiworld,5,5,25,12,50,11,461,1875,950,6,12,244,17,17,4,17,0.8376397479969455,114.14114454501032,0.22143108300042513,nan,0.18658675000006042,0.0,15.077179040999908,0.00012412499927449971,0.0004281670007912908,3.533400013111532e-05,0.00013133399988873862,0.19415241700153274,0.00019762500051001552,0.00010241699965263251,0.0002290840002387995,16.519279666998045,1,11,2,2,3,11,
taxiworld,5,5,25,12,50,12,462,1875,622,6,12,40,15,15,4,15,0.8108933350031293,17.36245429400151,0.1456734159946791,nan,0.044931750000614556,0.0,1.2545492080007534,3.987499985669274e-05,0.00019499999871186446,2.487500023562461e-05,5.500000042957254e-05,0.004098374998648069,9.59169992711395e-05,6.279199988057371e-05,0.00011504200119816232,2.2616811670013703,1,9,2,2,3,5,
taxiworld,5,5,25,12,50,13,463,1875,1189,6,12,47,14,14,4,14,0.8762680849995377,22.355191253000157,0.1698469179973472,nan,0.010891125000853208,0.0,0.3600269170001411,4.2333000237704255e-05,0.0002002909986913437,2.379200122959446e-05,7.741600165900309e-05,0.002949250001620385,0.0002663329996721586,9.38339999265736e-05,0.0001764169992384268,1.4214430829997582,1,13,4,8,5,8,
taxiworld,5,5,25,12,50,14,464,1875,549,6,12,79,14,14,4,14,0.8008115030042973,36.27711428699877,0.08845583499896748,nan,0.015409125000587665,0.0,0.34107391699944856,3.8333000702550635e-05,0.00019895799960067961,2.2582999008591287e-05,7.783399996696971e-05,0.002344374999665888,0.00038750000021536835,8.175000039045699e-05,0.0002562080007919576,1.2496337499978836,1,14,3,12,4,12,
taxiworld,5,5,25,12,50,15,465,1875,643,6,12,36,17,17,4,17,0.8062982479987113,19.98576991799746,0.0891127939994476,nan,0.18995354199978465,0.0,14.785790666999674,0.00011249999988649506,0.00034670799868763424,4.787500074598938e-05,0.00014399999963643495,0.1333996670000488,0.0001933330004249001,9.508299990557134e-05,0.00013450000005832408,16.006331624999802,1,15,2,2,3,6,
taxiworld,5,5,25,12,50,16,466,1875,617,6,12,185,17,17,3,17,0.7860237920049258,94.43621795399486,0.14622687400151335,nan,0.057327249998706975,0.0,12.65142200000082,0.00010820899842656218,0.00029366600028879475,3.2791998819448054e-05,0.0001160000010713702,0.27865762500005076,0.0004252499984431779,0.0001602080010343343,0.00020791599854419474,13.92355262500132,1,11,3,10,7,10,
taxiworld,5,5,25,12,50,17,467,1875,1189,6,12,63,16,16,4,16,0.8130471239965118,31.312106922001476,0.20584058400345384,nan,0.022872042000017245,0.0,3.6955045000013342,4.562499998428393e-05,0.00020483300068008248,2.370799847994931e-05,7.508399903599638e-05,0.04937841700120771,0.00025933300094038714,0.00011916699986613821,0.00023445799888577312,4.788531541000339,1,13,4,7,6,11,
taxiworld,5,5,25,12,50,18,468,1875,618,6,12,9,14,14,4,14,0.8071455850022176,1.6909192509992863,0.14617233500212024,nan,0.023118541999792797,0.0,0.35974295899904973,4.23339988628868e-05,0.0001917079989652848,2.3790998966433108e-05,7.420799920510035e-05,0.0016397090003010817,0.0001097919994208496,6.550000034621917e-05,0.00011875000018335413,1.3389428749997023,1,12,2,2,3,5,
taxiworld,5,5,25,12,50,19,469,1875,1000,6,12,348,17,17,4,17,0.8133356250000361,175.91697428899715,0.16090133300167508,nan,0.14132499999868742,0.0,15.400621250000768,0.000113207999675069,0.0003214590014977148,4.1291999878012575e-05,0.00014695800018671434,0.2369475000014063,0.0004625000001396984,0.00014562499927706085,0.0002319999985047616,16.755398541999966,1,17,5,11,6,11,
taxiworld,5,5,25,12,50,20,470,1875,619,6,12,26,16,16,4,16,0.8171099590017548,11.221089750995816,0.14672825099660258,nan,0.09782637500029523,0.0,4.025207667000359,4.245799937052652e-05,0.0001972919999388978,2.591700103948824e-05,6.370800110744312e-05,0.011491625000417116,0.00010275000022375025,6.470799962698948e-05,0.00015666699982830323,5.099860500000432,1,12,2,2,3,7,
taxiworld,5,5,25,12,50,21,471,1875,949,6,12,225,14,14,4,14,0.8047180820012727,114.28325033499823,0.13668937500187894,nan,0.022209792001376627,0.0,0.3631504170007247,4.141699901083484e-05,0.00019824999981210567,2.45829996856628e-05,6.650000068475492e-05,0.0016857499995239777,0.0001111250003305031,7.104100041033234e-05,0.0001925409997056704,1.3297235409991117,1,10,2,2,3,9,
taxiworld,5,5,25,12,50,22,472,1875,556,6,12,4,17,17,4,17,0.8130602500004898,1.8483004169993364,0.13734629100144957,nan,0.1462483750001411,0.0,13.964765583001281,0.00010399999882793054,0.0003254999992350349,3.80000001314329e-05,0.00013249999938125256,0.1496194170013041,0.0001890419989649672,0.00013299999955052044,0.00019691599845828023,15.212811999999758,1,16,2,2,5,9,
taxiworld,5,5,25,12,50,23,473,1875,908,6,12,206,17,17,4,17,0.8591280409982573,103.11527383699831,0.14260045900118712,nan,0.11409275000005437,0.0,15.335191207999742,0.00012158299978182185,0.00033995900048466865,4.07919997087447e-05,0.00011095800073235296,0.1854250830001547,0.000284333000308834,0.0001324580007349141,0.00022662499941361602,16.638778374997855,1,12,3,5,5,11,
taxiworld,5,5,25,12,50,24,474,1875,640,6,12,13,17,17,4,17,0.8059689569981856,5.5176867520021915,0.14487699899473228,nan,0.14171483400059515,0.0,13.350766083000053,0.0001851250017352868,0.0012051670000801096,4.9000000217347406e-05,0.00014600000031350646,0.19464054200034298,0.000371082998753991,0.00014779100092709996,0.0001785829990694765,14.646154000000024,1,3,2,8,6,8,
taxiworld,5,5,25,12,50,25,475,1875,599,6,12,4,14,14,4,14,0.8088575020010467,2.6676950410001155,0.0853914569997869,nan,0.021907750000536907,0.0,0.36988079200091306,3.724999987753108e-05,0.0002349580008740304,2.3958000383572653e-05,6.854099956399295e-05,0.002274125001349603,0.00034537499959697016,6.766699880245142e-05,0.00021841700072400272,1.2901349999992817,1,12,3,10,3,10,
taxiworld,5,5,25,12,50,26,476,1875,1069,6,12,69,17,17,3,17,0.8939641249980923,33.74373720500262,0.2230290000061359,nan,0.045374167000773014,0.0,11.317176041999119,0.00011337499927321915,0.0003237919991079252,4.524999894783832e-05,0.00013375000162341166,0.22361433300102362,0.0005258330002106959,0.00011183300011907704,0.0002730409996729577,12.705488458999753,1,14,4,13,4,13,
taxiworld,5,5,25,12,50,27,477,1875,619,6,12,133,17,17,4,17,0.7984524170042278,60.85059678999278,0.14218866599912872,nan,0.1524538339999708,0.0,14.54759550000017,0.00013587499961431604,0.0003178749993821839,4.325000008975621e-05,0.00011566600005608052,0.15525791700019909,0.0008416669988946524,0.00031379199936054647,0.0002083749986923067,15.799500290999276,1,9,2,7,4,9,
taxiworld,5,5,25,12,50,28,478,1875,619,6,12,90,13,13,4,13,0.809300789002009,45.129768373988554,0.1439885440031503,nan,0.01375416600058088,0.0,0.10935483300090709,3.766599911614321e-05,0.0001980420001927996,2.2707999960402958e-05,3.9041999116307124e-05,0.0006708749988320051,0.00018554100097389892,8.09579996712273e-05,0.0001171669991890667,1.0793514590004634,1,3,2,5,4,5,
taxiworld,5,5,25,12,50,29,479,1875,1021,6,12,101,16,16,4,16,0.8775637500002631,52.1912590420161,0.14405262500440585,nan,0.09339283299959789,0.0,3.945287709000695,4.866700146521907e-05,0.00021229200137895532,2.608299837447703e-05,6.554200081154704e-05,0.013505791999705252,0.00011379199895600323,6.224999924597796e-05,0.0002147920004063053,5.075104999999894,1,9,2,2,3,10,
taxiworld,5,5,25,12,50,30,480,1875,617,6,12,180,17,17,4,17,0.8004132099995331,85.43562616500276,0.09403291399939917,nan,0.18557295800019347,0.0,14.147552333999556,0.00011095800073235296,0.00030899999910616316,3.720899985637516e-05,0.00011133400039398111,0.10733958300079394,0.0001997500003199093,0.00010233300054096617,0.00014650000048277434,15.336594833001072,1,6,2,2,3,7,
taxiworld,5,5,25,12,50,31,481,1875,1139,6,12,82,15,15,4,15,0.8096692920025816,40.84973666799124,0.16346970999984478,nan,0.04040129099848855,0.0,1.2312136250002368,4.29579995397944e-05,0.00019404200065764599,2.366599983361084e-05,6.566699994436931e-05,0.007181208000474726,0.00011229099982301705,0.00011858400102937594,0.00018825000006472692,2.255274000001009,1,10,2,2,6,9,
taxiworld,5,5,25,12,50,32,482,1875,596,6,12,62,16,16,4,16,0.8063606250016164,33.34040037499835,0.15175654199993005,nan,0.0925584999986313,0.0,3.895049583999935,3.7166999391047284e-05,0.00020133300131419674,2.2582999008591287e-05,5.3375000788946636e-05,0.0116039999993518,0.00011170800098625477,5.912500091653783e-05,0.00011116600035165902,4.958408792001137,1,7,2,2,3,5,
taxiworld,5,5,25,12,50,33,483,1875,1189,6,12,99,15,15,3,15,0.8115596230036317,43.69836224699611,0.22419125200212875,nan,0.022227249999559717,0.0,1.1762243330013007,3.149999974993989e-05,0.00018854200061468873,2.0834000679315068e-05,5.9791998864966445e-05,0.005994416000248748,0.00024066600053629372,7.820899918442592e-05,0.0001494170010118978,2.241492458999346,1,10,3,7,4,7,
taxiworld,5,5,25,12,50,34,484,1875,572,6,12,25,17,17,4,17,0.7934014579986979,11.060309331005556,0.14666737399602425,nan,0.03998733299886226,0.0,13.919577458000276,0.00011529099901963491,0.00032258300052490085,4.070799877808895e-05,0.00014879199989081826,0.2079807919999439,0.0004638329992303625,0.00014591699982702266,0.0002123340000252938,15.10972479100019,1,17,4,10,6,10,
taxiworld,5,5,25,12,50,35,485,1875,641,6,12,53,16,16,4,16,0.7979189169946039,26.95839641398925,0.09119195999664953,nan,0.08613358299953688,0.0,3.9896114580005815,4.362499930721242e-05,0.0002602080003271112,2.6749999960884452e-05,6.0792001022491604e-05,0.011499666999952751,0.00010908300100709312,6.345899964799173e-05,0.00011525000081746839,4.977857082998526,1,10,2,2,3,5,
taxiworld,5,5,25,12,50,36,486,1875,1069,6,12,26,16,16,4,16,0.8276996679978765,15.6412544169998,0.14731524900344084,nan,0.09481195899934391,0.0,3.816508709000118,4.3957999878330156e-05,0.0002153329987777397,2.658300036273431e-05,4.8874999265535735e-05,0.011486208999485825,0.00011287500092294067,6.245900112844538e-05,0.00021445899983518757,4.899104124999212,1,5,2,2,3,10,
taxiworld,5,5,25,12,50,37,487,1875,1095,6,12,105,15,15,4,15,0.8108899160015426,55.58838845599348,0.2465392910016817,nan,0.019718624998859013,0.0,1.164404208000633,3.550000110408291e-05,0.00019824999981210567,2.3374999727820978e-05,6.983400089666247e-05,0.006033042000126443,0.00021591699987766333,9.47499993344536e-05,0.00018500000078347512,2.248971458999222,1,13,3,6,5,9,
taxiworld,5,5,25,12,50,38,488,1875,596,6,12,90,17,17,4,17,0.7991022520018305,40.92721449700548,0.0872944990042015,nan,0.13828233300046122,0.0,13.619555167000726,0.00012354200043773744,0.0003280000000813743,4.195800102024805e-05,0.00014045799980522133,0.2549963330002356,0.00020383299852255732,0.00012341699948592577,0.00012566599980345927,14.901613500000167,1,14,2,2,5,5,
taxiworld,5,5,25,12,50,39,489,1875,996,6,12,87,17,17,4,17,0.8070674180053174,45.595068500006164,0.19490700100141112,nan,0.19255745800001023,0.0,13.238399457999549,0.0001111250003305031,0.0003085830012423685,3.9415999708580784e-05,9.325000064563937e-05,0.27932304199930513,0.000227999998969608,9.462500020163134e-05,0.00023545799922430888,14.714485709000655,1,5,2,2,3,11,
taxiworld,5,5,25,12,50,40,490,1875,595,6,12,63,17,17,3,17,0.8445380429966463,28.511666456019157,0.08556437700462993,nan,0.14851091699893004,0.0,14.144241375001002,0.00011375000030966476,0.00031133400079852436,3.891699998348486e-05,0.0001225830001203576,0.21691816599923186,0.00035349999961908907,0.0001095000006898772,0.0001499580012023216,15.441991333998885,1,12,2,7,4,7,
taxiworld,5,5,25,12,50,41,491,1875,618,6,12,101,16,16,3,16,0.6799951659977523,51.437789957999485,0.10396475100242242,nan,0.03151070799867739,0.0,3.8465715829988767,3.975000072387047e-05,0.00020537500131467823,2.8000000384054147e-05,8.458400043309666e-05,0.017149749999589403,0.000323416999890469,0.0001123750007536728,0.00019749999955820385,4.681018333998509,1,15,3,9,5,9,
taxiworld,5,5,25,12,50,42,492,1875,550,6,12,44,17,17,3,17,0.8011565420019906,19.364670874003423,0.09508791900043434,nan,0.0339590000003227,0.0,12.77162879199932,0.00012274999971850775,0.0003194170003553154,3.6458000977290794e-05,0.0001315000008617062,0.24730141699910746,0.0003460829993855441,0.0001666249991103541,0.00017549999938637484,13.951132125001095,1,15,4,7,7,8,
taxiworld,5,5,25,12,50,43,493,1875,551,6,12,210,17,17,4,17,0.5535049170011916,84.58120012998734,0.0588454599983379,nan,0.10805320799954643,0.0,13.492658790999485,0.00012412499927449971,0.0003114580013061641,3.870799992000684e-05,0.00012024999887216836,0.2035641670008772,0.00041487499947834294,0.00011970899868174456,0.0001961250000022119,14.41915841700029,1,11,2,9,4,9,
taxiworld,5,5,25,12,50,44,494,1875,619,6,12,82,17,17,4,17,0.5865954990022146,39.01208703800148,0.06307650099915918,nan,0.015865041999859386,0.0,11.1101168339992,0.0001217500011989614,0.0003800829999818234,3.612500040617306e-05,0.00013070800014247652,0.14377366700136918,0.00043170800017833244,0.00016637500084470958,0.0002168339997297153,11.921939249999923,1,13,5,10,7,10,
taxiworld,5,5,25,12,50,45,495,1875,643,6,12,203,16,16,4,16,0.5521092920007504,78.46449074301381,0.09361824900224747,nan,0.05032358300013584,0.0,4.057538957998986,4.3000000005122274e-05,0.00021112500144226942,2.6333998903282918e-05,6.320799911918584e-05,0.01153662499928032,0.00020437500097614247,8.37499992485391e-05,0.0001574159996380331,4.766701333001038,1,9,2,5,4,7,
taxiworld,5,5,25,12,50,46,496,1875,573,6,12,157,13,13,4,13,0.564158374998442,61.508833412995955,0.09947495599953982,nan,0.007960458999150433,0.0,0.10478200000034121,3.587500032153912e-05,0.00017616700097278226,2.2792000891058706e-05,5.079200127511285e-05,0.0007315830007428303,0.00010358400140830781,6.749999920430128e-05,0.00012545900062832516,0.7781420420014911,1,7,2,2,3,5,
taxiworld,5,5,25,12,50,47,497,1875,619,6,12,40,17,17,3,17,0.764081208004427,21.003206414998203,0.1429431670021586,nan,0.039649332999033504,0.0,13.650362624999616,0.00011866699969687033,0.00031358299929706845,3.9041999116307124e-05,0.0001281669992749812,0.20598016600160918,0.0003508749996399274,0.00017433300126867834,0.00018316699970455375,14.805109040999014,1,15,6,8,8,8,
taxiworld,5,5,25,12,50,48,498,1875,1099,6,12,39,15,15,4,15,0.8117852100021992,19.53264517000207,0.1558154559970717,nan,0.029740665999270277,0.0,1.3116355000001931,3.6625000575440936e-05,0.00018887499936681706,2.391700036241673e-05,4.895799975201953e-05,0.009704000000056112,0.00036516600084723905,9.88749998214189e-05,0.00023741699988022447,2.320512833997782,1,6,5,11,5,11,
taxiworld,5,5,25,12,50,49,499,1875,594,6,12,50,17,17,4,17,0.6601066250022996,25.569363995018648,0.06780312299997604,nan,0.09619258400016406,0.0,13.364200250000067,0.0010512080007174518,0.0014381660002982244,9.841599967330694e-05,0.00026258300022163894,0.19392366700049024,0.0005187499991734512,0.00016591700114076957,0.0002856249993783422,14.38686287499877,1,15,2,13,6,13,
taxiworld,5,5,25,16,50,0,500,1875,969,6,16,10,16,16,4,16,1.114257624001766,7.123685333997855,0.21125833000223793,nan,0.07274287500149512,0.0,3.888115749999997,5.208299990044907e-05,0.00013704099910682999,2.5166000341414474e-05,5.2041999879293144e-05,0.011575249998713844,0.00032529200143471826,9.791599950403906e-05,0.00020620800023607444,5.299570250997931,1,3,2,10,5,10,
taxiworld,5,5,25,16,50,1,501,1875,547,6,16,174,14,14,4,14,1.0870198320026248,93.89562711799408,0.12501545799750602,nan,0.021329834000425762,0.0,0.3548983330001647,3.487499998300336e-05,0.00013595900054497179,2.312499964318704e-05,6.370899973262567e-05,0.0016359170003852341,9.016599869937636e-05,5.816699922434054e-05,0.00013025000043853652,1.5908842499993625,1,11,2,2,3,6,
taxiworld,5,5,25,16,50,2,502,1875,1185,6,16,14,14,14,4,14,1.0455772089972015,5.800462126997445,0.231547875002434,nan,0.02610474999892176,0.0,0.35305337499994494,4.479199924389832e-05,0.0001469590006308863,2.4708999262657017e-05,5.770799907622859e-05,0.0016398749994550599,0.0003267089996370487,6.766700062144082e-05,0.00021745899903180543,1.6593706670009851,1,7,2,10,3,10,
taxiworld,5,5,25,16,50,3,503,1875,1189,6,16,108,14,14,4,14,1.06867400000192,61.38164700000016,0.21631366699875798,nan,0.02283175000047777,0.0,0.349300542000492,4.466700011107605e-05,0.00014108399955148343,2.4791999749140814e-05,3.891699998348486e-05,0.0016344590003427584,0.00011304100007691886,7.262500002980232e-05,0.00019683299979078583,1.6599474159993406,1,2,2,2,3,9,
taxiworld,5,5,25,16,50,4,504,1875,550,6,16,111,14,14,4,14,1.0526648759987438,61.376900836998175,0.12762662599743635,nan,0.021304666999640176,0.0,0.35156658300002164,4.362499930721242e-05,0.00013704200136999134,2.454200148349628e-05,7.308299973374233e-05,0.0016358329994545784,0.00024162499903468415,8.333400000992697e-05,0.00014658299915026873,1.556010542997683,1,12,2,7,4,7,
taxiworld,5,5,25,16,50,5,505,1875,1143,6,16,67,17,17,4,17,1.058112833999985,36.23232658199595,0.1969754580040899,nan,0.1448189580005419,0.0,22.13379045900001,0.00011545799861778505,0.0003476250003586756,3.6249999538995326e-05,0.00010804200064740144,0.23367237500133342,0.0005225420009082882,0.00013629199929710012,0.00021087499953864608,23.772174374000315,1,8,2,11,5,11,
taxiworld,5,5,25,16,50,6,506,1875,619,6,16,39,15,15,4,15,1.0476073319987336,22.65362479301075,0.12875908400019398,nan,0.03688237499954994,0.0,1.3071422499997425,4.666600034397561e-05,0.00019816699932562187,2.2791999072069302e-05,6.962500083318446e-05,0.004074541000591125,0.0002721250002650777,8.379199971386697e-05,0.00017579200175532605,2.5279537080023147,1,11,2,8,4,8,
taxiworld,5,5,25,16,50,7,507,1875,639,6,16,43,16,16,4,16,1.0506627100003243,14.535338707002666,0.12848191700140887,nan,0.06833879199984949,0.0,4.016992958000628,5.8958999943570234e-05,0.00021166599981370382,2.7750000299420208e-05,6.399999983841553e-05,0.011511791999510024,0.00020491699979174882,9.029099965118803e-05,0.00014924999959475826,5.297616875997846,1,8,2,5,5,7,
taxiworld,5,5,25,16,50,8,508,1875,1187,6,16,37,17,17,4,17,1.1309862500020245,21.76571699899978,0.2109215009950276,nan,0.1366006659991399,0.0,22.302126042000964,0.00011854200056404807,0.00033141699896077625,4.12499994126847e-05,0.00012591700033226516,0.25831400000060967,0.0004515000000537839,9.779200081538875e-05,0.00021749999905296136,24.043536625000343,1,15,2,11,4,11,
taxiworld,5,5,25,16,50,9,509,1875,1189,6,16,4,14,14,4,14,1.0628927089983335,1.8117359170009877,0.23312024799815845,nan,0.022367417001078138,0.0,0.3495482090002042,3.991700032202061e-05,0.0002072080005746102,2.670800131454598e-05,6.770799882360734e-05,0.0022809160000178963,0.0002864159996533999,7.791700045345351e-05,0.00016329200116160791,1.671994292000818,1,10,3,8,4,8,
taxiworld,5,5,25,16,50,10,510,1875,1067,6,16,40,14,14,4,14,1.0686302060003072,18.850103207993016,0.26236937399698945,nan,0.022466415999588207,0.0,0.34851870800048346,3.804200059676077e-05,0.00018599999930302147,2.325000059499871e-05,5.083299947727937e-05,0.0016106250004668254,0.0001038330010487698,8.633300058136228e-05,0.00018716600061452482,1.7048120840008778,1,6,2,2,4,9,
taxiworld,5,5,25,16,50,11,511,1875,903,6,16,105,17,17,4,17,1.0705711239952507,52.92999570399115,0.25042741899596876,nan,0.05878466699869023,0.0,21.068950082999436,0.00010724999992817175,0.0003171660009684274,3.487499998300336e-05,0.00013612500151793938,0.3204662919997645,0.0004998750009690411,0.00013424999997369014,0.00027233299988438375,22.778521165999337,1,15,4,13,6,13,
taxiworld,5,5,25,16,50,12,512,1875,1069,6,16,51,15,15,4,15,1.052990542995758,26.468494666998595,0.2799295830027404,nan,0.04448795900134428,0.0,1.2076241670001764,4.3957999878330156e-05,0.0001912500010803342,2.4916000256780535e-05,4.7125000492087565e-05,0.0048853339994821,0.00010391700016043615,6.26660003035795e-05,0.00021762500000477303,2.5929258760006633,1,4,2,2,3,10,
taxiworld,5,5,25,16,50,13,513,1875,618,6,16,89,14,14,4,14,1.0408960849999858,44.62270104000345,0.11350208300063969,nan,0.02409799999986717,0.0,0.35233166699981666,3.633400046965107e-05,0.00019837499894492794,2.354099888179917e-05,5.31250007043127e-05,0.0015961669996613637,9.079200026462786e-05,5.820799924549647e-05,0.00012737500037474092,1.5335178749992338,1,8,2,2,3,6,
taxiworld,5,5,25,16,50,14,514,1875,620,6,16,202,17,17,4,17,1.1049917509990337,111.73864434800635,0.11864924700421398,nan,0.1903914579997945,0.0,21.851771707999433,0.00011591700058488641,0.0003372089995536953,3.816599928541109e-05,9.608399886928964e-05,0.28316404100041837,0.0004399999997986015,9.099999988393392e-05,0.00023004099966783542,23.55769962500017,1,4,2,11,3,11,
taxiworld,5,5,25,16,50,15,515,1875,1189,6,16,36,16,16,4,16,1.0816090400003304,15.85833220999848,0.26822941600039485,nan,0.06582191599954967,0.0,4.091694542001278,5.9250000049360096e-05,0.00023320800028159283,3.120900146313943e-05,5.941600102232769e-05,0.011628500000369968,0.00012458299897843972,9.962500007532071e-05,0.00016812500143714715,5.522744165999029,1,6,2,2,5,8,
taxiworld,5,5,25,16,50,16,516,1875,619,6,16,42,17,17,4,17,1.0739422090009612,22.349446539999917,0.12379137500101933,nan,0.18649529100002837,0.0,22.723533207999935,0.00015329199959523976,0.0012338750002527377,0.0007600830012961524,0.0001613749991520308,0.26505325000107405,0.00021025000023655593,0.00011262500083830673,0.00012849999984609894,24.383580666999478,1,8,2,2,3,6,
taxiworld,5,5,25,16,50,17,517,1875,543,6,16,250,16,16,4,16,1.0522939580023376,133.17996787799348,0.12652329200136592,nan,0.06595470799948089,0.0,4.201895166999748,9.499999941908754e-05,0.00023662500097998418,2.9792001441819593e-05,8.216599962906912e-05,0.01173370799915574,0.00040129199987859465,0.00010158299846807495,0.00025358300081279594,5.460719332999361,1,13,2,12,5,12,
taxiworld,5,5,25,16,50,18,518,1875,1072,6,16,17,17,17,4,17,1.0551360419995035,8.052749458001927,0.1959382069981075,nan,0.15994933399997535,0.0,22.32098162500006,0.00011891699978150427,0.0003185839996149298,4.629199975170195e-05,0.0001371670005028136,0.24138570899958722,0.00043416599874035455,0.00011287500092294067,0.00024812499941617716,23.978990749998047,1,15,2,10,4,12,
taxiworld,5,5,25,16,50,19,519,1875,595,6,16,174,16,16,4,16,1.0451277070023934,87.01604695800233,0.12221354000394058,nan,0.0935310839995509,0.0,4.147238874998948,5.370800136006437e-05,0.000258708001638297,2.9958002414787188e-05,6.049999865354039e-05,0.011543584001628915,0.00011041700054192916,6.425000174203888e-05,0.0001369579986203462,5.421771499999522,1,8,2,2,3,6,
taxiworld,5,5,25,16,50,20,520,1875,1189,6,16,1,12,12,4,12,1.0801300429957337,0.0,0.24402770699816756,nan,0.00560754099933547,0.0,0.03193829199881293,2.9292001272551715e-05,0.00017241699970327318,2.0625000615837052e-05,4.0000002627493814e-05,0.0002280000007885974,8.233300104620866e-05,6.333299825200811e-05,0.00015491700105485506,1.36304233300325,1,5,2,2,3,7,
taxiworld,5,5,25,16,50,21,521,1875,1053,6,16,1,15,15,3,15,1.0575597940005537,0.0,0.28814979099843185,nan,0.02552958399974159,0.0,1.2249360829991929,4.0791997889755294e-05,0.00021337499856599607,2.2542000806424767e-05,6.324999776552431e-05,0.006312458001048071,0.00029550000181188807,0.00011387500126147643,0.00019466699814074673,2.6052730829978827,1,10,3,9,6,9,
taxiworld,5,5,25,16,50,22,522,1875,1189,6,16,86,15,15,4,15,1.063246542993511,41.29367195899977,0.2617661649983347,nan,0.04920900000070105,0.0,1.179674334001902,3.858399941236712e-05,0.00022208300288184546,2.416600182186812e-05,5.7875000493368134e-05,0.005897082999581471,9.962500189431012e-05,6.008299897075631e-05,0.00018358299712417647,2.5610225410018757,1,9,3,2,3,9,
taxiworld,5,5,25,16,50,23,523,1875,642,6,16,120,16,16,4,16,1.1049495450024551,64.13655162300893,0.12598970699946221,nan,0.0885554160013271,0.0,3.801893874999223,4.3125000956933945e-05,0.00020620799841708504,2.633300027810037e-05,6.154199945740402e-05,0.011535875000845408,0.0002078340003208723,8.225000055972487e-05,0.00011416699999244884,5.134171249999781,1,9,2,5,4,5,
taxiworld,5,5,25,16,50,24,524,1875,1095,6,16,73,17,17,4,17,1.0727575440032524,40.169965086004595,0.2806397059994197,nan,0.05932599999869126,0.0,21.363389291000203,0.00011575000098673627,0.0017640409969317261,4.462499782675877e-05,0.00035562500124797225,0.25452004199905787,0.0005048750026617199,0.00017195799955516122,0.0002468750026309863,23.040661209000973,1,12,3,11,7,11,
taxiworld,5,5,25,16,50,25,525,1875,645,6,16,41,16,16,4,16,1.0630374170032155,19.04053595500045,0.17156341700138,nan,0.08868170800087682,0.0,4.177104166999925,6.695899719488807e-05,0.00023366700042970479,3.266700150561519e-05,4.36670015915297e-05,0.011643333000392886,0.00012200000128359534,6.687499990221113e-05,0.0001231660025950987,5.513679833002243,1,2,2,2,3,6,
taxiworld,5,5,25,16,50,26,526,1875,619,6,16,36,16,16,3,16,1.0494867080069525,19.424296625000352,0.17781371100136312,nan,0.07967899999857764,0.0,3.7695362499980547,3.7165998946875334e-05,0.00020141699860687368,2.2333999368129298e-05,6.858399865450338e-05,0.011491000001115026,0.00022020899996277876,5.904199861106463e-05,0.00013012499766773544,5.089232958998764,1,12,2,6,3,6,
taxiworld,5,5,25,16,50,27,527,1875,642,6,16,21,17,17,4,17,1.054977041996608,12.144460246998278,0.12568699900475622,nan,0.18685575000017707,0.0,22.711756791999505,0.00011295899821561761,0.0003412080004636664,4.1875002352753654e-05,0.00011916599760297686,0.2468807500008552,0.0003599999981815927,0.00010741600272012874,0.00015899999925750308,24.335566166999342,1,12,2,7,4,7,
taxiworld,5,5,25,16,50,28,528,1875,642,6,16,69,14,14,3,14,1.0438654579993454,34.019487294996,0.11454849800247757,nan,0.014141790999929071,0.0,0.3382365830002527,3.791599738178775e-05,0.00020079199748579413,2.099999983329326e-05,5.2041999879293144e-05,0.002281458000652492,0.00037820800207555294,9.833299918682314e-05,0.0002495840017218143,1.5150025830007507,1,6,3,12,5,12,
taxiworld,5,5,25,16,50,29,529,1875,617,6,16,44,16,16,3,16,1.0459326240015798,19.883626040998934,0.16919570500249392,nan,0.03664308399856964,0.0,4.172806874998059,5.345799945644103e-05,0.00024441699861199595,2.412499816273339e-05,8.974999946076423e-05,0.017638291999901412,0.00027675000092131086,0.0001246250030817464,0.00016312500156345777,5.443702792003023,1,15,3,8,7,8,
taxiworld,5,5,25,16,50,30,530,1875,620,6,16,26,16,16,4,16,1.0492231220032409,12.845217625997975,0.1854004150009132,nan,0.0652040830009355,0.0,3.7529549579994637,3.995899896835908e-05,0.00021079200087115169,2.474999928381294e-05,6.399999983841553e-05,0.01153600000179722,0.00037891700048930943,0.000100583001767518,0.00023791700004949234,5.06627062500047,1,10,2,11,5,11,
taxiworld,5,5,25,16,50,31,531,1875,642,6,16,237,17,17,4,17,1.0444482909970247,117.1214740899959,0.185225207997064,nan,0.18386829100018076,0.0,22.77600275000077,0.0001049169986799825,0.0003513750016281847,3.954099884140305e-05,0.00010362499961047433,0.24652858300032676,0.00018670899953576736,9.191700155497529e-05,0.00011054099741159007,24.437922042001446,1,8,2,2,3,5,
taxiworld,5,5,25,16,50,32,532,1875,642,6,16,45,16,16,4,16,1.0485570009968797,27.289786124001694,0.18010287400102243,nan,0.08774433299913653,0.0,4.159336832999543,6.25829998170957e-05,0.0002402499994786922,2.712499917834066e-05,9.408299956703559e-05,0.011631624998699408,0.00024195899823098443,8.075000005192123e-05,0.00012620800043805502,5.498511500001769,1,12,2,6,4,6,
taxiworld,5,5,25,16,50,33,533,1875,1189,6,16,263,15,15,4,15,0.9465127090024907,132.13747733800847,0.2083022080041701,nan,0.03272804100015492,0.0,1.22812816700025,3.84579980163835e-05,0.00017904200285556726,2.12500017369166e-05,5.416699787019752e-05,0.00429699999949662,0.00010791700333356857,8.554200030630454e-05,0.00018866599930333905,2.4349319580032898,1,8,2,2,4,9,
taxiworld,5,5,25,16,50,34,534,1875,618,6,16,199,17,17,4,17,1.0500358739991498,103.83002692600166,0.11490346000027785,nan,0.14147820899961516,0.0,22.649308292002388,0.00037329100086935796,0.0010952500015264377,0.00010266600293107331,0.00027587499789660797,0.2513788329997624,0.0001981250024982728,0.00013124999895808287,0.0001720000000204891,24.22027662500477,1,11,3,2,5,8,
taxiworld,5,5,25,16,50,35,535,1875,1185,6,16,141,17,17,4,17,1.0566867490033474,79.33439883599749,0.2687857500022801,nan,0.14196041700051865,0.0,21.78744504200222,0.00010525000107008964,0.00033754199830582365,4.254099985701032e-05,0.0001482500010752119,0.29520749999937834,0.00047591600014129654,0.00012441700164345093,0.0002523750008549541,23.56009941600132,1,17,5,12,5,12,
taxiworld,5,5,25,16,50,36,536,1875,1139,6,16,97,14,14,4,14,1.0704914139987523,47.65733617200203,0.19944712600226921,nan,0.02455358299994259,0.0,0.3555619580001803,4.13330017181579e-05,0.00021670800197171047,2.4666001991136e-05,6.279100125539117e-05,0.0016326250006386545,0.00030079199859756045,8.266699660453014e-05,0.0001923749987327028,1.6536255840001104,1,7,2,9,4,9,
taxiworld,5,5,25,16,50,37,537,1875,1189,6,16,176,14,14,4,14,1.0514275840014307,87.66446417299085,0.2136753749982745,nan,0.02295475000028091,0.0,0.3514244170000893,4.333299875725061e-05,0.00021112499962328002,2.433299960102886e-05,4.28749990533106e-05,0.0016510829991602805,0.00011320900011924095,7.254199954331852e-05,0.00019770799917750992,1.6424111249980342,1,3,2,2,3,9,
taxiworld,5,5,25,16,50,38,538,1875,546,6,16,167,16,16,4,16,1.043698082003175,80.03578442700018,0.1858647059998475,nan,0.08725016700009292,0.0,4.2240304999977525,0.00011329200060572475,0.00031687500086263753,3.8708996726199985e-05,0.00013041700003668666,0.011749125002097571,0.0002782500014291145,7.708300108788535e-05,0.00015708299906691536,5.555843917998573,1,16,2,7,4,7,
taxiworld,5,5,25,16,50,39,539,1875,550,6,16,63,17,17,4,17,1.0278962519969355,30.32310020699697,0.12028958300106751,nan,0.15077237500008778,0.0,22.14467033300025,0.0037331249986891635,0.0014615000000048894,0.00011158399865962565,0.00019016599981114268,0.24577320800017333,0.00018687500050873496,0.0001144580019172281,0.0002181249983550515,23.705712583003333,1,16,2,2,4,10,
taxiworld,5,5,25,16,50,40,540,1875,625,6,16,15,16,16,4,16,1.0547386210000695,6.390566414997011,0.12061191699649498,nan,0.09198933299921919,0.0,4.113397834000352,6.695800038869493e-05,0.00024170799952116795,3.245799962314777e-05,6.641700019827113e-05,0.026607084000715986,0.00011654199988697655,6.437499905587174e-05,0.00010995900083798915,5.409248208998179,1,6,2,2,3,5,
taxiworld,5,5,25,16,50,41,541,1875,643,6,16,108,17,17,4,17,1.039516752003692,57.083888199002104,0.12126249699940672,nan,0.15724674999910349,0.0,22.796443832998193,0.0001367919976473786,0.0003362910028954502,4.6334000217029825e-05,0.0007274999989022035,0.25296233300105087,0.00019758300186367705,0.00010529100109124556,0.00016016699737519957,24.38030354199509,1,6,2,2,4,7,
taxiworld,5,5,25,16,50,42,542,1875,545,6,16,7,17,17,4,17,1.0438826700028585,3.5172077489987714,0.12155745799645956,nan,0.19316312500086497,0.0,22.168535749999137,0.00012350000179139897,0.00034241700268466957,5.033400157117285e-05,0.00010991700037266128,0.23417033399891807,0.00019958300254074857,0.00010312499944120646,0.00019995799812022597,23.772276416999375,1,7,2,2,3,9,
taxiworld,5,5,25,16,50,43,543,1875,1095,6,16,194,16,16,4,16,0.728002251998987,83.944841548986,0.14617041799829167,nan,0.061535374999948544,0.0,4.066065540999261,6.595800005015917e-05,0.0002409999979136046,3.2291998650180176e-05,8.929199975682423e-05,0.022277332998783095,0.00035629199919640087,6.87909996486269e-05,0.00022604200057685375,5.027104500004498,1,13,2,10,3,10,
taxiworld,5,5,25,16,50,44,544,1875,573,6,16,100,17,17,4,17,0.8553109590011445,47.74665892100347,0.14625199899455765,nan,0.12169620900021982,0.0,23.02546325000003,0.00011541700223460793,0.00034175000109826215,3.9500002458225936e-05,0.0001320830015174579,0.24628329099869006,0.00022499999977299012,0.00010720899808802642,0.00016016699737519957,24.40738408299876,1,14,2,2,4,7,
taxiworld,5,5,25,16,50,45,545,1875,971,6,16,95,17,17,4,17,0.7581929600019066,45.34771161800563,0.15215599900329835,nan,0.13175116599995818,0.0,22.12580516700109,0.00010758300049928948,0.0003120830006082542,4.670799899031408e-05,0.00011208300202270038,0.267407583000022,0.0002207079996878747,0.00010312499944120646,0.00024079200011328794,23.445088167001813,1,11,2,2,3,11,
taxiworld,5,5,25,16,50,46,546,1875,1070,6,16,41,17,17,4,17,1.0664765830060787,20.25779595899803,0.19547387399688887,nan,0.14094504100103222,0.0,22.24613304200102,0.00010783299876493402,0.00031754199881106615,4.045799869345501e-05,0.0001084159994206857,0.2487979590005125,0.00022329100102069788,0.00012237499686307274,0.000197666999156354,23.90823675000138,1,8,2,2,5,9,
taxiworld,5,5,25,16,50,47,547,1875,1047,6,16,107,15,15,4,15,0.7348287919976428,47.88188837000962,0.14493966500049282,nan,0.026224249999359017,0.0,1.1917013340025733,4.137499854550697e-05,0.0002115419993060641,2.4249999114545062e-05,6.187500184751116e-05,0.004067958998348331,0.00010812499749590643,8.741700003156438e-05,0.00017970800035982393,2.105895625001722,1,8,2,2,4,8,
taxiworld,5,5,25,16,50,48,548,1875,1147,6,16,71,16,16,4,16,0.77567620800437,37.19082295500448,0.1547242910019122,nan,0.02049129199986055,0.0,3.8158367500000168,3.8750000385334715e-05,0.00022637499932898208,2.4249999114545062e-05,8.416600030614063e-05,0.02490570800000569,0.0003096250002272427,0.00012929099830216728,0.00019600000086938962,4.7959177079974324,1,16,4,9,7,9,
taxiworld,5,5,25,16,50,49,549,1875,1189,6,16,10,11,11,3,11,1.0034749579917843,5.864166708000994,0.19688158100143482,nan,0.003603666000344674,0.0,0.010781583001516992,2.099999983329326e-05,0.00015816700033610687,1.662499926169403e-05,5.987499753246084e-05,0.00015549999807262793,0.0002735840025707148,0.00010912500147242099,0.00019216699729440734,1.2162544570019236,1,11,3,9,6,9,
taxiworld,5,5,25,20,50,0,550,1875,620,6,20,31,17,17,4,17,1.2967534580056963,15.341149753006903,0.21166320600605104,nan,0.0583434580003086,0.0,21.34784962500271,0.00010741699952632189,0.00029008399724261835,3.4665998100535944e-05,0.00011479100066935644,0.2771570000004431,0.00045816700003342703,0.00015366699881269597,0.0002098340009979438,23.1962974579983,1,11,3,10,7,10,
taxiworld,5,5,25,20,50,1,551,1875,548,6,20,49,17,17,4,17,1.297824667999521,28.320086209991132,0.19688092000069446,nan,0.18985604199770023,0.0,22.39619854099874,0.00011033299961127341,0.00029875000109313987,3.6749999708263204e-05,0.00010629100142978132,0.22714999999880092,0.00024041700089583173,9.858399789663963e-05,0.00016400000095018186,24.311940374998812,1,4,2,2,3,8,
taxiworld,5,5,25,20,50,2,552,1875,1001,6,20,120,15,15,4,15,1.3684912500029895,55.42834133600263,0.2643945420059026,nan,0.03720350000003236,0.0,1.2699253329992644,3.7166999391047284e-05,0.0002002910005103331,2.3459000658476725e-05,6.41250007902272e-05,0.004221457998937694,0.00010687500252970494,8.483300189254805e-05,0.00019133299792883918,2.9458791659999406,1,11,2,2,4,9,
taxiworld,5,5,25,20,50,3,553,1875,1061,6,20,72,16,16,4,16,1.314977079997334,34.44663416500043,0.32353028999932576,nan,0.09540287499839906,0.0,4.1334403330001805,0.00010070899952552281,0.00029341700064833276,4.1833998693618923e-05,0.00012191700079711154,0.02428962499834597,0.00011462499969638884,6.262500028242357e-05,0.00022791699666413479,5.894684082999447,1,13,2,2,3,11,
taxiworld,5,5,25,20,50,4,554,1875,571,6,20,287,17,17,4,17,1.3322634600008314,148.7923086369592,0.1436492079992604,nan,0.18560837499899208,0.0,16.678866790996835,0.0001240839992533438,0.0003158750005241018,3.887499769916758e-05,0.0001467910005885642,0.26590137500170385,0.00022987500051385723,9.829199916566722e-05,0.0001462500003981404,18.608085374999064,1,15,2,2,3,7,
taxiworld,5,5,25,20,50,5,555,1875,598,6,20,166,17,17,4,17,1.2882021210061794,88.64055733397254,0.20001375098945573,nan,0.09964116700211889,0.0,14.368074875001184,0.00012195800081826746,0.0003235000003769528,4.170800093561411e-05,0.00013695899906451814,0.18723499999759952,0.0005444999987957999,0.00011754200022551231,0.00029112500124028884,16.14635220800119,1,14,3,14,4,14,
taxiworld,5,5,25,20,50,6,556,1875,572,6,20,116,17,17,4,17,1.4660111240045808,60.948415662001935,0.22024729199983994,nan,0.14968837500055088,0.0,14.736791999999696,0.00011695800276356749,0.0003513749979902059,3.720799941220321e-05,0.00010341600136598572,0.2729770000005374,0.00024237500110757537,0.0001261670004168991,0.00019254200014984235,16.848004916002537,1,5,2,2,5,9,
taxiworld,5,5,25,20,50,7,557,1875,640,6,20,18,15,15,4,15,1.2764338759989187,8.071735709007044,0.16184345800138544,nan,0.024454999998852145,0.0,1.1943389999978535,3.8875001337146387e-05,0.0005162919987924397,2.3833999875932932e-05,4.9041998863685876e-05,0.005927957998210331,0.0004039999985252507,8.116599929053336e-05,0.00027316599880577996,2.665959167003166,1,5,3,13,4,13,
taxiworld,5,5,25,20,50,8,558,1875,620,6,20,156,15,15,4,15,1.2845037050028623,83.94982370998696,0.15342362299998058,nan,0.03483187500023632,0.0,1.2066992920008488,4.28749990533106e-05,0.0002012920012930408,2.2000000171829015e-05,6.020799992256798e-05,0.004131457997573307,0.00019225000141886994,0.00010541699884925038,0.00015079100194270723,2.684870332999708,1,8,2,5,6,7,
taxiworld,5,5,25,20,50,9,559,1875,617,6,20,64,16,16,3,16,1.297941377004463,31.221353418994113,0.15121637500124052,nan,0.026850750000448897,0.0,3.632856708001782,3.620800271164626e-05,0.0001978330001293216,1.9833001715596765e-05,7.329200161620975e-05,0.018615457996929763,0.0003104579991486389,0.00011625000115600415,0.00019225000141886994,5.12893604099736,1,13,3,9,6,9,
taxiworld,5,5,25,20,50,10,560,1875,619,6,20,61,13,13,4,13,1.3013538739942305,38.35232624901619,0.2000613319905824,nan,0.01398699999845121,0.0,0.10471045799931744,3.366699820617214e-05,0.00017583299995749258,2.2084001102484763e-05,4.69170008727815e-05,0.000703875000908738,9.208399933413602e-05,6.120800026110373e-05,0.00013454200234264135,1.6218819160021667,1,6,2,2,3,6,
taxiworld,5,5,25,20,50,11,561,1875,549,6,20,123,17,17,4,17,1.2982422050008608,72.07913053898301,0.20057379299760214,nan,0.045212583001557505,0.0,15.42186437500277,0.0045081249991199,0.0011466249998193234,3.908299913746305e-05,0.00017991699860431254,0.1407465830016008,0.0003929170015908312,0.0001255409988516476,0.0001853339999797754,17.113875582996116,1,14,4,9,5,9,
taxiworld,5,5,25,20,50,12,562,1875,549,6,20,95,15,15,4,15,1.272550500008947,56.534874542008765,0.15138849899085471,nan,0.037493209001695504,0.0,1.2426574169985543,4.1541999962646514e-05,0.0001933330022438895,2.5834000553004444e-05,4.9665999540593475e-05,0.0073221250022470485,0.00010287500117556192,6.245799886528403e-05,0.00015808299940545112,2.712847832000989,1,6,2,2,3,7,
taxiworld,5,5,25,20,50,13,563,1875,617,6,20,143,17,17,4,17,1.2984203350206371,78.49764584201694,0.15295324899852858,nan,0.12611050000123214,0.0,14.390829874999326,0.00024008300169953145,0.000418167001043912,5.225000131758861e-05,0.0001433750003343448,0.22492183400026988,0.0003636250003182795,0.00014466699940385297,0.00019041600171476603,16.195512958998734,1,9,2,8,6,9,
taxiworld,5,5,25,20,50,14,564,1875,1189,6,20,11,15,15,4,15,1.3110373709896521,5.235990084995137,0.25891716600744985,nan,0.04348816700075986,0.0,1.2644249170007242,4.358300066087395e-05,0.00019962499936809763,2.5624998670537025e-05,7.333300163736567e-05,0.004070667000632966,0.00010174999988521449,6.458400093833916e-05,0.0001781249993655365,2.8835533329984173,1,14,2,2,3,8,
taxiworld,5,5,25,20,50,15,565,1875,641,6,20,5,17,17,4,17,1.317549625000538,3.200685165997129,0.16103829499843414,nan,0.19103058300242992,0.0,14.981337583998538,0.00011191700104973279,0.0003375000014784746,3.570900298655033e-05,0.00012037499982398003,0.22915608300172607,0.0010039159969892353,0.00021387499873526394,0.00013516599938157015,16.882899375003035,1,10,2,2,3,6,
taxiworld,5,5,25,20,50,16,566,1875,597,6,20,93,17,17,4,17,1.293483292003657,48.48936783202225,0.22438120799779426,nan,0.18633991699971375,0.0,13.669645207999565,0.00012274999971850775,0.00046099999963189475,3.787500099861063e-05,0.00011362499935785308,0.2478760419980972,0.00033508400156279095,0.000113207999675069,0.0001565000020491425,15.624127874998521,1,11,3,7,4,7,
taxiworld,5,5,25,20,50,17,567,1875,1045,6,20,222,16,16,4,16,1.2981746259938518,117.69804879496951,0.26123512299818685,nan,0.09824512499835691,0.0,4.059454499998537,3.766699956031516e-05,0.0002119999990100041,2.5750003260327503e-05,7.620799806318246e-05,0.020023249999212567,0.0004090410002390854,6.495800334960222e-05,0.0002720419979596045,5.739212291002332,1,14,3,13,3,13,
taxiworld,5,5,25,20,50,18,568,1875,618,6,20,98,17,17,4,17,1.293322541994712,50.79457329100478,0.22040545800700784,nan,0.1878132080018986,0.0,13.69639216699943,0.00011525000081746839,0.0003158330000587739,4.379099846119061e-05,9.525000132271089e-05,0.1935143339978822,0.00020258299991837703,0.00010408299931441434,0.0001555419985379558,15.593168001003505,1,5,2,2,3,7,
taxiworld,5,5,25,20,50,19,569,1875,641,6,20,32,17,17,4,17,1.349861789993156,21.353486373001942,0.1409459999995306,nan,0.15510825000092154,0.0,13.538360832997569,0.00011404199904063717,0.0003125420007563662,3.883300087181851e-05,0.00013300000136950985,0.250468041998829,0.0002797089982777834,0.00011233400073251687,0.00015345800056820735,15.436908125000627,1,15,4,5,4,7,
taxiworld,5,5,25,20,50,20,570,1875,1093,6,20,21,15,15,4,15,1.3213791260131984,9.6853786240099,0.32796533500004443,nan,0.019181625000783242,0.0,1.1599258749993169,3.7500001781154424e-05,0.00019095799871138297,2.2333002561936155e-05,5.191599848330952e-05,0.007828000001609325,0.0003831250032817479,0.00012920799781568348,0.0002515420019335579,2.839784709001833,1,7,4,12,7,12,
taxiworld,5,5,25,20,50,21,571,1875,1141,6,20,153,16,16,4,16,1.3077353319858958,78.94391020999683,0.35315716399418307,nan,0.07037987500007148,0.0,4.053442542000994,4.2583000322338194e-05,0.0002054169999610167,2.3250002413988113e-05,6.13330012129154e-05,0.012585500000568572,0.00033920900023076683,0.0001122089997807052,0.00020987500101909973,5.798903375001828,1,9,2,10,6,10,
taxiworld,5,5,25,20,50,22,572,1875,1067,6,20,32,17,17,3,17,1.3083478340013244,16.567430164988764,0.2635175390059885,nan,0.14310608400046476,0.0,15.082036749998224,0.00011699999959091656,0.0003170829986629542,3.79169978259597e-05,0.00011854200056404807,0.1968161249969853,0.0003629580023698509,0.00011337499745422974,0.00017816600302467123,16.995801749999373,1,12,2,8,4,8,
taxiworld,5,5,25,20,50,23,573,1875,550,6,20,1,15,15,4,15,1.2793736229868955,0.0,0.19373120800446486,nan,0.017703833000268787,0.0,1.2077633750013774,4.0708997403271496e-05,0.0001968750002561137,2.3833999875932932e-05,7.404200005112216e-05,0.007718249999015825,0.0002750409985310398,9.791699994821101e-05,0.00017799999841372482,2.7082423329993617,1,13,4,8,5,8,
taxiworld,5,5,25,20,50,24,574,1875,1145,6,20,600,16,16,4,16,0.9169922520013642,297.34562033100883,0.2200171269942075,nan,0.02758383300169953,0.0,3.784331958999246,4.1041999793378636e-05,0.0001996669998334255,2.4000000848900527e-05,6.445899998652749e-05,0.017136165999545483,0.00043558399920584634,0.00011308300236123614,0.00028583300081663765,4.967844958999194,1,10,3,14,6,14,
taxiworld,5,5,25,20,50,25,575,1875,574,6,20,33,17,17,3,17,1.2996953330111864,15.299828544000775,0.20603962600580417,nan,0.14243816700036405,0.0,13.777859042002092,0.00012583300122059882,0.00031850000232225284,3.795799784711562e-05,0.00012541699834400788,0.22497779200057266,0.0003189169983670581,0.00011454200284788385,0.00014966699745855294,15.652934124998865,1,13,2,7,4,7,
taxiworld,5,5,25,20,50,26,576,1875,967,6,20,270,17,17,4,17,1.3256242080024094,151.23447592202865,0.26830791900283657,nan,0.141061999998783,0.0,13.649292250000144,0.00011500000255182385,0.0003138329993817024,4.08750020142179e-05,0.00010758400094346143,0.25752662499871803,0.00020408300042618066,0.00012808400060748681,0.00021995799761498347,15.644891249998182,1,7,2,2,5,10,
taxiworld,5,5,25,20,50,27,577,1875,616,6,20,8,15,15,4,15,1.306891624997661,3.4841505000003963,0.15163945499807596,nan,0.03501791700182366,0.0,1.2152254590000666,4.2249997932231054e-05,0.00020191700241412036,2.5000001187436283e-05,4.879200059804134e-05,0.0040632919990457594,0.00022383299801731482,9.904200123855844e-05,0.00017879200095194392,2.7164838739990955,1,4,2,6,5,8,
taxiworld,5,5,25,20,50,28,578,1875,1047,6,20,87,16,16,4,16,1.3018606710065797,45.74820949900095,0.25757587598855025,nan,0.09019454100052826,0.0,3.9480555420013843,4.337499922257848e-05,0.00021504200049093924,2.6166999305132776e-05,6.08750015089754e-05,0.014477291999355657,0.00011116700261482038,6.741600009263493e-05,0.00023654200049350038,5.613542248996964,1,9,2,2,3,11,
taxiworld,5,5,25,20,50,29,579,1875,1145,6,20,70,16,16,4,16,1.29584316499313,39.382970000995556,0.31406474698815146,nan,0.07242891699934262,0.0,3.7955993750001653,4.1749997762963176e-05,0.00020787500034202822,2.529099947423674e-05,5.325000165612437e-05,0.013128874998074025,0.00028200000087963417,9.920799857354723e-05,0.00021387500237324275,5.492576625001675,1,7,2,8,5,10,
taxiworld,5,5,25,20,50,30,580,1875,620,6,20,11,17,17,4,17,1.2861701229958271,2.641939872995863,0.20555396400231984,nan,0.15318712500084075,0.0,14.351961458000005,0.0041597500021453016,0.0039039579969539773,8.000000161700882e-05,0.00018524999904911965,0.23767708400191623,0.0004952089984726626,0.00010349999865866266,0.00025604199981899,16.244650541997544,1,9,2,12,4,12,
taxiworld,5,5,25,20,50,31,581,1875,1021,6,20,550,16,16,3,16,0.9135892069898546,271.08919545499157,0.20646929100621492,nan,0.05766437500278698,0.0,4.039577250001457,5.5915999837452546e-05,0.00023058299848344177,2.308299735886976e-05,7.633399945916608e-05,0.017078125001717126,0.00011670800085994415,7.824999920558184e-05,0.0002364169995416887,5.236084207997919,1,14,3,2,4,11,
taxiworld,5,5,25,20,50,32,582,1875,1068,6,20,172,17,17,4,17,1.302041417988221,85.5314147979916,0.24943804398935754,nan,0.19115141699876403,0.0,14.035145458001352,0.00011041700054192916,0.00031512499845121056,3.8832997233839706e-05,0.0001369579986203462,0.2455881669993687,0.00020591599968611263,9.56250005401671e-05,0.00023820899878046475,16.025240750001103,1,13,2,2,3,11,
taxiworld,5,5,25,20,50,33,583,1875,597,6,20,195,14,14,4,14,1.2839522490066884,93.93891537401214,0.20713624899508432,nan,0.023807124998711515,0.0,0.3620816250004282,3.733300036401488e-05,0.0001939590001711622,2.3250002413988113e-05,6.433299859054387e-05,0.0016396669998357538,9.820799823501147e-05,6.854100138298236e-05,0.00016008300008252263,1.8801346250002098,1,10,2,2,3,7,
taxiworld,5,5,25,20,50,34,584,1875,1070,6,20,53,17,17,4,17,1.310623167988524,32.815447790009785,0.3034586230023706,nan,0.1439999579997675,0.0,12.945286000001943,0.00011783299851231277,0.0003201670006092172,3.8207999750738963e-05,0.00012179199984529987,0.1872355419982341,0.0003292920009698719,0.00012070800221408717,0.00022924999939277768,14.892763916999684,1,11,2,7,5,11,
taxiworld,5,5,25,20,50,35,585,1875,1143,6,20,1,15,15,4,15,1.3192149569986213,0.0,0.2628477080070297,nan,0.03871649999928195,0.0,1.2156487499996729,3.733400080818683e-05,0.0001867079990915954,2.170899824704975e-05,4.2915999074466527e-05,0.004044916000566445,0.0002599159997771494,7.974999971338548e-05,0.00021137500152690336,2.843480208000983,1,4,2,8,4,10,
taxiworld,5,5,25,20,50,36,586,1875,618,6,20,102,17,17,4,17,1.2934194579938776,53.931443212000886,0.21368533298300463,nan,0.15437820900115184,0.0,15.879767041999003,0.00011683299817377701,0.0003092920014751144,4.1749997762963176e-05,0.00012637499821721576,0.2942584580014227,0.0004163749981671572,0.00013162500181351788,0.0001634580003155861,17.837479624999105,1,13,4,7,5,8,
taxiworld,5,5,25,20,50,37,587,1875,596,6,20,118,17,17,3,17,1.3162319580078474,61.04636108201157,0.19846208099261275,nan,0.1321749999988242,0.0,15.702412250000634,0.0001192499985336326,0.0003338329988764599,3.474999903119169e-05,0.0001159999992523808,0.11773591699966346,0.00031037500230013393,0.00012466599946492352,0.00015229099881253205,17.469199084003776,1,9,2,7,5,7,
taxiworld,5,5,25,20,50,38,588,1875,1143,6,20,88,16,16,4,16,1.3730794989969581,53.91939924497274,0.30927758499092306,nan,0.0684718749980675,0.0,3.9727985419995093,3.8124999264255166e-05,0.0001905409990285989,2.4582997866673395e-05,5.216699719312601e-05,0.011447208999015857,9.891599984257482e-05,9.59169992711395e-05,0.00015233399972203188,5.73758375000034,1,7,2,2,5,7,
taxiworld,5,5,25,20,50,39,589,1875,1185,6,20,202,14,14,4,14,1.1644478740017803,112.5636504139984,0.22092204399814364,nan,0.018412749999697553,0.0,0.35436908299743664,3.775000004679896e-05,0.00019241699919803068,2.245900031994097e-05,6.391699935193174e-05,0.0016444159991806373,0.0002258749991597142,0.00010079200001200661,0.00017412499801139347,1.7611724579946895,1,10,2,6,5,8,
taxiworld,5,5,25,20,50,40,590,1875,598,6,20,63,17,17,4,17,1.311990586003958,34.615369497973006,0.21879499900023802,nan,0.10627404200204182,0.0,13.471908250001434,0.00011741699927370064,0.0003287500003352761,3.7625002732966095e-05,0.0001042910007527098,0.30139916699772584,0.00042520799979683943,0.00012150000111432746,0.0002161250013159588,15.412354292006057,1,6,3,10,5,10,
taxiworld,5,5,25,20,50,41,591,1875,596,6,20,174,17,17,4,17,1.2922210010110575,83.37779908300945,0.1537415010134282,nan,0.03416320900214487,0.0,11.657445707998704,0.00011245799760217778,0.0003080000024056062,3.5834000300383195e-05,0.00013675000082002953,0.22016841700315126,0.0005308749969117343,0.00017183299860334955,0.0003079999987676274,13.360286208000616,1,17,5,15,8,15,
taxiworld,5,5,25,20,50,42,592,1875,807,6,20,154,16,16,4,16,1.3107587899903592,72.46176374999413,0.2662208279980405,nan,0.07737633299984736,0.0,4.001531915997475,4.3000000005122274e-05,0.00019999999858555384,2.6166999305132776e-05,7.454200022039004e-05,0.012792041998181958,0.0003484999979264103,9.841599967330694e-05,0.00021454200032167137,5.6704888330059475,1,12,2,10,5,10,
taxiworld,5,5,25,20,50,43,593,1875,618,6,20,142,16,16,4,16,1.2754690830042819,63.17692920599802,0.1495747110056982,nan,0.0382534169984865,0.0,3.6405530000010913,3.9874998037703335e-05,0.00020737500017276034,2.416600182186812e-05,5.879200034542009e-05,0.016968790998362238,0.0003312500011816155,9.59999997576233e-05,0.0002107500004058238,5.122292999996716,1,9,3,10,5,10,
taxiworld,5,5,25,20,50,44,594,1875,1189,6,20,60,13,13,4,13,1.322701915014477,25.595111081005598,0.26597428899549413,nan,0.014518457999656675,0.0,0.10386258300059126,3.783300053328276e-05,0.00017750000188243575,2.2500000341096893e-05,6.479099829448387e-05,0.0007632919987372588,9.516700083622709e-05,6.950000170036219e-05,0.00016079199849627912,1.7090310420026071,1,10,2,2,3,7,
taxiworld,5,5,25,20,50,45,595,1875,1189,6,20,103,17,17,4,17,1.265941872006806,59.24679150200609,0.31911987900093663,nan,0.1747371249985008,0.0,14.77099808300045,0.00012195799718028866,0.0003067500001634471,4.308400093577802e-05,0.00011124999946332537,0.09343191700099851,0.00018441700012772344,9.816699821385555e-05,0.00019995800175820477,16.626042666001013,1,9,2,2,3,9,
taxiworld,5,5,25,20,50,46,596,1875,979,6,20,2,16,16,4,16,1.307398333985475,0.81682337500024,0.2550151249888586,nan,0.08879341699866927,0.0,3.918540333001147,4.108299981453456e-05,0.00019558299754862674,2.516699896659702e-05,5.866699939360842e-05,0.013720916002057493,0.00011354099842719734,6.0916001530131325e-05,0.00021558300068136305,5.585090499000216,1,8,2,2,3,10,
taxiworld,5,5,25,20,50,47,597,1875,975,6,20,74,16,16,4,16,1.1482373749968247,37.62639850001142,0.22746658199685044,nan,0.07234545800019987,0.0,3.7738557090015092,4.24169993493706e-05,0.00021341700266930275,2.6084002456627786e-05,5.279199831420556e-05,0.01343674999952782,0.0001177910016849637,6.86249986756593e-05,0.00020766700254171155,5.236631958003272,1,6,2,2,3,10,
taxiworld,5,5,25,20,50,48,598,1875,548,6,20,123,17,17,4,17,0.9797488329895714,45.65561617100684,0.10418912499153521,nan,0.033843582998088095,0.0,13.120002749998093,0.00012237500050105155,0.00033133400211227126,4.120800076634623e-05,0.00012158299796283245,0.24891879099959624,0.00035591699997894466,0.00012675000107265078,0.00019758300186367705,14.488613458004693,1,12,4,7,5,9,
taxiworld,5,5,25,20,50,49,599,1875,619,6,20,349,17,17,4,17,0.9123561659980624,128.74488539501908,0.09977495899511268,nan,0.12564895800096565,0.0,14.532898750003369,0.00013637500160257332,0.00032566699883318506,4.2583000322338194e-05,0.00011116600217064843,0.16780450000078417,0.00018820799959939905,9.93329995253589e-05,0.00016008400052669458,15.840563624995411,1,7,2,2,3,7,
overcooked,,,,12,50,0,600,38417,161,6,12,1,26,8,5,8,0.04310679199988954,0.0,0.018373250000877306,0.00012020900248899125,0.002715791000809986,0.00012725000124191865,0.0011122920004709158,2.5000001187436283e-05,nan,1.5583002095809206e-05,5.64580004720483e-05,0.00024258299890789203,0.00026241599698551,nan,0.0001890419989649672,0.06703699999707169,1,8,6,7,nan,8,
overcooked,,,,12,50,1,601,38417,161,6,12,1,39,11,9,11,0.04120508299820358,0.0,0.018513957998948172,0.000157667000166839,0.003363083000294864,2.1583000489044935e-05,0.011319417000777321,2.4166998628061265e-05,nan,1.891699866973795e-05,6.454200047301129e-05,0.00046879200090188533,0.0003083340016019065,nan,0.00024529200163669884,0.07593037499827915,1,11,9,10,nan,11,
overcooked,,,,12,50,2,602,38417,161,6,12,1,44,14,11,14,0.042680958002165426,0.0,0.013310250000358792,0.00042791699888766743,0.0021501670016732533,1.6250000044237822e-05,0.28709449999951175,4.204200013191439e-05,nan,2.3874999897088856e-05,8.737499956623651e-05,0.007251916998939123,0.000453208001999883,nan,0.0003251249981985893,0.3542757910036016,1,14,11,13,nan,14,
overcooked,,,,12,50,3,603,38417,161,6,12,1,35,11,7,11,0.053325875000155065,0.0,0.016952958001638763,0.00038883299930603243,0.0067854160006390885,7.029100015643053e-05,0.0093189170002006,2.1833002392668277e-05,nan,1.7333000869257376e-05,5.333399894880131e-05,0.00034749999758787453,0.0003047499994863756,nan,0.00023562500064144842,0.08891612500156043,1,9,8,10,nan,11,
overcooked,,,,12,50,4,604,38417,161,6,12,1,43,13,11,13,0.04000604199973168,0.0,0.01883349999843631,0.0001653340004850179,0.0031159589998424053,0.00021700000070268288,0.09482125000067754,4.241599890519865e-05,nan,2.2790998627897352e-05,8.233300104620866e-05,0.0020786250024684705,0.0003815829986706376,nan,0.0002770829996734392,0.16036899999744492,1,13,9,12,nan,13,
overcooked,,,,12,50,5,605,38417,161,6,12,1,39,12,10,12,0.042942915999446996,0.0,0.01895758300088346,0.00013958300041849725,0.010199000000284286,1.8667000404093415e-05,0.03170879200115451,2.9458999051712453e-05,nan,2.0667001081164926e-05,6.470800144597888e-05,0.0006609589981962927,0.00033350000012433156,nan,0.00025299999833805487,0.10569474899966735,1,11,8,11,nan,12,
overcooked,,,,12,50,6,606,38417,161,6,12,1,48,15,14,15,0.0545809579998604,0.0,0.015008541999122826,0.00039325000034295954,0.005120333000377286,0.0005246250002528541,1.022265375002462,6.833299994468689e-05,nan,2.6749999960884452e-05,0.00011333300062688068,0.025448374999541556,0.00045879199751652777,nan,0.0003249590008636005,1.125773500003561,1,15,12,14,nan,15,
overcooked,,,,12,50,7,607,38417,161,6,12,1,39,12,10,12,0.045288959001482,0.0,0.019198750000214204,0.00035275000118417665,0.010603791000903584,8.67080016178079e-05,0.028022459002386313,3.045899939024821e-05,nan,2.0333001884864643e-05,6.645800021942705e-05,0.0006534579988510814,0.00033075000101234764,nan,0.0002557079969847109,0.10524987499957206,1,12,8,11,nan,12,
overcooked,,,,12,50,8,608,38417,161,6,12,1,39,12,9,12,0.03015754100124468,0.0,0.009671000003436347,0.0001199590005853679,0.0005627499995171092,6.000002031214535e-06,0.02713666599811404,2.7082998713012785e-05,nan,1.9458999304333702e-05,6.550000034621917e-05,0.0006467500024882611,0.00033508399792481214,nan,0.00025350000214530155,0.06920012400223641,1,12,8,11,nan,12,
overcooked,,,,12,50,9,609,38417,161,6,12,1,47,14,12,14,0.029028458000539104,0.0,0.009672666998085333,0.00011150000136694871,0.0007369159975496586,2.1166997612453997e-05,0.2808043750010256,3.7583999073831365e-05,nan,2.2958000045036897e-05,7.979200017871335e-05,0.00650304200098617,0.0003879169998981524,nan,0.00029720800012000836,0.3279239170042274,1,13,10,12,nan,14,
overcooked,,,,12,50,10,610,38417,161,6,12,1,48,14,14,14,0.031017458000860643,0.0,0.012979959003132535,0.0001595840003574267,0.0007118329995137174,1.5583002095809206e-05,0.30601441700127907,3.8124999264255166e-05,nan,2.891599797294475e-05,7.833400013623759e-05,0.007626875001733424,0.00041695800246088766,nan,0.0003052499996556435,0.35962474899861263,1,13,11,13,nan,14,
overcooked,,,,12,50,11,611,38417,161,6,12,1,48,15,14,15,0.03473458299777121,0.0,0.01281695899888291,0.00014774999726796523,0.0007262910003191791,1.2708998838206753e-05,0.9092489169997862,3.62920000043232e-05,nan,2.4167002266040072e-05,8.458400043309666e-05,0.022955792002903763,0.00045075000161887147,nan,0.00032008299967856146,0.9818160419999913,1,15,12,14,nan,15,
overcooked,,,,12,50,12,612,38417,161,6,12,1,38,11,8,11,0.03423816699796589,0.0,0.012052665999362944,9.204199886880815e-05,0.00043441700108814985,6.416998076019809e-06,0.009304999999585561,2.2290998458629474e-05,nan,1.7209000361617655e-05,5.7541998103260994e-05,0.0003701660025399178,0.0002913749995059334,nan,0.00022854199778521433,0.05733895800221944,1,11,9,10,nan,11,
overcooked,,,,12,50,13,613,38417,161,6,12,1,34,10,7,10,0.03777575000276556,0.0,0.01533404200017685,9.449999924981967e-05,0.00043854199975612573,6.834001396782696e-06,0.0035368329990888014,1.808299930416979e-05,nan,1.5666999388486147e-05,5.120800051372498e-05,0.00017933300114236772,0.00026833300216821954,nan,0.00020975000006728806,0.05811620900203707,1,10,6,9,nan,10,
overcooked,,,,12,50,14,614,38417,161,6,12,1,39,12,9,12,0.03663383299863199,0.0,0.01029999999809661,0.00012150000111432746,0.0005962920004094485,6.4589985413476825e-06,0.027277875000436325,2.758400296443142e-05,nan,2.529099947423674e-05,6.729199958499521e-05,0.0006757910014130175,0.00033195799915120006,nan,0.0002512500032025855,0.07649424899864243,1,12,8,11,nan,12,
overcooked,,,,12,50,15,615,38417,161,6,12,1,52,16,16,16,0.035035500000958564,0.0,0.01533183300125529,0.00014279199967859313,0.0014255000023695175,7.70800033933483e-06,2.9337654170012684,3.870900036417879e-05,nan,2.6208002964267507e-05,8.791700020083226e-05,0.07896066600005724,0.00048416699792142026,nan,0.0003411249999771826,3.0658818750016508,1,16,14,15,nan,16,
overcooked,,,,12,50,16,616,38417,161,6,12,1,44,14,12,14,0.04072066699882271,0.0,0.01137666700014961,0.0001698340020084288,0.0009868329980236012,6.541002221638337e-06,0.2826525410018803,3.362500137882307e-05,nan,2.2917000023880973e-05,8.670799797982909e-05,0.007734000002528774,0.0004080420003447216,nan,0.0002962500002468005,0.3447250840035849,1,14,11,13,nan,14,
overcooked,,,,12,50,17,617,38417,161,6,12,1,34,10,7,10,0.03959012499763048,0.0,0.014762041999347275,8.99580008990597e-05,0.0004172079970885534,5.375000910134986e-06,0.003549083998223068,1.862499993876554e-05,nan,1.5584002539981157e-05,4.991699825040996e-05,0.00018562499826657586,0.0002462500015099067,nan,0.00021837500025867485,0.05937870799971279,1,9,6,8,nan,10,
overcooked,,,,12,50,18,618,38417,161,6,12,1,48,15,14,15,0.03159937500095111,0.0,0.010668165999959456,0.00015424999946844764,0.0006767909981135745,6.791997293476015e-06,0.8993892500002403,4.212500061839819e-05,nan,2.504199801478535e-05,8.845800039125606e-05,0.024894999998650746,0.00046470800225506537,nan,0.0003221670012862887,0.9685160830013047,1,15,12,14,nan,15,
overcooked,,,,12,50,19,619,38417,161,6,12,1,43,13,11,13,0.03460029199777637,0.0,0.010300250000000233,0.00024408299941569567,0.001301291002164362,9.583000064594671e-06,0.08737550000296324,3.175000165356323e-05,nan,2.1249998098937795e-05,7.499999992433004e-05,0.0023505829994974192,0.00038670800131512806,nan,0.00027600000248639844,0.13721983300274587,1,13,10,12,nan,13,
overcooked,,,,12,50,20,620,38417,161,6,12,1,44,14,11,14,0.04082783299963921,0.0,0.009579458001098828,0.00015516599887632765,0.0008670000024721958,5.791000148747116e-06,0.2741155000003346,3.645899778348394e-05,nan,2.216600114479661e-05,7.829199967090972e-05,0.007146790998376673,0.00040495900248060934,nan,0.0002923339998233132,0.3337547490045836,1,14,11,13,nan,14,
overcooked,,,,12,50,21,621,38417,161,6,12,1,43,13,11,13,0.02867987499848823,0.0,0.018176833000325132,0.00010945900066872127,0.0006183329969644547,6.4160012698266655e-06,0.08538258399858023,3.1874998967396095e-05,nan,2.1583000489044935e-05,7.249999907799065e-05,0.002229874997283332,0.0003603750010370277,nan,0.0002712499990593642,0.13617004100160557,1,13,10,12,nan,13,
overcooked,,,,12,50,22,622,38417,161,6,12,1,44,13,12,13,0.03212041699953261,0.0,0.0095867919990269,0.00015566599904559553,0.0005522499996004626,6.041998858563602e-06,0.08573462500135065,3.195899989805184e-05,nan,2.1040999854449183e-05,7.416700100293383e-05,0.002420249998976942,0.0003807499997492414,nan,0.00027233299988438375,0.13160433400116744,1,13,11,12,nan,13,
overcooked,,,,12,50,23,623,38417,161,6,12,1,39,12,10,12,0.035615084001619834,0.0,0.010088167000503745,0.00023987500026123598,0.0012660829997912515,9.04199987417087e-06,0.027243249998718966,2.9833001462975517e-05,nan,2.0250001398380846e-05,6.787500024074689e-05,0.0006693750001431908,0.00033870899642352015,nan,0.00025204099802067503,0.07603833300163387,1,12,8,11,nan,12,
overcooked,,,,12,50,24,624,38417,161,6,12,1,34,10,7,10,0.03105024999968009,0.0,0.013880540998798097,8.837499990477227e-05,0.0003710410019266419,5.833997420268133e-06,0.0035843749974446837,1.891699866973795e-05,nan,1.6041998605942354e-05,5.2167000831104815e-05,0.00023579100161441602,0.0002663750019564759,nan,0.00021491700317710638,0.0499654159975762,1,10,8,9,nan,10,
overcooked,,,,12,50,25,625,38417,161,6,12,1,26,8,5,8,0.027270874998066574,0.0,0.009832291998463916,6.895800106576644e-05,0.00032108400046126917,4.208999598631635e-06,0.0008927910021157004,1.6833000699989498e-05,nan,1.4332999853650108e-05,4.337499922257848e-05,0.00014775000090594403,0.00018287499915459193,nan,0.00013124999895808287,0.03908979200059548,1,8,6,6,nan,6,
overcooked,,,,12,50,26,626,38417,161,6,12,1,47,14,12,14,0.03772312499859254,0.0,0.012966541002242593,0.00010900000052060932,0.0005688329983968288,6.0829988797195256e-06,0.2819125830028497,3.762499909498729e-05,nan,2.2791999072069302e-05,8.133300070767291e-05,0.007553499999630731,0.0004186670012131799,nan,0.00030020800113561563,0.34187808399656205,1,14,11,13,nan,14,
overcooked,,,,12,50,27,627,38417,161,6,12,1,43,13,11,13,0.03311329099960858,0.0,0.009468709002248943,0.00010629100142978132,0.000550291999388719,6.500002200482413e-06,0.08633216700036428,3.216700133634731e-05,nan,2.0791001588804647e-05,7.349999941652641e-05,0.0023359580009127967,0.0003688340002554469,nan,0.0002753749977273401,0.1328984159990796,1,13,10,12,nan,13,
overcooked,,,,12,50,28,628,38417,161,6,12,1,44,14,11,14,0.03452924999874085,0.0,0.011757625001337146,0.00015875000099185854,0.0006303340014710557,5.7920005929190665e-06,0.2757752090001304,3.495800046948716e-05,nan,2.2416999854613096e-05,7.866600208217278e-05,0.00718241700087674,0.00041074999899137765,nan,0.00029645800168509595,0.33114204100274947,1,14,11,13,nan,14,
overcooked,,,,12,50,29,629,38417,161,6,12,1,39,12,10,12,0.03604783300033887,0.0,0.014803375001065433,0.00011666700083878823,0.0005150830002094153,6.291997124208137e-06,0.02714837500025169,2.8792001103283837e-05,nan,1.9625000277301297e-05,6.54579998808913e-05,0.0006588340002053883,0.00033445799999753945,nan,0.00025329100026283413,0.08023762499942677,1,12,8,11,nan,12,
overcooked,,,,12,50,30,630,38417,161,6,12,1,52,16,16,16,0.03435570800138521,0.0,0.010796624999784399,0.00013670799671672285,0.0007317499985219911,7.582999387523159e-06,2.928401083998324,3.9874998037703335e-05,nan,2.654200216056779e-05,8.441600220976397e-05,0.07312704200012377,0.0004628749993571546,nan,0.000338249999913387,3.0487038339997525,1,15,13,14,nan,16,
overcooked,,,,12,50,31,631,38417,161,6,12,1,43,13,10,13,0.032619083001918625,0.0,0.00979416699919966,0.00011791699944296852,0.0005492499985848553,6.166999810375273e-06,0.08457858400288387,3.258300057495944e-05,nan,2.1249998098937795e-05,7.295799878193066e-05,0.0021096250020491425,0.00037762499778182246,nan,0.00027329099975759163,0.13081695799701265,1,13,9,12,nan,13,
overcooked,,,,12,50,32,632,38417,161,6,12,1,35,11,7,11,0.04530166599943186,0.0,0.009785624999494758,0.00012145800064899959,0.0005711660014640074,5.49999822396785e-06,0.009290209000027971,2.0458002836676314e-05,nan,1.716599945211783e-05,6.354200013447553e-05,0.0003655420005088672,0.00029687500136788003,nan,0.0002302920001966413,0.06627062600091449,1,11,9,10,nan,11,
overcooked,,,,12,50,33,633,38417,161,6,12,1,43,13,10,13,0.03317987500122399,0.0,0.015586542001983617,0.00011029199959011748,0.0005704579998564441,6.665999535471201e-06,0.0847887920026551,3.225000182283111e-05,nan,2.091599890263751e-05,6.87909996486269e-05,0.0024286659972858615,0.0003694160004670266,nan,0.00027558299916563556,0.1376274159993045,1,12,11,12,nan,13,
overcooked,,,,12,50,34,634,38417,161,6,12,1,40,12,10,12,0.03678383299848065,0.0,0.014255166999646463,0.0001658750006754417,0.0005326669997884892,5.917001544730738e-06,0.02718658300000243,2.6582998543744907e-05,nan,1.9916999008273706e-05,6.0999998822808266e-05,0.000790624999353895,0.00033716700272634625,nan,0.000252875001024222,0.08064358399860794,1,11,10,11,nan,12,
overcooked,,,,12,50,35,635,38417,161,6,12,1,43,13,10,13,0.032611624999844935,0.0,0.011628709002252435,0.00011854200056404807,0.0006240829970920458,7.541999366367236e-06,0.08443379200252821,3.283299884060398e-05,nan,2.0125000446569175e-05,6.712499816785567e-05,0.0024228329966717865,0.00036787499993806705,nan,0.0002728750005189795,0.13280599999779952,1,12,11,12,nan,13,
overcooked,,,,12,50,36,636,38417,161,6,12,1,39,12,8,12,0.03858741599833593,0.0,0.00961420800013002,0.0001252089969057124,0.0005339579984138254,5.666999641107395e-06,0.026391583000076935,2.5042001652764156e-05,nan,1.799999881768599e-05,6.025000038789585e-05,0.0006363749998854473,0.0003326660007587634,nan,0.00024950000079115853,0.07681279200187419,1,11,8,11,nan,12,
overcooked,,,,12,50,37,637,38417,161,6,12,1,43,13,11,13,0.03493325000090408,0.0,0.010185584000282688,0.00010279200068907812,0.0006458330026362091,6.499998562503606e-06,0.08525608299896703,3.6375000490807e-05,nan,2.1500000002561137e-05,7.237500176415779e-05,0.0022215000026335474,0.00036429100146051496,nan,0.0002714590009418316,0.1343036670004949,1,13,10,12,nan,13,
overcooked,,,,12,50,38,638,38417,161,6,12,1,56,17,18,17,0.040363625001191394,0.0,0.009641625001677312,0.00012395800149533898,0.0007927080005174503,1.2750002497341484e-05,10.344937666002807,0.00010658300016075373,nan,5.020800017518923e-05,0.00014183399980538525,0.35037295899746823,0.0006241659975785296,nan,0.0003675420011859387,10.747901833001379,1,16,14,16,nan,17,
overcooked,,,,12,50,39,639,38417,161,6,12,1,43,13,11,13,0.02961637499902281,0.0,0.01067562499883934,0.00010512500011827797,0.0005721669986087363,5.833997420268133e-06,0.09339708400148083,3.487499998300336e-05,nan,2.216700158896856e-05,7.791700045345351e-05,0.002012417000514688,0.0003505829990899656,nan,0.0002759160015557427,0.13764733299831278,1,13,9,11,nan,13,
overcooked,,,,12,50,40,640,38417,161,6,12,1,48,15,14,15,0.03757116599808796,0.0,0.014296416000433965,0.0001529160035715904,0.0006843750015832484,1.3458000466926023e-05,0.9460900420017424,3.8207999750738963e-05,nan,2.3749998945277184e-05,9.729100202093832e-05,0.026003915998444427,0.00046149999980116263,nan,0.0003191249998053536,1.0260156660006032,1,15,11,14,nan,15,
overcooked,,,,12,50,41,641,38417,161,6,12,1,39,12,10,12,0.03986562499994761,0.0,0.01004162499884842,0.00011566700050025247,0.0026195410027867183,6.54199902783148e-06,0.02752620899991598,2.8958002076251432e-05,nan,1.979100125026889e-05,6.395899981725961e-05,0.0006995840012677945,0.00033199999961652793,nan,0.0002517499997338746,0.081840041999385,1,11,8,11,nan,12,
overcooked,,,,12,50,42,642,38417,161,6,12,1,44,14,12,14,0.028131124996434664,0.0,0.010757249998277985,0.00015170900223893113,0.0006237919988052454,6.041998858563602e-06,0.30005158399944776,3.5207998735131696e-05,nan,3.412499791011214e-05,8.170800356310792e-05,0.0077637499998672865,0.0004014589976577554,nan,0.0002989999993587844,0.34858320800049114,1,14,11,12,nan,14,
overcooked,,,,12,50,43,643,38417,161,6,12,1,44,13,11,13,0.03010208399791736,0.0,0.013947499999630963,0.0003949999991164077,0.0013892499991925433,1.2499996955739334e-05,0.1062655839996296,3.783300053328276e-05,nan,2.2250002075452358e-05,7.874999937484972e-05,0.002233916999102803,0.00038549999953829683,nan,0.00027758299984270707,0.15541358300106367,1,13,10,12,nan,13,
overcooked,,,,12,50,44,644,38417,161,6,12,1,48,15,14,15,0.03798545800236752,0.0,0.010773166999570094,0.00015212500147754326,0.0006711659989377949,6.457998097175732e-06,0.8974549580016173,3.616699905251153e-05,nan,2.4083001335384324e-05,8.729199907975271e-05,0.032374624999647494,0.00042433300041011535,nan,0.0003176669997628778,0.9805880829953821,1,15,12,13,nan,15,
overcooked,,,,12,50,45,645,38417,161,6,12,1,43,13,10,13,0.035295875000883825,0.0,0.010809583000082057,0.00011054199785576202,0.0005540000020118896,6.165999366203323e-06,0.08470374999888008,3.129200194962323e-05,nan,2.0207997295074165e-05,7.466700117220171e-05,0.0021927919988229405,0.0003697499996633269,nan,0.0002715840018936433,0.13469125000119675,1,13,10,12,nan,13,
overcooked,,,,12,50,46,646,38417,161,6,12,1,40,13,9,13,0.0330678340033046,0.0,0.011340542001562426,0.0001711249969957862,0.0005828749999636784,6.207999831531197e-06,0.08382274999894435,3.320800169603899e-05,nan,2.091700298478827e-05,6.554200081154704e-05,0.002237874999991618,0.00038899999708519317,nan,0.0002759589988272637,0.132318749998376,1,10,10,12,nan,13,
overcooked,,,,12,50,47,647,38417,161,6,12,1,43,13,10,13,0.028749375000188593,0.0,0.010302417002094444,0.00011145800090162084,0.0005775839999841992,6.166999810375273e-06,0.0850836249992426,3.270800152677111e-05,nan,2.0708997908513993e-05,7.399999958579428e-05,0.0024083750031422824,0.00036691700006485917,nan,0.0002754580018518027,0.12826654199670884,1,13,11,12,nan,13,
overcooked,,,,12,50,48,648,38417,161,6,12,1,47,14,12,14,0.034572207998280646,0.0,0.009761916000570636,0.00010466700041433796,0.0006720829987898469,7.124999683583155e-06,0.27778004100036924,3.5708999348571524e-05,nan,2.9833001462975517e-05,7.91669990576338e-05,0.008152416001394158,0.0004273330014257226,nan,0.00030012499701115303,0.332179790999362,1,14,12,13,nan,14,
overcooked,,,,12,50,49,649,38417,161,6,12,1,21,6,5,6,0.03343187499922351,0.0,0.009947708000254352,4.9540998588781804e-05,0.00023500000315834768,4.3339969124644995e-06,0.0004281250003259629,1.4790999557590112e-05,nan,1.2332999176578596e-05,3.825000021606684e-05,0.00010233300054096617,0.00012887499906355515,nan,0.00011991699648206122,0.044728917000611546,1,6,4,4,nan,5,
overcooked,,,,16,50,0,650,38417,161,6,16,1,30,9,6,9,0.037629915997968055,0.0,0.01706420899790828,0.000189124999451451,0.0012911250014440157,2.5707999157020822e-05,0.001751916999637615,3.070900129387155e-05,nan,1.6625002899672836e-05,5.524999869521707e-05,0.0002296659986313898,0.00024391599799855612,nan,0.00017783299699658528,0.05901541700222879,1,8,5,7,nan,8,
overcooked,,,,16,50,1,651,38417,161,6,16,1,39,12,8,12,0.03990637500101002,0.0,0.01690795800095657,0.000273083001957275,0.0017572090000612661,3.1874998967396095e-05,0.028218999999808148,2.941699858638458e-05,nan,1.8957998690893874e-05,6.533299892907962e-05,0.0006799170005251653,0.0003553340029611718,nan,0.0002717079987633042,0.0887254999979632,1,11,8,11,nan,12,
overcooked,,,,16,50,2,652,38417,161,6,16,1,52,16,15,16,0.03888587500114227,0.0,0.016994624998915242,0.0002994999995280523,0.0023252920000231825,1.7917001969181e-05,2.939231499996822,4.983400140190497e-05,nan,2.6749999960884452e-05,9.441600195714273e-05,0.08737454199945205,0.0004820420035684947,nan,0.0003343329990457278,3.0863712500031397,1,16,14,15,nan,16,
overcooked,,,,16,50,3,653,38417,161,6,16,1,39,12,10,12,0.03941920800207299,0.0,0.017445082998165162,0.0002483749995008111,0.0018115829989255872,3.149999974993989e-05,0.027662832999340026,3.183300214004703e-05,nan,2.0332998246885836e-05,6.795800072723068e-05,0.0007898750009189826,0.00033391699980711564,nan,0.00025204099802067503,0.08838558400020702,1,12,9,11,nan,12,
overcooked,,,,16,50,4,654,38417,161,6,16,1,52,16,16,16,0.03847041599874501,0.0,0.01848420800160966,0.00014541600103257224,0.0012112080003134906,2.154200046788901e-05,2.8892517079984827,4.4458000047598034e-05,nan,2.6875000912696123e-05,8.783399971434847e-05,0.07409279199782759,0.0005084999975224491,nan,0.000345499996910803,3.022945292002987,1,14,13,15,nan,16,
overcooked,,,,16,50,5,655,38417,161,6,16,1,48,15,14,15,0.03904816700014635,0.0,0.01853987499998766,0.00016187499932129867,0.001357000001007691,1.7207999917445704e-05,0.9071867500024382,4.1375002183485776e-05,nan,2.55839986493811e-05,9.024999963003211e-05,0.0267044159991201,0.0004547499993350357,nan,0.00032262500099022873,0.9942572909967566,1,15,13,14,nan,15,
overcooked,,,,16,50,6,656,38417,161,6,16,1,44,13,12,13,0.03901124999902095,0.0,0.018378917000518413,0.00017970800035982393,0.0012169580004410818,7.0829992182552814e-06,0.08850499999971362,3.316699803690426e-05,nan,2.1332998585421592e-05,7.345799895119853e-05,0.0022802910025347956,0.0003622919975896366,nan,0.00027437500102678314,0.15061387499736156,1,13,10,12,nan,13,
overcooked,,,,16,50,7,657,38417,161,6,16,1,39,12,10,12,0.04026020799938124,0.0,0.01780049999797484,0.00014237499999580905,0.0013918750009906944,1.937500201165676e-05,0.02736183299930417,2.9625000024680048e-05,nan,2.0291998225729913e-05,6.708299770252779e-05,0.0008593750026193447,0.00033383399932063185,nan,0.00025474999711150303,0.08878800000093179,1,12,10,11,nan,12,
overcooked,,,,16,50,8,658,38417,161,6,16,1,52,16,15,16,0.028497957999206847,0.0,0.012775207997037796,0.00013787499847239815,0.0008200000011129305,7.333001121878624e-06,2.8601898749984684,4.037500184495002e-05,nan,2.633400072227232e-05,9.145800140686333e-05,0.07932245800111559,0.0004868750002060551,nan,0.000335083001118619,2.9829384579970792,1,16,14,15,nan,16,
overcooked,,,,16,50,9,659,38417,161,6,16,1,39,12,8,12,0.027483249999932013,0.0,0.018489959002181422,0.0001175419965875335,0.0005249170026218053,6.917001883266494e-06,0.026706584001658484,2.849999873433262e-05,nan,1.8375001673121005e-05,6.541599941556342e-05,0.0007781669992255047,0.0003279170014138799,nan,0.0002512499995646067,0.07502904100329033,1,12,9,11,nan,12,
overcooked,,,,16,50,10,660,38417,161,6,16,1,38,11,8,11,0.02728854200177011,0.0,0.012682791999395704,8.054099816945381e-05,0.00043554199874051847,5.916997906751931e-06,0.009195208000164712,2.1500000002561137e-05,nan,1.7207999917445704e-05,5.6082997616613284e-05,0.0003265830018790439,0.0002931670023826882,nan,0.00022983300004852936,0.05081391600106144,1,11,8,10,nan,11,
overcooked,,,,16,50,11,661,38417,161,6,16,1,47,14,12,14,0.028784250000171596,0.0,0.016618749999906868,0.00011070799882872961,0.0005851660025655292,1.308399805566296e-05,0.27957512499779114,3.8541998947039247e-05,nan,2.2332998923957348e-05,7.620800170116127e-05,0.0077791250005248,0.00041612499990151264,nan,0.00029837500187568367,0.33449541599838994,1,12,11,13,nan,14,
overcooked,,,,16,50,12,662,38417,161,6,16,1,34,10,7,10,0.03338520800025435,0.0,0.01286233399878256,7.945900142658502e-05,0.0004244170013407711,5.541998689295724e-06,0.0036245419978513382,2.0332998246885836e-05,nan,1.6250000044237822e-05,5.4457999794976786e-05,0.00023529199825134128,0.0002709159998630639,nan,0.00019058299949392676,0.05139874999804306,1,10,8,9,nan,9,
overcooked,,,,16,50,13,663,38417,161,6,16,1,44,14,12,14,0.03278308299923083,0.0,0.012653540998144308,0.00015587500092806295,0.0006451670014939737,6.791000487282872e-06,0.27685454200036475,3.791599738178775e-05,nan,2.3042000975692645e-05,8.162500307662413e-05,0.007243124997330597,0.00039783299871487543,nan,0.0002997090014105197,0.3313669999988633,1,13,11,12,nan,14,
overcooked,,,,16,50,14,664,38417,161,6,16,1,52,16,16,16,0.03329695799766341,0.0,0.0128364589982084,0.00013108299754094332,0.0008266250006272458,7.458998879883438e-06,2.8332681249994494,3.912500324076973e-05,nan,2.6917001378023997e-05,8.487499871989712e-05,0.0787428750008985,0.0004778749971592333,nan,0.000337416997354012,2.960311875001935,1,16,14,15,nan,16,
overcooked,,,,16,50,15,665,38417,161,6,16,1,44,14,11,14,0.030995459001132986,0.0,0.012731124999845633,0.00015287499991245568,0.0006243749994609971,6.584003131138161e-06,0.27472729200235335,3.4166998375440016e-05,nan,2.2541000362252817e-05,7.991700113052502e-05,0.007092708001437131,0.00042387500070617534,nan,0.0002962500002468005,0.3274124999988999,1,14,11,13,nan,14,
overcooked,,,,16,50,16,666,38417,161,6,16,1,56,17,18,17,0.031188625001959736,0.0,0.012671500000578817,0.00012083399997209199,0.0007725839968770742,1.3917000615037978e-05,13.619249500003207,0.00013883300198358484,nan,4.533299943432212e-05,0.00014999999984866008,0.386116249999759,0.0006116660006227903,nan,0.0003745829999388661,14.051891041999625,1,16,15,16,nan,17,
overcooked,,,,16,50,17,667,38417,161,6,16,1,56,17,18,17,0.030746167001780123,0.0,0.012807540999347111,0.00012783399870386347,0.0007855000003473833,1.3666998711414635e-05,10.072178667000117,0.0001224169973284006,nan,4.308400093577802e-05,0.0001547089996165596,0.2459439169979305,0.0006192500004544854,nan,0.00037024999983259477,10.364679958001943,1,17,14,16,nan,17,
overcooked,,,,16,50,18,668,38417,161,6,16,1,39,12,9,12,0.032018000001698965,0.0,0.012775125000189291,0.00011566699686227366,0.0004893330005870666,6.165999366203323e-06,0.026809957998921163,2.8332997317193076e-05,nan,1.945799886016175e-05,7.091700172168203e-05,0.0008707079978194088,0.0003391249993001111,nan,0.0002589579999039415,0.07439708299716585,1,11,10,11,nan,12,
overcooked,,,,16,50,19,669,38417,161,6,16,1,43,13,10,13,0.03436320800028625,0.0,0.014261290998547338,0.00012762500045937486,0.0005289170003379695,6.250000296859071e-06,0.09527020899986383,4.004100264864974e-05,nan,2.2125001123640686e-05,8.062499910010956e-05,0.002484042001015041,0.00038116600262583233,nan,0.00027637500170385465,0.14809737399991718,1,13,11,12,nan,13,
overcooked,,,,16,50,20,670,38417,161,6,16,1,56,17,18,17,0.03023662499981583,0.0,0.013658125000802102,0.00012720800077659078,0.0008080410007096361,1.349999729427509e-05,9.842452583001432,0.00012612499995157123,nan,4.520799848251045e-05,0.00015266599802998826,0.2617879159988661,0.0005771670003014151,nan,0.00036337500205263495,10.150833749998128,1,17,14,15,nan,17,
overcooked,,,,16,50,21,671,38417,161,6,16,1,56,17,18,17,0.03341612499934854,0.0,0.012677416001679376,0.0001224999978148844,0.0007900000018707942,1.4375000318977982e-05,9.929187832996831,0.00012658399646170437,nan,4.6542001655325294e-05,0.00015233299927785993,0.26816362500176183,0.0006051670025044587,nan,0.000369249999494059,10.24643162600114,1,17,14,16,nan,17,
overcooked,,,,16,50,22,672,38417,161,6,16,1,47,14,12,14,0.02802608300044085,0.0,0.012661208002100466,0.00010354200276196934,0.0006057919999875594,1.2333999620750546e-05,0.31598445900090155,3.899999865097925e-05,nan,2.28749995585531e-05,8.70830008352641e-05,0.007264832998771453,0.00042387500070617534,nan,0.0002995830000145361,0.3661226659969543,1,14,10,13,nan,14,
overcooked,,,,16,50,23,673,38417,161,6,16,1,52,16,15,16,0.03285291700012749,0.0,0.012732834002235904,0.00012916700143250637,0.0007370420025836211,7.041002390906215e-06,3.042710540998087,4.554200131678954e-05,nan,2.633300027810037e-05,9.216699982061982e-05,0.0802851250009553,0.0004878750005445909,nan,0.000335083001118619,3.1708289589987544,1,15,13,15,nan,16,
overcooked,,,,16,50,24,674,38417,161,6,16,1,43,13,10,13,0.03240145800009486,0.0,0.012742458999127848,0.0001079580033547245,0.0005410420017142314,6.54199902783148e-06,0.08877791699705995,3.2333002309314907e-05,nan,2.079099795082584e-05,7.19580020813737e-05,0.0022906669983058237,0.00036462500065681525,nan,0.00027262499861535616,0.13791791699986788,1,12,10,12,nan,13,
overcooked,,,,16,50,25,675,38417,161,6,16,1,48,15,13,15,0.030530791998899076,0.0,0.01276612499714247,0.00014341700079967268,0.0006695839983876795,6.624999514315277e-06,0.9145620409981348,3.775000004679896e-05,nan,2.4666998797329143e-05,9.770899850991555e-05,0.022580166998523055,0.0004512090017669834,nan,0.0003246669984946493,0.9824468340011663,1,15,11,13,nan,15,
overcooked,,,,16,50,26,676,38417,161,6,16,1,43,13,10,13,0.028013708000798943,0.0,0.012767749998602085,0.00011341700155753642,0.000546209001186071,6.4589985413476825e-06,0.08509374999994179,3.2209001801675186e-05,nan,2.1167001250432804e-05,7.741700028418563e-05,0.002252291997137945,0.00037475000135600567,nan,0.00027875000159838237,0.12984558300013305,1,13,10,12,nan,13,
overcooked,,,,16,50,27,677,38417,161,6,16,1,56,17,18,17,0.030300332997285295,0.0,0.012654666003072634,0.0001289589999942109,0.0007970830010890495,1.312500171479769e-05,11.180078792000131,0.00012612499995157123,nan,4.6958000893937424e-05,0.00015908299974398687,0.30741437500182656,0.0006679170001007151,nan,0.00039516700053354725,11.533552040997165,1,17,14,16,nan,17,
overcooked,,,,16,50,28,678,38417,161,6,16,1,52,16,16,16,0.03392349999921862,0.0,0.018574917001387803,0.00013312500232132152,0.0007274160016095266,8.000002708286047e-06,3.1227385419988423,4.204200013191439e-05,nan,2.6749999960884452e-05,9.229100032825954e-05,0.06894291699791211,0.0005673339983331971,nan,0.0003389170014997944,3.2476978760023485,1,16,12,15,nan,16,
overcooked,,,,16,50,29,679,38417,161,6,16,1,43,13,11,13,0.03346433299884666,0.0,0.012659999996685656,0.00010820799798239022,0.0005240829996182583,6.708000000799075e-06,0.08740045900049154,3.545800063875504e-05,nan,2.1667001419700682e-05,7.129100049496628e-05,0.002230665999377379,0.0003711669996846467,nan,0.00027704199965228327,0.13743545900069876,1,11,10,12,nan,13,
overcooked,,,,16,50,30,680,38417,161,6,16,1,52,16,15,16,0.028076708000298822,0.0,0.016022374999010935,0.0001343750009255018,0.0007165409988374449,8.333998266607523e-06,2.8432984160026535,3.9582999306730926e-05,nan,2.6166999305132776e-05,8.804199751466513e-05,0.06801287500275066,0.0004827499979001004,nan,0.00033391699980711564,2.95751229200323,1,16,12,15,nan,16,
overcooked,,,,16,50,31,681,38417,161,6,16,1,43,13,11,13,0.032737624998844694,0.0,0.012681416999839712,0.00010529200153541751,0.0005324580015440006,6.624999514315277e-06,0.08731679199991049,3.937499786843546e-05,nan,2.3042000975692645e-05,8.333299774676561e-05,0.002046042001893511,0.0003585840022424236,nan,0.00027962499734712765,0.13646533300197916,1,13,9,11,nan,13,
overcooked,,,,16,50,32,682,38417,161,6,16,1,48,15,14,15,0.028118416001234436,0.0,0.012799374999303836,0.00014445800115936436,0.0006520000024465844,1.0792002285597846e-05,0.9008282920003694,3.841700163320638e-05,nan,2.4666001991136e-05,9.870799840427935e-05,0.024604999998700805,0.00042512499931035563,nan,0.0003304170022602193,0.968377250002959,1,15,12,13,nan,15,
overcooked,,,,16,50,33,683,38417,161,6,16,1,25,7,6,7,0.03339854200021364,0.0,0.012853166001150385,5.30420002178289e-05,0.00023675000193179585,4.207999154459685e-06,0.0005990409990772605,1.62090000230819e-05,nan,1.2541000614874065e-05,4.333299875725061e-05,0.00014437499703490175,0.00018562499826657586,nan,0.00015141600306378677,0.04795191700395662,1,7,6,6,nan,7,
overcooked,,,,16,50,34,684,38417,161,6,16,1,43,13,10,13,0.030919500000891276,0.0,0.01279525000063586,0.000112749999971129,0.0005171669981791638,6.333000783342868e-06,0.08370141699924716,3.01670006592758e-05,nan,2.0540999685181305e-05,7.379100134130567e-05,0.002014749999943888,0.0003423750022193417,nan,0.00027224999939789996,0.13100416700035566,1,13,9,11,nan,13,
overcooked,,,,16,50,35,685,38417,161,6,16,1,43,13,10,13,0.03160645800016937,0.0,0.012702333999186521,0.0001097919994208496,0.0005244169988145586,6.333000783342868e-06,0.08451741699900595,3.266600106144324e-05,nan,2.058300015050918e-05,6.562500129803084e-05,0.002189833001466468,0.00036920800266670994,nan,0.0002725000013015233,0.13265841599786654,1,11,10,12,nan,13,
overcooked,,,,16,50,36,686,38417,161,6,16,1,48,15,13,15,0.028551457999128615,0.0,0.012626625000848435,0.00014720800027134828,0.0006727500003762543,1.3291999493958429e-05,0.8970502920019499,4.1040999349206686e-05,nan,2.516699896659702e-05,8.170799992512912e-05,0.022745708000002196,0.0004535829975793604,nan,0.00032254200050374493,0.9629893749988696,1,13,12,14,nan,15,
overcooked,,,,16,50,37,687,38417,161,6,16,1,43,13,10,13,0.032661500001267996,0.0,0.013457875000312924,0.00011920900215045549,0.0005200000014156103,6.124999345047399e-06,0.08478325000032783,3.1583000236423686e-05,nan,2.0291998225729913e-05,7.3208000685554e-05,0.0021995000024617184,0.0003680420013552066,nan,0.00027016699823434465,0.13477549900198937,1,13,10,12,nan,13,
overcooked,,,,16,50,38,688,38417,161,6,16,1,52,16,16,16,0.029832083000655985,0.0,0.012704875000054017,0.00013595800191978924,0.0007045419988571666,7.0829992182552814e-06,2.913472833002743,4.045800233143382e-05,nan,2.662499900907278e-05,8.316599996760488e-05,0.0734544580009242,0.0004872499994235113,nan,0.00032912499955273233,3.031531291002466,1,14,13,15,nan,16,
overcooked,,,,16,50,39,689,38417,161,6,16,1,43,13,10,13,0.03247479199853842,0.0,0.012826374997530365,0.0001247079999302514,0.0005330419990059454,6.4160012698266655e-06,0.0853684579997207,3.237500277464278e-05,nan,2.0792002032976598e-05,7.179100066423416e-05,0.0021132080000825226,0.0003429159987717867,nan,0.00027266699908068404,0.13445195800159127,1,12,10,11,nan,13,
overcooked,,,,16,50,40,690,38417,161,6,16,1,35,10,8,10,0.028382541000610217,0.0,0.01262454199968488,0.000115916998765897,0.0005127920012455434,5.9589983720798045e-06,0.0037397910018626135,1.9917002646252513e-05,nan,1.7250000382773578e-05,5.337499896995723e-05,0.00020529199900920503,0.00026891699963016436,nan,0.0002094590017804876,0.046395624998694984,1,10,7,9,nan,10,
overcooked,,,,16,50,41,691,38417,161,6,16,1,52,16,16,16,0.03239229199971305,0.0,0.012687790997006232,0.0001354589985567145,0.0006977919983910397,6.54099858365953e-06,2.8376260830009414,3.8207999750738963e-05,nan,2.6084002456627786e-05,8.508300015819259e-05,0.07334995799828903,0.00046941699838498607,nan,0.00033054199957405217,2.9580447919979633,1,16,13,15,nan,16,
overcooked,,,,16,50,42,692,38417,161,6,16,1,52,16,16,16,0.029959750001580687,0.0,0.012526624999736669,0.00013037499957135879,0.000710625001374865,6.750000466126949e-06,2.8392882920015836,4.045800233143382e-05,nan,2.666700311237946e-05,8.383399836020544e-05,0.07366895900122472,0.0004978329998266418,nan,0.0003366249984537717,2.957537540998601,1,14,13,15,nan,16,
overcooked,,,,16,50,43,693,38417,161,6,16,1,48,15,14,15,0.032548915998631855,0.0,0.01271450000058394,0.00015737499779788777,0.0006855830033600796,7.541999366367236e-06,0.8940204999998969,3.7916001019766554e-05,nan,2.4417000531684607e-05,8.345800233655609e-05,0.02608870800031582,0.0004512919986154884,nan,0.0003161249987897463,0.9674129590021039,1,14,13,14,nan,15,
overcooked,,,,16,50,44,694,38417,161,6,16,1,39,12,9,12,0.028226082999026403,0.0,0.012807208000594983,0.0001086249976651743,0.0005477499980770517,6.750000466126949e-06,0.026823332998901606,2.754099841695279e-05,nan,1.933399835252203e-05,7.32910011720378e-05,0.0008115419987007044,0.00032545800058869645,nan,0.0002519170011510141,0.07028983399868594,1,11,10,11,nan,12,
overcooked,,,,16,50,45,695,38417,161,6,16,1,44,14,12,14,0.02844566600106191,0.0,0.01277604100323515,0.00015441700088558719,0.0006042919994797558,6.750000466126949e-06,0.2808233340001607,3.454199759289622e-05,nan,2.3125001462176442e-05,8.112499926937744e-05,0.008352291999472072,0.0004102499988221098,nan,0.00029712499963352457,0.3322474990018236,1,13,12,13,nan,14,
overcooked,,,,16,50,46,696,38417,161,6,16,1,52,16,15,16,0.027143582999997307,0.0,0.012699416001851205,0.0001422909990651533,0.0007102499985194299,7.792001269990578e-06,2.8289554590010084,3.749999814317562e-05,nan,2.5332999939564615e-05,8.724999861442484e-05,0.07380145800198079,0.00047324999832198955,nan,0.00033070800054701976,2.944685791997472,1,16,12,15,nan,16,
overcooked,,,,16,50,47,697,38417,161,6,16,1,38,11,8,11,0.026698749999923166,0.0,0.013572167001257185,9.633299850975163e-05,0.0004179579991614446,6.291000318014994e-06,0.009279207999497885,2.2791999072069302e-05,nan,1.7124999430961907e-05,5.8417001127963886e-05,0.00032700000156182796,0.0003002499979629647,nan,0.00022708400138071738,0.05127370799527853,1,11,8,10,nan,11,
overcooked,,,,16,50,48,698,38417,161,6,16,1,30,9,6,9,0.03435429200180806,0.0,0.01277916600156459,8.083400098257698e-05,0.0003815830023086164,5.6250028137583286e-06,0.0016338750028808136,1.7417001799913123e-05,nan,1.5333996998379007e-05,3.9667000237386674e-05,0.00015199999688775279,0.00023512499683420174,nan,0.00018554100097389892,0.05006841700014775,1,7,6,8,nan,9,
overcooked,,,,16,50,49,699,38417,161,6,16,1,52,16,16,16,0.032919707999099046,0.0,0.01311554200219689,0.00016158400103449821,0.0007551669987151399,8.082999556791037e-06,2.885733250001067,4.012499994132668e-05,nan,2.662499900907278e-05,8.912499833968468e-05,0.06859433299905504,0.00048208400039584376,nan,0.0003345830009493511,3.0024542510000174,1,16,12,15,nan,16,
overcooked,,,,20,50,0,700,38417,161,6,20,1,56,17,18,17,0.037003249999543186,0.0,0.023668624999118038,0.00014254199777496979,0.0011821660009445623,2.3374999727820978e-05,12.974217750001117,0.0001503749990661163,nan,4.887499744654633e-05,0.00015662499936297536,0.33632029200089164,0.0006214999993972015,nan,0.0003675419975479599,13.374495167001442,1,16,15,16,nan,17,
overcooked,,,,20,50,1,701,38417,161,6,20,1,52,16,16,16,0.04136358300092979,0.0,0.024427874999673804,0.00018808300228556618,0.0024348330007342156,9.749997843755409e-06,3.1239402499995776,4.6542001655325294e-05,nan,2.7791997126769274e-05,8.87080022948794e-05,0.0874986250018992,0.0005145830000401475,nan,0.0003452080018178094,3.2815786659994046,1,14,14,15,nan,16,
overcooked,,,,20,50,2,702,38417,161,6,20,1,56,17,18,17,0.03709858300135238,0.0,0.023107667002477683,0.0001552499998069834,0.0024994999985210598,2.5125002139247954e-05,11.679046375000325,0.00012549999883049168,nan,4.616699879989028e-05,0.00015391600027214736,0.31038900000203284,0.0006729160013492219,nan,0.00037158299892325886,12.054239501005213,1,16,14,16,nan,17,
overcooked,,,,20,50,3,703,38417,161,6,20,1,47,14,12,14,0.041079000002355315,0.0,0.022930791001272155,0.00011879099838552065,0.0010805000019900035,6.470900189015083e-05,0.3153672499975073,4.120900121051818e-05,nan,2.3708002117928118e-05,8.595799954491667e-05,0.0074565409995557275,0.00042616700011421926,nan,0.00031441600003745407,0.38988454100035597,1,14,10,13,nan,14,
overcooked,,,,20,50,4,704,38417,161,6,20,1,56,17,18,17,0.04567158300051233,0.0,0.024556542000937043,0.00014916700092726387,0.0014500840006803628,3.18750026053749e-05,10.531577249999827,0.0001348330006294418,nan,4.0208000427810475e-05,0.00014608299898100086,0.3054642499992042,0.0006388750007317867,nan,0.0003705830022227019,10.911026875997777,1,17,15,16,nan,17,
overcooked,,,,20,50,5,705,38417,161,6,20,1,47,14,12,14,0.04006904199923156,0.0,0.022770833998947637,0.0001430830016033724,0.001186833000247134,1.8458998965797946e-05,0.3215078339999309,4.949999856762588e-05,nan,2.9791997803840786e-05,8.66250011313241e-05,0.008647834001749288,0.00038870799835422076,nan,0.00027675000092131086,0.3958702909985732,1,14,12,12,nan,13,
overcooked,,,,20,50,6,706,38417,161,6,20,1,34,10,7,10,0.03979595899727428,0.0,0.024686707998625934,0.0002854999984265305,0.0019466249977995176,4.374999844003469e-05,0.004090165999514284,2.112500078510493e-05,nan,1.6458998288726434e-05,5.31250007043127e-05,0.00021354099953896366,0.00024729199867579155,nan,0.00021058399943285622,0.07196858400129713,1,9,7,8,nan,10,
overcooked,,,,20,50,7,707,38417,161,6,20,1,56,17,18,17,0.039588790998095647,0.0,0.022952666000492172,0.00015775000065332279,0.0013715419991058297,2.0874998881481588e-05,10.619617332999042,0.0001299579998885747,nan,4.562499816529453e-05,0.00014737500168848783,0.3622974999998405,0.000605042001552647,nan,0.00037149999843677506,11.051953042002424,1,17,13,16,nan,17,
overcooked,,,,20,50,8,708,38417,161,6,20,1,47,14,12,14,0.028371832999255275,0.0,0.015888874997472158,0.00010129200018127449,0.0005825000007462222,1.2708998838206753e-05,0.3225277500023367,4.01659999624826e-05,nan,2.329199924133718e-05,8.666700159665197e-05,0.007869125001889188,0.00041641700227046385,nan,0.0003009169995493721,0.3776545830005489,1,14,11,13,nan,14,
overcooked,,,,20,50,9,709,38417,161,6,20,1,48,15,14,15,0.027763291996961925,0.0,0.015813291000085883,0.0001461669999116566,0.0007373330008704215,7.167000148911029e-06,0.99587395799972,4.9541999032953754e-05,nan,2.7084002795163542e-05,0.00010275000022375025,0.026533833999565104,0.0004616250007529743,nan,0.0003243750034016557,1.068161875999067,1,15,13,14,nan,15,
overcooked,,,,20,50,10,710,38417,161,6,20,1,48,15,13,15,0.027669584000250325,0.0,0.016188208002859028,0.00015270800213329494,0.0006986670014157426,1.2667002010857686e-05,0.8817706249974435,4.1833998693618923e-05,nan,2.4999997549457476e-05,8.770799831836484e-05,0.020831000001635402,0.00044183299905853346,nan,0.0003176669997628778,0.9485482499985665,1,15,11,14,nan,15,
overcooked,,,,20,50,11,711,38417,161,6,20,1,56,17,18,17,0.033981125001446344,0.0,0.016042332998040365,0.00012070799857610837,0.000784790998295648,1.2874999811174348e-05,11.052246084000217,0.0001234580013260711,nan,4.2791998566826805e-05,0.0001487079971411731,0.2330101250008738,0.0006150420013000257,nan,0.0003667499986477196,11.337947248997807,1,16,13,16,nan,17,
overcooked,,,,20,50,12,712,38417,161,6,20,1,56,17,18,17,0.03256041699933121,0.0,0.01588070900106686,0.00012333300037425943,0.0007933749984658789,8.04200317361392e-06,10.47295812500306,0.00011016599819413386,nan,4.5290998968994245e-05,0.00015050000001792796,0.26260916700266534,0.0006111250004323665,nan,0.00036750000072061084,10.786970124998334,1,17,14,16,nan,17,
overcooked,,,,20,50,13,713,38417,161,6,20,1,52,16,16,16,0.03378350000275532,0.0,0.015939083001285326,0.00013949999993201345,0.0007163749978644773,7.2500006353948265e-06,3.0024223330001405,4.004099901067093e-05,nan,2.649999805726111e-05,8.837499990477227e-05,0.07942562500102213,0.0004542499991657678,nan,0.0003374580010131467,3.1339625420005177,1,16,13,14,nan,16,
overcooked,,,,20,50,14,714,38417,161,6,20,1,52,16,16,16,0.03251920799812069,0.0,0.015946582996548386,0.00013495900202542543,0.0007775000012770761,7.709000783506781e-06,2.876664167000854,4.379200254334137e-05,nan,2.7542002499103546e-05,9.316700015915558e-05,0.07391787500091596,0.00047729200014146045,nan,0.00034654199771466665,3.0012419589984347,1,16,13,14,nan,16,
overcooked,,,,20,50,15,715,38417,161,6,20,1,52,16,16,16,0.03241566699944087,0.0,0.015910958998574642,0.000130749998788815,0.0007093749991327059,7.957998604979366e-06,2.8761616670017247,4.4042000808985904e-05,nan,2.683300044736825e-05,8.745800005272031e-05,0.07376925000062329,0.0004824169991479721,nan,0.00033445799999753945,3.0003845429964713,1,15,13,15,nan,16,
overcooked,,,,20,50,16,716,38417,161,6,20,1,52,16,16,16,0.03022216699901037,0.0,0.015690374999394407,0.000134374997287523,0.000721499996870989,7.70800033933483e-06,2.853733125000872,4.004100264864974e-05,nan,2.6709003577707335e-05,8.850000085658394e-05,0.07349454200084438,0.00048070800039567985,nan,0.000338249999913387,2.9752876249986002,1,16,13,15,nan,16,
overcooked,,,,20,50,17,717,38417,161,6,20,1,35,11,9,11,0.03092883399949642,0.0,0.015914333998807706,0.00012129099923186004,0.0004917080004815944,6.207999831531197e-06,0.009516292000625981,2.5499997718725353e-05,nan,1.8874998204410076e-05,6.0165999457240105e-05,0.000369625002349494,0.00029708399961236864,nan,0.00023016699924482964,0.058241457994881785,1,10,9,10,nan,11,
overcooked,,,,20,50,18,718,38417,161,6,20,1,43,13,11,13,0.03011112499734736,0.0,0.015819707998161903,9.920800221152604e-05,0.0005551670001295861,6.958001904422417e-06,0.08763891700073145,3.600000127335079e-05,nan,2.224999843747355e-05,7.904200174380094e-05,0.0020481660030782223,0.000384458002372412,nan,0.0002823750000970904,0.137301667000429,1,13,9,12,nan,13,
overcooked,,,,20,50,19,719,38417,161,6,20,1,56,17,18,17,0.029626875002577435,0.0,0.015938500000629574,0.00011766699753934518,0.0007299169992620591,7.333001121878624e-06,11.239946166999289,0.00011454199920990504,nan,4.629199975170195e-05,0.00014525000005960464,0.3722342500004743,0.0006069580012990627,nan,0.0003698330001498107,11.660331416998815,1,16,14,16,nan,17,
overcooked,,,,20,50,20,720,38417,161,6,20,1,39,11,9,11,0.027331334000336938,0.0,0.015898707999440376,0.00011795899990829639,0.0004857909989368636,6.2920007621869445e-06,0.009957833000953542,2.5417000870220363e-05,nan,1.870899723144248e-05,6.629199924645945e-05,0.00037320799674489535,0.00030287499976111576,nan,0.0002332500007469207,0.055402333000529325,1,11,9,10,nan,11,
overcooked,,,,20,50,21,721,38417,161,6,20,1,56,17,18,17,0.029301292001036927,0.0,0.015797124997334322,0.0001270829998247791,0.0007666249985049944,1.8250000721309334e-05,9.938172584003041,0.0001234580013260711,nan,4.3416999687906355e-05,0.00015787500160513446,0.24399574999915785,0.0005824580002808943,nan,0.0003623749980761204,10.229837833001511,1,16,14,16,nan,17,
overcooked,,,,20,50,22,722,38417,161,6,20,1,34,10,7,10,0.027975290999165736,0.0,0.015704292000009445,7.825000284356065e-05,0.0003757500016945414,5.83300061407499e-06,0.003698625001561595,2.1457999537233263e-05,nan,1.6291000065393746e-05,5.279199831420556e-05,0.00023670899827266112,0.00027154100098414347,nan,0.00019204100317438133,0.04919225100093172,1,9,8,9,nan,9,
overcooked,,,,20,50,23,723,38417,161,6,20,1,44,14,11,14,0.028595457999472274,0.0,0.015883166997809894,0.000152291999256704,0.0006016669976816047,6.624999514315277e-06,0.32476491700072074,3.783300053328276e-05,nan,2.212499748566188e-05,7.562499740743078e-05,0.008405082997342106,0.0004341669991845265,nan,0.0003029159997822717,0.3795125420001568,1,12,10,13,nan,14,
overcooked,,,,20,50,24,724,38417,161,6,20,1,56,17,18,17,0.028175708001072053,0.0,0.01577341700249235,0.00012091600001440383,0.00075062500036438,7.791000825818628e-06,12.711523750000197,0.00012412500291247852,nan,4.654100121115334e-05,0.00015150000035646372,0.3179986249997455,0.0006257919994823169,nan,0.000370624999050051,13.076137457999721,1,17,14,16,nan,17,
overcooked,,,,20,50,25,725,38417,161,6,20,1,52,16,15,16,0.028811291998863453,0.0,0.015907791999779874,0.00014812499648542143,0.0007252079994941596,7.875001756474376e-06,3.1208774999977322,4.9457998102298006e-05,nan,3.1167000997811556e-05,0.00010004199793911539,0.0796337499996298,0.0005020409989811014,nan,0.0003400839996174909,3.2477673339963076,1,16,13,15,nan,16,
overcooked,,,,20,50,26,726,38417,161,6,20,1,52,16,16,16,0.0273059999999532,0.0,0.016015958000934916,0.0001329160004388541,0.0006802090028941166,7.499998901039362e-06,2.8649944999997388,4.287500269128941e-05,nan,2.7000001864507794e-05,9.266599954571575e-05,0.07984058299916796,0.000488292000227375,nan,0.00035670900251716375,2.990293290997215,1,16,13,15,nan,16,
overcooked,,,,20,50,27,727,38417,161,6,20,1,48,15,14,15,0.02877937499943073,0.0,0.01571995799895376,0.00013758299974142574,0.0006245000004128087,7.58399983169511e-06,0.8988329999992857,4.1250001231674105e-05,nan,2.4791999749140814e-05,0.00010254099834128283,0.02244816700113006,0.000430333999247523,nan,0.0003223330022592563,0.9677535000009811,1,15,11,13,nan,15,
overcooked,,,,20,50,28,728,38417,161,6,20,1,52,16,16,16,0.028197416999319103,0.0,0.01583579100042698,0.00013708299957215786,0.0006905000009282958,7.2499969974160194e-06,2.8797264579989132,3.983300121035427e-05,nan,2.6584002625895664e-05,8.833299943944439e-05,0.08520233300077962,0.00048091699864016846,nan,0.00033600000097067095,3.011052124998969,1,16,14,15,nan,16,
overcooked,,,,20,50,29,729,38417,161,6,20,1,52,16,16,16,0.02869016600016039,0.0,0.015675583003030624,0.00013637500160257332,0.0006755419999535661,6.583002686966211e-06,2.873333499999717,4.12499975936953e-05,nan,2.68340008915402e-05,9.095799759961665e-05,0.07437520900202799,0.000459999999293359,nan,0.0003402919974178076,2.994130500002939,1,16,13,14,nan,16,
overcooked,,,,20,50,30,730,38417,161,6,20,1,48,15,14,15,0.027417540997703327,0.0,0.015963000001647742,0.000142916996992426,0.0006545830001414288,1.1833002645289525e-05,0.8960042500002601,4.24169993493706e-05,nan,2.5416000426048413e-05,9.050000153365545e-05,0.024332334000064293,0.0004611669974110555,nan,0.00033008399987011217,0.9657672909997927,1,15,12,14,nan,15,
overcooked,,,,20,50,31,731,38417,161,6,20,1,52,16,16,16,0.02902274999723886,0.0,0.01575645800039638,0.00013083399971947074,0.0006692909992125351,7.2500006353948265e-06,2.8380797089994303,4.050000279676169e-05,nan,2.641700120875612e-05,8.441700265393592e-05,0.0731491249971441,0.00048704199798521586,nan,0.00033241600249311887,2.958085624999512,1,15,13,15,nan,16,
overcooked,,,,20,50,32,732,38417,161,6,20,1,52,16,16,16,0.028722874998493353,0.0,0.01573258299686131,0.00013041700003668666,0.0006593750003958121,7.500002539018169e-06,2.8316409589970135,4.175000140094198e-05,nan,2.7082998713012785e-05,9.124999996856786e-05,0.0734625840013905,0.00048808300198288634,nan,0.00033629199970164336,2.9516247499996098,1,16,13,15,nan,16,
overcooked,,,,20,50,33,733,38417,161,6,20,1,56,17,18,17,0.027934958998230286,0.0,0.015873332999035483,0.00013479199697030708,0.000753790998714976,2.1709001885028556e-05,11.637873916999524,0.00014108299728832208,nan,4.9457998102298006e-05,0.00016583300021011382,0.2625524579998455,0.0005934580003668088,nan,0.00037191699811955914,11.946963542002777,1,17,13,15,nan,17,
overcooked,,,,20,50,34,734,38417,161,6,20,1,56,17,18,17,0.027861000002303626,0.0,0.015869457998633152,0.00011891699978150427,0.0007598330012115184,7.2920011007227e-06,9.861026333001064,0.00010999999722116627,nan,4.391699985717423e-05,0.00014829199790256098,0.2720935420002206,0.0006101250000938307,nan,0.0003619580020313151,10.17989220799791,1,17,14,16,nan,17,
overcooked,,,,20,50,35,735,38417,161,6,20,1,47,14,12,14,0.028396165998856304,0.0,0.015728125003079185,9.920799857354723e-05,0.0005364589997043367,6.958001904422417e-06,0.31590645799951744,3.97080002585426e-05,nan,2.3041997337713838e-05,8.445800267509185e-05,0.00832033299957402,0.0004233330000715796,nan,0.0003009590000147,0.37043829200047185,1,14,11,13,nan,14,
overcooked,,,,20,50,36,736,38417,161,6,20,1,56,17,18,17,0.027802417000202695,0.0,0.015839499999856343,0.00013137499990989454,0.000729957999283215,7.2500006353948265e-06,11.956046957999206,0.00014237499999580905,nan,3.754099816433154e-05,0.000176582998392405,0.3481644999992568,0.0005950830018264242,nan,0.00036912499854224734,12.35054966700045,1,17,14,16,nan,17,
overcooked,,,,20,50,37,737,38417,161,6,20,1,48,15,14,15,0.028712250001262873,0.0,0.015845541998714907,0.0001477090008847881,0.0008091670024441555,1.4457997167482972e-05,0.951168833002157,4.337499922257848e-05,nan,2.5041001208592206e-05,0.00011070900291088037,0.027974374999757856,0.00046495900096488185,nan,0.0003480000013951212,1.0262882499991974,1,14,12,14,nan,15,
overcooked,,,,20,50,38,738,38417,161,6,20,1,48,15,14,15,0.028564208001625957,0.0,0.016252790999715216,0.00014925000141374767,0.0006625420028285589,7.124999683583155e-06,0.9096801659979974,4.2292002035537735e-05,nan,2.5332999939564615e-05,9.020899960887618e-05,0.02437854199888534,0.000456833000498591,nan,0.00032583299980615266,0.980925957999716,1,14,12,14,nan,15,
overcooked,,,,20,50,39,739,38417,161,6,20,1,43,13,10,13,0.02828008399956161,0.0,0.015679790998547105,0.0001116659987019375,0.0005087499994260725,6.458001735154539e-06,0.08548987500034855,3.11659969156608e-05,nan,2.0375002350192517e-05,7.11250031599775e-05,0.0024999589986691717,0.0003722910005308222,nan,0.00028391599698807113,0.13364033299512812,1,12,11,12,nan,13,
overcooked,,,,20,50,40,740,38417,161,6,20,1,56,17,18,17,0.02808891699896776,0.0,0.015833665998798097,0.000119041000289144,0.0007282080005097669,7.083999662427232e-06,13.297316583000793,0.0001248339976882562,nan,5.7458000810584053e-05,0.00015816700033610687,0.24255312500099535,0.000603290998697048,nan,0.0003672089987958316,13.58641337500012,1,16,14,16,nan,17,
overcooked,,,,20,50,41,741,38417,161,6,20,1,52,16,16,16,0.028116249999584397,0.0,0.015801292000105605,0.00013349999790079892,0.0007079170027282089,8.167000487446785e-06,3.0681205420005426,4.46660014858935e-05,nan,2.712499917834066e-05,9.216699982061982e-05,0.07407570899886196,0.0005080830014776438,nan,0.000335083001118619,3.1885964580033033,1,16,12,15,nan,16,
overcooked,,,,20,50,42,742,38417,161,6,20,1,43,13,10,13,0.028106165998906363,0.0,0.015926791998936096,0.0001094170002033934,0.0005644170014420524,7.167000148911029e-06,0.08653112499814597,3.258300057495944e-05,nan,2.0916999346809462e-05,7.47500016586855e-05,0.0023998329997994006,0.0003692089994729031,nan,0.00028391600062604994,0.1347242500014545,1,13,11,12,nan,13,
overcooked,,,,20,50,43,743,38417,161,6,20,1,48,14,14,14,0.028926333001436433,0.0,0.015895583001110936,0.00014450000162469223,0.0006332499979180284,7.0829992182552814e-06,0.2828534159998526,4.108400025870651e-05,nan,2.4958997528301552e-05,9.404199954587966e-05,0.0075657089982996695,0.0004179999996267725,nan,0.0002997499977936968,0.33716808399913134,1,14,11,13,nan,14,
overcooked,,,,20,50,44,744,38417,161,6,20,1,52,16,16,16,0.028327124997304054,0.0,0.015783833001478342,0.000134374997287523,0.0006942920008441433,7.624999852851033e-06,2.868086165999557,3.8540998502867296e-05,nan,2.6249999791616574e-05,8.974999946076423e-05,0.07945166699937545,0.00044949999937671237,nan,0.0003334579996590037,2.9937125840006047,1,16,13,14,nan,16,
overcooked,,,,20,50,45,745,38417,161,6,20,1,52,16,16,16,0.02818966699851444,0.0,0.01588254099988262,0.00013916600073571317,0.0007035410017124377,7.291997462743893e-06,2.8989735830000427,3.775000004679896e-05,nan,2.5542001822032034e-05,8.170799992512912e-05,0.0868839159993513,0.00047491700024693273,nan,0.00033037500179489143,3.032011750001402,1,15,14,15,nan,16,
overcooked,,,,20,50,46,746,38417,161,6,20,1,43,13,11,13,0.028696332999970764,0.0,0.015914542000246,0.00010400000246590935,0.0005851669993717223,6.666999979643151e-06,0.09038033300021198,3.212500087101944e-05,nan,2.099999983329326e-05,7.674999869777821e-05,0.0020863339996139985,0.0003721249995578546,nan,0.00027387500085751526,0.13881045800007996,1,13,9,12,nan,13,
overcooked,,,,20,50,47,747,38417,161,6,20,1,39,12,10,12,0.02779891699901782,0.0,0.01586716699966928,0.00010850000035134144,0.0005244160020083655,7.042002835078165e-06,0.027047750001656823,2.745899837464094e-05,nan,2.00829999812413e-05,5.4459000239148736e-05,0.0007316250012081582,0.0003259590012021363,nan,0.0002502080023987219,0.07303254199723597,1,9,9,11,nan,12,
overcooked,,,,20,50,48,748,38417,161,6,20,1,47,14,12,14,0.028182709000247996,0.0,0.015908500001387438,0.00010870899859583005,0.0005970830025034957,7.99999907030724e-06,0.2788321249972796,3.724999987753108e-05,nan,2.2583997633773834e-05,8.00420020823367e-05,0.0070908749985392205,0.0004143330006627366,nan,0.0003027500024472829,0.33182749999832595,1,13,10,13,nan,14,
overcooked,,,,20,50,49,749,38417,161,6,20,1,52,16,16,16,0.028461207999498583,0.0,0.01701808399957372,0.0001406660012435168,0.0007529579997935798,8.540999260731041e-06,2.888307666999026,3.895899862982333e-05,nan,2.5833000108832493e-05,8.695799988345243e-05,0.07332408400179702,0.0004882079992967192,nan,0.0003541670012054965,3.009280417001719,1,16,13,15,nan,16,
